<title>janeira</title>
<ns>0</ns>
<id>274760</id>
<revision>
<id>1235657</id>
<timestamp>2011-08-13T12:51:35Z</timestamp>
<contributor>
<username>Cpls</username>
<id>20608</id>
</contributor>
<comment>[[Ajuda:Menus e funções/Sumário de edição#Sumário de edição automático|→]] nova página: ={{-pt-}}= ==Substantivo== {{flex.pt|fs=janeira|fp=janeiras}} {{paroxítona|ja|nei|ra}} # {{escopo...</comment>
<model>wikitext</model>
<format>text/x-wiki</format>
<text bytes="625" xml:space="preserve">={{-pt-}}=
==Substantivo==
{{flex.pt|fs=janeira|fp=janeiras}}
{{paroxítona|ja|nei|ra}}
# {{escopo|Galiza}} lua de [[Janeiro]], tempo do começo do ano, época de [[labrança]] logo de apanhar os [[nabo]]s
# {{escopo|Galiza}} [[tempo]] de cio das gatas e gatos no começo do ano, [[cio]] mesmo

==Expressões==
# {{escopo|Galiza}} '''andar à janeira, estar de janeira''', estar em cio
# {{escopo|Galiza}} '''ser de boa janeira''', ser pessoa de bem

==Ver também==
===No Wikcionário===
{{verTambém.Ini}}
* [[janeiras]]
{{verTambém.NovaColuna}}
* [[janeireiro]]
{{verTambém.Fim}}

[[Categoria:Substantivo (Português)]]</text>
<sha1>exy3mrphafj94mrdrku97zoszbordzd</sha1>
</revision>
<revision>
<id>1235659</id>
<parentid>1235657</parentid>
<timestamp>2011-08-13T13:01:24Z</timestamp>
<contributor>
<username>Cpls</username>
<id>20608</id>
</contributor>
<comment>/* No Wikcionário */</comment>
<model>wikitext</model>
<format>text/x-wiki</format>
<text bytes="668" xml:space="preserve">={{-pt-}}=
==Substantivo==
{{flex.pt|fs=janeira|fp=janeiras}}
{{paroxítona|ja|nei|ra}}
# {{escopo|Galiza}} lua de [[Janeiro]], tempo do começo do ano, época de [[labrança]] logo de apanhar os [[nabo]]s
# {{escopo|Galiza}} [[tempo]] de cio das gatas e gatos no começo do ano, [[cio]] mesmo

==Expressões==
# {{escopo|Galiza}} '''andar à janeira, estar de janeira''', estar em cio
# {{escopo|Galiza}} '''ser de boa janeira''', ser pessoa de bem

==Ver também==
===No Wikcionário===
{{verTambém.Ini}}
* [[janeiras]]
{{verTambém.NovaColuna}}
* [[janeirento]]
{{verTambém.NovaColuna}}
* [[janeireiro]]
{{verTambém.Fim}}

[[Categoria:Substantivo (Português)]]</text>
<sha1>n5v68xmy2vq3a5h04oxhaky4ndsjxuu</sha1>
</revision>
<revision>
<id>1235661</id>
<parentid>1235659</parentid>
<timestamp>2011-08-13T13:05:02Z</timestamp>
<contributor>
<username>Cpls</username>
<id>20608</id>
</contributor>
<comment>/* Substantivo */</comment>
<model>wikitext</model>
<format>text/x-wiki</format>
<text bytes="668" xml:space="preserve">={{-pt-}}=
==Substantivo==
{{flex.pt|fs=janeira|fp=janeiras}}
{{paroxítona|ja|nei|ra}}
# {{escopo|Galiza}} lua de [[Janeiro]], tempo do começo do ano, época de [[lavrança]] logo de apanhar os [[nabo]]s
# {{escopo|Galiza}} [[tempo]] de cio das gatas e gatos no começo do ano, [[cio]] mesmo

==Expressões==
# {{escopo|Galiza}} '''andar à janeira, estar de janeira''', estar em cio
# {{escopo|Galiza}} '''ser de boa janeira''', ser pessoa de bem

==Ver também==
===No Wikcionário===
{{verTambém.Ini}}
* [[janeiras]]
{{verTambém.NovaColuna}}
* [[janeirento]]
{{verTambém.NovaColuna}}
* [[janeireiro]]
{{verTambém.Fim}}

[[Categoria:Substantivo (Português)]]</text>
<sha1>jnjrwfvz0ce7t54zn2cs2lqe9n4p8tx</sha1>
</revision>
<revision>
<id>1522390</id>
<parentid>1235661</parentid>
<timestamp>2012-11-16T13:34:12Z</timestamp>
<contributor>
<username>Cpls</username>
<id>20608</id>
</contributor>
<comment>/* {{-pt-}} */</comment>
<model>wikitext</model>
<format>text/x-wiki</format>
<text bytes="730" xml:space="preserve">={{-pt-}}=
==Substantivo==
{{flex.pt|fs=janeira|fp=janeiras}}
{{paroxítona|ja|nei|ra}}
# {{escopo|Galiza}} lua de [[Janeiro]], tempo do começo do ano, época de [[lavrança]] logo de apanhar os [[nabo]]s
# {{escopo|Galiza}} [[tempo]] de cio das gatas e gatos no começo do ano, [[cio]] mesmo

==Expressões==
# {{escopo|Galiza}} '''andar à janeira, estar de janeira''', estar em cio
# {{escopo|Galiza}} '''ser de boa janeira''', ser pessoa de bem

=={{etimologia|pt}}==
: {{escopo|Morfologia}} De [[janeiro]]

==Ver também==
===No Wikcionário===
{{verTambém.Ini}}
* [[janeiras]]
{{verTambém.NovaColuna}}
* [[janeirento]]
{{verTambém.NovaColuna}}
* [[janeireiro]]
{{verTambém.Fim}}

[[Categoria:Substantivo (Português)]]</text>
<sha1>6wngbw8btujx37b8t1jjxx7zjh6bw1e</sha1>
</revision>
<revision>
<id>1522392</id>
<parentid>1522390</parentid>
<timestamp>2012-11-16T13:37:46Z</timestamp>
<contributor>
<username>Cpls</username>
<id>20608</id>
</contributor>
<comment>/* No Wikcionário */</comment>
<model>wikitext</model>
<format>text/x-wiki</format>
<text bytes="770" xml:space="preserve">={{-pt-}}=
==Substantivo==
{{flex.pt|fs=janeira|fp=janeiras}}
{{paroxítona|ja|nei|ra}}
# {{escopo|Galiza}} lua de [[Janeiro]], tempo do começo do ano, época de [[lavrança]] logo de apanhar os [[nabo]]s
# {{escopo|Galiza}} [[tempo]] de cio das gatas e gatos no começo do ano, [[cio]] mesmo

==Expressões==
# {{escopo|Galiza}} '''andar à janeira, estar de janeira''', estar em cio
# {{escopo|Galiza}} '''ser de boa janeira''', ser pessoa de bem

=={{etimologia|pt}}==
: {{escopo|Morfologia}} De [[janeiro]]

==Ver também==
===No Wikcionário===
{{verTambém.Ini}}
* [[janeiras]]
{{verTambém.NovaColuna}}
* [[janeirento]]
{{verTambém.NovaColuna}}
* [[janeireiro]]
{{verTambém.Fim}}

[[Categoria:Substantivo (Português)]]
[[Categoria:Regionalismo (Português)]]</text>
<sha1>2ls3booltslejb1e1qqvixlqqgfwryj</sha1>
</revision>
<revision>
<id>1619835</id>
<parentid>1522392</parentid>
<timestamp>2013-01-22T14:01:08Z</timestamp>
<contributor>
<username>ValJor</username>
<id>1358</id>
</contributor>
<comment>Melhorando a apresentação do verbete segundo o AO 1990: Janeiro --&gt; janeiro</comment>
<model>wikitext</model>
<format>text/x-wiki</format>
<text bytes="792" xml:space="preserve">={{-pt-}}=
==Substantivo==
{{flex.pt|fs=janeira|fp=janeiras}}
{{paroxítona|ja|nei|ra}}
# {{escopo|Galiza}} lua de [[janeiro]], tempo do começo do ano, época de [[lavrança]], logo de apanhar os [[nabo]]s
# {{escopo|Galiza}} [[tempo]] de cio das gatas e gatos no começo do ano, [[cio]] mesmo

===Expressões===
* {{escopo|Galiza}} '''[[andar à janeira]]''', '''[[estar de janeira]]''': estar em cio
* {{escopo|Galiza}} '''[[ser de boa janeira]]''': ser pessoa de bem

=={{etimologia|pt}}==
: {{escopo|Morfologia}} De [[janeiro]].

==Ver também==
===No Wikcionário===
{{verTambém.Ini}}
* [[janeiras]]
{{verTambém.NovaColuna}}
* [[janeirento]]
{{verTambém.NovaColuna}}
* [[janeireiro]]
{{verTambém.Fim}}

[[Categoria:Substantivo (Português)]]
[[Categoria:Regionalismo (Português)]]</text>
<sha1>mrtealnryj1uuufqoc1wmlyoisigy8b</sha1>
</revision>
<revision>
<id>2127952</id>
<parentid>1619835</parentid>
<timestamp>2016-06-07T17:52:41Z</timestamp>
<contributor>
<username>UT-interwiki-Bot</username>
<id>56129</id>
</contributor>
<minor />
<comment>Robô: A adicionar: [[tg:janeira]]</comment>
<model>wikitext</model>
<format>text/x-wiki</format>
<text bytes="808" xml:space="preserve">={{-pt-}}=
==Substantivo==
{{flex.pt|fs=janeira|fp=janeiras}}
{{paroxítona|ja|nei|ra}}
# {{escopo|Galiza}} lua de [[janeiro]], tempo do começo do ano, época de [[lavrança]], logo de apanhar os [[nabo]]s
# {{escopo|Galiza}} [[tempo]] de cio das gatas e gatos no começo do ano, [[cio]] mesmo

===Expressões===
* {{escopo|Galiza}} '''[[andar à janeira]]''', '''[[estar de janeira]]''': estar em cio
* {{escopo|Galiza}} '''[[ser de boa janeira]]''': ser pessoa de bem

=={{etimologia|pt}}==
: {{escopo|Morfologia}} De [[janeiro]].

==Ver também==
===No Wikcionário===
{{verTambém.Ini}}
* [[janeiras]]
{{verTambém.NovaColuna}}
* [[janeirento]]
{{verTambém.NovaColuna}}
* [[janeireiro]]
{{verTambém.Fim}}

[[Categoria:Substantivo (Português)]]
[[Categoria:Regionalismo (Português)]]

[[tg:janeira]]</text>
<sha1>9binaz6vzy0ra3nqa6d7wzmp8a7tc5l</sha1>
</revision>
<revision>
<id>2227731</id>
<parentid>2127952</parentid>
<timestamp>2017-01-24T02:18:33Z</timestamp>
<contributor>
<username>MIL973</username>
<id>41339</id>
</contributor>
<model>wikitext</model>
<format>text/x-wiki</format>
<text bytes="1116" xml:space="preserve">={{-pt-}}=
==Substantivo==
{{flex.pt|fs=janeira|fp=janeiras}}
{{paroxítona|ja|nei|ra}}, {{gramática|f}}
# {{escopo|pt|Galiza}} lua de [[janeiro]], tempo do começo do ano, época de [[lavrança]], logo de apanhar os [[nabo]]s
# {{escopo|pt|Galiza}} [[tempo]] de cio das gatas e gatos no começo do ano, [[cio]] mesmo

===Expressões===
* {{escopo2|Galiza}} '''[[andar à janeira]]''', '''[[estar de janeira]]''': estar em cio
* {{escopo2|Galiza}} '''[[ser de boa janeira]]''': ser pessoa de bem

=={{etimologia|pt}}==
: {{escopo|Morfologia}} De [[janeiro]].

==Ver também==
===No Wikcionário===
{{colunas|3}}
* [[janeiras]]
* [[janeireiro]]
* [[janeirento]]
{{colunas/fim}}

[[Categoria:Substantivo (Português)]]


={{-gl-}}=
==Forma de adjetivo==
{{paroxítona|ja|nei|ra|lang=gl}}, {{gramática|f|lang=gl}}
# feminino de [[janeiro#{{gl}}|janeiro]]

==Forma de substantivo==
{{paroxítona|ja|nei|ra|lang=gl}}, {{gramática|f|lang=gl}}
# feminino de [[janeiro#{{gl}}|janeiro]]

{{avi-for-fle|janeiro|lang=gl}}

[[Categoria:Forma de adjetivo (Galego)]]
[[Categoria:Forma de substantivo (Galego)]]

[[tg:janeira]]</text>
<sha1>dys8goxm5dtj3hxtajib6ifu9s7fjhm</sha1>
</revision>
<revision>
<id>2227736</id>
<parentid>2227731</parentid>
<timestamp>2017-01-24T02:22:20Z</timestamp>
<contributor>
<username>MIL973</username>
<id>41339</id>
</contributor>
<model>wikitext</model>
<format>text/x-wiki</format>
<text bytes="945" xml:space="preserve">={{-pt-}}=
==Substantivo==
{{flex.pt|fs=janeira|fp=janeiras}}
{{paroxítona|ja|nei|ra}}, {{gramática|f}}
# {{escopo|pt|Galiza}} lua de [[janeiro]], tempo do começo do ano, época de [[lavrança]], logo de apanhar os [[nabo]]s
# {{escopo|pt|Galiza}} [[tempo]] de cio das gatas e gatos no começo do ano, [[cio]] mesmo

===Expressões===
* {{escopo2|Galiza}} '''[[andar à janeira]]''', '''[[estar de janeira]]''': estar em cio
* {{escopo2|Galiza}} '''[[ser de boa janeira]]''': ser pessoa de bem

=={{etimologia|pt}}==
: {{escopo|Morfologia}} De [[janeiro]].

==Ver também==
===No Wikcionário===
{{colunas|3}}
* [[janeiras]]
* [[janeireiro]]
* [[janeirento]]
{{colunas/fim}}

[[Categoria:Substantivo (Português)]]


={{-gl-}}=
==Forma de adjetivo==
{{paroxítona|ja|nei|ra|lang=gl}}, {{gramática|f|lang=gl}}
# feminino de [[janeiro#{{gl}}|janeiro]]

{{avi-for-fle|janeiro|lang=gl}}

[[Categoria:Forma de adjetivo (Galego)]]

[[tg:janeira]]</text>
<sha1>cg1u3kj2hxo4cp5beqz7v3wiv9i9lew</sha1>
</revision>
<revision>
<id>2227737</id>
<parentid>2227736</parentid>
<timestamp>2017-01-24T02:22:53Z</timestamp>
<contributor>
<username>MIL973</username>
<id>41339</id>
</contributor>
<model>wikitext</model>
<format>text/x-wiki</format>
<text bytes="961" xml:space="preserve">={{-pt-}}=
==Substantivo==
{{flex.pt|fs=janeira|fp=janeiras}}
{{paroxítona|ja|nei|ra}}, {{gramática|f}}
# {{escopo|pt|Galiza}} lua de [[janeiro]], tempo do começo do ano, época de [[lavrança]], logo de apanhar os [[nabo]]s
# {{escopo|pt|Galiza}} [[tempo]] de cio das gatas e gatos no começo do ano, [[cio]] mesmo

===Expressões===
* {{escopo2|Galiza}} '''[[andar à janeira]]''', '''[[estar de janeira]]''': estar em cio
* {{escopo2|Galiza}} '''[[ser de boa janeira]]''': ser pessoa de bem

=={{etimologia|pt}}==
: {{escopo|Morfologia}} De [[janeiro]].

==Ver também==
===No Wikcionário===
{{colunas|2}}
* [[janeirada]]
* [[janeiras]]
* [[janeireiro]]
* [[janeirento]]
{{colunas/fim}}

[[Categoria:Substantivo (Português)]]


={{-gl-}}=
==Forma de adjetivo==
{{paroxítona|ja|nei|ra|lang=gl}}, {{gramática|f|lang=gl}}
# feminino de [[janeiro#{{gl}}|janeiro]]

{{avi-for-fle|janeiro|lang=gl}}

[[Categoria:Forma de adjetivo (Galego)]]

[[tg:janeira]]</text>
<sha1>41q7380frw5n80frjvilkdggu8ocay7</sha1>
</revision>
<revision>
<id>2364566</id>
<parentid>2227737</parentid>
<timestamp>2017-05-03T15:38:38Z</timestamp>
<contributor>
<username>HydrizBot</username>
<id>29590</id>
</contributor>
<minor />
<comment>Robô: A limpar links interwikis antigos</comment>
<model>wikitext</model>
<format>text/x-wiki</format>
<text bytes="945" xml:space="preserve">={{-pt-}}=
==Substantivo==
{{flex.pt|fs=janeira|fp=janeiras}}
{{paroxítona|ja|nei|ra}}, {{gramática|f}}
# {{escopo|pt|Galiza}} lua de [[janeiro]], tempo do começo do ano, época de [[lavrança]], logo de apanhar os [[nabo]]s
# {{escopo|pt|Galiza}} [[tempo]] de cio das gatas e gatos no começo do ano, [[cio]] mesmo

===Expressões===
* {{escopo2|Galiza}} '''[[andar à janeira]]''', '''[[estar de janeira]]''': estar em cio
* {{escopo2|Galiza}} '''[[ser de boa janeira]]''': ser pessoa de bem

=={{etimologia|pt}}==
: {{escopo|Morfologia}} De [[janeiro]].

==Ver também==
===No Wikcionário===
{{colunas|2}}
* [[janeirada]]
* [[janeiras]]
* [[janeireiro]]
* [[janeirento]]
{{colunas/fim}}

[[Categoria:Substantivo (Português)]]


={{-gl-}}=
==Forma de adjetivo==
{{paroxítona|ja|nei|ra|lang=gl}}, {{gramática|f|lang=gl}}
# feminino de [[janeiro#{{gl}}|janeiro]]

{{avi-for-fle|janeiro|lang=gl}}

[[Categoria:Forma de adjetivo (Galego)]]</text>
<sha1>c0s0o4mdnrjsgt7xomyanigl2cu9pnw</sha1>
</revision>
<revision>
<id>2666221</id>
<parentid>2364566</parentid>
<timestamp>2022-03-16T16:48:01Z</timestamp>
<contributor>
<username>MIL973</username>
<id>41339</id>
</contributor>
<model>wikitext</model>
<format>text/x-wiki</format>
<text bytes="1003" xml:space="preserve">={{-pt-}}=
==Substantivo==
{{flex.pt|fs=janeira|fp=janeiras}}
{{paroxítona|ja|nei|ra}}, {{gramática|f}}
# {{escopo|pt|Galiza}} lua de [[janeiro]], tempo do começo do ano, época de [[lavrança]], logo de apanhar os [[nabo]]s
# {{escopo|pt|Galiza}} [[tempo]] de cio das gatas e gatos no começo do ano, [[cio]] mesmo

===Expressões===
* {{escopo2|Galiza}} '''[[andar à janeira]]''', '''[[estar de janeira]]''': estar em cio
* {{escopo2|Galiza}} '''[[ser de boa janeira]]''': ser pessoa de bem

=={{etimologia|pt}}==
: {{escopo|Morfologia}} De [[janeiro]].

==Ver também==
===No Wikcionário===
{{colunas|2}}
* [[janeirada]]
* [[janeiras]]
* [[janeireiro]]
* [[janeirento]]
{{colunas/fim}}

[[Categoria:Substantivo (Português)]]


={{-gl-}}=
==Forma de adjetivo==
{{flex.gl|ms=janeiro|mp=janeiros|fs=janeira|fp=janeiras}}
{{paroxítona|ja|nei|ra|lang=gl}}, {{gramática|f|lang=gl}}
# feminino de [[janeiro#{{gl}}|janeiro]]

{{avi-for-fle|janeiro|lang=gl}}

[[Categoria:Forma de adjetivo (Galego)]]</text>
<sha1>1g13ft4f2tivzqgo5mj5konapwwxbrw</sha1>
</revision>
</page>
