<title>janeirinha</title>
<ns>0</ns>
<id>274762</id>
<revision>
<id>1235660</id>
<timestamp>2011-08-13T13:04:13Z</timestamp>
<contributor>
<username>Cpls</username>
<id>20608</id>
</contributor>
<comment>[[Ajuda:Menus e funções/Sumário de edição#Sumário de edição automático|→]] nova página: ={{-pt-}}= ==Substantivo== {{flex.pt|fs=janeirinha|fp=janeirinhas}} {{paroxítona|ja|nei|ri|nha}} ...</comment>
<model>wikitext</model>
<format>text/x-wiki</format>
<text bytes="318" xml:space="preserve">={{-pt-}}=
==Substantivo==
{{flex.pt|fs=janeirinha|fp=janeirinhas}}
{{paroxítona|ja|nei|ri|nha}}
# [[lande]] serôdia caída no mês de Janeiro

==Ver também==
===No Wikcionário===
{{verTambém.Ini}}
* [[janeira]]
{{verTambém.NovaColuna}}
* [[janeirinho]]
{{verTambém.Fim}}

[[Categoria:Substantivo (Português)]]</text>
<sha1>2znntt1gh1edr26wjq4geewtv5lrtbj</sha1>
</revision>
</page>
