<title>janelas</title>
<ns>0</ns>
<id>75396</id>
<revision>
<id>294182</id>
<timestamp>2007-08-29T11:28:13Z</timestamp>
<contributor>
<username>Diabo e Santo</username>
<id>1867</id>
</contributor>
<comment>[[Ajuda:Menus e funções/Sumário de edição#Sumário de edição automático|→]] nova página: =Português= [[Categoria:Substantivo (Português)]] ==Substantivo== '''janelas''' ''feminino '' # ...</comment>
<model>wikitext</model>
<format>text/x-wiki</format>
<text bytes="132" xml:space="preserve">=Português=
[[Categoria:Substantivo (Português)]]
==Substantivo==
'''janelas''' ''feminino ''
# [[plural]] [[de]] '''[[janela]]'''</text>
<sha1>f38acooif7zekmcl9czqd88pjin7sgn</sha1>
</revision>
<revision>
<id>1006173</id>
<parentid>294182</parentid>
<timestamp>2010-12-29T22:43:27Z</timestamp>
<contributor>
<username>RoggBot</username>
<id>6411</id>
</contributor>
<minor />
<comment>r2.6.2) (Bot: Adicionando: [[eo:janelas]]</comment>
<model>wikitext</model>
<format>text/x-wiki</format>
<text bytes="148" xml:space="preserve">=Português=
[[Categoria:Substantivo (Português)]]
==Substantivo==
'''janelas''' ''feminino ''
# [[plural]] [[de]] '''[[janela]]'''

[[eo:janelas]]</text>
<sha1>kpak2bfw1qfk16t95wvqn149qqw1hmb</sha1>
</revision>
<revision>
<id>1213587</id>
<parentid>1006173</parentid>
<timestamp>2011-07-10T16:50:27Z</timestamp>
<contributor>
<username>MalafayaBot</username>
<id>628</id>
</contributor>
<minor />
<comment>Robô: Substituição de texto automática (-^\=\s?Português\s?\= +={{-pt-}}= &amp; -^\=\s?\{\{pt\}\}\s?\= +={{-pt-}}=)</comment>
<model>wikitext</model>
<format>text/x-wiki</format>
<text bytes="146" xml:space="preserve">={{-pt-}}=
[[Categoria:Substantivo (Português)]]
==Substantivo==
'''janelas''' ''feminino ''
# [[plural]] [[de]] '''[[janela]]'''

[[eo:janelas]]</text>
<sha1>1yqvufjult1zsau53f2drdo6if08dqm</sha1>
</revision>
<revision>
<id>1677032</id>
<parentid>1213587</parentid>
<timestamp>2013-04-07T05:22:57Z</timestamp>
<contributor>
<username>HydrizBot</username>
<id>29590</id>
</contributor>
<minor />
<comment>r2.7.3) (Robô: A adicionar: [[en:janelas]]</comment>
<model>wikitext</model>
<format>text/x-wiki</format>
<text bytes="161" xml:space="preserve">={{-pt-}}=
[[Categoria:Substantivo (Português)]]
==Substantivo==
'''janelas''' ''feminino ''
# [[plural]] [[de]] '''[[janela]]'''

[[en:janelas]]
[[eo:janelas]]</text>
<sha1>c6ufnw3n0g7r853okutrrvnbwakfgqj</sha1>
</revision>
<revision>
<id>2364575</id>
<parentid>1677032</parentid>
<timestamp>2017-05-03T15:39:08Z</timestamp>
<contributor>
<username>HydrizBot</username>
<id>29590</id>
</contributor>
<minor />
<comment>Robô: A limpar links interwikis antigos</comment>
<model>wikitext</model>
<format>text/x-wiki</format>
<text bytes="130" xml:space="preserve">={{-pt-}}=
[[Categoria:Substantivo (Português)]]
==Substantivo==
'''janelas''' ''feminino ''
# [[plural]] [[de]] '''[[janela]]'''</text>
<sha1>774gwvqtk9wkm3fj0yaxyy0obslmva7</sha1>
</revision>
</page>
