<title>janeireiro</title>
<ns>0</ns>
<id>274761</id>
<revision>
<id>1235658</id>
<timestamp>2011-08-13T12:59:06Z</timestamp>
<contributor>
<username>Cpls</username>
<id>20608</id>
</contributor>
<comment>[[Ajuda:Menus e funções/Sumário de edição#Sumário de edição automático|→]] nova página: ={{-pt-}}= ==Adjetivo== {{flex.pt|ms=janeireiro|mp=janeireiros|fs=janeireira|fp=janeireiras}} {{pa...</comment>
<model>wikitext</model>
<format>text/x-wiki</format>
<text bytes="379" xml:space="preserve">={{-pt-}}=
==Adjetivo==
{{flex.pt|ms=janeireiro|mp=janeireiros|fs=janeireira|fp=janeireiras}}
{{paroxítona|ja|nei|rei|ro}}
# relativo ao mês de [[Janeiro]]
==Substantivo==
# quem participa das [[janeiras]]

==Ver também==
===No Wikcionário===
{{verTambém.Ini}}
* [[janeira]]
{{verTambém.NovaColuna}}
* [[janeirinha]]
{{verTambém.Fim}}

[[Categoria:Adjetivo (Português)]]</text>
<sha1>9j9rkfk5kn54u2ocja6ss6f7pjel3rh</sha1>
</revision>
<revision>
<id>1619832</id>
<parentid>1235658</parentid>
<timestamp>2013-01-22T13:57:39Z</timestamp>
<contributor>
<username>ValJor</username>
<id>1358</id>
</contributor>
<comment>Melhorando a apresentação do verbete segundo o AO 1990: Janeiro --&gt; janeiro</comment>
<model>wikitext</model>
<format>text/x-wiki</format>
<text bytes="449" xml:space="preserve">={{-pt-}}=
==Adjetivo==
{{flex.pt|ms=janeireiro|mp=janeireiros|fs=janeireira|fp=janeireiras}}
{{paroxítona|ja|nei|rei|ro}}
# relativo ao mês de [[janeiro]]

==Substantivo==
{{paroxítona|ja|nei|rei|ro}}
# quem participa das [[janeiras]]

==Ver também==
===No Wikcionário===
{{verTambém.Ini}}
* [[janeira]]
{{verTambém.NovaColuna}}
* [[janeirinha]]
{{verTambém.Fim}}

[[Categoria:Adjetivo (Português)]]
[[Categoria:Substantivo (Português)]]</text>
<sha1>kkvanu12dsqfducegzvnlx7ihzq9uj4</sha1>
</revision>
<revision>
<id>2127965</id>
<parentid>1619832</parentid>
<timestamp>2016-06-07T17:56:37Z</timestamp>
<contributor>
<username>UT-interwiki-Bot</username>
<id>56129</id>
</contributor>
<minor />
<comment>Robô: A adicionar: [[en:janeireiro]]</comment>
<model>wikitext</model>
<format>text/x-wiki</format>
<text bytes="468" xml:space="preserve">={{-pt-}}=
==Adjetivo==
{{flex.pt|ms=janeireiro|mp=janeireiros|fs=janeireira|fp=janeireiras}}
{{paroxítona|ja|nei|rei|ro}}
# relativo ao mês de [[janeiro]]

==Substantivo==
{{paroxítona|ja|nei|rei|ro}}
# quem participa das [[janeiras]]

==Ver também==
===No Wikcionário===
{{verTambém.Ini}}
* [[janeira]]
{{verTambém.NovaColuna}}
* [[janeirinha]]
{{verTambém.Fim}}

[[Categoria:Adjetivo (Português)]]
[[Categoria:Substantivo (Português)]]

[[en:janeireiro]]</text>
<sha1>0t7ekxjvu50tffire8qwqmob6xaz3vo</sha1>
</revision>
<revision>
<id>2204476</id>
<parentid>2127965</parentid>
<timestamp>2016-12-01T08:08:54Z</timestamp>
<contributor>
<username>UT-interwiki-Bot</username>
<id>56129</id>
</contributor>
<minor />
<comment>Robô: A adicionar: [[mg:janeireiro]]</comment>
<model>wikitext</model>
<format>text/x-wiki</format>
<text bytes="486" xml:space="preserve">={{-pt-}}=
==Adjetivo==
{{flex.pt|ms=janeireiro|mp=janeireiros|fs=janeireira|fp=janeireiras}}
{{paroxítona|ja|nei|rei|ro}}
# relativo ao mês de [[janeiro]]

==Substantivo==
{{paroxítona|ja|nei|rei|ro}}
# quem participa das [[janeiras]]

==Ver também==
===No Wikcionário===
{{verTambém.Ini}}
* [[janeira]]
{{verTambém.NovaColuna}}
* [[janeirinha]]
{{verTambém.Fim}}

[[Categoria:Adjetivo (Português)]]
[[Categoria:Substantivo (Português)]]

[[en:janeireiro]]
[[mg:janeireiro]]</text>
<sha1>rox5a2i3aqjcja4zmwop7fqlghu5w8h</sha1>
</revision>
<revision>
<id>2364568</id>
<parentid>2204476</parentid>
<timestamp>2017-05-03T15:38:41Z</timestamp>
<contributor>
<username>HydrizBot</username>
<id>29590</id>
</contributor>
<minor />
<comment>Robô: A limpar links interwikis antigos</comment>
<model>wikitext</model>
<format>text/x-wiki</format>
<text bytes="449" xml:space="preserve">={{-pt-}}=
==Adjetivo==
{{flex.pt|ms=janeireiro|mp=janeireiros|fs=janeireira|fp=janeireiras}}
{{paroxítona|ja|nei|rei|ro}}
# relativo ao mês de [[janeiro]]

==Substantivo==
{{paroxítona|ja|nei|rei|ro}}
# quem participa das [[janeiras]]

==Ver também==
===No Wikcionário===
{{verTambém.Ini}}
* [[janeira]]
{{verTambém.NovaColuna}}
* [[janeirinha]]
{{verTambém.Fim}}

[[Categoria:Adjetivo (Português)]]
[[Categoria:Substantivo (Português)]]</text>
<sha1>kkvanu12dsqfducegzvnlx7ihzq9uj4</sha1>
</revision>
</page>
