<title>jangadeiro</title>
<ns>0</ns>
<id>71391</id>
<revision>
<id>281785</id>
<timestamp>2007-07-11T21:04:57Z</timestamp>
<contributor>
<username>Noite Enluarada</username>
<id>2482</id>
</contributor>
<comment>Colocação de vocábulo novo</comment>
<model>wikitext</model>
<format>text/x-wiki</format>
<text bytes="174" xml:space="preserve">'''Jangadeiro'''

'''jan.ga.dei.ro'''

* Substantivo masculino
Regionalismo: Brasil

1. dono, patrão ou tripulante de [[jangada]]

2. indivíduo que conduz uma [[jangada]]</text>
<sha1>3hafkdnjaujtdhhc8c68qovyderqnov</sha1>
</revision>
<revision>
<id>282328</id>
<parentid>281785</parentid>
<timestamp>2007-07-14T17:15:15Z</timestamp>
<contributor>
<username>ValJor</username>
<id>1358</id>
</contributor>
<comment>Retirando da [[Especial:Uncategorizedpages|página de verbetes sem categoria]]</comment>
<model>wikitext</model>
<format>text/x-wiki</format>
<text bytes="491" xml:space="preserve">=Português=
==Substantivo==
{{flex.pt.subst.simples|MS=jangadeiro|MP=jangadeiros|FS=jangadeira|FP=jangadeiras}}
'''jan.ga.&lt;u&gt;dei&lt;/u&gt;.ro''', ''masculino''
# {{escopo|Brasil}} dono, patrão ou tripulante de [[jangada]]
# {{escopo|Brasil}} indivíduo que conduz uma [[jangada]]
{{-etimologia-}}
: De [[jangada]] + [[-eiro]]
[[Categoria:Substantivo (Português)]]
[[Categoria:Polissílabo (Português)]]
[[Categoria:Paroxítona (Português)]]
[[Categoria:Vocábulo com etimologia (Português)]]</text>
<sha1>i1t9644f7p4llw9cj3zzjx96es9ok4w</sha1>
</revision>
<revision>
<id>612286</id>
<parentid>282328</parentid>
<timestamp>2009-11-13T19:21:58Z</timestamp>
<contributor>
<username>Jesielt-bot</username>
<id>10876</id>
</contributor>
<comment>, Replaced: {{-etimologia-}} → =={{etimologia}}==, utilizando [[Project:AutoWikiBrowser|AWB]]</comment>
<model>wikitext</model>
<format>text/x-wiki</format>
<text bytes="493" xml:space="preserve">=Português=
==Substantivo==
{{flex.pt.subst.simples|MS=jangadeiro|MP=jangadeiros|FS=jangadeira|FP=jangadeiras}}
'''jan.ga.&lt;u&gt;dei&lt;/u&gt;.ro''', ''masculino''
# {{escopo|Brasil}} dono, patrão ou tripulante de [[jangada]]
# {{escopo|Brasil}} indivíduo que conduz uma [[jangada]]
=={{etimologia}}==
: De [[jangada]] + [[-eiro]]
[[Categoria:Substantivo (Português)]]
[[Categoria:Polissílabo (Português)]]
[[Categoria:Paroxítona (Português)]]
[[Categoria:Vocábulo com etimologia (Português)]]</text>
<sha1>8fqvtsf5k24fn8t0h4816gzwomalww2</sha1>
</revision>
<revision>
<id>705903</id>
<parentid>612286</parentid>
<timestamp>2010-01-22T18:40:15Z</timestamp>
<contributor>
<username>ValJor</username>
<id>1358</id>
</contributor>
<comment>Por um [[Especial:Lonelypages|wikcionário sem órfãos]]!</comment>
<model>wikitext</model>
<format>text/x-wiki</format>
<text bytes="464" xml:space="preserve">=Português=
==Substantivo==
{{flex.pt|ms=jangadeiro|mp=jangadeiros|fs=jangadeira|fp=jangadeiras}}
{{paroxítona|jan|ga|dei|ro}}, ''masculino''
# {{escopo|Brasil}} dono, patrão ou tripulante de [[jangada]]
# {{escopo|Brasil}} indivíduo que conduz uma [[jangada]]

=={{etimologia|pt}}==
: '''Morfologia''': [[jangada]] + [[-eiro]].

==Ver também==
===No Wikcionário===
* [[quimanga]]

[[Categoria:Substantivo (Português)]]
[[Categoria:Profissão (Português)]]</text>
<sha1>jdapc4plhbatnahabo1d0k2y77ecisu</sha1>
</revision>
<revision>
<id>996428</id>
<parentid>705903</parentid>
<timestamp>2010-12-15T02:00:25Z</timestamp>
<contributor>
<username>Luckas-bot</username>
<id>5986</id>
</contributor>
<minor />
<comment>r2.6.2) (Bot: Adicionando: [[zh:jangadeiro]]</comment>
<model>wikitext</model>
<format>text/x-wiki</format>
<text bytes="483" xml:space="preserve">=Português=
==Substantivo==
{{flex.pt|ms=jangadeiro|mp=jangadeiros|fs=jangadeira|fp=jangadeiras}}
{{paroxítona|jan|ga|dei|ro}}, ''masculino''
# {{escopo|Brasil}} dono, patrão ou tripulante de [[jangada]]
# {{escopo|Brasil}} indivíduo que conduz uma [[jangada]]

=={{etimologia|pt}}==
: '''Morfologia''': [[jangada]] + [[-eiro]].

==Ver também==
===No Wikcionário===
* [[quimanga]]

[[Categoria:Substantivo (Português)]]
[[Categoria:Profissão (Português)]]

[[zh:jangadeiro]]</text>
<sha1>7fr4db5ihbny7w209lknxf6trrbwr97</sha1>
</revision>
<revision>
<id>1207848</id>
<parentid>996428</parentid>
<timestamp>2011-07-10T03:47:54Z</timestamp>
<contributor>
<username>MalafayaBot</username>
<id>628</id>
</contributor>
<minor />
<comment>Robô: Substituição de texto automática (-^\=\s?Português\s?\= +={{-pt-}}= &amp; -^\=\s?\{\{pt\}\}\s?\= +={{-pt-}}=)</comment>
<model>wikitext</model>
<format>text/x-wiki</format>
<text bytes="481" xml:space="preserve">={{-pt-}}=
==Substantivo==
{{flex.pt|ms=jangadeiro|mp=jangadeiros|fs=jangadeira|fp=jangadeiras}}
{{paroxítona|jan|ga|dei|ro}}, ''masculino''
# {{escopo|Brasil}} dono, patrão ou tripulante de [[jangada]]
# {{escopo|Brasil}} indivíduo que conduz uma [[jangada]]

=={{etimologia|pt}}==
: '''Morfologia''': [[jangada]] + [[-eiro]].

==Ver também==
===No Wikcionário===
* [[quimanga]]

[[Categoria:Substantivo (Português)]]
[[Categoria:Profissão (Português)]]

[[zh:jangadeiro]]</text>
<sha1>rhs3okfwn7p16c6afznsu1txgq6dbfa</sha1>
</revision>
<revision>
<id>2364581</id>
<parentid>1207848</parentid>
<timestamp>2017-05-03T15:39:24Z</timestamp>
<contributor>
<username>HydrizBot</username>
<id>29590</id>
</contributor>
<minor />
<comment>Robô: A limpar links interwikis antigos</comment>
<model>wikitext</model>
<format>text/x-wiki</format>
<text bytes="462" xml:space="preserve">={{-pt-}}=
==Substantivo==
{{flex.pt|ms=jangadeiro|mp=jangadeiros|fs=jangadeira|fp=jangadeiras}}
{{paroxítona|jan|ga|dei|ro}}, ''masculino''
# {{escopo|Brasil}} dono, patrão ou tripulante de [[jangada]]
# {{escopo|Brasil}} indivíduo que conduz uma [[jangada]]

=={{etimologia|pt}}==
: '''Morfologia''': [[jangada]] + [[-eiro]].

==Ver também==
===No Wikcionário===
* [[quimanga]]

[[Categoria:Substantivo (Português)]]
[[Categoria:Profissão (Português)]]</text>
<sha1>25vhe84mrm9sr3jc7gysddb2j95va5u</sha1>
</revision>
</page>
