<title>jangar</title>
<ns>0</ns>
<id>324124</id>
<revision>
<id>1822253</id>
<timestamp>2014-05-01T21:52:37Z</timestamp>
<contributor>
<username>Cpls</username>
<id>20608</id>
</contributor>
<comment>[[Ajuda:Guia de edição/Menus e ferramentas/Sumário de edição|→]] nova página: ={{-gl-}}= ==Verbo== {{oxítona|jan|gar|lang=gl}} # dar-se bem com, entender-se bem  ==Ver também== ===No Wi...</comment>
<model>wikitext</model>
<format>text/x-wiki</format>
<text bytes="170" xml:space="preserve">={{-gl-}}=
==Verbo==
{{oxítona|jan|gar|lang=gl}}
# dar-se bem com, entender-se bem

==Ver também==
===No Wikcionário===
* [[jangada]]

[[Categoria:Verbo (Português)]]</text>
<sha1>ffaj4k7qb35sf0u6pg0r5v4bmjy1ps5</sha1>
</revision>
<revision>
<id>1822255</id>
<parentid>1822253</parentid>
<timestamp>2014-05-01T21:57:02Z</timestamp>
<contributor>
<username>Cpls</username>
<id>20608</id>
</contributor>
<model>wikitext</model>
<format>text/x-wiki</format>
<text bytes="257" xml:space="preserve">={{-gl-}}=
==Verbo==
{{oxítona|jan|gar|lang=gl}}
# dar-se bem com, entender-se bem

=={{etimologia|gl}}==
: Talvez aparentada com a palavra galega [[xango#Galego|xango]]

==Ver também==
===No Wikcionário===
* [[jangada]]

[[Categoria:Verbo (Português)]]</text>
<sha1>o9u502ihw10et9co9v8vcnu2rxcgj0e</sha1>
</revision>
<revision>
<id>1824259</id>
<parentid>1822255</parentid>
<timestamp>2014-05-13T19:33:11Z</timestamp>
<contributor>
<username>YS-Bot</username>
<id>32241</id>
</contributor>
<minor />
<comment>r2.7.3) (Robô: A adicionar: [[fr:jangar]], [[id:jangar]]</comment>
<model>wikitext</model>
<format>text/x-wiki</format>
<text bytes="286" xml:space="preserve">={{-gl-}}=
==Verbo==
{{oxítona|jan|gar|lang=gl}}
# dar-se bem com, entender-se bem

=={{etimologia|gl}}==
: Talvez aparentada com a palavra galega [[xango#Galego|xango]]

==Ver também==
===No Wikcionário===
* [[jangada]]

[[Categoria:Verbo (Português)]]

[[fr:jangar]]
[[id:jangar]]</text>
<sha1>nq2904k3t9i2kw0ucjvy3aag2p81140</sha1>
</revision>
<revision>
<id>2158589</id>
<parentid>1824259</parentid>
<timestamp>2016-08-13T21:33:15Z</timestamp>
<contributor>
<username>Cpls</username>
<id>20608</id>
</contributor>
<comment>/* {{-gl-}} */</comment>
<model>wikitext</model>
<format>text/x-wiki</format>
<text bytes="438" xml:space="preserve">={{-gl-}}=
==Verbo==
{{oxítona|jan|gar|lang=gl}}
# dar-se bem com, entender-se bem, haver bom [[relacionamento]]
===Sinónimos===
{{colunas|3}}
* [[ginçar#Galego|ginçar]]
* [[ladar#{{gl}}|ladar]]
* [[leirar#Galego|leirar]]
{{colunas.fim}}

=={{etimologia|gl}}==
: Aparentada com a palavra galega ''[[xango#Galego|xango]]''.

==Ver também==
===No Wikcionário===
* [[jangada]]

[[Categoria:Verbo (Galego)]]

[[fr:jangar]]
[[id:jangar]]</text>
<sha1>gduncf34smflhagfs5mvgrzjc7zi7jb</sha1>
</revision>
<revision>
<id>2364582</id>
<parentid>2158589</parentid>
<timestamp>2017-05-03T15:39:26Z</timestamp>
<contributor>
<username>HydrizBot</username>
<id>29590</id>
</contributor>
<minor />
<comment>Robô: A limpar links interwikis antigos</comment>
<model>wikitext</model>
<format>text/x-wiki</format>
<text bytes="409" xml:space="preserve">={{-gl-}}=
==Verbo==
{{oxítona|jan|gar|lang=gl}}
# dar-se bem com, entender-se bem, haver bom [[relacionamento]]
===Sinónimos===
{{colunas|3}}
* [[ginçar#Galego|ginçar]]
* [[ladar#{{gl}}|ladar]]
* [[leirar#Galego|leirar]]
{{colunas.fim}}

=={{etimologia|gl}}==
: Aparentada com a palavra galega ''[[xango#Galego|xango]]''.

==Ver também==
===No Wikcionário===
* [[jangada]]

[[Categoria:Verbo (Galego)]]</text>
<sha1>p5hu4p4n1ukjyqw9dipcjz88u772qwp</sha1>
</revision>
<revision>
<id>2540993</id>
<parentid>2364582</parentid>
<timestamp>2019-04-04T21:06:00Z</timestamp>
<contributor>
<username>Cpls</username>
<id>20608</id>
</contributor>
<comment>/* {{etimologia|gl}} */</comment>
<model>wikitext</model>
<format>text/x-wiki</format>
<text bytes="493" xml:space="preserve">={{-gl-}}=
==Verbo==
{{oxítona|jan|gar|lang=gl}}
# dar-se bem com, entender-se bem, haver bom [[relacionamento]]
===Sinónimos===
{{colunas|3}}
* [[ginçar#Galego|ginçar]]
* [[ladar#{{gl}}|ladar]]
* [[leirar#Galego|leirar]]
{{colunas.fim}}

=={{etimologia|gl}}==
: Aparentada com as palavras galegas ''[[xango#Galego|xango]]'', ''[[jangal#{{gl}}|jangal]]''; confronte-se com ''[[enjangar#{{gl}}|enjangar]]''.

==Ver também==
===No Wikcionário===
* [[jangada]]

[[Categoria:Verbo (Galego)]]</text>
<sha1>6tgux4gtabdr60xuu0tqa2a2rvc1lvb</sha1>
</revision>
<revision>
<id>2541144</id>
<parentid>2540993</parentid>
<timestamp>2019-04-07T15:44:04Z</timestamp>
<contributor>
<username>Cpls</username>
<id>20608</id>
</contributor>
<comment>/* {{-gl-}} */</comment>
<model>wikitext</model>
<format>text/x-wiki</format>
<text bytes="478" xml:space="preserve">={{-gl-}}=
==Verbo==
{{oxítona|jan|gar|lang=gl}}
# [[conchavar]]
# dar-se bem com, entender-se bem, haver bom [[relacionamento]]

===Sinónimos===
* [[ginçar#Galego|ginçar]], [[ladar#{{gl}}|ladar]], [[leirar#Galego|leirar]]

=={{etimologia|gl}}==
: Aparentada com as palavras galegas ''[[xango#Galego|xango]]'', ''[[jangal#{{gl}}|jangal]]''; confronte-se com ''[[enjangar#{{gl}}|enjangar]]''.

==Ver também==
===No Wikcionário===
* [[jangada]]

[[Categoria:Verbo (Galego)]]</text>
<sha1>sr2c8dby8blkly4a71tc6z0aaq9oofj</sha1>
</revision>
</page>
