<title>jangolas</title>
<ns>0</ns>
<id>397041</id>
<revision>
<id>2507033</id>
<timestamp>2018-06-18T18:49:57Z</timestamp>
<contributor>
<username>Cpls</username>
<id>20608</id>
</contributor>
<comment>[[Ajuda:Guia de edição/Menus e ferramentas/Sumário de edição|→]] nova página: ={{-gl-}}= ==Adjetivo== {{flex.gl|s=jangolas|p=jangolas}} {{paroxítona|jan|go|las|lang=gl}}, {{g|c2g|lang=gl...</comment>
<model>wikitext</model>
<format>text/x-wiki</format>
<text bytes="451" xml:space="preserve">={{-gl-}}=
==Adjetivo==
{{flex.gl|s=jangolas|p=jangolas}}
{{paroxítona|jan|go|las|lang=gl}}, {{g|c2g|lang=gl}}
# que é singelo e de bom caráter, [[dócil]]
# [[amável]], doce
# aparvalhado, fácil de enganar

==={{-varort-}}===
* [[jangal#{{gl}}|jangal]], [[jângolas#{{gl}}|jângolas]], [[sangal#{{gl}}|sangal]]

=={{etimologia|gl}}==
: Confronte-se com ''[[jangar#{{gl}}|jangar]]'' e ''[[jango#{{gl}}|jango]]''.

[[Categoria:Adjetivo (Galego)]]</text>
<sha1>goh90e8rc70tthd3z1udbo7tmmhmr40</sha1>
</revision>
</page>
