<title>jannewaarje</title>
<ns>0</ns>
<id>235080</id>
<revision>
<id>887220</id>
<timestamp>2010-05-26T18:58:57Z</timestamp>
<contributor>
<username>Luis Gabriel Moraes Dias</username>
<id>11628</id>
</contributor>
<comment>[[Ajuda:Menus e funções/Sumário de edição#Sumário de edição automático|→]] nova página: ={{-fy-}}= ==Substantivo== '''jannewaarje''' # [[janeiro]]. # [[primeiro]] [[mês]] do [[ano]] civ...</comment>
<model>wikitext</model>
<format>text/x-wiki</format>
<text bytes="261" xml:space="preserve">={{-fy-}}=
==Substantivo==
'''jannewaarje'''
# [[janeiro]].
# [[primeiro]] [[mês]] do [[ano]] civil, tendo 31 [[dia]]s

== Ver também ==
=== No Wikcionário ===
{{meses/fy}}

[[Categoria:Substantivo (Frísio)]]
[[Categoria:Mês (Frísio)]]

[[fy:jannewaarje]]</text>
<sha1>dl2s7wn89yzgnsm9wgymi894ox0oci0</sha1>
</revision>
<revision>
<id>887354</id>
<parentid>887220</parentid>
<timestamp>2010-05-26T20:04:45Z</timestamp>
<contributor>
<username>Interwicket</username>
<id>6868</id>
</contributor>
<minor />
<comment>iwiki +[[:fr:jannewaarje]], [[:nl:jannewaarje]]</comment>
<model>wikitext</model>
<format>text/x-wiki</format>
<text bytes="299" xml:space="preserve">={{-fy-}}=
==Substantivo==
'''jannewaarje'''
# [[janeiro]].
# [[primeiro]] [[mês]] do [[ano]] civil, tendo 31 [[dia]]s

== Ver também ==
=== No Wikcionário ===
{{meses/fy}}

[[Categoria:Substantivo (Frísio)]]
[[Categoria:Mês (Frísio)]]

[[fr:jannewaarje]]
[[fy:jannewaarje]]
[[nl:jannewaarje]]</text>
<sha1>8ujp38dgkipy90q10w6klebbe4s2tn5</sha1>
</revision>
<revision>
<id>887850</id>
<parentid>887354</parentid>
<timestamp>2010-05-27T18:31:02Z</timestamp>
<contributor>
<username>Luis Gabriel Moraes Dias</username>
<id>11628</id>
</contributor>
<model>wikitext</model>
<format>text/x-wiki</format>
<text bytes="297" xml:space="preserve">={{-fy-}}=
==Substantivo==
'''jannewaarje'''
# [[janeiro]]; [[primeiro]] [[mês]] do [[ano]] civil, tendo 31 [[dia]]s

== Ver também ==
=== No Wikcionário ===
{{meses/fy}}

[[Categoria:Substantivo (Frísio)]]
[[Categoria:Mês (Frísio)]]

[[fr:jannewaarje]]
[[fy:jannewaarje]]
[[nl:jannewaarje]]</text>
<sha1>0bmjgkrrbga1y6om7ea9f2oa9viixl4</sha1>
</revision>
<revision>
<id>1009859</id>
<parentid>887850</parentid>
<timestamp>2011-01-10T15:46:13Z</timestamp>
<contributor>
<username>Luckas-bot</username>
<id>5986</id>
</contributor>
<minor />
<comment>r2.7.1) (Bot: Adicionando: [[ru:jannewaarje]]</comment>
<model>wikitext</model>
<format>text/x-wiki</format>
<text bytes="316" xml:space="preserve">={{-fy-}}=
==Substantivo==
'''jannewaarje'''
# [[janeiro]]; [[primeiro]] [[mês]] do [[ano]] civil, tendo 31 [[dia]]s

== Ver também ==
=== No Wikcionário ===
{{meses/fy}}

[[Categoria:Substantivo (Frísio)]]
[[Categoria:Mês (Frísio)]]

[[fr:jannewaarje]]
[[fy:jannewaarje]]
[[nl:jannewaarje]]
[[ru:jannewaarje]]</text>
<sha1>tak77xvkt15p1qauvsxriiuroa3x74p</sha1>
</revision>
<revision>
<id>1414972</id>
<parentid>1009859</parentid>
<timestamp>2012-05-25T23:08:24Z</timestamp>
<contributor>
<username>KamikazeBot</username>
<id>23176</id>
</contributor>
<minor />
<comment>r2.7.2) (Robô: A adicionar: [[lb:jannewaarje]]</comment>
<model>wikitext</model>
<format>text/x-wiki</format>
<text bytes="335" xml:space="preserve">={{-fy-}}=
==Substantivo==
'''jannewaarje'''
# [[janeiro]]; [[primeiro]] [[mês]] do [[ano]] civil, tendo 31 [[dia]]s

== Ver também ==
=== No Wikcionário ===
{{meses/fy}}

[[Categoria:Substantivo (Frísio)]]
[[Categoria:Mês (Frísio)]]

[[fr:jannewaarje]]
[[fy:jannewaarje]]
[[lb:jannewaarje]]
[[nl:jannewaarje]]
[[ru:jannewaarje]]</text>
<sha1>ccyhd4oh8u044c2i41p6b7tudt80gmv</sha1>
</revision>
<revision>
<id>1438333</id>
<parentid>1414972</parentid>
<timestamp>2012-08-01T18:55:04Z</timestamp>
<contributor>
<username>WarddrBOT</username>
<id>31860</id>
</contributor>
<minor />
<comment>r2.7.3) (Robô: A adicionar: [[mg:jannewaarje]]</comment>
<model>wikitext</model>
<format>text/x-wiki</format>
<text bytes="354" xml:space="preserve">={{-fy-}}=
==Substantivo==
'''jannewaarje'''
# [[janeiro]]; [[primeiro]] [[mês]] do [[ano]] civil, tendo 31 [[dia]]s

== Ver também ==
=== No Wikcionário ===
{{meses/fy}}

[[Categoria:Substantivo (Frísio)]]
[[Categoria:Mês (Frísio)]]

[[fr:jannewaarje]]
[[fy:jannewaarje]]
[[lb:jannewaarje]]
[[mg:jannewaarje]]
[[nl:jannewaarje]]
[[ru:jannewaarje]]</text>
<sha1>9mkfaccsvybfj5tqgbsuielh3x0461h</sha1>
</revision>
<revision>
<id>2364585</id>
<parentid>1438333</parentid>
<timestamp>2017-05-03T15:39:33Z</timestamp>
<contributor>
<username>HydrizBot</username>
<id>29590</id>
</contributor>
<minor />
<comment>Robô: A limpar links interwikis antigos</comment>
<model>wikitext</model>
<format>text/x-wiki</format>
<text bytes="239" xml:space="preserve">={{-fy-}}=
==Substantivo==
'''jannewaarje'''
# [[janeiro]]; [[primeiro]] [[mês]] do [[ano]] civil, tendo 31 [[dia]]s

== Ver também ==
=== No Wikcionário ===
{{meses/fy}}

[[Categoria:Substantivo (Frísio)]]
[[Categoria:Mês (Frísio)]]</text>
<sha1>83oxnun1u7j5tjc4tbq83j9h1kcrf9d</sha1>
</revision>
</page>
