<title>jannewaarjemoanne</title>
<ns>0</ns>
<id>235081</id>
<revision>
<id>887221</id>
<timestamp>2010-05-26T18:59:39Z</timestamp>
<contributor>
<username>Luis Gabriel Moraes Dias</username>
<id>11628</id>
</contributor>
<comment>[[Ajuda:Menus e funções/Sumário de edição#Sumário de edição automático|→]] nova página: ={{-fy-}}= ==Substantivo== '''jannewaarjemoanne''' # [[janeiro]]. # [[primeiro]] [[mês]] do [[ano...</comment>
<model>wikitext</model>
<format>text/x-wiki</format>
<text bytes="273" xml:space="preserve">={{-fy-}}=
==Substantivo==
'''jannewaarjemoanne'''
# [[janeiro]].
# [[primeiro]] [[mês]] do [[ano]] civil, tendo 31 [[dia]]s

== Ver também ==
=== No Wikcionário ===
{{meses/fy}}

[[Categoria:Substantivo (Frísio)]]
[[Categoria:Mês (Frísio)]]

[[fy:jannewaarjemoanne]]</text>
<sha1>jtebr8v1q9fqsfowp2nxo5m5w6i22tu</sha1>
</revision>
<revision>
<id>887365</id>
<parentid>887221</parentid>
<timestamp>2010-05-26T20:17:46Z</timestamp>
<contributor>
<username>Interwicket</username>
<id>6868</id>
</contributor>
<minor />
<comment>iwiki +[[:fr:jannewaarjemoanne]], [[:nl:jannewaarjemoanne]]</comment>
<model>wikitext</model>
<format>text/x-wiki</format>
<text bytes="323" xml:space="preserve">={{-fy-}}=
==Substantivo==
'''jannewaarjemoanne'''
# [[janeiro]].
# [[primeiro]] [[mês]] do [[ano]] civil, tendo 31 [[dia]]s

== Ver também ==
=== No Wikcionário ===
{{meses/fy}}

[[Categoria:Substantivo (Frísio)]]
[[Categoria:Mês (Frísio)]]

[[fr:jannewaarjemoanne]]
[[fy:jannewaarjemoanne]]
[[nl:jannewaarjemoanne]]</text>
<sha1>5ts6e1uwlvenkhq2ln605g76v5p7642</sha1>
</revision>
<revision>
<id>887843</id>
<parentid>887365</parentid>
<timestamp>2010-05-27T18:28:02Z</timestamp>
<contributor>
<username>Luis Gabriel Moraes Dias</username>
<id>11628</id>
</contributor>
<model>wikitext</model>
<format>text/x-wiki</format>
<text bytes="321" xml:space="preserve">={{-fy-}}=
==Substantivo==
'''jannewaarjemoanne'''
# [[janeiro]]; [[primeiro]] [[mês]] do [[ano]] civil, tendo 31 [[dia]]s

== Ver também ==
=== No Wikcionário ===
{{meses/fy}}

[[Categoria:Substantivo (Frísio)]]
[[Categoria:Mês (Frísio)]]

[[fr:jannewaarjemoanne]]
[[fy:jannewaarjemoanne]]
[[nl:jannewaarjemoanne]]</text>
<sha1>sjidoggn9m65h0ifk6h429tqhq9fesg</sha1>
</revision>
<revision>
<id>1438332</id>
<parentid>887843</parentid>
<timestamp>2012-08-01T18:54:58Z</timestamp>
<contributor>
<username>WarddrBOT</username>
<id>31860</id>
</contributor>
<minor />
<comment>r2.7.3) (Robô: A adicionar: [[mg:jannewaarjemoanne]]</comment>
<model>wikitext</model>
<format>text/x-wiki</format>
<text bytes="346" xml:space="preserve">={{-fy-}}=
==Substantivo==
'''jannewaarjemoanne'''
# [[janeiro]]; [[primeiro]] [[mês]] do [[ano]] civil, tendo 31 [[dia]]s

== Ver também ==
=== No Wikcionário ===
{{meses/fy}}

[[Categoria:Substantivo (Frísio)]]
[[Categoria:Mês (Frísio)]]

[[fr:jannewaarjemoanne]]
[[fy:jannewaarjemoanne]]
[[mg:jannewaarjemoanne]]
[[nl:jannewaarjemoanne]]</text>
<sha1>16w660o8jyqtxcfqh6lhfx1vd6ebz9t</sha1>
</revision>
<revision>
<id>2364586</id>
<parentid>1438332</parentid>
<timestamp>2017-05-03T15:39:35Z</timestamp>
<contributor>
<username>HydrizBot</username>
<id>29590</id>
</contributor>
<minor />
<comment>Robô: A limpar links interwikis antigos</comment>
<model>wikitext</model>
<format>text/x-wiki</format>
<text bytes="245" xml:space="preserve">={{-fy-}}=
==Substantivo==
'''jannewaarjemoanne'''
# [[janeiro]]; [[primeiro]] [[mês]] do [[ano]] civil, tendo 31 [[dia]]s

== Ver também ==
=== No Wikcionário ===
{{meses/fy}}

[[Categoria:Substantivo (Frísio)]]
[[Categoria:Mês (Frísio)]]</text>
<sha1>litiebfpouznzcjbarrfdmh84zrpw5k</sha1>
</revision>
</page>
