<title>jannewaris</title>
<ns>0</ns>
<id>234219</id>
<revision>
<id>883895</id>
<timestamp>2010-05-20T18:51:05Z</timestamp>
<contributor>
<username>Luis Gabriel Moraes Dias</username>
<id>11628</id>
</contributor>
<comment>[[Ajuda:Menus e funções/Sumário de edição#Sumário de edição automático|→]] nova página: ={{-fy-}}= ==Substantivo== '''Jannewaris''' # [[janeiro]]. # [[primeiro]] [[mês]] do [[ano]] civi...</comment>
<model>wikitext</model>
<format>text/x-wiki</format>
<text bytes="203" xml:space="preserve">={{-fy-}}=
==Substantivo==
'''Jannewaris'''
# [[janeiro]].
# [[primeiro]] [[mês]] do [[ano]] civil, tendo 31 [[dia]]s

[[Categoria:Substantivo (Frísio)]]
[[Categoria:Mês (Frísio)]]

[[fy:Jannewaris]]</text>
<sha1>joz0hykde9klr7m9myxpg5hpj2x0fio</sha1>
</revision>
<revision>
<id>883897</id>
<parentid>883895</parentid>
<timestamp>2010-05-20T18:53:18Z</timestamp>
<contributor>
<username>Luis Gabriel Moraes Dias</username>
<id>11628</id>
</contributor>
<model>wikitext</model>
<format>text/x-wiki</format>
<text bytes="403" xml:space="preserve">={{-fy-}}=
==Substantivo==
'''Jannewaris'''
# [[janeiro]].
# [[primeiro]] [[mês]] do [[ano]] civil, tendo 31 [[dia]]s

[[Categoria:Substantivo (Frísio)]]
[[Categoria:Mês (Frísio)]]


[[br:jannewaris]]
[[csb:jannewaris]]
[[el:jannewaris]]
[[en:jannewaris]]
[[fy:jannewaris]]
[[fr:jannewaris]]
[[gl:jannewaris]]
[[hu:jannewaris]]
[[it:jannewaris]]
[[lo:jannewaris]]
[[lt:jannewaris]]
[[nl:jannewaris]]</text>
<sha1>dfycdozsepz0sa2wakfu1mfqg528omc</sha1>
</revision>
<revision>
<id>883898</id>
<parentid>883897</parentid>
<timestamp>2010-05-20T18:53:51Z</timestamp>
<contributor>
<username>Luis Gabriel Moraes Dias</username>
<id>11628</id>
</contributor>
<minor />
<comment>[[Jannewaris]] movido para [[jannewaris]]: grafia correta</comment>
<model>wikitext</model>
<format>text/x-wiki</format>
<text bytes="403" xml:space="preserve">={{-fy-}}=
==Substantivo==
'''Jannewaris'''
# [[janeiro]].
# [[primeiro]] [[mês]] do [[ano]] civil, tendo 31 [[dia]]s

[[Categoria:Substantivo (Frísio)]]
[[Categoria:Mês (Frísio)]]


[[br:jannewaris]]
[[csb:jannewaris]]
[[el:jannewaris]]
[[en:jannewaris]]
[[fy:jannewaris]]
[[fr:jannewaris]]
[[gl:jannewaris]]
[[hu:jannewaris]]
[[it:jannewaris]]
[[lo:jannewaris]]
[[lt:jannewaris]]
[[nl:jannewaris]]</text>
<sha1>dfycdozsepz0sa2wakfu1mfqg528omc</sha1>
</revision>
<revision>
<id>883900</id>
<parentid>883898</parentid>
<timestamp>2010-05-20T18:54:16Z</timestamp>
<contributor>
<username>Luis Gabriel Moraes Dias</username>
<id>11628</id>
</contributor>
<model>wikitext</model>
<format>text/x-wiki</format>
<text bytes="403" xml:space="preserve">={{-fy-}}=
==Substantivo==
'''jannewaris'''
# [[janeiro]].
# [[primeiro]] [[mês]] do [[ano]] civil, tendo 31 [[dia]]s

[[Categoria:Substantivo (Frísio)]]
[[Categoria:Mês (Frísio)]]


[[br:jannewaris]]
[[csb:jannewaris]]
[[el:jannewaris]]
[[en:jannewaris]]
[[fy:jannewaris]]
[[fr:jannewaris]]
[[gl:jannewaris]]
[[hu:jannewaris]]
[[it:jannewaris]]
[[lo:jannewaris]]
[[lt:jannewaris]]
[[nl:jannewaris]]</text>
<sha1>9g0xw2rewt7enqz0dgph5tnqc8fqz7r</sha1>
</revision>
<revision>
<id>887213</id>
<parentid>883900</parentid>
<timestamp>2010-05-26T18:56:57Z</timestamp>
<contributor>
<username>Luis Gabriel Moraes Dias</username>
<id>11628</id>
</contributor>
<model>wikitext</model>
<format>text/x-wiki</format>
<text bytes="459" xml:space="preserve">={{-fy-}}=
==Substantivo==
'''jannewaris'''
# [[janeiro]].
# [[primeiro]] [[mês]] do [[ano]] civil, tendo 31 [[dia]]s

== Ver também ==
=== No Wikcionário ===
{{meses/fy}}

[[Categoria:Substantivo (Frísio)]]
[[Categoria:Mês (Frísio)]]


[[br:jannewaris]]
[[csb:jannewaris]]
[[el:jannewaris]]
[[en:jannewaris]]
[[fy:jannewaris]]
[[fr:jannewaris]]
[[gl:jannewaris]]
[[hu:jannewaris]]
[[it:jannewaris]]
[[lo:jannewaris]]
[[lt:jannewaris]]
[[nl:jannewaris]]</text>
<sha1>qrd9728x7rgtotk2ncu3ore1uawte3p</sha1>
</revision>
<revision>
<id>887851</id>
<parentid>887213</parentid>
<timestamp>2010-05-27T18:31:22Z</timestamp>
<contributor>
<username>Luis Gabriel Moraes Dias</username>
<id>11628</id>
</contributor>
<model>wikitext</model>
<format>text/x-wiki</format>
<text bytes="457" xml:space="preserve">={{-fy-}}=
==Substantivo==
'''jannewaris'''
# [[janeiro]]; [[primeiro]] [[mês]] do [[ano]] civil, tendo 31 [[dia]]s

== Ver também ==
=== No Wikcionário ===
{{meses/fy}}

[[Categoria:Substantivo (Frísio)]]
[[Categoria:Mês (Frísio)]]


[[br:jannewaris]]
[[csb:jannewaris]]
[[el:jannewaris]]
[[en:jannewaris]]
[[fy:jannewaris]]
[[fr:jannewaris]]
[[gl:jannewaris]]
[[hu:jannewaris]]
[[it:jannewaris]]
[[lo:jannewaris]]
[[lt:jannewaris]]
[[nl:jannewaris]]</text>
<sha1>627sif4zrjz5f4c9qz4a33ckisn1w69</sha1>
</revision>
<revision>
<id>951714</id>
<parentid>887851</parentid>
<timestamp>2010-09-08T05:44:38Z</timestamp>
<contributor>
<username>Interwicket</username>
<id>6868</id>
</contributor>
<minor />
<comment>iwiki +[[:hr:jannewaris]]</comment>
<model>wikitext</model>
<format>text/x-wiki</format>
<text bytes="474" xml:space="preserve">={{-fy-}}=
==Substantivo==
'''jannewaris'''
# [[janeiro]]; [[primeiro]] [[mês]] do [[ano]] civil, tendo 31 [[dia]]s

== Ver também ==
=== No Wikcionário ===
{{meses/fy}}

[[Categoria:Substantivo (Frísio)]]
[[Categoria:Mês (Frísio)]]

[[br:jannewaris]]
[[csb:jannewaris]]
[[el:jannewaris]]
[[en:jannewaris]]
[[fr:jannewaris]]
[[fy:jannewaris]]
[[gl:jannewaris]]
[[hr:jannewaris]]
[[hu:jannewaris]]
[[it:jannewaris]]
[[lo:jannewaris]]
[[lt:jannewaris]]
[[nl:jannewaris]]</text>
<sha1>t1igl19xb2bbq3i9dgkqaajcgxds127</sha1>
</revision>
<revision>
<id>1009858</id>
<parentid>951714</parentid>
<timestamp>2011-01-10T15:45:53Z</timestamp>
<contributor>
<username>Luckas-bot</username>
<id>5986</id>
</contributor>
<minor />
<comment>r2.7.1) (Bot: Adicionando: [[ru:jannewaris]]</comment>
<model>wikitext</model>
<format>text/x-wiki</format>
<text bytes="492" xml:space="preserve">={{-fy-}}=
==Substantivo==
'''jannewaris'''
# [[janeiro]]; [[primeiro]] [[mês]] do [[ano]] civil, tendo 31 [[dia]]s

== Ver também ==
=== No Wikcionário ===
{{meses/fy}}

[[Categoria:Substantivo (Frísio)]]
[[Categoria:Mês (Frísio)]]

[[br:jannewaris]]
[[csb:jannewaris]]
[[el:jannewaris]]
[[en:jannewaris]]
[[fr:jannewaris]]
[[fy:jannewaris]]
[[gl:jannewaris]]
[[hr:jannewaris]]
[[hu:jannewaris]]
[[it:jannewaris]]
[[lo:jannewaris]]
[[lt:jannewaris]]
[[nl:jannewaris]]
[[ru:jannewaris]]</text>
<sha1>8ofj6w7hg6e76b1icjxei3y60g9o5od</sha1>
</revision>
<revision>
<id>1366566</id>
<parentid>1009858</parentid>
<timestamp>2012-01-16T22:08:50Z</timestamp>
<contributor>
<username>Luckas-bot</username>
<id>5986</id>
</contributor>
<minor />
<comment>r2.7.1) (Robô: A adicionar: [[pl:jannewaris]]</comment>
<model>wikitext</model>
<format>text/x-wiki</format>
<text bytes="510" xml:space="preserve">={{-fy-}}=
==Substantivo==
'''jannewaris'''
# [[janeiro]]; [[primeiro]] [[mês]] do [[ano]] civil, tendo 31 [[dia]]s

== Ver também ==
=== No Wikcionário ===
{{meses/fy}}

[[Categoria:Substantivo (Frísio)]]
[[Categoria:Mês (Frísio)]]

[[br:jannewaris]]
[[csb:jannewaris]]
[[el:jannewaris]]
[[en:jannewaris]]
[[fr:jannewaris]]
[[fy:jannewaris]]
[[gl:jannewaris]]
[[hr:jannewaris]]
[[hu:jannewaris]]
[[it:jannewaris]]
[[lo:jannewaris]]
[[lt:jannewaris]]
[[nl:jannewaris]]
[[pl:jannewaris]]
[[ru:jannewaris]]</text>
<sha1>en1wmmil07ntollwoqmzu8me5tfd6so</sha1>
</revision>
<revision>
<id>1407963</id>
<parentid>1366566</parentid>
<timestamp>2012-05-07T10:09:48Z</timestamp>
<contributor>
<username>HydrizBot</username>
<id>29590</id>
</contributor>
<minor />
<comment>r2.7.3) (Robô: A adicionar: [[lb:jannewaris]]</comment>
<model>wikitext</model>
<format>text/x-wiki</format>
<text bytes="528" xml:space="preserve">={{-fy-}}=
==Substantivo==
'''jannewaris'''
# [[janeiro]]; [[primeiro]] [[mês]] do [[ano]] civil, tendo 31 [[dia]]s

== Ver também ==
=== No Wikcionário ===
{{meses/fy}}

[[Categoria:Substantivo (Frísio)]]
[[Categoria:Mês (Frísio)]]

[[br:jannewaris]]
[[csb:jannewaris]]
[[el:jannewaris]]
[[en:jannewaris]]
[[fr:jannewaris]]
[[fy:jannewaris]]
[[gl:jannewaris]]
[[hr:jannewaris]]
[[hu:jannewaris]]
[[it:jannewaris]]
[[lb:jannewaris]]
[[lo:jannewaris]]
[[lt:jannewaris]]
[[nl:jannewaris]]
[[pl:jannewaris]]
[[ru:jannewaris]]</text>
<sha1>ltwfe0iw0xgkd3acvuvw6qfg3d3dog5</sha1>
</revision>
<revision>
<id>1432832</id>
<parentid>1407963</parentid>
<timestamp>2012-07-21T06:47:35Z</timestamp>
<contributor>
<username>HydrizBot</username>
<id>29590</id>
</contributor>
<minor />
<comment>r2.7.3) (Robô: A adicionar: [[mg:jannewaris]]</comment>
<model>wikitext</model>
<format>text/x-wiki</format>
<text bytes="546" xml:space="preserve">={{-fy-}}=
==Substantivo==
'''jannewaris'''
# [[janeiro]]; [[primeiro]] [[mês]] do [[ano]] civil, tendo 31 [[dia]]s

== Ver também ==
=== No Wikcionário ===
{{meses/fy}}

[[Categoria:Substantivo (Frísio)]]
[[Categoria:Mês (Frísio)]]

[[br:jannewaris]]
[[csb:jannewaris]]
[[el:jannewaris]]
[[en:jannewaris]]
[[fr:jannewaris]]
[[fy:jannewaris]]
[[gl:jannewaris]]
[[hr:jannewaris]]
[[hu:jannewaris]]
[[it:jannewaris]]
[[lb:jannewaris]]
[[lo:jannewaris]]
[[lt:jannewaris]]
[[mg:jannewaris]]
[[nl:jannewaris]]
[[pl:jannewaris]]
[[ru:jannewaris]]</text>
<sha1>pgq4j5nz0d5c6zdxiay5dexbgctsmpe</sha1>
</revision>
<revision>
<id>1500687</id>
<parentid>1432832</parentid>
<timestamp>2012-10-25T11:21:17Z</timestamp>
<contributor>
<username>JAnDbot</username>
<id>25083</id>
</contributor>
<minor />
<comment>r2.7.2) (Robô: A adicionar: [[sm:jannewaris]]</comment>
<model>wikitext</model>
<format>text/x-wiki</format>
<text bytes="564" xml:space="preserve">={{-fy-}}=
==Substantivo==
'''jannewaris'''
# [[janeiro]]; [[primeiro]] [[mês]] do [[ano]] civil, tendo 31 [[dia]]s

== Ver também ==
=== No Wikcionário ===
{{meses/fy}}

[[Categoria:Substantivo (Frísio)]]
[[Categoria:Mês (Frísio)]]

[[br:jannewaris]]
[[csb:jannewaris]]
[[el:jannewaris]]
[[en:jannewaris]]
[[fr:jannewaris]]
[[fy:jannewaris]]
[[gl:jannewaris]]
[[hr:jannewaris]]
[[hu:jannewaris]]
[[it:jannewaris]]
[[lb:jannewaris]]
[[lo:jannewaris]]
[[lt:jannewaris]]
[[mg:jannewaris]]
[[nl:jannewaris]]
[[pl:jannewaris]]
[[ru:jannewaris]]
[[sm:jannewaris]]</text>
<sha1>g8oxo563exj0hx43pm3lq05vs9wpaol</sha1>
</revision>
<revision>
<id>1570806</id>
<parentid>1500687</parentid>
<timestamp>2013-01-01T20:30:27Z</timestamp>
<contributor>
<username>HydrizBot</username>
<id>29590</id>
</contributor>
<minor />
<comment>r2.7.3) (Robô: A adicionar: [[et:jannewaris]]</comment>
<model>wikitext</model>
<format>text/x-wiki</format>
<text bytes="582" xml:space="preserve">={{-fy-}}=
==Substantivo==
'''jannewaris'''
# [[janeiro]]; [[primeiro]] [[mês]] do [[ano]] civil, tendo 31 [[dia]]s

== Ver também ==
=== No Wikcionário ===
{{meses/fy}}

[[Categoria:Substantivo (Frísio)]]
[[Categoria:Mês (Frísio)]]

[[br:jannewaris]]
[[csb:jannewaris]]
[[el:jannewaris]]
[[en:jannewaris]]
[[et:jannewaris]]
[[fr:jannewaris]]
[[fy:jannewaris]]
[[gl:jannewaris]]
[[hr:jannewaris]]
[[hu:jannewaris]]
[[it:jannewaris]]
[[lb:jannewaris]]
[[lo:jannewaris]]
[[lt:jannewaris]]
[[mg:jannewaris]]
[[nl:jannewaris]]
[[pl:jannewaris]]
[[ru:jannewaris]]
[[sm:jannewaris]]</text>
<sha1>40qzk08g484x4uw6rd4t90dw9f7pcy2</sha1>
</revision>
<revision>
<id>1827459</id>
<parentid>1570806</parentid>
<timestamp>2014-05-24T13:35:39Z</timestamp>
<contributor>
<username>MalafayaBot</username>
<id>628</id>
</contributor>
<minor />
<comment>r2.7.6) (Robô: A adicionar: [[az:jannewaris]]</comment>
<model>wikitext</model>
<format>text/x-wiki</format>
<text bytes="600" xml:space="preserve">={{-fy-}}=
==Substantivo==
'''jannewaris'''
# [[janeiro]]; [[primeiro]] [[mês]] do [[ano]] civil, tendo 31 [[dia]]s

== Ver também ==
=== No Wikcionário ===
{{meses/fy}}

[[Categoria:Substantivo (Frísio)]]
[[Categoria:Mês (Frísio)]]

[[az:jannewaris]]
[[br:jannewaris]]
[[csb:jannewaris]]
[[el:jannewaris]]
[[en:jannewaris]]
[[et:jannewaris]]
[[fr:jannewaris]]
[[fy:jannewaris]]
[[gl:jannewaris]]
[[hr:jannewaris]]
[[hu:jannewaris]]
[[it:jannewaris]]
[[lb:jannewaris]]
[[lo:jannewaris]]
[[lt:jannewaris]]
[[mg:jannewaris]]
[[nl:jannewaris]]
[[pl:jannewaris]]
[[ru:jannewaris]]
[[sm:jannewaris]]</text>
<sha1>nq5yikokh530ecx0gu8a8l59rd5jl6k</sha1>
</revision>
<revision>
<id>1910143</id>
<parentid>1827459</parentid>
<timestamp>2015-04-07T15:55:58Z</timestamp>
<contributor>
<username>YS-Bot</username>
<id>32241</id>
</contributor>
<minor />
<comment>r2.7.3) (Robô: A adicionar: [[da:jannewaris]]</comment>
<model>wikitext</model>
<format>text/x-wiki</format>
<text bytes="618" xml:space="preserve">={{-fy-}}=
==Substantivo==
'''jannewaris'''
# [[janeiro]]; [[primeiro]] [[mês]] do [[ano]] civil, tendo 31 [[dia]]s

== Ver também ==
=== No Wikcionário ===
{{meses/fy}}

[[Categoria:Substantivo (Frísio)]]
[[Categoria:Mês (Frísio)]]

[[az:jannewaris]]
[[br:jannewaris]]
[[csb:jannewaris]]
[[da:jannewaris]]
[[el:jannewaris]]
[[en:jannewaris]]
[[et:jannewaris]]
[[fr:jannewaris]]
[[fy:jannewaris]]
[[gl:jannewaris]]
[[hr:jannewaris]]
[[hu:jannewaris]]
[[it:jannewaris]]
[[lb:jannewaris]]
[[lo:jannewaris]]
[[lt:jannewaris]]
[[mg:jannewaris]]
[[nl:jannewaris]]
[[pl:jannewaris]]
[[ru:jannewaris]]
[[sm:jannewaris]]</text>
<sha1>elhm84637gaakvn0opse2kwm1559n76</sha1>
</revision>
<revision>
<id>1946319</id>
<parentid>1910143</parentid>
<timestamp>2015-06-23T17:26:53Z</timestamp>
<contributor>
<username>HydrizBot</username>
<id>29590</id>
</contributor>
<minor />
<comment>Robô: A adicionar: [[sv:jannewaris]]</comment>
<model>wikitext</model>
<format>text/x-wiki</format>
<text bytes="636" xml:space="preserve">={{-fy-}}=
==Substantivo==
'''jannewaris'''
# [[janeiro]]; [[primeiro]] [[mês]] do [[ano]] civil, tendo 31 [[dia]]s

== Ver também ==
=== No Wikcionário ===
{{meses/fy}}

[[Categoria:Substantivo (Frísio)]]
[[Categoria:Mês (Frísio)]]

[[az:jannewaris]]
[[br:jannewaris]]
[[csb:jannewaris]]
[[da:jannewaris]]
[[el:jannewaris]]
[[en:jannewaris]]
[[et:jannewaris]]
[[fr:jannewaris]]
[[fy:jannewaris]]
[[gl:jannewaris]]
[[hr:jannewaris]]
[[hu:jannewaris]]
[[it:jannewaris]]
[[lb:jannewaris]]
[[lo:jannewaris]]
[[lt:jannewaris]]
[[mg:jannewaris]]
[[nl:jannewaris]]
[[pl:jannewaris]]
[[ru:jannewaris]]
[[sm:jannewaris]]
[[sv:jannewaris]]</text>
<sha1>tcuvjv7tqqwpzkkboyhlm1hioc3ryug</sha1>
</revision>
<revision>
<id>2033722</id>
<parentid>1946319</parentid>
<timestamp>2015-11-06T06:37:12Z</timestamp>
<contributor>
<username>HydrizBot</username>
<id>29590</id>
</contributor>
<minor />
<comment>Robô: A adicionar: [[ro:jannewaris]]</comment>
<model>wikitext</model>
<format>text/x-wiki</format>
<text bytes="654" xml:space="preserve">={{-fy-}}=
==Substantivo==
'''jannewaris'''
# [[janeiro]]; [[primeiro]] [[mês]] do [[ano]] civil, tendo 31 [[dia]]s

== Ver também ==
=== No Wikcionário ===
{{meses/fy}}

[[Categoria:Substantivo (Frísio)]]
[[Categoria:Mês (Frísio)]]

[[az:jannewaris]]
[[br:jannewaris]]
[[csb:jannewaris]]
[[da:jannewaris]]
[[el:jannewaris]]
[[en:jannewaris]]
[[et:jannewaris]]
[[fr:jannewaris]]
[[fy:jannewaris]]
[[gl:jannewaris]]
[[hr:jannewaris]]
[[hu:jannewaris]]
[[it:jannewaris]]
[[lb:jannewaris]]
[[lo:jannewaris]]
[[lt:jannewaris]]
[[mg:jannewaris]]
[[nl:jannewaris]]
[[pl:jannewaris]]
[[ro:jannewaris]]
[[ru:jannewaris]]
[[sm:jannewaris]]
[[sv:jannewaris]]</text>
<sha1>9tw50ej8cw16ts9une78szv6euzvui5</sha1>
</revision>
<revision>
<id>2364589</id>
<parentid>2033722</parentid>
<timestamp>2017-05-03T15:39:43Z</timestamp>
<contributor>
<username>HydrizBot</username>
<id>29590</id>
</contributor>
<minor />
<comment>Robô: A limpar links interwikis antigos</comment>
<model>wikitext</model>
<format>text/x-wiki</format>
<text bytes="238" xml:space="preserve">={{-fy-}}=
==Substantivo==
'''jannewaris'''
# [[janeiro]]; [[primeiro]] [[mês]] do [[ano]] civil, tendo 31 [[dia]]s

== Ver também ==
=== No Wikcionário ===
{{meses/fy}}

[[Categoria:Substantivo (Frísio)]]
[[Categoria:Mês (Frísio)]]</text>
<sha1>qov8tukbe6rkes5vw9u6zw16hz1hnl2</sha1>
</revision>
</page>
