<title>jannewarie</title>
<ns>0</ns>
<id>234770</id>
<revision>
<id>886029</id>
<timestamp>2010-05-24T19:40:00Z</timestamp>
<contributor>
<username>Luis Gabriel Moraes Dias</username>
<id>11628</id>
</contributor>
<comment>[[Ajuda:Menus e funções/Sumário de edição#Sumário de edição automático|→]] nova página: ={{-li-}}= ==Substantivo== '''jannewarie''' # [[janeiro]]. # [[primeiro]] [[mês]] do [[ano]] civi...</comment>
<model>wikitext</model>
<format>text/x-wiki</format>
<text bytes="267" xml:space="preserve">={{-li-}}=
==Substantivo==
'''jannewarie'''
# [[janeiro]].
# [[primeiro]] [[mês]] do [[ano]] civil, tendo 31 [[dia]]s

== Ver também ==
=== No Wikcionário ===
{{meses/li}}

[[Categoria:Substantivo (Limburguês)]]
[[Categoria:Mês (Limburguês)]]

[[li:jannewarie]]</text>
<sha1>1fkvz1umhwfclls6zo9f6nlqcutml5t</sha1>
</revision>
<revision>
<id>886084</id>
<parentid>886029</parentid>
<timestamp>2010-05-24T21:11:27Z</timestamp>
<contributor>
<username>Interwicket</username>
<id>6868</id>
</contributor>
<minor />
<comment>iwiki +[[:ko:jannewarie]], [[:lo:jannewarie]], [[:nl:jannewarie]], [[:pl:jannewarie]]</comment>
<model>wikitext</model>
<format>text/x-wiki</format>
<text bytes="339" xml:space="preserve">={{-li-}}=
==Substantivo==
'''jannewarie'''
# [[janeiro]].
# [[primeiro]] [[mês]] do [[ano]] civil, tendo 31 [[dia]]s

== Ver também ==
=== No Wikcionário ===
{{meses/li}}

[[Categoria:Substantivo (Limburguês)]]
[[Categoria:Mês (Limburguês)]]

[[ko:jannewarie]]
[[li:jannewarie]]
[[lo:jannewarie]]
[[nl:jannewarie]]
[[pl:jannewarie]]</text>
<sha1>igo2ioekkoqi0hefk2bkqti84gs3uhn</sha1>
</revision>
<revision>
<id>890787</id>
<parentid>886084</parentid>
<timestamp>2010-06-01T16:51:54Z</timestamp>
<contributor>
<username>Luis Gabriel Moraes Dias</username>
<id>11628</id>
</contributor>
<model>wikitext</model>
<format>text/x-wiki</format>
<text bytes="337" xml:space="preserve">={{-li-}}=
==Substantivo==
'''jannewarie'''
# [[janeiro]]; [[primeiro]] [[mês]] do [[ano]] civil, tendo 31 [[dia]]s

== Ver também ==
=== No Wikcionário ===
{{meses/li}}

[[Categoria:Substantivo (Limburguês)]]
[[Categoria:Mês (Limburguês)]]

[[ko:jannewarie]]
[[li:jannewarie]]
[[lo:jannewarie]]
[[nl:jannewarie]]
[[pl:jannewarie]]</text>
<sha1>tu6ofpe4x22fn8jkr7agb6i135o3ckh</sha1>
</revision>
<revision>
<id>892769</id>
<parentid>890787</parentid>
<timestamp>2010-06-05T19:43:29Z</timestamp>
<contributor>
<username>Interwicket</username>
<id>6868</id>
</contributor>
<minor />
<comment>iwiki +[[:sv:jannewarie]]</comment>
<model>wikitext</model>
<format>text/x-wiki</format>
<text bytes="355" xml:space="preserve">={{-li-}}=
==Substantivo==
'''jannewarie'''
# [[janeiro]]; [[primeiro]] [[mês]] do [[ano]] civil, tendo 31 [[dia]]s

== Ver também ==
=== No Wikcionário ===
{{meses/li}}

[[Categoria:Substantivo (Limburguês)]]
[[Categoria:Mês (Limburguês)]]

[[ko:jannewarie]]
[[li:jannewarie]]
[[lo:jannewarie]]
[[nl:jannewarie]]
[[pl:jannewarie]]
[[sv:jannewarie]]</text>
<sha1>3cqtvz7pevj86u8955l8oj3fix5jwen</sha1>
</revision>
<revision>
<id>1008545</id>
<parentid>892769</parentid>
<timestamp>2011-01-06T02:31:54Z</timestamp>
<contributor>
<username>RoggBot</username>
<id>6411</id>
</contributor>
<minor />
<comment>r2.6.2) (Bot: Adicionando: [[ru:jannewarie]]</comment>
<model>wikitext</model>
<format>text/x-wiki</format>
<text bytes="373" xml:space="preserve">={{-li-}}=
==Substantivo==
'''jannewarie'''
# [[janeiro]]; [[primeiro]] [[mês]] do [[ano]] civil, tendo 31 [[dia]]s

== Ver também ==
=== No Wikcionário ===
{{meses/li}}

[[Categoria:Substantivo (Limburguês)]]
[[Categoria:Mês (Limburguês)]]

[[ko:jannewarie]]
[[li:jannewarie]]
[[lo:jannewarie]]
[[nl:jannewarie]]
[[pl:jannewarie]]
[[ru:jannewarie]]
[[sv:jannewarie]]</text>
<sha1>llmt2b9fyziieip3uydig1b3wczfs97</sha1>
</revision>
<revision>
<id>1345770</id>
<parentid>1008545</parentid>
<timestamp>2011-12-24T15:09:47Z</timestamp>
<contributor>
<username>Luckas-bot</username>
<id>5986</id>
</contributor>
<minor />
<comment>r2.7.2) (Robô: A adicionar: [[mg:jannewarie]]</comment>
<model>wikitext</model>
<format>text/x-wiki</format>
<text bytes="391" xml:space="preserve">={{-li-}}=
==Substantivo==
'''jannewarie'''
# [[janeiro]]; [[primeiro]] [[mês]] do [[ano]] civil, tendo 31 [[dia]]s

== Ver também ==
=== No Wikcionário ===
{{meses/li}}

[[Categoria:Substantivo (Limburguês)]]
[[Categoria:Mês (Limburguês)]]

[[ko:jannewarie]]
[[li:jannewarie]]
[[lo:jannewarie]]
[[mg:jannewarie]]
[[nl:jannewarie]]
[[pl:jannewarie]]
[[ru:jannewarie]]
[[sv:jannewarie]]</text>
<sha1>ac7qap5l31w475ho423e781cchzrth3</sha1>
</revision>
<revision>
<id>1380634</id>
<parentid>1345770</parentid>
<timestamp>2012-02-24T05:59:36Z</timestamp>
<contributor>
<username>KamikazeBot</username>
<id>23176</id>
</contributor>
<minor />
<comment>r2.7.2) (Robô: A adicionar: [[lb:jannewarie]]</comment>
<model>wikitext</model>
<format>text/x-wiki</format>
<text bytes="409" xml:space="preserve">={{-li-}}=
==Substantivo==
'''jannewarie'''
# [[janeiro]]; [[primeiro]] [[mês]] do [[ano]] civil, tendo 31 [[dia]]s

== Ver também ==
=== No Wikcionário ===
{{meses/li}}

[[Categoria:Substantivo (Limburguês)]]
[[Categoria:Mês (Limburguês)]]

[[ko:jannewarie]]
[[lb:jannewarie]]
[[li:jannewarie]]
[[lo:jannewarie]]
[[mg:jannewarie]]
[[nl:jannewarie]]
[[pl:jannewarie]]
[[ru:jannewarie]]
[[sv:jannewarie]]</text>
<sha1>s34pz1nktzc659g3ns4028y9ig8h962</sha1>
</revision>
<revision>
<id>2001914</id>
<parentid>1380634</parentid>
<timestamp>2015-09-14T13:44:35Z</timestamp>
<contributor>
<username>MalafayaBot</username>
<id>628</id>
</contributor>
<minor />
<comment>Robô: A adicionar: [[az:jannewarie]], [[en:jannewarie]]</comment>
<model>wikitext</model>
<format>text/x-wiki</format>
<text bytes="445" xml:space="preserve">={{-li-}}=
==Substantivo==
'''jannewarie'''
# [[janeiro]]; [[primeiro]] [[mês]] do [[ano]] civil, tendo 31 [[dia]]s

== Ver também ==
=== No Wikcionário ===
{{meses/li}}

[[Categoria:Substantivo (Limburguês)]]
[[Categoria:Mês (Limburguês)]]

[[az:jannewarie]]
[[en:jannewarie]]
[[ko:jannewarie]]
[[lb:jannewarie]]
[[li:jannewarie]]
[[lo:jannewarie]]
[[mg:jannewarie]]
[[nl:jannewarie]]
[[pl:jannewarie]]
[[ru:jannewarie]]
[[sv:jannewarie]]</text>
<sha1>c7iakk8ktfea9eypg6170rk07vzi25p</sha1>
</revision>
<revision>
<id>2364588</id>
<parentid>2001914</parentid>
<timestamp>2017-05-03T15:39:39Z</timestamp>
<contributor>
<username>HydrizBot</username>
<id>29590</id>
</contributor>
<minor />
<comment>Robô: A limpar links interwikis antigos</comment>
<model>wikitext</model>
<format>text/x-wiki</format>
<text bytes="246" xml:space="preserve">={{-li-}}=
==Substantivo==
'''jannewarie'''
# [[janeiro]]; [[primeiro]] [[mês]] do [[ano]] civil, tendo 31 [[dia]]s

== Ver também ==
=== No Wikcionário ===
{{meses/li}}

[[Categoria:Substantivo (Limburguês)]]
[[Categoria:Mês (Limburguês)]]</text>
<sha1>62h6px8tyrqvmw1tsucrz8ypn4gxqzr</sha1>
</revision>
</page>
