<title>janota</title>
<ns>0</ns>
<id>123645</id>
<revision>
<id>531326</id>
<timestamp>2009-09-07T16:30:27Z</timestamp>
<contributor>
<ip>189.25.179.236</ip>
</contributor>
<comment>JANOTA</comment>
<model>wikitext</model>
<format>text/x-wiki</format>
<text bytes="26" xml:space="preserve">
== Texto de cabeçalho ==</text>
<sha1>g9jzcg37uapyqtptu29pms7pt7acwcq</sha1>
</revision>
<revision>
<id>531329</id>
<parentid>531326</parentid>
<timestamp>2009-09-07T16:31:51Z</timestamp>
<contributor>
<ip>189.25.179.236</ip>
</contributor>
<comment>/* Texto de cabeçalho */</comment>
<model>wikitext</model>
<format>text/x-wiki</format>
<text bytes="62" xml:space="preserve">
INDIVÍDUO QUE SE VESTE COM DEMASIADA CORREÇÃO E/OU PRESSA.</text>
<sha1>mcgl9yp9z14q3d1djt72pw2rt0ogg8q</sha1>
</revision>
<revision>
<id>531383</id>
<parentid>531329</parentid>
<timestamp>2009-09-07T17:40:26Z</timestamp>
<contributor>
<username>Interwicket</username>
<id>6868</id>
</contributor>
<minor />
<comment>iwiki +[[:en:janota]], [[:io:janota]], [[:ro:janota]]</comment>
<model>wikitext</model>
<format>text/x-wiki</format>
<text bytes="104" xml:space="preserve">INDIVÍDUO QUE SE VESTE COM DEMASIADA CORREÇÃO E/OU PRESSA.

[[en:janota]]
[[io:janota]]
[[ro:janota]]</text>
<sha1>2u758oz67tc8yq0d1lislipijhph54y</sha1>
</revision>
<revision>
<id>680507</id>
<parentid>531383</parentid>
<timestamp>2010-01-02T14:26:01Z</timestamp>
<contributor>
<username>ValJor</username>
<id>1358</id>
</contributor>
<comment>Por um [[Especial:Deadendpages|wikcionário com saídas]]!</comment>
<model>wikitext</model>
<format>text/x-wiki</format>
<text bytes="655" xml:space="preserve">=Português=
==Adjetivo==
{{flex.pt|s=janota|p=janotas}}
{{paroxítona|ja|no|ta}}
# diz-se do indivíduo que se veste com demasiada correção

==Substantivo==
{{paroxítona|ja|no|ta}}
# indivíduo que se veste com demasiada correção

=={{etimologia}}==
: Do francês [[janot]].

==Ver também==
===No Wikcionário===
* [[vestuário]]

[[Categoria:Adjetivo (Português)]]
[[Categoria:Substantivo (Português)]]
[[Categoria:Vocábulo com etimologia (Português)]]


=Finlandês=
==Verbo==
'''janota'''
# ter sede de (poder, por exemplo)

[[Categoria:Verbo (Finlandês)]]
[[Categoria:Falso cognato (Finlandês)]]

[[en:janota]]
[[io:janota]]
[[ro:janota]]</text>
<sha1>l8sbahj5pw4fp19qeex2u1ebwf2bcus</sha1>
</revision>
<revision>
<id>890155</id>
<parentid>680507</parentid>
<timestamp>2010-05-31T13:35:36Z</timestamp>
<contributor>
<ip>87.103.13.26</ip>
</contributor>
<comment>/* {{etimologia}} */</comment>
<model>wikitext</model>
<format>text/x-wiki</format>
<text bytes="707" xml:space="preserve">=Português=
==Adjetivo==
{{flex.pt|s=janota|p=janotas}}
{{paroxítona|ja|no|ta}}
# diz-se do indivíduo que se veste com demasiada correção

==Substantivo==
{{paroxítona|ja|no|ta}}
# indivíduo que se veste com demasiada correção

=={{etimologia}}==
: Talvez do francês [[Janot]], personagem do teatro cómcio no Séc. XVIII.

==Ver também==
===No Wikcionário===
* [[vestuário]]

[[Categoria:Adjetivo (Português)]]
[[Categoria:Substantivo (Português)]]
[[Categoria:Vocábulo com etimologia (Português)]]


=Finlandês=
==Verbo==
'''janota'''
# ter sede de (poder, por exemplo)

[[Categoria:Verbo (Finlandês)]]
[[Categoria:Falso cognato (Finlandês)]]

[[en:janota]]
[[io:janota]]
[[ro:janota]]</text>
<sha1>n3q4msnp4di42whhibdhqrc4vu1he2u</sha1>
</revision>
<revision>
<id>890156</id>
<parentid>890155</parentid>
<timestamp>2010-05-31T13:43:14Z</timestamp>
<contributor>
<ip>87.103.13.26</ip>
</contributor>
<comment>/* No Wikcionário */</comment>
<model>wikitext</model>
<format>text/x-wiki</format>
<text bytes="778" xml:space="preserve">=Português=
==Adjetivo==
{{flex.pt|s=janota|p=janotas}}
{{paroxítona|ja|no|ta}}
# diz-se do indivíduo que se veste com demasiada correção

==Substantivo==
{{paroxítona|ja|no|ta}}
# indivíduo que se veste com demasiada correção

=={{etimologia}}==
: Talvez do francês [[Janot]], personagem do teatro cómcio no Séc. XVIII.

==Ver também==
===No Wikcionário===
* [[vestuário]]

[[Categoria:Adjetivo (Português)]]
[[Categoria:Substantivo (Português)]]
[[Categoria:Vocábulo com etimologia (Português)]]

===Na Wikcipédia em francês===

* http://fr.wikipedia.org/wiki/Janot

=Finlandês=
==Verbo==
'''janota'''
# ter sede de (poder, por exemplo)

[[Categoria:Verbo (Finlandês)]]
[[Categoria:Falso cognato (Finlandês)]]

[[en:janota]]
[[io:janota]]
[[ro:janota]]</text>
<sha1>9dudfjjku9286l6h17fxmzrm861ky8o</sha1>
</revision>
<revision>
<id>890157</id>
<parentid>890156</parentid>
<timestamp>2010-05-31T13:43:39Z</timestamp>
<contributor>
<ip>87.103.13.26</ip>
</contributor>
<comment>/* Na Wikcipédia em francês */</comment>
<model>wikitext</model>
<format>text/x-wiki</format>
<text bytes="777" xml:space="preserve">=Português=
==Adjetivo==
{{flex.pt|s=janota|p=janotas}}
{{paroxítona|ja|no|ta}}
# diz-se do indivíduo que se veste com demasiada correção

==Substantivo==
{{paroxítona|ja|no|ta}}
# indivíduo que se veste com demasiada correção

=={{etimologia}}==
: Talvez do francês [[Janot]], personagem do teatro cómcio no Séc. XVIII.

==Ver também==
===No Wikcionário===
* [[vestuário]]

[[Categoria:Adjetivo (Português)]]
[[Categoria:Substantivo (Português)]]
[[Categoria:Vocábulo com etimologia (Português)]]

===Na Wikipédia em francês===

* http://fr.wikipedia.org/wiki/Janot

=Finlandês=
==Verbo==
'''janota'''
# ter sede de (poder, por exemplo)

[[Categoria:Verbo (Finlandês)]]
[[Categoria:Falso cognato (Finlandês)]]

[[en:janota]]
[[io:janota]]
[[ro:janota]]</text>
<sha1>0kv8phnmvl079mfbcza2gyk7z7zmm03</sha1>
</revision>
<revision>
<id>902694</id>
<parentid>890157</parentid>
<timestamp>2010-06-18T08:57:42Z</timestamp>
<contributor>
<username>ValJor</username>
<id>1358</id>
</contributor>
<comment>Melhorando a apresentação do verbete usando a [[:predefinição:cria-verbete]]</comment>
<model>wikitext</model>
<format>text/x-wiki</format>
<text bytes="714" xml:space="preserve">=Português=
==Adjetivo==
{{flex.pt|s=janota|p=janotas}}
{{paroxítona|ja|no|ta}}
# diz-se do indivíduo que se veste com demasiada correção

==Substantivo==
{{paroxítona|ja|no|ta}}
# indivíduo que se veste com demasiada correção

=={{etimologia|pt}}==
: Talvez do francês ''Janot'', personagem do teatro cômico no Séc. XVIII.

==Ver também==
===No Wikcionário===
* [[vestuário]]

===Na Wikipédia em francês===
* [[w:fr:Janot|Janot]]

[[Categoria:Adjetivo (Português)]]
[[Categoria:Substantivo (Português)]]


=Finlandês=
==Verbo==
'''janota'''
# ter sede de (poder, por exemplo)

[[Categoria:Verbo (Finlandês)]]
[[Categoria:Falso cognato (Finlandês)]]

[[en:janota]]
[[io:janota]]
[[ro:janota]]</text>
<sha1>ppit735djblqwjodvxkt8qnv3ze0pe1</sha1>
</revision>
<revision>
<id>996427</id>
<parentid>902694</parentid>
<timestamp>2010-12-15T01:47:16Z</timestamp>
<contributor>
<username>Luckas-bot</username>
<id>5986</id>
</contributor>
<minor />
<comment>r2.6.2) (Bot: Adicionando: [[eo:janota]], [[zh:janota]]</comment>
<model>wikitext</model>
<format>text/x-wiki</format>
<text bytes="742" xml:space="preserve">=Português=
==Adjetivo==
{{flex.pt|s=janota|p=janotas}}
{{paroxítona|ja|no|ta}}
# diz-se do indivíduo que se veste com demasiada correção

==Substantivo==
{{paroxítona|ja|no|ta}}
# indivíduo que se veste com demasiada correção

=={{etimologia|pt}}==
: Talvez do francês ''Janot'', personagem do teatro cômico no Séc. XVIII.

==Ver também==
===No Wikcionário===
* [[vestuário]]

===Na Wikipédia em francês===
* [[w:fr:Janot|Janot]]

[[Categoria:Adjetivo (Português)]]
[[Categoria:Substantivo (Português)]]


=Finlandês=
==Verbo==
'''janota'''
# ter sede de (poder, por exemplo)

[[Categoria:Verbo (Finlandês)]]
[[Categoria:Falso cognato (Finlandês)]]

[[en:janota]]
[[eo:janota]]
[[io:janota]]
[[ro:janota]]
[[zh:janota]]</text>
<sha1>hrgaa5lsiqz22ltsy601u8ceni6r0t2</sha1>
</revision>
<revision>
<id>1185896</id>
<parentid>996427</parentid>
<timestamp>2011-07-08T17:07:57Z</timestamp>
<contributor>
<username>MalafayaBot</username>
<id>628</id>
</contributor>
<minor />
<comment>Robô: Substituição de texto automática (-^\=\s?Português\s?\= +={{-pt-}}= &amp; -^\=\s?\{\{pt\}\}\s?\= +={{-pt-}}=)</comment>
<model>wikitext</model>
<format>text/x-wiki</format>
<text bytes="740" xml:space="preserve">={{-pt-}}=
==Adjetivo==
{{flex.pt|s=janota|p=janotas}}
{{paroxítona|ja|no|ta}}
# diz-se do indivíduo que se veste com demasiada correção

==Substantivo==
{{paroxítona|ja|no|ta}}
# indivíduo que se veste com demasiada correção

=={{etimologia|pt}}==
: Talvez do francês ''Janot'', personagem do teatro cômico no Séc. XVIII.

==Ver também==
===No Wikcionário===
* [[vestuário]]

===Na Wikipédia em francês===
* [[w:fr:Janot|Janot]]

[[Categoria:Adjetivo (Português)]]
[[Categoria:Substantivo (Português)]]


=Finlandês=
==Verbo==
'''janota'''
# ter sede de (poder, por exemplo)

[[Categoria:Verbo (Finlandês)]]
[[Categoria:Falso cognato (Finlandês)]]

[[en:janota]]
[[eo:janota]]
[[io:janota]]
[[ro:janota]]
[[zh:janota]]</text>
<sha1>i3hngbw8lvh3tqx5pjxp8w4nv2dvprf</sha1>
</revision>
<revision>
<id>1292259</id>
<parentid>1185896</parentid>
<timestamp>2011-11-20T03:13:55Z</timestamp>
<contributor>
<username>MalafayaBot</username>
<id>628</id>
</contributor>
<minor />
<comment>Robô: Substituição de texto automática (-^\=(\s*?)Finlandês(\s*?)\= +={{-fi-}}= &amp; -^\=(\s*?)\{\{fi\}\}(\s*?)\= +={{-fi-}}=)</comment>
<model>wikitext</model>
<format>text/x-wiki</format>
<text bytes="738" xml:space="preserve">={{-pt-}}=
==Adjetivo==
{{flex.pt|s=janota|p=janotas}}
{{paroxítona|ja|no|ta}}
# diz-se do indivíduo que se veste com demasiada correção

==Substantivo==
{{paroxítona|ja|no|ta}}
# indivíduo que se veste com demasiada correção

=={{etimologia|pt}}==
: Talvez do francês ''Janot'', personagem do teatro cômico no Séc. XVIII.

==Ver também==
===No Wikcionário===
* [[vestuário]]

===Na Wikipédia em francês===
* [[w:fr:Janot|Janot]]

[[Categoria:Adjetivo (Português)]]
[[Categoria:Substantivo (Português)]]


={{-fi-}}=
==Verbo==
'''janota'''
# ter sede de (poder, por exemplo)

[[Categoria:Verbo (Finlandês)]]
[[Categoria:Falso cognato (Finlandês)]]

[[en:janota]]
[[eo:janota]]
[[io:janota]]
[[ro:janota]]
[[zh:janota]]</text>
<sha1>14laq4b73d3ape8qi1ijfjk6qy73nt7</sha1>
</revision>
<revision>
<id>1823352</id>
<parentid>1292259</parentid>
<timestamp>2014-05-07T16:31:16Z</timestamp>
<contributor>
<ip>177.98.57.7</ip>
</contributor>
<comment>/* Adjetivo */</comment>
<model>wikitext</model>
<format>text/x-wiki</format>
<text bytes="719" xml:space="preserve">={{-pt-}}=
==Adjetivo==
{{jaijota}}
{{paroxítona|ja|no|ta}}
# diz-se do indivíduo que se veste com demasiada correção

==Substantivo==
{{paroxítona|ja|no|ta}}
# indivíduo que se veste com demasiada correção

=={{etimologia|pt}}==
: Talvez do francês ''Janot'', personagem do teatro cômico no Séc. XVIII.

==Ver também==
===No Wikcionário===
* [[vestuário]]

===Na Wikipédia em francês===
* [[w:fr:Janot|Janot]]

[[Categoria:Adjetivo (Português)]]
[[Categoria:Substantivo (Português)]]


={{-fi-}}=
==Verbo==
'''janota'''
# ter sede de (poder, por exemplo)

[[Categoria:Verbo (Finlandês)]]
[[Categoria:Falso cognato (Finlandês)]]

[[en:janota]]
[[eo:janota]]
[[io:janota]]
[[ro:janota]]
[[zh:janota]]</text>
<sha1>htdfw715yp3gwtlj349p3tlpoasyyir</sha1>
</revision>
<revision>
<id>1823383</id>
<parentid>1823352</parentid>
<timestamp>2014-05-07T17:49:08Z</timestamp>
<contributor>
<username>ValJor</username>
<id>1358</id>
</contributor>
<minor />
<comment>Revertidas edições por [[Especial:Contribuições/177.98.57.7|177.98.57.7]] para a última versão por [[Especial:Contribuições/MalafayaBot|MalafayaBot]]</comment>
<model>wikitext</model>
<format>text/x-wiki</format>
<text bytes="738" xml:space="preserve">={{-pt-}}=
==Adjetivo==
{{flex.pt|s=janota|p=janotas}}
{{paroxítona|ja|no|ta}}
# diz-se do indivíduo que se veste com demasiada correção

==Substantivo==
{{paroxítona|ja|no|ta}}
# indivíduo que se veste com demasiada correção

=={{etimologia|pt}}==
: Talvez do francês ''Janot'', personagem do teatro cômico no Séc. XVIII.

==Ver também==
===No Wikcionário===
* [[vestuário]]

===Na Wikipédia em francês===
* [[w:fr:Janot|Janot]]

[[Categoria:Adjetivo (Português)]]
[[Categoria:Substantivo (Português)]]


={{-fi-}}=
==Verbo==
'''janota'''
# ter sede de (poder, por exemplo)

[[Categoria:Verbo (Finlandês)]]
[[Categoria:Falso cognato (Finlandês)]]

[[en:janota]]
[[eo:janota]]
[[io:janota]]
[[ro:janota]]
[[zh:janota]]</text>
<sha1>14laq4b73d3ape8qi1ijfjk6qy73nt7</sha1>
</revision>
<revision>
<id>1990378</id>
<parentid>1823383</parentid>
<timestamp>2015-08-29T11:03:45Z</timestamp>
<contributor>
<username>HydrizBot</username>
<id>29590</id>
</contributor>
<minor />
<comment>Robô: A adicionar: [[hy:janota]], [[mg:janota]]</comment>
<model>wikitext</model>
<format>text/x-wiki</format>
<text bytes="766" xml:space="preserve">={{-pt-}}=
==Adjetivo==
{{flex.pt|s=janota|p=janotas}}
{{paroxítona|ja|no|ta}}
# diz-se do indivíduo que se veste com demasiada correção

==Substantivo==
{{paroxítona|ja|no|ta}}
# indivíduo que se veste com demasiada correção

=={{etimologia|pt}}==
: Talvez do francês ''Janot'', personagem do teatro cômico no Séc. XVIII.

==Ver também==
===No Wikcionário===
* [[vestuário]]

===Na Wikipédia em francês===
* [[w:fr:Janot|Janot]]

[[Categoria:Adjetivo (Português)]]
[[Categoria:Substantivo (Português)]]


={{-fi-}}=
==Verbo==
'''janota'''
# ter sede de (poder, por exemplo)

[[Categoria:Verbo (Finlandês)]]
[[Categoria:Falso cognato (Finlandês)]]

[[en:janota]]
[[eo:janota]]
[[hy:janota]]
[[io:janota]]
[[mg:janota]]
[[ro:janota]]
[[zh:janota]]</text>
<sha1>o6jgi32l6omh72ogbb6qaqj7w26y3wj</sha1>
</revision>
<revision>
<id>2106921</id>
<parentid>1990378</parentid>
<timestamp>2016-05-31T12:23:19Z</timestamp>
<contributor>
<username>HydrizBot</username>
<id>29590</id>
</contributor>
<minor />
<comment>Robô: A adicionar: [[fi:janota]]</comment>
<model>wikitext</model>
<format>text/x-wiki</format>
<text bytes="780" xml:space="preserve">={{-pt-}}=
==Adjetivo==
{{flex.pt|s=janota|p=janotas}}
{{paroxítona|ja|no|ta}}
# diz-se do indivíduo que se veste com demasiada correção

==Substantivo==
{{paroxítona|ja|no|ta}}
# indivíduo que se veste com demasiada correção

=={{etimologia|pt}}==
: Talvez do francês ''Janot'', personagem do teatro cômico no Séc. XVIII.

==Ver também==
===No Wikcionário===
* [[vestuário]]

===Na Wikipédia em francês===
* [[w:fr:Janot|Janot]]

[[Categoria:Adjetivo (Português)]]
[[Categoria:Substantivo (Português)]]


={{-fi-}}=
==Verbo==
'''janota'''
# ter sede de (poder, por exemplo)

[[Categoria:Verbo (Finlandês)]]
[[Categoria:Falso cognato (Finlandês)]]

[[en:janota]]
[[eo:janota]]
[[fi:janota]]
[[hy:janota]]
[[io:janota]]
[[mg:janota]]
[[ro:janota]]
[[zh:janota]]</text>
<sha1>qim52urla7072z5osjnm0iq4a1q1n3e</sha1>
</revision>
<revision>
<id>2364592</id>
<parentid>2106921</parentid>
<timestamp>2017-05-03T15:39:52Z</timestamp>
<contributor>
<username>HydrizBot</username>
<id>29590</id>
</contributor>
<minor />
<comment>Robô: A limpar links interwikis antigos</comment>
<model>wikitext</model>
<format>text/x-wiki</format>
<text bytes="667" xml:space="preserve">={{-pt-}}=
==Adjetivo==
{{flex.pt|s=janota|p=janotas}}
{{paroxítona|ja|no|ta}}
# diz-se do indivíduo que se veste com demasiada correção

==Substantivo==
{{paroxítona|ja|no|ta}}
# indivíduo que se veste com demasiada correção

=={{etimologia|pt}}==
: Talvez do francês ''Janot'', personagem do teatro cômico no Séc. XVIII.

==Ver também==
===No Wikcionário===
* [[vestuário]]

===Na Wikipédia em francês===
* [[w:fr:Janot|Janot]]

[[Categoria:Adjetivo (Português)]]
[[Categoria:Substantivo (Português)]]


={{-fi-}}=
==Verbo==
'''janota'''
# ter sede de (poder, por exemplo)

[[Categoria:Verbo (Finlandês)]]
[[Categoria:Falso cognato (Finlandês)]]</text>
<sha1>55g2lhyzqdldzv7r4r8ua8x7x5qiona</sha1>
</revision>
</page>
