<title>janru</title>
<ns>0</ns>
<id>244423</id>
<revision>
<id>927734</id>
<timestamp>2010-07-28T05:08:10Z</timestamp>
<contributor>
<username>Jesielt</username>
<id>6680</id>
</contributor>
<comment>Novo.</comment>
<model>wikitext</model>
<format>text/x-wiki</format>
<text bytes="153" xml:space="preserve">={{-ja-}}=
==Romaji==
{{c-ja|hi=}}
#[[transliteração]] em [[romaji]] de '''[[ジャンル#{{ja}}|ジャンル]]'''

[[Categoria:Substantivo em romaji]]</text>
<sha1>pjutcqy2lpqq2q4i01zivlnaglbzlku</sha1>
</revision>
<revision>
<id>928072</id>
<parentid>927734</parentid>
<timestamp>2010-07-28T15:12:29Z</timestamp>
<contributor>
<username>Interwicket</username>
<id>6868</id>
</contributor>
<minor />
<comment>iwiki +[[:en:janru]]</comment>
<model>wikitext</model>
<format>text/x-wiki</format>
<text bytes="167" xml:space="preserve">={{-ja-}}=
==Romaji==
{{c-ja|hi=}}
#[[transliteração]] em [[romaji]] de '''[[ジャンル#{{ja}}|ジャンル]]'''

[[Categoria:Substantivo em romaji]]

[[en:janru]]</text>
<sha1>j3tff7r230sr54pdtszklbc66rno9p4</sha1>
</revision>
<revision>
<id>1567144</id>
<parentid>928072</parentid>
<timestamp>2012-12-24T16:01:32Z</timestamp>
<contributor>
<username>VJBot</username>
<id>33673</id>
</contributor>
<minor />
<comment>Robô: Substituição de texto automática  (-{{c-ja| +{{cabeçalho-ja|)</comment>
<model>wikitext</model>
<format>text/x-wiki</format>
<text bytes="176" xml:space="preserve">={{-ja-}}=
==Romaji==
{{cabeçalho-ja|hi=}}
#[[transliteração]] em [[romaji]] de '''[[ジャンル#{{ja}}|ジャンル]]'''

[[Categoria:Substantivo em romaji]]

[[en:janru]]</text>
<sha1>5rw7eo8z6l83olrhleqjqrjj9b3q1sl</sha1>
</revision>
<revision>
<id>2093910</id>
<parentid>1567144</parentid>
<timestamp>2016-04-28T19:26:32Z</timestamp>
<contributor>
<username>Luan</username>
<id>1279</id>
</contributor>
<comment>[[Help:Cat-a-lot|Cat-a-lot]]: Moving from [[Category:Substantivo em romaji]] to [[Category:Substantivo (Japonês)]]</comment>
<model>wikitext</model>
<format>text/x-wiki</format>
<text bytes="177" xml:space="preserve">={{-ja-}}=
==Romaji==
{{cabeçalho-ja|hi=}}
#[[transliteração]] em [[romaji]] de '''[[ジャンル#{{ja}}|ジャンル]]'''

[[Categoria:Substantivo (Japonês)]]

[[en:janru]]</text>
<sha1>29upypjtasu5zrvjqvkfzcpl9ydgv7m</sha1>
</revision>
<revision>
<id>2219158</id>
<parentid>2093910</parentid>
<timestamp>2017-01-05T02:06:55Z</timestamp>
<contributor>
<username>Tribuno da Plebe</username>
<id>16095</id>
</contributor>
<model>wikitext</model>
<format>text/x-wiki</format>
<text bytes="128" xml:space="preserve">={{-ja-}}=
==Transliteração==

# transliteração de [[ジャンル]]

[[Categoria:Transliteração (Japonês)]]

[[en:janru]]</text>
<sha1>4jr5bhnjc9jpz2avhxl6c4heuzu1lkp</sha1>
</revision>
<revision>
<id>2364593</id>
<parentid>2219158</parentid>
<timestamp>2017-05-03T15:39:54Z</timestamp>
<contributor>
<username>HydrizBot</username>
<id>29590</id>
</contributor>
<minor />
<comment>Robô: A limpar links interwikis antigos</comment>
<model>wikitext</model>
<format>text/x-wiki</format>
<text bytes="114" xml:space="preserve">={{-ja-}}=
==Transliteração==

# transliteração de [[ジャンル]]

[[Categoria:Transliteração (Japonês)]]</text>
<sha1>tfisbltlsee65sy6y77z5yvszbnrj3t</sha1>
</revision>
</page>
