<title>jantáveis</title>
<ns>0</ns>
<id>167419</id>
<revision>
<id>697738</id>
<timestamp>2010-01-19T20:53:29Z</timestamp>
<contributor>
<username>Jesielt-bot</username>
<id>10876</id>
</contributor>
<comment>Artigo criado por bot</comment>
<model>wikitext</model>
<format>text/x-wiki</format>
<text bytes="194" xml:space="preserve">={{pt}}=
==Forma verbal==
'''jantáveis'''
#[[segunda pessoa]] do [[plural]] do [[pretérito imperfeito]] do [[modo indicativo]] do verbo '''[[jantar]]'''
[[Categoria:Forma verbal (Português)]]</text>
<sha1>huf9loapi029jze486mqvec6zzxziy7</sha1>
</revision>
<revision>
<id>745173</id>
<parentid>697738</parentid>
<timestamp>2010-02-05T09:00:44Z</timestamp>
<contributor>
<username>Interwicket</username>
<id>6868</id>
</contributor>
<minor />
<comment>iwiki +[[:no:jantáveis]]</comment>
<model>wikitext</model>
<format>text/x-wiki</format>
<text bytes="213" xml:space="preserve">={{pt}}=
==Forma verbal==
'''jantáveis'''
#[[segunda pessoa]] do [[plural]] do [[pretérito imperfeito]] do [[modo indicativo]] do verbo '''[[jantar]]'''
[[Categoria:Forma verbal (Português)]]

[[no:jantáveis]]</text>
<sha1>bmj6706qhl38iutxqz0grad2tbop3av</sha1>
</revision>
<revision>
<id>842142</id>
<parentid>745173</parentid>
<timestamp>2010-03-31T21:51:01Z</timestamp>
<contributor>
<username>Interwicket</username>
<id>6868</id>
</contributor>
<minor />
<comment>iwiki +[[:en:jantáveis]]</comment>
<model>wikitext</model>
<format>text/x-wiki</format>
<text bytes="231" xml:space="preserve">={{pt}}=
==Forma verbal==
'''jantáveis'''
#[[segunda pessoa]] do [[plural]] do [[pretérito imperfeito]] do [[modo indicativo]] do verbo '''[[jantar]]'''
[[Categoria:Forma verbal (Português)]]

[[en:jantáveis]]
[[no:jantáveis]]</text>
<sha1>ti4hjecfh1tsva6zug7eyqy6c1hqonj</sha1>
</revision>
<revision>
<id>1156352</id>
<parentid>842142</parentid>
<timestamp>2011-07-05T21:02:19Z</timestamp>
<contributor>
<username>MalafayaBot</username>
<id>628</id>
</contributor>
<minor />
<comment>Robô: Substituição de texto automática (-^\=\s?Português\s?\= +={{-pt-}}= &amp; -^\=\s?\{\{pt\}\}\s?\= +={{-pt-}}=)</comment>
<model>wikitext</model>
<format>text/x-wiki</format>
<text bytes="233" xml:space="preserve">={{-pt-}}=
==Forma verbal==
'''jantáveis'''
#[[segunda pessoa]] do [[plural]] do [[pretérito imperfeito]] do [[modo indicativo]] do verbo '''[[jantar]]'''
[[Categoria:Forma verbal (Português)]]

[[en:jantáveis]]
[[no:jantáveis]]</text>
<sha1>skeg7wwtfkh1hoqrf07aqn7g07a0xmc</sha1>
</revision>
<revision>
<id>2227172</id>
<parentid>1156352</parentid>
<timestamp>2017-01-23T16:52:09Z</timestamp>
<contributor>
<username>Defender</username>
<id>15952</id>
</contributor>
<comment>Acrescentando a predefinição [[:template:avi-for-fle|avi-for-fle]]</comment>
<model>wikitext</model>
<format>text/x-wiki</format>
<text bytes="268" xml:space="preserve">={{-pt-}}=
==Forma verbal==
{{paroxítona|jan|tá|veis}}
#[[segunda pessoa]] do [[plural]] do [[pretérito imperfeito]] do [[modo indicativo]] do verbo '''[[jantar]]'''
{{avi-for-fle|jantar}}
[[Categoria:Forma verbal (Português)]]

[[en:jantáveis]]
[[no:jantáveis]]</text>
<sha1>ql3zj6x1e90qzfv696q9cux9ywqm71a</sha1>
</revision>
<revision>
<id>2364645</id>
<parentid>2227172</parentid>
<timestamp>2017-05-03T15:41:54Z</timestamp>
<contributor>
<username>HydrizBot</username>
<id>29590</id>
</contributor>
<minor />
<comment>Robô: A limpar links interwikis antigos</comment>
<model>wikitext</model>
<format>text/x-wiki</format>
<text bytes="231" xml:space="preserve">={{-pt-}}=
==Forma verbal==
{{paroxítona|jan|tá|veis}}
#[[segunda pessoa]] do [[plural]] do [[pretérito imperfeito]] do [[modo indicativo]] do verbo '''[[jantar]]'''
{{avi-for-fle|jantar}}
[[Categoria:Forma verbal (Português)]]</text>
<sha1>omdqx4s2g7l4y8fm24cdkj749w5wu6n</sha1>
</revision>
</page>
