<title>jantou</title>
<ns>0</ns>
<id>173110</id>
<revision>
<id>707606</id>
<timestamp>2010-01-23T13:12:24Z</timestamp>
<contributor>
<username>Jesielt-bot</username>
<id>10876</id>
</contributor>
<comment>Artigo criado por bot</comment>
<model>wikitext</model>
<format>text/x-wiki</format>
<text bytes="191" xml:space="preserve">={{pt}}=
==Forma verbal==
'''jantou'''
#[[terceira pessoa]] do [[singular]] do [[pretérito perfeito]] do [[modo indicativo]] do verbo '''[[jantar]]'''
[[Categoria:Forma verbal (Português)]]</text>
<sha1>5o3oinocamhwmv3pudpwuw3ki216h4o</sha1>
</revision>
<revision>
<id>761681</id>
<parentid>707606</parentid>
<timestamp>2010-02-09T02:20:11Z</timestamp>
<contributor>
<username>Interwicket</username>
<id>6868</id>
</contributor>
<minor />
<comment>iwiki +[[:no:jantou]]</comment>
<model>wikitext</model>
<format>text/x-wiki</format>
<text bytes="206" xml:space="preserve">={{pt}}=
==Forma verbal==
'''jantou'''
#[[terceira pessoa]] do [[singular]] do [[pretérito perfeito]] do [[modo indicativo]] do verbo '''[[jantar]]'''
[[Categoria:Forma verbal (Português)]]

[[no:jantou]]</text>
<sha1>480ao764r04xw3ab63tkuxphqjzwrwq</sha1>
</revision>
<revision>
<id>840709</id>
<parentid>761681</parentid>
<timestamp>2010-03-31T09:34:11Z</timestamp>
<contributor>
<username>Interwicket</username>
<id>6868</id>
</contributor>
<minor />
<comment>iwiki +[[:en:jantou]]</comment>
<model>wikitext</model>
<format>text/x-wiki</format>
<text bytes="220" xml:space="preserve">={{pt}}=
==Forma verbal==
'''jantou'''
#[[terceira pessoa]] do [[singular]] do [[pretérito perfeito]] do [[modo indicativo]] do verbo '''[[jantar]]'''
[[Categoria:Forma verbal (Português)]]

[[en:jantou]]
[[no:jantou]]</text>
<sha1>6j174k6qs1zidxz4ig50jdwk3ipmx55</sha1>
</revision>
<revision>
<id>1156345</id>
<parentid>840709</parentid>
<timestamp>2011-07-05T21:02:12Z</timestamp>
<contributor>
<username>MalafayaBot</username>
<id>628</id>
</contributor>
<minor />
<comment>Robô: Substituição de texto automática (-^\=\s?Português\s?\= +={{-pt-}}= &amp; -^\=\s?\{\{pt\}\}\s?\= +={{-pt-}}=)</comment>
<model>wikitext</model>
<format>text/x-wiki</format>
<text bytes="222" xml:space="preserve">={{-pt-}}=
==Forma verbal==
'''jantou'''
#[[terceira pessoa]] do [[singular]] do [[pretérito perfeito]] do [[modo indicativo]] do verbo '''[[jantar]]'''
[[Categoria:Forma verbal (Português)]]

[[en:jantou]]
[[no:jantou]]</text>
<sha1>hsp4k6n9kqb51v2f0lewsmwehnrn5g1</sha1>
</revision>
<revision>
<id>2227186</id>
<parentid>1156345</parentid>
<timestamp>2017-01-23T17:04:43Z</timestamp>
<contributor>
<username>Defender</username>
<id>15952</id>
</contributor>
<comment>Acrescentando a predefinição [[:template:avi-for-fle|avi-for-fle]]</comment>
<model>wikitext</model>
<format>text/x-wiki</format>
<text bytes="253" xml:space="preserve">={{-pt-}}=
==Forma verbal==
{{oxítona|jan|tou}}
#[[terceira pessoa]] do [[singular]] do [[pretérito perfeito]] do [[modo indicativo]] do verbo '''[[jantar]]'''
{{avi-for-fle|jantar}}
[[Categoria:Forma verbal (Português)]]

[[en:jantou]]
[[no:jantou]]</text>
<sha1>ooyd73zh2r1in7n07srxzv901fxm46s</sha1>
</revision>
<revision>
<id>2364636</id>
<parentid>2227186</parentid>
<timestamp>2017-05-03T15:41:34Z</timestamp>
<contributor>
<username>HydrizBot</username>
<id>29590</id>
</contributor>
<minor />
<comment>Robô: A limpar links interwikis antigos</comment>
<model>wikitext</model>
<format>text/x-wiki</format>
<text bytes="224" xml:space="preserve">={{-pt-}}=
==Forma verbal==
{{oxítona|jan|tou}}
#[[terceira pessoa]] do [[singular]] do [[pretérito perfeito]] do [[modo indicativo]] do verbo '''[[jantar]]'''
{{avi-for-fle|jantar}}
[[Categoria:Forma verbal (Português)]]</text>
<sha1>jk9vvmskswme692bat1uu8mnom0pkoo</sha1>
</revision>
</page>
