<title>jantará</title>
<ns>0</ns>
<id>186319</id>
<revision>
<id>736441</id>
<timestamp>2010-02-02T01:02:06Z</timestamp>
<contributor>
<username>Jesielt-bot</username>
<id>10876</id>
</contributor>
<comment>Verbete criado por bot.</comment>
<model>wikitext</model>
<format>text/x-wiki</format>
<text bytes="170" xml:space="preserve">={{pt}}=
==Forma verbal==
'''jantará'''
#[[terceira pessoa]] do [[singular]] do [[futuro do presente]] do verbo '''[[jantar]]'''

[[Categoria:Forma verbal (Português)]]</text>
<sha1>m4gx36szgvc9hvj95i9wfbcxyrlodbp</sha1>
</revision>
<revision>
<id>745363</id>
<parentid>736441</parentid>
<timestamp>2010-02-05T09:40:30Z</timestamp>
<contributor>
<username>Interwicket</username>
<id>6868</id>
</contributor>
<minor />
<comment>iwiki +[[:no:jantará]]</comment>
<model>wikitext</model>
<format>text/x-wiki</format>
<text bytes="187" xml:space="preserve">={{pt}}=
==Forma verbal==
'''jantará'''
#[[terceira pessoa]] do [[singular]] do [[futuro do presente]] do verbo '''[[jantar]]'''

[[Categoria:Forma verbal (Português)]]

[[no:jantará]]</text>
<sha1>lxn3ubtkc7y92k5cr7v5szukje5ljva</sha1>
</revision>
<revision>
<id>846271</id>
<parentid>745363</parentid>
<timestamp>2010-04-02T02:39:08Z</timestamp>
<contributor>
<username>Interwicket</username>
<id>6868</id>
</contributor>
<minor />
<comment>iwiki +[[:en:jantará]]</comment>
<model>wikitext</model>
<format>text/x-wiki</format>
<text bytes="203" xml:space="preserve">={{pt}}=
==Forma verbal==
'''jantará'''
#[[terceira pessoa]] do [[singular]] do [[futuro do presente]] do verbo '''[[jantar]]'''

[[Categoria:Forma verbal (Português)]]

[[en:jantará]]
[[no:jantará]]</text>
<sha1>49gsh35zl16fe6j1g8q96yttv3z53h0</sha1>
</revision>
<revision>
<id>1156324</id>
<parentid>846271</parentid>
<timestamp>2011-07-05T21:01:50Z</timestamp>
<contributor>
<username>MalafayaBot</username>
<id>628</id>
</contributor>
<minor />
<comment>Robô: Substituição de texto automática (-^\=\s?Português\s?\= +={{-pt-}}= &amp; -^\=\s?\{\{pt\}\}\s?\= +={{-pt-}}=)</comment>
<model>wikitext</model>
<format>text/x-wiki</format>
<text bytes="205" xml:space="preserve">={{-pt-}}=
==Forma verbal==
'''jantará'''
#[[terceira pessoa]] do [[singular]] do [[futuro do presente]] do verbo '''[[jantar]]'''

[[Categoria:Forma verbal (Português)]]

[[en:jantará]]
[[no:jantará]]</text>
<sha1>6ecjqtktrwh1efg67qnbfmzx7t7bmlk</sha1>
</revision>
<revision>
<id>2227214</id>
<parentid>1156324</parentid>
<timestamp>2017-01-23T17:22:23Z</timestamp>
<contributor>
<username>Defender</username>
<id>15952</id>
</contributor>
<comment>Acrescentando a predefinição [[:template:avi-for-fle|avi-for-fle]]</comment>
<model>wikitext</model>
<format>text/x-wiki</format>
<text bytes="236" xml:space="preserve">={{-pt-}}=
==Forma verbal==
{{oxítona|jan|ta|rá}}
#[[terceira pessoa]] do [[singular]] do [[futuro do presente]] do verbo '''[[jantar]]'''
{{avi-for-fle|jantar}}
[[Categoria:Forma verbal (Português)]]

[[en:jantará]]
[[no:jantará]]</text>
<sha1>7v4oq4iy2hu4gt0gdf3ejzr8j6ejsmu</sha1>
</revision>
<revision>
<id>2364615</id>
<parentid>2227214</parentid>
<timestamp>2017-05-03T15:40:44Z</timestamp>
<contributor>
<username>HydrizBot</username>
<id>29590</id>
</contributor>
<minor />
<comment>Robô: A limpar links interwikis antigos</comment>
<model>wikitext</model>
<format>text/x-wiki</format>
<text bytes="203" xml:space="preserve">={{-pt-}}=
==Forma verbal==
{{oxítona|jan|ta|rá}}
#[[terceira pessoa]] do [[singular]] do [[futuro do presente]] do verbo '''[[jantar]]'''
{{avi-for-fle|jantar}}
[[Categoria:Forma verbal (Português)]]</text>
<sha1>syxzbvnz79w975qxoaoh64pcgcy2xee</sha1>
</revision>
</page>
