<title>jantámos</title>
<ns>0</ns>
<id>164423</id>
<revision>
<id>682873</id>
<timestamp>2010-01-03T19:23:40Z</timestamp>
<contributor>
<username>Jesielt-bot</username>
<id>10876</id>
</contributor>
<comment>Artigo criado por bot</comment>
<model>wikitext</model>
<format>text/x-wiki</format>
<text bytes="219" xml:space="preserve">={{pt}}=
==Forma verbal==
'''jantámos'''
#{{escopo|grafia lusitana}} [[primeira pessoa]] do [[plural]] do [[pretérito perfeito]] do [[modo indicativo]] do verbo '''[[jantar]]'''
[[Categoria:Forma verbal (Português)]]</text>
<sha1>0mo2vpxmxp3xv1e5sz2at9k5rc6kaoz</sha1>
</revision>
<revision>
<id>687201</id>
<parentid>682873</parentid>
<timestamp>2010-01-05T12:38:58Z</timestamp>
<contributor>
<username>Interwicket</username>
<id>6868</id>
</contributor>
<minor />
<comment>iwiki +[[:no:jantámos]]</comment>
<model>wikitext</model>
<format>text/x-wiki</format>
<text bytes="237" xml:space="preserve">={{pt}}=
==Forma verbal==
'''jantámos'''
#{{escopo|grafia lusitana}} [[primeira pessoa]] do [[plural]] do [[pretérito perfeito]] do [[modo indicativo]] do verbo '''[[jantar]]'''
[[Categoria:Forma verbal (Português)]]

[[no:jantámos]]</text>
<sha1>i4kasvjy5hapzpck587xyxnrv2olvgy</sha1>
</revision>
<revision>
<id>840417</id>
<parentid>687201</parentid>
<timestamp>2010-03-31T07:59:14Z</timestamp>
<contributor>
<username>Interwicket</username>
<id>6868</id>
</contributor>
<minor />
<comment>iwiki +[[:en:jantámos]]</comment>
<model>wikitext</model>
<format>text/x-wiki</format>
<text bytes="254" xml:space="preserve">={{pt}}=
==Forma verbal==
'''jantámos'''
#{{escopo|grafia lusitana}} [[primeira pessoa]] do [[plural]] do [[pretérito perfeito]] do [[modo indicativo]] do verbo '''[[jantar]]'''
[[Categoria:Forma verbal (Português)]]

[[en:jantámos]]
[[no:jantámos]]</text>
<sha1>0nzkqoe9t3hiuyecstfi569epnk2idn</sha1>
</revision>
<revision>
<id>1156346</id>
<parentid>840417</parentid>
<timestamp>2011-07-05T21:02:13Z</timestamp>
<contributor>
<username>MalafayaBot</username>
<id>628</id>
</contributor>
<minor />
<comment>Robô: Substituição de texto automática (-^\=\s?Português\s?\= +={{-pt-}}= &amp; -^\=\s?\{\{pt\}\}\s?\= +={{-pt-}}=)</comment>
<model>wikitext</model>
<format>text/x-wiki</format>
<text bytes="256" xml:space="preserve">={{-pt-}}=
==Forma verbal==
'''jantámos'''
#{{escopo|grafia lusitana}} [[primeira pessoa]] do [[plural]] do [[pretérito perfeito]] do [[modo indicativo]] do verbo '''[[jantar]]'''
[[Categoria:Forma verbal (Português)]]

[[en:jantámos]]
[[no:jantámos]]</text>
<sha1>hwhav2yw36yc60dhl3hpha02k936fgs</sha1>
</revision>
<revision>
<id>1645121</id>
<parentid>1156346</parentid>
<timestamp>2013-02-02T23:59:20Z</timestamp>
<contributor>
<ip>217.129.4.92</ip>
</contributor>
<model>wikitext</model>
<format>text/x-wiki</format>
<text bytes="282" xml:space="preserve">={{-pt-}}=
==Forma verbal==
'''jantámos'''
#{{escopo|grafia lusitana}} [[primeira pessoa]] do [[plural]] do [[pretérito perfeito]] do [[modo indicativo]] do verbo '''[[jantar]]'''
[[Categoria:Forma verbal (Português)]]
[[Categoria:Lusitanismo]]

[[en:jantámos]]
[[no:jantámos]]</text>
<sha1>58uvbu3xh49nbuw9uv7c7e2wt92e5jn</sha1>
</revision>
<revision>
<id>2227189</id>
<parentid>1645121</parentid>
<timestamp>2017-01-23T17:06:05Z</timestamp>
<contributor>
<username>Defender</username>
<id>15952</id>
</contributor>
<comment>Acrescentando a predefinição [[:template:avi-for-fle|avi-for-fle]]</comment>
<model>wikitext</model>
<format>text/x-wiki</format>
<text bytes="318" xml:space="preserve">={{-pt-}}=
==Forma verbal==
{{paroxítona|jan|tá|mos}}
#{{escopo2|grafia lusitana}} [[primeira pessoa]] do [[plural]] do [[pretérito perfeito]] do [[modo indicativo]] do verbo '''[[jantar]]'''
{{avi-for-fle|jantar}}
[[Categoria:Forma verbal (Português)]]
[[Categoria:Lusitanismo]]

[[en:jantámos]]
[[no:jantámos]]</text>
<sha1>icgynfphscti99l3ymvf51s5zylfffz</sha1>
</revision>
<revision>
<id>2364639</id>
<parentid>2227189</parentid>
<timestamp>2017-05-03T15:41:43Z</timestamp>
<contributor>
<username>HydrizBot</username>
<id>29590</id>
</contributor>
<minor />
<comment>Robô: A limpar links interwikis antigos</comment>
<model>wikitext</model>
<format>text/x-wiki</format>
<text bytes="283" xml:space="preserve">={{-pt-}}=
==Forma verbal==
{{paroxítona|jan|tá|mos}}
#{{escopo2|grafia lusitana}} [[primeira pessoa]] do [[plural]] do [[pretérito perfeito]] do [[modo indicativo]] do verbo '''[[jantar]]'''
{{avi-for-fle|jantar}}
[[Categoria:Forma verbal (Português)]]
[[Categoria:Lusitanismo]]</text>
<sha1>rw163v88r7dxtmb62f0gx5iu2v743n7</sha1>
</revision>
</page>
