<title>jantaríeis</title>
<ns>0</ns>
<id>194418</id>
<revision>
<id>747550</id>
<timestamp>2010-02-05T13:51:59Z</timestamp>
<contributor>
<username>Jesielt-bot</username>
<id>10876</id>
</contributor>
<comment>Verbete criado por bot.</comment>
<model>wikitext</model>
<format>text/x-wiki</format>
<text bytes="172" xml:space="preserve">={{pt}}=
==Forma verbal==
'''jantaríeis'''
#[[segunda pessoa]] do [[plural]] do [[futuro do pretérito]] do verbo '''[[jantar]]'''

[[Categoria:Forma verbal (Português)]]</text>
<sha1>7wrngub6rztdk9qwmvipetevmqfur82</sha1>
</revision>
<revision>
<id>771565</id>
<parentid>747550</parentid>
<timestamp>2010-02-11T18:46:07Z</timestamp>
<contributor>
<username>Interwicket</username>
<id>6868</id>
</contributor>
<minor />
<comment>iwiki +[[:no:jantaríeis]]</comment>
<model>wikitext</model>
<format>text/x-wiki</format>
<text bytes="192" xml:space="preserve">={{pt}}=
==Forma verbal==
'''jantaríeis'''
#[[segunda pessoa]] do [[plural]] do [[futuro do pretérito]] do verbo '''[[jantar]]'''

[[Categoria:Forma verbal (Português)]]

[[no:jantaríeis]]</text>
<sha1>schjiwtfyem8edtxm32rl9x30cmv9su</sha1>
</revision>
<revision>
<id>854163</id>
<parentid>771565</parentid>
<timestamp>2010-04-12T01:21:08Z</timestamp>
<contributor>
<username>Interwicket</username>
<id>6868</id>
</contributor>
<minor />
<comment>iwiki +[[:en:jantaríeis]]</comment>
<model>wikitext</model>
<format>text/x-wiki</format>
<text bytes="211" xml:space="preserve">={{pt}}=
==Forma verbal==
'''jantaríeis'''
#[[segunda pessoa]] do [[plural]] do [[futuro do pretérito]] do verbo '''[[jantar]]'''

[[Categoria:Forma verbal (Português)]]

[[en:jantaríeis]]
[[no:jantaríeis]]</text>
<sha1>7xmortaqhp842eob1vywvluheqaqhwp</sha1>
</revision>
<revision>
<id>1156328</id>
<parentid>854163</parentid>
<timestamp>2011-07-05T21:01:55Z</timestamp>
<contributor>
<username>MalafayaBot</username>
<id>628</id>
</contributor>
<minor />
<comment>Robô: Substituição de texto automática (-^\=\s?Português\s?\= +={{-pt-}}= &amp; -^\=\s?\{\{pt\}\}\s?\= +={{-pt-}}=)</comment>
<model>wikitext</model>
<format>text/x-wiki</format>
<text bytes="213" xml:space="preserve">={{-pt-}}=
==Forma verbal==
'''jantaríeis'''
#[[segunda pessoa]] do [[plural]] do [[futuro do pretérito]] do verbo '''[[jantar]]'''

[[Categoria:Forma verbal (Português)]]

[[en:jantaríeis]]
[[no:jantaríeis]]</text>
<sha1>j02qjp5fwgvd1k45329cg92nd9rsg5p</sha1>
</revision>
<revision>
<id>2227247</id>
<parentid>1156328</parentid>
<timestamp>2017-01-23T18:01:32Z</timestamp>
<contributor>
<username>Defender</username>
<id>15952</id>
</contributor>
<comment>Acrescentando a predefinição [[:template:avi-for-fle|avi-for-fle]]</comment>
<model>wikitext</model>
<format>text/x-wiki</format>
<text bytes="248" xml:space="preserve">={{-pt-}}=
==Forma verbal==
{{paroxítona|jan|ta|rí|eis}}
#[[segunda pessoa]] do [[plural]] do [[futuro do pretérito]] do verbo '''[[jantar]]'''
{{avi-for-fle|jantar}}
[[Categoria:Forma verbal (Português)]]

[[en:jantaríeis]]
[[no:jantaríeis]]</text>
<sha1>5sprqaqzqr7yygbgh7qezk8u24ne6mr</sha1>
</revision>
<revision>
<id>2364619</id>
<parentid>2227247</parentid>
<timestamp>2017-05-03T15:40:52Z</timestamp>
<contributor>
<username>HydrizBot</username>
<id>29590</id>
</contributor>
<minor />
<comment>Robô: A limpar links interwikis antigos</comment>
<model>wikitext</model>
<format>text/x-wiki</format>
<text bytes="209" xml:space="preserve">={{-pt-}}=
==Forma verbal==
{{paroxítona|jan|ta|rí|eis}}
#[[segunda pessoa]] do [[plural]] do [[futuro do pretérito]] do verbo '''[[jantar]]'''
{{avi-for-fle|jantar}}
[[Categoria:Forma verbal (Português)]]</text>
<sha1>hq7keh2yko69pc6s4zewm6ivil4db8d</sha1>
</revision>
</page>
