<title>jantaste</title>
<ns>0</ns>
<id>171747</id>
<revision>
<id>706039</id>
<timestamp>2010-01-22T20:51:02Z</timestamp>
<contributor>
<username>Jesielt-bot</username>
<id>10876</id>
</contributor>
<comment>Artigo criado por bot</comment>
<model>wikitext</model>
<format>text/x-wiki</format>
<text bytes="192" xml:space="preserve">={{pt}}=
==Forma verbal==
'''jantaste'''
#[[segunda pessoa]] do [[singular]] do [[pretérito perfeito]] do [[modo indicativo]] do verbo '''[[jantar]]'''
[[Categoria:Forma verbal (Português)]]</text>
<sha1>2dsbmz1lg7eibpzq9ao7xtommfez9gf</sha1>
</revision>
<revision>
<id>749975</id>
<parentid>706039</parentid>
<timestamp>2010-02-05T20:38:38Z</timestamp>
<contributor>
<username>Interwicket</username>
<id>6868</id>
</contributor>
<minor />
<comment>iwiki +[[:no:jantaste]]</comment>
<model>wikitext</model>
<format>text/x-wiki</format>
<text bytes="209" xml:space="preserve">={{pt}}=
==Forma verbal==
'''jantaste'''
#[[segunda pessoa]] do [[singular]] do [[pretérito perfeito]] do [[modo indicativo]] do verbo '''[[jantar]]'''
[[Categoria:Forma verbal (Português)]]

[[no:jantaste]]</text>
<sha1>nai6ey23dh4gb6ywz7eoovasj768ng2</sha1>
</revision>
<revision>
<id>843944</id>
<parentid>749975</parentid>
<timestamp>2010-04-01T13:19:02Z</timestamp>
<contributor>
<username>Interwicket</username>
<id>6868</id>
</contributor>
<minor />
<comment>iwiki +[[:en:jantaste]]</comment>
<model>wikitext</model>
<format>text/x-wiki</format>
<text bytes="225" xml:space="preserve">={{pt}}=
==Forma verbal==
'''jantaste'''
#[[segunda pessoa]] do [[singular]] do [[pretérito perfeito]] do [[modo indicativo]] do verbo '''[[jantar]]'''
[[Categoria:Forma verbal (Português)]]

[[en:jantaste]]
[[no:jantaste]]</text>
<sha1>a8fuwhin3uvfmvqgvaohafz44b49azd</sha1>
</revision>
<revision>
<id>1156333</id>
<parentid>843944</parentid>
<timestamp>2011-07-05T21:02:00Z</timestamp>
<contributor>
<username>MalafayaBot</username>
<id>628</id>
</contributor>
<minor />
<comment>Robô: Substituição de texto automática (-^\=\s?Português\s?\= +={{-pt-}}= &amp; -^\=\s?\{\{pt\}\}\s?\= +={{-pt-}}=)</comment>
<model>wikitext</model>
<format>text/x-wiki</format>
<text bytes="227" xml:space="preserve">={{-pt-}}=
==Forma verbal==
'''jantaste'''
#[[segunda pessoa]] do [[singular]] do [[pretérito perfeito]] do [[modo indicativo]] do verbo '''[[jantar]]'''
[[Categoria:Forma verbal (Português)]]

[[en:jantaste]]
[[no:jantaste]]</text>
<sha1>i3s9flfbg6bwfhb0hph5ai1vhhnxhpu</sha1>
</revision>
<revision>
<id>1383910</id>
<parentid>1156333</parentid>
<timestamp>2012-03-03T20:49:35Z</timestamp>
<contributor>
<ip>2.82.95.135</ip>
</contributor>
<model>wikitext</model>
<format>text/x-wiki</format>
<text bytes="229" xml:space="preserve">={{-pt-}}=
==Forma verbal==
'''jantasters'''
#[[segunda pessoa]] do [[singular]] do [[pretérito perfeito]] do [[modo indicativo]] do verbo '''[[jantar]]'''
[[Categoria:Forma verbal (Português)]]

[[en:jantaste]]
[[no:jantaste]]</text>
<sha1>ot09msxn581ouwzfkewav5mfyvlf4ct</sha1>
</revision>
<revision>
<id>1383911</id>
<parentid>1383910</parentid>
<timestamp>2012-03-03T20:51:36Z</timestamp>
<contributor>
<username>ValJor</username>
<id>1358</id>
</contributor>
<minor />
<comment>Revertidas edições por [[Especial:Contribuições/2.82.95.135|2.82.95.135]] para a última versão por [[Especial:Contribuições/MalafayaBot|MalafayaBot]]</comment>
<model>wikitext</model>
<format>text/x-wiki</format>
<text bytes="227" xml:space="preserve">={{-pt-}}=
==Forma verbal==
'''jantaste'''
#[[segunda pessoa]] do [[singular]] do [[pretérito perfeito]] do [[modo indicativo]] do verbo '''[[jantar]]'''
[[Categoria:Forma verbal (Português)]]

[[en:jantaste]]
[[no:jantaste]]</text>
<sha1>i3s9flfbg6bwfhb0hph5ai1vhhnxhpu</sha1>
</revision>
<revision>
<id>1989120</id>
<parentid>1383911</parentid>
<timestamp>2015-08-27T15:22:21Z</timestamp>
<contributor>
<ip>2.81.19.38</ip>
</contributor>
<comment>/* Forma verbal */</comment>
<model>wikitext</model>
<format>text/x-wiki</format>
<text bytes="227" xml:space="preserve">={{-pt-}}=
==Forma verbal==
'''jantas-te&quot;'
#[[segunda pessoa]] do [[singular]] do [[pretérito perfeito]] do [[modo indicativo]] do verbo '''[[jantar]]'''
[[Categoria:Forma verbal (Português)]]

[[en:jantaste]]
[[no:jantaste]]</text>
<sha1>mo58vlyskdjjrj32jn54xj0ftg87bon</sha1>
</revision>
<revision>
<id>1989126</id>
<parentid>1989120</parentid>
<timestamp>2015-08-27T15:23:49Z</timestamp>
<contributor>
<username>ValJor</username>
<id>1358</id>
</contributor>
<minor />
<comment>Revertidas edições por [[Especial:Contribuições/2.81.19.38|2.81.19.38]] para a última versão por [[Especial:Contribuições/ValJor|ValJor]]</comment>
<model>wikitext</model>
<format>text/x-wiki</format>
<text bytes="227" xml:space="preserve">={{-pt-}}=
==Forma verbal==
'''jantaste'''
#[[segunda pessoa]] do [[singular]] do [[pretérito perfeito]] do [[modo indicativo]] do verbo '''[[jantar]]'''
[[Categoria:Forma verbal (Português)]]

[[en:jantaste]]
[[no:jantaste]]</text>
<sha1>i3s9flfbg6bwfhb0hph5ai1vhhnxhpu</sha1>
</revision>
<revision>
<id>2227184</id>
<parentid>1989126</parentid>
<timestamp>2017-01-23T17:03:34Z</timestamp>
<contributor>
<username>Defender</username>
<id>15952</id>
</contributor>
<comment>Acrescentando a predefinição [[:template:avi-for-fle|avi-for-fle]]</comment>
<model>wikitext</model>
<format>text/x-wiki</format>
<text bytes="262" xml:space="preserve">={{-pt-}}=
==Forma verbal==
{{paroxítona|jan|tas|te}}
#[[segunda pessoa]] do [[singular]] do [[pretérito perfeito]] do [[modo indicativo]] do verbo '''[[jantar]]'''
{{avi-for-fle|jantar}}
[[Categoria:Forma verbal (Português)]]

[[en:jantaste]]
[[no:jantaste]]</text>
<sha1>9batcklmr4mydzpjow092dvzv2dhel4</sha1>
</revision>
<revision>
<id>2364624</id>
<parentid>2227184</parentid>
<timestamp>2017-05-03T15:41:03Z</timestamp>
<contributor>
<username>HydrizBot</username>
<id>29590</id>
</contributor>
<minor />
<comment>Robô: A limpar links interwikis antigos</comment>
<model>wikitext</model>
<format>text/x-wiki</format>
<text bytes="229" xml:space="preserve">={{-pt-}}=
==Forma verbal==
{{paroxítona|jan|tas|te}}
#[[segunda pessoa]] do [[singular]] do [[pretérito perfeito]] do [[modo indicativo]] do verbo '''[[jantar]]'''
{{avi-for-fle|jantar}}
[[Categoria:Forma verbal (Português)]]</text>
<sha1>1ynk1j1wck0xrob9yzxkw7qdk9qlbg6</sha1>
</revision>
</page>
