<title>janteis</title>
<ns>0</ns>
<id>217106</id>
<revision>
<id>808415</id>
<timestamp>2010-02-22T14:57:59Z</timestamp>
<contributor>
<username>Jesielt-bot</username>
<id>10876</id>
</contributor>
<comment>Verbete criado por bot.</comment>
<model>wikitext</model>
<format>text/x-wiki</format>
<text bytes="270" xml:space="preserve">={{pt}}=
==Forma verbal==
'''janteis'''
#[[segunda pessoa]] do [[plural]] do [[presente]] do [[modo subjuntivo]] do verbo '''[[jantar]]'''
#[[segunda pessoa]] do [[plural]] do [[imperativo]] [[negativo]] do verbo '''[[jantar]]'''

[[Categoria:Forma verbal (Português)]]</text>
<sha1>h5idxlqmosgu6vk4m24hsaiz7f6ojbq</sha1>
</revision>
<revision>
<id>821723</id>
<parentid>808415</parentid>
<timestamp>2010-02-25T11:08:10Z</timestamp>
<contributor>
<username>Interwicket</username>
<id>6868</id>
</contributor>
<minor />
<comment>iwiki +[[:no:janteis]]</comment>
<model>wikitext</model>
<format>text/x-wiki</format>
<text bytes="286" xml:space="preserve">={{pt}}=
==Forma verbal==
'''janteis'''
#[[segunda pessoa]] do [[plural]] do [[presente]] do [[modo subjuntivo]] do verbo '''[[jantar]]'''
#[[segunda pessoa]] do [[plural]] do [[imperativo]] [[negativo]] do verbo '''[[jantar]]'''

[[Categoria:Forma verbal (Português)]]

[[no:janteis]]</text>
<sha1>0b0yc1l9jvea81r330l02lao5f6le06</sha1>
</revision>
<revision>
<id>852493</id>
<parentid>821723</parentid>
<timestamp>2010-04-09T23:12:01Z</timestamp>
<contributor>
<username>Interwicket</username>
<id>6868</id>
</contributor>
<minor />
<comment>iwiki +[[:en:janteis]]</comment>
<model>wikitext</model>
<format>text/x-wiki</format>
<text bytes="301" xml:space="preserve">={{pt}}=
==Forma verbal==
'''janteis'''
#[[segunda pessoa]] do [[plural]] do [[presente]] do [[modo subjuntivo]] do verbo '''[[jantar]]'''
#[[segunda pessoa]] do [[plural]] do [[imperativo]] [[negativo]] do verbo '''[[jantar]]'''

[[Categoria:Forma verbal (Português)]]

[[en:janteis]]
[[no:janteis]]</text>
<sha1>3fuba93m45gf9wlqg23si5qimub0can</sha1>
</revision>
<revision>
<id>1156340</id>
<parentid>852493</parentid>
<timestamp>2011-07-05T21:02:07Z</timestamp>
<contributor>
<username>MalafayaBot</username>
<id>628</id>
</contributor>
<minor />
<comment>Robô: Substituição de texto automática (-^\=\s?Português\s?\= +={{-pt-}}= &amp; -^\=\s?\{\{pt\}\}\s?\= +={{-pt-}}=)</comment>
<model>wikitext</model>
<format>text/x-wiki</format>
<text bytes="303" xml:space="preserve">={{-pt-}}=
==Forma verbal==
'''janteis'''
#[[segunda pessoa]] do [[plural]] do [[presente]] do [[modo subjuntivo]] do verbo '''[[jantar]]'''
#[[segunda pessoa]] do [[plural]] do [[imperativo]] [[negativo]] do verbo '''[[jantar]]'''

[[Categoria:Forma verbal (Português)]]

[[en:janteis]]
[[no:janteis]]</text>
<sha1>moovm3xd4xgh947dg39ntpnzs8te9o8</sha1>
</revision>
<revision>
<id>2227256</id>
<parentid>1156340</parentid>
<timestamp>2017-01-23T18:07:38Z</timestamp>
<contributor>
<username>Defender</username>
<id>15952</id>
</contributor>
<comment>Acrescentando a predefinição [[:template:avi-for-fle|avi-for-fle]]</comment>
<model>wikitext</model>
<format>text/x-wiki</format>
<text bytes="333" xml:space="preserve">={{-pt-}}=
==Forma verbal==
{{oxítona|jan|teis}}
#[[segunda pessoa]] do [[plural]] do [[presente]] do [[modo subjuntivo]] do verbo '''[[jantar]]'''
#[[segunda pessoa]] do [[plural]] do [[imperativo]] [[negativo]] do verbo '''[[jantar]]'''
{{avi-for-fle|jantar}}
[[Categoria:Forma verbal (Português)]]

[[en:janteis]]
[[no:janteis]]</text>
<sha1>gqgcs8ly49njwqefc3pb95jckot1o8k</sha1>
</revision>
<revision>
<id>2364631</id>
<parentid>2227256</parentid>
<timestamp>2017-05-03T15:41:21Z</timestamp>
<contributor>
<username>HydrizBot</username>
<id>29590</id>
</contributor>
<minor />
<comment>Robô: A limpar links interwikis antigos</comment>
<model>wikitext</model>
<format>text/x-wiki</format>
<text bytes="302" xml:space="preserve">={{-pt-}}=
==Forma verbal==
{{oxítona|jan|teis}}
#[[segunda pessoa]] do [[plural]] do [[presente]] do [[modo subjuntivo]] do verbo '''[[jantar]]'''
#[[segunda pessoa]] do [[plural]] do [[imperativo]] [[negativo]] do verbo '''[[jantar]]'''
{{avi-for-fle|jantar}}
[[Categoria:Forma verbal (Português)]]</text>
<sha1>81pvnqiq3pk6f34rgeg8pe4nrolw0ba</sha1>
</revision>
</page>
