<title>jantem</title>
<ns>0</ns>
<id>215720</id>
<revision>
<id>806595</id>
<timestamp>2010-02-21T17:45:19Z</timestamp>
<contributor>
<username>Jesielt-bot</username>
<id>10876</id>
</contributor>
<comment>Verbete criado por bot.</comment>
<model>wikitext</model>
<format>text/x-wiki</format>
<text bytes="365" xml:space="preserve">={{pt}}=
==Forma verbal==
'''jantem'''
#[[terceira pessoa]] do [[plural]] do [[presente]] do [[modo subjuntivo]] do verbo '''[[jantar]]'''
#[[terceira pessoa]] do [[plural]] do [[imperativo]] [[afirmativo]] do verbo '''[[jantar]]'''
#[[terceira pessoa]] do [[plural]] do [[imperativo]] [[negativo]] do verbo '''[[jantar]]'''

[[Categoria:Forma verbal (Português)]]</text>
<sha1>b2swusurpnlreaapcw9u0wuk7r62x2v</sha1>
</revision>
<revision>
<id>819530</id>
<parentid>806595</parentid>
<timestamp>2010-02-25T01:25:00Z</timestamp>
<contributor>
<username>Interwicket</username>
<id>6868</id>
</contributor>
<minor />
<comment>iwiki +[[:no:jantem]]</comment>
<model>wikitext</model>
<format>text/x-wiki</format>
<text bytes="380" xml:space="preserve">={{pt}}=
==Forma verbal==
'''jantem'''
#[[terceira pessoa]] do [[plural]] do [[presente]] do [[modo subjuntivo]] do verbo '''[[jantar]]'''
#[[terceira pessoa]] do [[plural]] do [[imperativo]] [[afirmativo]] do verbo '''[[jantar]]'''
#[[terceira pessoa]] do [[plural]] do [[imperativo]] [[negativo]] do verbo '''[[jantar]]'''

[[Categoria:Forma verbal (Português)]]

[[no:jantem]]</text>
<sha1>i0qflk3rb584ofrhwztygx3uml4ueyb</sha1>
</revision>
<revision>
<id>840419</id>
<parentid>819530</parentid>
<timestamp>2010-03-31T07:59:44Z</timestamp>
<contributor>
<username>Interwicket</username>
<id>6868</id>
</contributor>
<minor />
<comment>iwiki +[[:en:jantem]]</comment>
<model>wikitext</model>
<format>text/x-wiki</format>
<text bytes="394" xml:space="preserve">={{pt}}=
==Forma verbal==
'''jantem'''
#[[terceira pessoa]] do [[plural]] do [[presente]] do [[modo subjuntivo]] do verbo '''[[jantar]]'''
#[[terceira pessoa]] do [[plural]] do [[imperativo]] [[afirmativo]] do verbo '''[[jantar]]'''
#[[terceira pessoa]] do [[plural]] do [[imperativo]] [[negativo]] do verbo '''[[jantar]]'''

[[Categoria:Forma verbal (Português)]]

[[en:jantem]]
[[no:jantem]]</text>
<sha1>difne71pc5k57oosjfqgty11cbwf6d7</sha1>
</revision>
<revision>
<id>1156341</id>
<parentid>840419</parentid>
<timestamp>2011-07-05T21:02:08Z</timestamp>
<contributor>
<username>MalafayaBot</username>
<id>628</id>
</contributor>
<minor />
<comment>Robô: Substituição de texto automática (-^\=\s?Português\s?\= +={{-pt-}}= &amp; -^\=\s?\{\{pt\}\}\s?\= +={{-pt-}}=)</comment>
<model>wikitext</model>
<format>text/x-wiki</format>
<text bytes="396" xml:space="preserve">={{-pt-}}=
==Forma verbal==
'''jantem'''
#[[terceira pessoa]] do [[plural]] do [[presente]] do [[modo subjuntivo]] do verbo '''[[jantar]]'''
#[[terceira pessoa]] do [[plural]] do [[imperativo]] [[afirmativo]] do verbo '''[[jantar]]'''
#[[terceira pessoa]] do [[plural]] do [[imperativo]] [[negativo]] do verbo '''[[jantar]]'''

[[Categoria:Forma verbal (Português)]]

[[en:jantem]]
[[no:jantem]]</text>
<sha1>1drddopr2aq9nu9yzlzh0kifg2kjhdh</sha1>
</revision>
<revision>
<id>2227258</id>
<parentid>1156341</parentid>
<timestamp>2017-01-23T18:09:20Z</timestamp>
<contributor>
<username>Defender</username>
<id>15952</id>
</contributor>
<comment>Acrescentando a predefinição [[:template:avi-for-fle|avi-for-fle]]</comment>
<model>wikitext</model>
<format>text/x-wiki</format>
<text bytes="429" xml:space="preserve">={{-pt-}}=
==Forma verbal==
{{paroxítona|jan|tem}}
#[[terceira pessoa]] do [[plural]] do [[presente]] do [[modo subjuntivo]] do verbo '''[[jantar]]'''
#[[terceira pessoa]] do [[plural]] do [[imperativo]] [[afirmativo]] do verbo '''[[jantar]]'''
#[[terceira pessoa]] do [[plural]] do [[imperativo]] [[negativo]] do verbo '''[[jantar]]'''
{{avi-for-fle|jantar}}
[[Categoria:Forma verbal (Português)]]

[[en:jantem]]
[[no:jantem]]</text>
<sha1>od3ai82jxrdrgb69dahmapkgyvaearw</sha1>
</revision>
<revision>
<id>2364632</id>
<parentid>2227258</parentid>
<timestamp>2017-05-03T15:41:24Z</timestamp>
<contributor>
<username>HydrizBot</username>
<id>29590</id>
</contributor>
<minor />
<comment>Robô: A limpar links interwikis antigos</comment>
<model>wikitext</model>
<format>text/x-wiki</format>
<text bytes="400" xml:space="preserve">={{-pt-}}=
==Forma verbal==
{{paroxítona|jan|tem}}
#[[terceira pessoa]] do [[plural]] do [[presente]] do [[modo subjuntivo]] do verbo '''[[jantar]]'''
#[[terceira pessoa]] do [[plural]] do [[imperativo]] [[afirmativo]] do verbo '''[[jantar]]'''
#[[terceira pessoa]] do [[plural]] do [[imperativo]] [[negativo]] do verbo '''[[jantar]]'''
{{avi-for-fle|jantar}}
[[Categoria:Forma verbal (Português)]]</text>
<sha1>ph5w9fuu7bdftd41zq0hzmwr1vasp44</sha1>
</revision>
</page>
