<title>jantariam</title>
<ns>0</ns>
<id>195754</id>
<revision>
<id>751280</id>
<timestamp>2010-02-06T09:10:29Z</timestamp>
<contributor>
<username>Jesielt-bot</username>
<id>10876</id>
</contributor>
<comment>Verbete criado por bot.</comment>
<model>wikitext</model>
<format>text/x-wiki</format>
<text bytes="171" xml:space="preserve">={{pt}}=
==Forma verbal==
'''jantariam'''
#[[terceira pessoa]] do [[plural]] do [[futuro do pretérito]] do verbo '''[[jantar]]'''

[[Categoria:Forma verbal (Português)]]</text>
<sha1>672tdtbothhph6oln5p83wpdjxxb2h2</sha1>
</revision>
<revision>
<id>764901</id>
<parentid>751280</parentid>
<timestamp>2010-02-10T13:58:38Z</timestamp>
<contributor>
<username>Interwicket</username>
<id>6868</id>
</contributor>
<minor />
<comment>iwiki +[[:no:jantariam]]</comment>
<model>wikitext</model>
<format>text/x-wiki</format>
<text bytes="189" xml:space="preserve">={{pt}}=
==Forma verbal==
'''jantariam'''
#[[terceira pessoa]] do [[plural]] do [[futuro do pretérito]] do verbo '''[[jantar]]'''

[[Categoria:Forma verbal (Português)]]

[[no:jantariam]]</text>
<sha1>nocftdxr7edst09obarrrakfomtjrzr</sha1>
</revision>
<revision>
<id>845363</id>
<parentid>764901</parentid>
<timestamp>2010-04-01T20:56:45Z</timestamp>
<contributor>
<username>Interwicket</username>
<id>6868</id>
</contributor>
<minor />
<comment>iwiki +[[:en:jantariam]]</comment>
<model>wikitext</model>
<format>text/x-wiki</format>
<text bytes="206" xml:space="preserve">={{pt}}=
==Forma verbal==
'''jantariam'''
#[[terceira pessoa]] do [[plural]] do [[futuro do pretérito]] do verbo '''[[jantar]]'''

[[Categoria:Forma verbal (Português)]]

[[en:jantariam]]
[[no:jantariam]]</text>
<sha1>q0h8ll858to6r4w5wtl93x9fyc856ji</sha1>
</revision>
<revision>
<id>1156321</id>
<parentid>845363</parentid>
<timestamp>2011-07-05T21:01:47Z</timestamp>
<contributor>
<username>MalafayaBot</username>
<id>628</id>
</contributor>
<minor />
<comment>Robô: Substituição de texto automática (-^\=\s?Português\s?\= +={{-pt-}}= &amp; -^\=\s?\{\{pt\}\}\s?\= +={{-pt-}}=)</comment>
<model>wikitext</model>
<format>text/x-wiki</format>
<text bytes="208" xml:space="preserve">={{-pt-}}=
==Forma verbal==
'''jantariam'''
#[[terceira pessoa]] do [[plural]] do [[futuro do pretérito]] do verbo '''[[jantar]]'''

[[Categoria:Forma verbal (Português)]]

[[en:jantariam]]
[[no:jantariam]]</text>
<sha1>e6bfc7zturu5y8q2uexjsax6hgzpjek</sha1>
</revision>
<revision>
<id>2227249</id>
<parentid>1156321</parentid>
<timestamp>2017-01-23T18:02:36Z</timestamp>
<contributor>
<username>Defender</username>
<id>15952</id>
</contributor>
<comment>Acrescentando a predefinição [[:template:avi-for-fle|avi-for-fle]]</comment>
<model>wikitext</model>
<format>text/x-wiki</format>
<text bytes="243" xml:space="preserve">={{-pt-}}=
==Forma verbal==
{{paroxítona|jan|ta|ri|am}}
#[[terceira pessoa]] do [[plural]] do [[futuro do pretérito]] do verbo '''[[jantar]]'''
{{avi-for-fle|jantar}}
[[Categoria:Forma verbal (Português)]]

[[en:jantariam]]
[[no:jantariam]]</text>
<sha1>7vo6dm46cqj3uiwbk1pd63ac7tcjyl6</sha1>
</revision>
<revision>
<id>2364612</id>
<parentid>2227249</parentid>
<timestamp>2017-05-03T15:40:39Z</timestamp>
<contributor>
<username>HydrizBot</username>
<id>29590</id>
</contributor>
<minor />
<comment>Robô: A limpar links interwikis antigos</comment>
<model>wikitext</model>
<format>text/x-wiki</format>
<text bytes="208" xml:space="preserve">={{-pt-}}=
==Forma verbal==
{{paroxítona|jan|ta|ri|am}}
#[[terceira pessoa]] do [[plural]] do [[futuro do pretérito]] do verbo '''[[jantar]]'''
{{avi-for-fle|jantar}}
[[Categoria:Forma verbal (Português)]]</text>
<sha1>s6j8kqbrd4qtzwpgarjy0p7w9bzzaz0</sha1>
</revision>
</page>
