<title>jantássemos</title>
<ns>0</ns>
<id>198526</id>
<revision>
<id>759044</id>
<timestamp>2010-02-08T10:00:54Z</timestamp>
<contributor>
<username>Jesielt-bot</username>
<id>10876</id>
</contributor>
<comment>Verbete criado por bot.</comment>
<model>wikitext</model>
<format>text/x-wiki</format>
<text bytes="198" xml:space="preserve">={{pt}}=
==Forma verbal==
'''jantássemos'''
#[[primeira pessoa]] do [[plural]] do [[pretérito imperfeito]] do [[modo subjuntivo]] do verbo '''[[jantar]]'''

[[Categoria:Forma verbal (Português)]]</text>
<sha1>58e80tvh9j6bn427qh50283vkdkeeq0</sha1>
</revision>
<revision>
<id>766967</id>
<parentid>759044</parentid>
<timestamp>2010-02-11T01:15:31Z</timestamp>
<contributor>
<username>Interwicket</username>
<id>6868</id>
</contributor>
<minor />
<comment>iwiki +[[:no:jantássemos]]</comment>
<model>wikitext</model>
<format>text/x-wiki</format>
<text bytes="219" xml:space="preserve">={{pt}}=
==Forma verbal==
'''jantássemos'''
#[[primeira pessoa]] do [[plural]] do [[pretérito imperfeito]] do [[modo subjuntivo]] do verbo '''[[jantar]]'''

[[Categoria:Forma verbal (Português)]]

[[no:jantássemos]]</text>
<sha1>247m6f4or55n1uow2ru80360f22jarf</sha1>
</revision>
<revision>
<id>843032</id>
<parentid>766967</parentid>
<timestamp>2010-04-01T03:36:11Z</timestamp>
<contributor>
<username>Interwicket</username>
<id>6868</id>
</contributor>
<minor />
<comment>iwiki +[[:en:jantássemos]]</comment>
<model>wikitext</model>
<format>text/x-wiki</format>
<text bytes="239" xml:space="preserve">={{pt}}=
==Forma verbal==
'''jantássemos'''
#[[primeira pessoa]] do [[plural]] do [[pretérito imperfeito]] do [[modo subjuntivo]] do verbo '''[[jantar]]'''

[[Categoria:Forma verbal (Português)]]

[[en:jantássemos]]
[[no:jantássemos]]</text>
<sha1>gn6ihbtmzfb861v4n7lxy6dvmb6bzny</sha1>
</revision>
<revision>
<id>1156350</id>
<parentid>843032</parentid>
<timestamp>2011-07-05T21:02:17Z</timestamp>
<contributor>
<username>MalafayaBot</username>
<id>628</id>
</contributor>
<minor />
<comment>Robô: Substituição de texto automática (-^\=\s?Português\s?\= +={{-pt-}}= &amp; -^\=\s?\{\{pt\}\}\s?\= +={{-pt-}}=)</comment>
<model>wikitext</model>
<format>text/x-wiki</format>
<text bytes="241" xml:space="preserve">={{-pt-}}=
==Forma verbal==
'''jantássemos'''
#[[primeira pessoa]] do [[plural]] do [[pretérito imperfeito]] do [[modo subjuntivo]] do verbo '''[[jantar]]'''

[[Categoria:Forma verbal (Português)]]

[[en:jantássemos]]
[[no:jantássemos]]</text>
<sha1>78pg6qnmy0ba7wicb5prjf6v2za1s4f</sha1>
</revision>
<revision>
<id>2227269</id>
<parentid>1156350</parentid>
<timestamp>2017-01-23T18:21:51Z</timestamp>
<contributor>
<username>Defender</username>
<id>15952</id>
</contributor>
<comment>Acrescentando a predefinição [[:template:avi-for-fle|avi-for-fle]]</comment>
<model>wikitext</model>
<format>text/x-wiki</format>
<text bytes="279" xml:space="preserve">={{-pt-}}=
==Forma verbal==
{{proparoxítona|jan|tás|se|mos}}
#[[primeira pessoa]] do [[plural]] do [[pretérito imperfeito]] do [[modo subjuntivo]] do verbo '''[[jantar]]'''
{{avi-for-fle|jantar}}
[[Categoria:Forma verbal (Português)]]

[[en:jantássemos]]
[[no:jantássemos]]</text>
<sha1>p496rbzs8mxs2dj5lfxy6ab08qqeo1h</sha1>
</revision>
<revision>
<id>2364643</id>
<parentid>2227269</parentid>
<timestamp>2017-05-03T15:41:51Z</timestamp>
<contributor>
<username>HydrizBot</username>
<id>29590</id>
</contributor>
<minor />
<comment>Robô: A limpar links interwikis antigos</comment>
<model>wikitext</model>
<format>text/x-wiki</format>
<text bytes="238" xml:space="preserve">={{-pt-}}=
==Forma verbal==
{{proparoxítona|jan|tás|se|mos}}
#[[primeira pessoa]] do [[plural]] do [[pretérito imperfeito]] do [[modo subjuntivo]] do verbo '''[[jantar]]'''
{{avi-for-fle|jantar}}
[[Categoria:Forma verbal (Português)]]</text>
<sha1>qmsi9aqfs03np1c0cxy6b4b96p4gvst</sha1>
</revision>
</page>
