<title>jantei</title>
<ns>0</ns>
<id>170321</id>
<revision>
<id>703989</id>
<timestamp>2010-01-21T18:32:00Z</timestamp>
<contributor>
<username>Jesielt-bot</username>
<id>10876</id>
</contributor>
<comment>Artigo criado por bot</comment>
<model>wikitext</model>
<format>text/x-wiki</format>
<text bytes="189" xml:space="preserve">={{pt}}=
==Forma verbal==
'''jantei'''
#[[primeira pessoa]] do [[plural]] do [[pretérito perfeito]] do [[modo indicativo]] do verbo '''[[jantar]]'''
[[Categoria:Forma verbal (Português)]]</text>
<sha1>owfc5oxoou60xpj7sajgbzwtuzi45ua</sha1>
</revision>
<revision>
<id>704129</id>
<parentid>703989</parentid>
<timestamp>2010-01-21T18:54:00Z</timestamp>
<contributor>
<username>Jesielt-bot</username>
<id>10876</id>
</contributor>
<comment>/* Forma verbal */replaced: [[plural]] → [[singular]] utilizando [[Project:AWB|AWB]]</comment>
<model>wikitext</model>
<format>text/x-wiki</format>
<text bytes="191" xml:space="preserve">={{pt}}=
==Forma verbal==
'''jantei'''
#[[primeira pessoa]] do [[singular]] do [[pretérito perfeito]] do [[modo indicativo]] do verbo '''[[jantar]]'''
[[Categoria:Forma verbal (Português)]]</text>
<sha1>ejfxc76bxm9k1n9lwkdczpaddrv942d</sha1>
</revision>
<revision>
<id>755849</id>
<parentid>704129</parentid>
<timestamp>2010-02-07T06:37:06Z</timestamp>
<contributor>
<username>Interwicket</username>
<id>6868</id>
</contributor>
<minor />
<comment>iwiki +[[:no:jantei]]</comment>
<model>wikitext</model>
<format>text/x-wiki</format>
<text bytes="206" xml:space="preserve">={{pt}}=
==Forma verbal==
'''jantei'''
#[[primeira pessoa]] do [[singular]] do [[pretérito perfeito]] do [[modo indicativo]] do verbo '''[[jantar]]'''
[[Categoria:Forma verbal (Português)]]

[[no:jantei]]</text>
<sha1>hs563pbut04l9wsd87tn1vzxrwz5l2f</sha1>
</revision>
<revision>
<id>842035</id>
<parentid>755849</parentid>
<timestamp>2010-03-31T20:42:52Z</timestamp>
<contributor>
<username>Interwicket</username>
<id>6868</id>
</contributor>
<minor />
<comment>iwiki +[[:en:jantei]]</comment>
<model>wikitext</model>
<format>text/x-wiki</format>
<text bytes="220" xml:space="preserve">={{pt}}=
==Forma verbal==
'''jantei'''
#[[primeira pessoa]] do [[singular]] do [[pretérito perfeito]] do [[modo indicativo]] do verbo '''[[jantar]]'''
[[Categoria:Forma verbal (Português)]]

[[en:jantei]]
[[no:jantei]]</text>
<sha1>rm2j5gfcowtoeuqcg8jjmen4gq1b0d1</sha1>
</revision>
<revision>
<id>1156339</id>
<parentid>842035</parentid>
<timestamp>2011-07-05T21:02:06Z</timestamp>
<contributor>
<username>MalafayaBot</username>
<id>628</id>
</contributor>
<minor />
<comment>Robô: Substituição de texto automática (-^\=\s?Português\s?\= +={{-pt-}}= &amp; -^\=\s?\{\{pt\}\}\s?\= +={{-pt-}}=)</comment>
<model>wikitext</model>
<format>text/x-wiki</format>
<text bytes="222" xml:space="preserve">={{-pt-}}=
==Forma verbal==
'''jantei'''
#[[primeira pessoa]] do [[singular]] do [[pretérito perfeito]] do [[modo indicativo]] do verbo '''[[jantar]]'''
[[Categoria:Forma verbal (Português)]]

[[en:jantei]]
[[no:jantei]]</text>
<sha1>ca2ewa2nvpqn7repg6ha20b4csarj53</sha1>
</revision>
<revision>
<id>2227179</id>
<parentid>1156339</parentid>
<timestamp>2017-01-23T16:56:03Z</timestamp>
<contributor>
<username>Defender</username>
<id>15952</id>
</contributor>
<comment>Acrescentando a predefinição [[:template:avi-for-fle|avi-for-fle]]</comment>
<model>wikitext</model>
<format>text/x-wiki</format>
<text bytes="253" xml:space="preserve">={{-pt-}}=
==Forma verbal==
{{oxítona|jan|tei}}
#[[primeira pessoa]] do [[singular]] do [[pretérito perfeito]] do [[modo indicativo]] do verbo '''[[jantar]]'''
{{avi-for-fle|jantar}}
[[Categoria:Forma verbal (Português)]]

[[en:jantei]]
[[no:jantei]]</text>
<sha1>09359o3jc3m3gr103zpjod4u38fw6ac</sha1>
</revision>
<revision>
<id>2364630</id>
<parentid>2227179</parentid>
<timestamp>2017-05-03T15:41:18Z</timestamp>
<contributor>
<username>HydrizBot</username>
<id>29590</id>
</contributor>
<minor />
<comment>Robô: A limpar links interwikis antigos</comment>
<model>wikitext</model>
<format>text/x-wiki</format>
<text bytes="224" xml:space="preserve">={{-pt-}}=
==Forma verbal==
{{oxítona|jan|tei}}
#[[primeira pessoa]] do [[singular]] do [[pretérito perfeito]] do [[modo indicativo]] do verbo '''[[jantar]]'''
{{avi-for-fle|jantar}}
[[Categoria:Forma verbal (Português)]]</text>
<sha1>34pu8n8gzcvgk78g34nfjqztb76jkxo</sha1>
</revision>
</page>
