<title>jantavam</title>
<ns>0</ns>
<id>168888</id>
<revision>
<id>699808</id>
<timestamp>2010-01-20T19:49:51Z</timestamp>
<contributor>
<username>Jesielt-bot</username>
<id>10876</id>
</contributor>
<comment>Artigo criado por bot</comment>
<model>wikitext</model>
<format>text/x-wiki</format>
<text bytes="193" xml:space="preserve">={{pt}}=
==Forma verbal==
'''jantavam'''
#[[terceira pessoa]] do [[plural]] do [[pretérito imperfeito]] do [[modo indicativo]] do verbo '''[[jantar]]'''
[[Categoria:Forma verbal (Português)]]</text>
<sha1>h67zqaahfpat1elfrnyoto8u0or2b88</sha1>
</revision>
<revision>
<id>720079</id>
<parentid>699808</parentid>
<timestamp>2010-01-27T03:39:55Z</timestamp>
<contributor>
<username>Interwicket</username>
<id>6868</id>
</contributor>
<minor />
<comment>iwiki +[[:no:jantavam]]</comment>
<model>wikitext</model>
<format>text/x-wiki</format>
<text bytes="210" xml:space="preserve">={{pt}}=
==Forma verbal==
'''jantavam'''
#[[terceira pessoa]] do [[plural]] do [[pretérito imperfeito]] do [[modo indicativo]] do verbo '''[[jantar]]'''
[[Categoria:Forma verbal (Português)]]

[[no:jantavam]]</text>
<sha1>omlulu4s5d1lv4n1l1tknr15l1crmit</sha1>
</revision>
<revision>
<id>841189</id>
<parentid>720079</parentid>
<timestamp>2010-03-31T12:54:36Z</timestamp>
<contributor>
<username>Interwicket</username>
<id>6868</id>
</contributor>
<minor />
<comment>iwiki +[[:en:jantavam]]</comment>
<model>wikitext</model>
<format>text/x-wiki</format>
<text bytes="226" xml:space="preserve">={{pt}}=
==Forma verbal==
'''jantavam'''
#[[terceira pessoa]] do [[plural]] do [[pretérito imperfeito]] do [[modo indicativo]] do verbo '''[[jantar]]'''
[[Categoria:Forma verbal (Português)]]

[[en:jantavam]]
[[no:jantavam]]</text>
<sha1>no0cky7vdz6w2mko7qlvndyryssybyg</sha1>
</revision>
<revision>
<id>1156336</id>
<parentid>841189</parentid>
<timestamp>2011-07-05T21:02:03Z</timestamp>
<contributor>
<username>MalafayaBot</username>
<id>628</id>
</contributor>
<minor />
<comment>Robô: Substituição de texto automática (-^\=\s?Português\s?\= +={{-pt-}}= &amp; -^\=\s?\{\{pt\}\}\s?\= +={{-pt-}}=)</comment>
<model>wikitext</model>
<format>text/x-wiki</format>
<text bytes="228" xml:space="preserve">={{-pt-}}=
==Forma verbal==
'''jantavam'''
#[[terceira pessoa]] do [[plural]] do [[pretérito imperfeito]] do [[modo indicativo]] do verbo '''[[jantar]]'''
[[Categoria:Forma verbal (Português)]]

[[en:jantavam]]
[[no:jantavam]]</text>
<sha1>h44yez0d1obhpj4w0tcgnkjgsd43gtq</sha1>
</revision>
<revision>
<id>2227174</id>
<parentid>1156336</parentid>
<timestamp>2017-01-23T16:53:36Z</timestamp>
<contributor>
<username>Defender</username>
<id>15952</id>
</contributor>
<comment>Acrescentando a predefinição [[:template:avi-for-fle|avi-for-fle]]</comment>
<model>wikitext</model>
<format>text/x-wiki</format>
<text bytes="263" xml:space="preserve">={{-pt-}}=
==Forma verbal==
{{paroxítona|jan|ta|vam}}
#[[terceira pessoa]] do [[plural]] do [[pretérito imperfeito]] do [[modo indicativo]] do verbo '''[[jantar]]'''
{{avi-for-fle|jantar}}
[[Categoria:Forma verbal (Português)]]

[[en:jantavam]]
[[no:jantavam]]</text>
<sha1>2kaz72b10i2yx7589iurw1jnso7xmug</sha1>
</revision>
<revision>
<id>2364627</id>
<parentid>2227174</parentid>
<timestamp>2017-05-03T15:41:09Z</timestamp>
<contributor>
<username>HydrizBot</username>
<id>29590</id>
</contributor>
<minor />
<comment>Robô: A limpar links interwikis antigos</comment>
<model>wikitext</model>
<format>text/x-wiki</format>
<text bytes="230" xml:space="preserve">={{-pt-}}=
==Forma verbal==
{{paroxítona|jan|ta|vam}}
#[[terceira pessoa]] do [[plural]] do [[pretérito imperfeito]] do [[modo indicativo]] do verbo '''[[jantar]]'''
{{avi-for-fle|jantar}}
[[Categoria:Forma verbal (Português)]]</text>
<sha1>3450betnq9p3b245odojtfszidkd02n</sha1>
</revision>
</page>
