<title>jantastes</title>
<ns>0</ns>
<id>174403</id>
<revision>
<id>709038</id>
<timestamp>2010-01-23T19:06:48Z</timestamp>
<contributor>
<username>Jesielt-bot</username>
<id>10876</id>
</contributor>
<comment>Verbete criado por bot.</comment>
<model>wikitext</model>
<format>text/x-wiki</format>
<text bytes="190" xml:space="preserve">={{pt}}=
==Forma verbal==
'''jantastes'''
#[[sgunta pessoa]] do [[plural]] do [[pretérito perfeito]] do [[modo indicativo]] do verbo '''[[jantar]]'''
[[Categoria:Forma verbal (Português)]]</text>
<sha1>r7uok4hjen6tvifb2f033nlb0umrguw</sha1>
</revision>
<revision>
<id>710454</id>
<parentid>709038</parentid>
<timestamp>2010-01-23T23:42:46Z</timestamp>
<contributor>
<username>Jesielt-bot</username>
<id>10876</id>
</contributor>
<comment>/* Forma verbal */clean up, replaced: sgunta pessoa → segunda pessoa utilizando [[Project:AWB|AWB]]</comment>
<model>wikitext</model>
<format>text/x-wiki</format>
<text bytes="191" xml:space="preserve">={{pt}}=
==Forma verbal==
'''jantastes'''
#[[segunda pessoa]] do [[plural]] do [[pretérito perfeito]] do [[modo indicativo]] do verbo '''[[jantar]]'''
[[Categoria:Forma verbal (Português)]]</text>
<sha1>bglw3dt0djxkx9675i56h4dbtetxk4n</sha1>
</revision>
<revision>
<id>718585</id>
<parentid>710454</parentid>
<timestamp>2010-01-26T18:27:33Z</timestamp>
<contributor>
<username>Interwicket</username>
<id>6868</id>
</contributor>
<minor />
<comment>iwiki +[[:no:jantastes]]</comment>
<model>wikitext</model>
<format>text/x-wiki</format>
<text bytes="209" xml:space="preserve">={{pt}}=
==Forma verbal==
'''jantastes'''
#[[segunda pessoa]] do [[plural]] do [[pretérito perfeito]] do [[modo indicativo]] do verbo '''[[jantar]]'''
[[Categoria:Forma verbal (Português)]]

[[no:jantastes]]</text>
<sha1>fgazxnorcp4ebkjmo2eetf7qrur16fk</sha1>
</revision>
<revision>
<id>840791</id>
<parentid>718585</parentid>
<timestamp>2010-03-31T10:04:06Z</timestamp>
<contributor>
<username>Interwicket</username>
<id>6868</id>
</contributor>
<minor />
<comment>iwiki +[[:en:jantastes]]</comment>
<model>wikitext</model>
<format>text/x-wiki</format>
<text bytes="226" xml:space="preserve">={{pt}}=
==Forma verbal==
'''jantastes'''
#[[segunda pessoa]] do [[plural]] do [[pretérito perfeito]] do [[modo indicativo]] do verbo '''[[jantar]]'''
[[Categoria:Forma verbal (Português)]]

[[en:jantastes]]
[[no:jantastes]]</text>
<sha1>jsrzr7uuxlt1l86gd7sdpjxsaifhq95</sha1>
</revision>
<revision>
<id>1156334</id>
<parentid>840791</parentid>
<timestamp>2011-07-05T21:02:01Z</timestamp>
<contributor>
<username>MalafayaBot</username>
<id>628</id>
</contributor>
<minor />
<comment>Robô: Substituição de texto automática (-^\=\s?Português\s?\= +={{-pt-}}= &amp; -^\=\s?\{\{pt\}\}\s?\= +={{-pt-}}=)</comment>
<model>wikitext</model>
<format>text/x-wiki</format>
<text bytes="228" xml:space="preserve">={{-pt-}}=
==Forma verbal==
'''jantastes'''
#[[segunda pessoa]] do [[plural]] do [[pretérito perfeito]] do [[modo indicativo]] do verbo '''[[jantar]]'''
[[Categoria:Forma verbal (Português)]]

[[en:jantastes]]
[[no:jantastes]]</text>
<sha1>9fl6hpnw1dwkfoupgu6g82ihiekcy87</sha1>
</revision>
<revision>
<id>2227192</id>
<parentid>1156334</parentid>
<timestamp>2017-01-23T17:07:21Z</timestamp>
<contributor>
<username>Defender</username>
<id>15952</id>
</contributor>
<comment>Acrescentando a predefinição [[:template:avi-for-fle|avi-for-fle]]</comment>
<model>wikitext</model>
<format>text/x-wiki</format>
<text bytes="263" xml:space="preserve">={{-pt-}}=
==Forma verbal==
{{paroxítona|jan|tas|tes}}
#[[segunda pessoa]] do [[plural]] do [[pretérito perfeito]] do [[modo indicativo]] do verbo '''[[jantar]]'''
{{avi-for-fle|jantar}}
[[Categoria:Forma verbal (Português)]]

[[en:jantastes]]
[[no:jantastes]]</text>
<sha1>kxyvi3hiw73iy4b9sge0mzw53pweo0v</sha1>
</revision>
<revision>
<id>2364625</id>
<parentid>2227192</parentid>
<timestamp>2017-05-03T15:41:05Z</timestamp>
<contributor>
<username>HydrizBot</username>
<id>29590</id>
</contributor>
<minor />
<comment>Robô: A limpar links interwikis antigos</comment>
<model>wikitext</model>
<format>text/x-wiki</format>
<text bytes="228" xml:space="preserve">={{-pt-}}=
==Forma verbal==
{{paroxítona|jan|tas|tes}}
#[[segunda pessoa]] do [[plural]] do [[pretérito perfeito]] do [[modo indicativo]] do verbo '''[[jantar]]'''
{{avi-for-fle|jantar}}
[[Categoria:Forma verbal (Português)]]</text>
<sha1>qosv10bql4lsbf2i6vio4mtlcganuy9</sha1>
</revision>
</page>
