<title>jantásseis</title>
<ns>0</ns>
<id>201372</id>
<revision>
<id>771444</id>
<timestamp>2010-02-11T18:37:12Z</timestamp>
<contributor>
<username>Jesielt-bot</username>
<id>10876</id>
</contributor>
<comment>Verbete criado por bot.</comment>
<model>wikitext</model>
<format>text/x-wiki</format>
<text bytes="196" xml:space="preserve">={{pt}}=
==Forma verbal==
'''jantásseis'''
#[[segunda pessoa]] do [[plural]] do [[pretérito imperfeito]] do [[modo subjuntivo]] do verbo '''[[jantar]]'''

[[Categoria:Forma verbal (Português)]]</text>
<sha1>39jcuwad5vi95oxjjielprztissdin0</sha1>
</revision>
<revision>
<id>788892</id>
<parentid>771444</parentid>
<timestamp>2010-02-17T08:57:09Z</timestamp>
<contributor>
<username>Interwicket</username>
<id>6868</id>
</contributor>
<minor />
<comment>iwiki +[[:no:jantásseis]]</comment>
<model>wikitext</model>
<format>text/x-wiki</format>
<text bytes="216" xml:space="preserve">={{pt}}=
==Forma verbal==
'''jantásseis'''
#[[segunda pessoa]] do [[plural]] do [[pretérito imperfeito]] do [[modo subjuntivo]] do verbo '''[[jantar]]'''

[[Categoria:Forma verbal (Português)]]

[[no:jantásseis]]</text>
<sha1>b52bnfakhc6t3mjimevvnm0qssmrlpq</sha1>
</revision>
<revision>
<id>840413</id>
<parentid>788892</parentid>
<timestamp>2010-03-31T07:58:09Z</timestamp>
<contributor>
<username>Interwicket</username>
<id>6868</id>
</contributor>
<minor />
<comment>iwiki +[[:en:jantásseis]]</comment>
<model>wikitext</model>
<format>text/x-wiki</format>
<text bytes="235" xml:space="preserve">={{pt}}=
==Forma verbal==
'''jantásseis'''
#[[segunda pessoa]] do [[plural]] do [[pretérito imperfeito]] do [[modo subjuntivo]] do verbo '''[[jantar]]'''

[[Categoria:Forma verbal (Português)]]

[[en:jantásseis]]
[[no:jantásseis]]</text>
<sha1>kbaqbbifgy2fzd77du00e88ahsm7zs6</sha1>
</revision>
<revision>
<id>1156349</id>
<parentid>840413</parentid>
<timestamp>2011-07-05T21:02:16Z</timestamp>
<contributor>
<username>MalafayaBot</username>
<id>628</id>
</contributor>
<minor />
<comment>Robô: Substituição de texto automática (-^\=\s?Português\s?\= +={{-pt-}}= &amp; -^\=\s?\{\{pt\}\}\s?\= +={{-pt-}}=)</comment>
<model>wikitext</model>
<format>text/x-wiki</format>
<text bytes="237" xml:space="preserve">={{-pt-}}=
==Forma verbal==
'''jantásseis'''
#[[segunda pessoa]] do [[plural]] do [[pretérito imperfeito]] do [[modo subjuntivo]] do verbo '''[[jantar]]'''

[[Categoria:Forma verbal (Português)]]

[[en:jantásseis]]
[[no:jantásseis]]</text>
<sha1>dk6wfbxwn2s15gl2q7nmcpqiwvwn49e</sha1>
</revision>
<revision>
<id>2227270</id>
<parentid>1156349</parentid>
<timestamp>2017-01-23T18:22:16Z</timestamp>
<contributor>
<username>Defender</username>
<id>15952</id>
</contributor>
<comment>Acrescentando a predefinição [[:template:avi-for-fle|avi-for-fle]]</comment>
<model>wikitext</model>
<format>text/x-wiki</format>
<text bytes="271" xml:space="preserve">={{-pt-}}=
==Forma verbal==
{{paroxítona|jan|tás|seis}}
#[[segunda pessoa]] do [[plural]] do [[pretérito imperfeito]] do [[modo subjuntivo]] do verbo '''[[jantar]]'''
{{avi-for-fle|jantar}}
[[Categoria:Forma verbal (Português)]]

[[en:jantásseis]]
[[no:jantásseis]]</text>
<sha1>r36vs81gq6j2vm5lce6idcrz4sqrfa3</sha1>
</revision>
<revision>
<id>2364642</id>
<parentid>2227270</parentid>
<timestamp>2017-05-03T15:41:49Z</timestamp>
<contributor>
<username>HydrizBot</username>
<id>29590</id>
</contributor>
<minor />
<comment>Robô: A limpar links interwikis antigos</comment>
<model>wikitext</model>
<format>text/x-wiki</format>
<text bytes="232" xml:space="preserve">={{-pt-}}=
==Forma verbal==
{{paroxítona|jan|tás|seis}}
#[[segunda pessoa]] do [[plural]] do [[pretérito imperfeito]] do [[modo subjuntivo]] do verbo '''[[jantar]]'''
{{avi-for-fle|jantar}}
[[Categoria:Forma verbal (Português)]]</text>
<sha1>bqd4yfvad51rwab50esyynlrhhppq1a</sha1>
</revision>
</page>
