<title>jantares</title>
<ns>0</ns>
<id>207065</id>
<revision>
<id>784152</id>
<timestamp>2010-02-16T13:32:23Z</timestamp>
<contributor>
<username>Jesielt-bot</username>
<id>10876</id>
</contributor>
<comment>Verbete criado por bot.</comment>
<model>wikitext</model>
<format>text/x-wiki</format>
<text bytes="252" xml:space="preserve">={{pt}}=
==Forma verbal==
'''jantares'''
#[[segunda pessoa]] do [[singular]] do [[futuro]] do [[modo subjuntivo]] do verbo '''[[jantar]]'''
#[[infinitivo pessoal]] da [[segunda pessoa]] do verbo '''[[jantar]]'''

[[Categoria:Forma verbal (Português)]]</text>
<sha1>o93uy9vw0fswmtalti4pvxehktebf7a</sha1>
</revision>
<revision>
<id>786526</id>
<parentid>784152</parentid>
<timestamp>2010-02-16T21:07:07Z</timestamp>
<contributor>
<username>Interwicket</username>
<id>6868</id>
</contributor>
<minor />
<comment>iwiki +[[:no:jantares]]</comment>
<model>wikitext</model>
<format>text/x-wiki</format>
<text bytes="269" xml:space="preserve">={{pt}}=
==Forma verbal==
'''jantares'''
#[[segunda pessoa]] do [[singular]] do [[futuro]] do [[modo subjuntivo]] do verbo '''[[jantar]]'''
#[[infinitivo pessoal]] da [[segunda pessoa]] do verbo '''[[jantar]]'''

[[Categoria:Forma verbal (Português)]]

[[no:jantares]]</text>
<sha1>01up44fp0wy5lxaep5qanqafzmx1fux</sha1>
</revision>
<revision>
<id>790187</id>
<parentid>786526</parentid>
<timestamp>2010-02-17T14:39:00Z</timestamp>
<contributor>
<username>Jesielt-bot</username>
<id>10876</id>
</contributor>
<comment>/* Forma verbal */clean up, replaced: pessoal]] da [[segunda pessoa]] → pessoal]] da [[segunda pessoa]] do [[singular]] utilizando [[Project:AWB|AWB]]</comment>
<model>wikitext</model>
<format>text/x-wiki</format>
<text bytes="285" xml:space="preserve">={{pt}}=
==Forma verbal==
'''jantares'''
#[[segunda pessoa]] do [[singular]] do [[futuro]] do [[modo subjuntivo]] do verbo '''[[jantar]]'''
#[[infinitivo pessoal]] da [[segunda pessoa]] do [[singular]] do verbo '''[[jantar]]'''

[[Categoria:Forma verbal (Português)]]

[[no:jantares]]</text>
<sha1>q23c4bykv3uoq26eqjotepmuzuwq2hb</sha1>
</revision>
<revision>
<id>843469</id>
<parentid>790187</parentid>
<timestamp>2010-04-01T06:26:55Z</timestamp>
<contributor>
<username>Interwicket</username>
<id>6868</id>
</contributor>
<minor />
<comment>iwiki +[[:en:jantares]]</comment>
<model>wikitext</model>
<format>text/x-wiki</format>
<text bytes="301" xml:space="preserve">={{pt}}=
==Forma verbal==
'''jantares'''
#[[segunda pessoa]] do [[singular]] do [[futuro]] do [[modo subjuntivo]] do verbo '''[[jantar]]'''
#[[infinitivo pessoal]] da [[segunda pessoa]] do [[singular]] do verbo '''[[jantar]]'''

[[Categoria:Forma verbal (Português)]]

[[en:jantares]]
[[no:jantares]]</text>
<sha1>rv72fimonbidwv530lxk6qqsi8pokuc</sha1>
</revision>
<revision>
<id>1156319</id>
<parentid>843469</parentid>
<timestamp>2011-07-05T21:01:45Z</timestamp>
<contributor>
<username>MalafayaBot</username>
<id>628</id>
</contributor>
<minor />
<comment>Robô: Substituição de texto automática (-^\=\s?Português\s?\= +={{-pt-}}= &amp; -^\=\s?\{\{pt\}\}\s?\= +={{-pt-}}=)</comment>
<model>wikitext</model>
<format>text/x-wiki</format>
<text bytes="303" xml:space="preserve">={{-pt-}}=
==Forma verbal==
'''jantares'''
#[[segunda pessoa]] do [[singular]] do [[futuro]] do [[modo subjuntivo]] do verbo '''[[jantar]]'''
#[[infinitivo pessoal]] da [[segunda pessoa]] do [[singular]] do verbo '''[[jantar]]'''

[[Categoria:Forma verbal (Português)]]

[[en:jantares]]
[[no:jantares]]</text>
<sha1>c7omjbptjy2v0v43abrofleoms7if78</sha1>
</revision>
<revision>
<id>2227276</id>
<parentid>1156319</parentid>
<timestamp>2017-01-23T18:23:33Z</timestamp>
<contributor>
<username>Defender</username>
<id>15952</id>
</contributor>
<comment>Acrescentando a predefinição [[:template:avi-for-fle|avi-for-fle]]</comment>
<model>wikitext</model>
<format>text/x-wiki</format>
<text bytes="484" xml:space="preserve">={{-pt-}}=
==Forma verbal==
{{paroxítona|jan|ta|res}}
#[[segunda pessoa]] do [[singular]] do [[futuro]] do [[modo subjuntivo]] do verbo '''[[jantar]]'''
#[[infinitivo pessoal]] da [[segunda pessoa]] do [[singular]] do verbo '''[[jantar]]'''
{{avi-for-fle|jantar}}
==Forma de substantivo==
{{paroxítona|jan|ta|res}}
# plural de [[jantar]]
{{avi-for-fle|jantar}}

[[Categoria:Forma verbal (Português)]]
[[Categoria:Forma de substantivo (Português)]]

[[en:jantares]]
[[no:jantares]]</text>
<sha1>9fl2vzunbi68lux2swomahslkqlx0gy</sha1>
</revision>
<revision>
<id>2364610</id>
<parentid>2227276</parentid>
<timestamp>2017-05-03T15:40:34Z</timestamp>
<contributor>
<username>HydrizBot</username>
<id>29590</id>
</contributor>
<minor />
<comment>Robô: A limpar links interwikis antigos</comment>
<model>wikitext</model>
<format>text/x-wiki</format>
<text bytes="451" xml:space="preserve">={{-pt-}}=
==Forma verbal==
{{paroxítona|jan|ta|res}}
#[[segunda pessoa]] do [[singular]] do [[futuro]] do [[modo subjuntivo]] do verbo '''[[jantar]]'''
#[[infinitivo pessoal]] da [[segunda pessoa]] do [[singular]] do verbo '''[[jantar]]'''
{{avi-for-fle|jantar}}
==Forma de substantivo==
{{paroxítona|jan|ta|res}}
# plural de [[jantar]]
{{avi-for-fle|jantar}}

[[Categoria:Forma verbal (Português)]]
[[Categoria:Forma de substantivo (Português)]]</text>
<sha1>jo9qroe7wr4ktgato1ft1x57p6tyhhc</sha1>
</revision>
<revision>
<id>2467977</id>
<parentid>2364610</parentid>
<timestamp>2017-12-07T21:28:06Z</timestamp>
<contributor>
<username>Imivorn</username>
<id>64513</id>
</contributor>
<model>wikitext</model>
<format>text/x-wiki</format>
<text bytes="621" xml:space="preserve">={{-pt-}}=
==Forma verbal==
{{paroxítona|jan|ta|res}}
#[[segunda pessoa]] do [[singular]] do [[futuro]] do [[modo subjuntivo]] do verbo '''[[jantar]]'''
#[[infinitivo pessoal]] da [[segunda pessoa]] do [[singular]] do verbo '''[[jantar]]'''
{{avi-for-fle|jantar}}
==Forma de substantivo==
{{paroxítona|jan|ta|res}}
# plural de [[jantar]]
{{avi-for-fle|jantar}}

[[Categoria:Forma verbal (Português)]]
[[Categoria:Forma de substantivo (Português)]]


={{-mwl-}}=
==Forma de substantivo==
{{paroxítona|jan|ta|res|língua=mwl}}
# plural de '''[[jantar#{{mwl}}|jantar]]'''

[[Categoria:Forma de substantivo (Mirandês)]]</text>
<sha1>l2y9brujp3ko20zhgm43s9zdlqa39jb</sha1>
</revision>
</page>
