<title>jantung</title>
<ns>0</ns>
<id>110013</id>
<revision>
<id>445013</id>
<timestamp>2009-04-03T19:18:54Z</timestamp>
<contributor>
<username>Eusbarbosa</username>
<id>117</id>
</contributor>
<comment>[[Ajuda:Menus e funções/Sumário de edição#Sumário de edição automático|→]] nova página: ={{-id-}}= =={{subst}}== '''jan.tung'''   :# [[coração]]  {{vertb}} :'''No Wikcionário''': * [[…</comment>
<model>wikitext</model>
<format>text/x-wiki</format>
<text bytes="362" xml:space="preserve">={{-id-}}=
=={{subst}}==
'''jan.tung'''


:# [[coração]]

{{vertb}}
:'''No Wikcionário''':
* [[mata]]
* [[alis]]
* [[sol]]
* [[pipi]]
* [[kulit]]
* [[tangan]]
* [[kepala]]
* [[kaki]]
* [[hu'in]]
* [[butuh]]
* [[kemaluan]]
* [[perut]]
* [[mulut]]
* [[gigi]]
* [[hidung]]
* [[lidah]]



[[Categoria:Substantivo (Indonésio)]]
[[categoria:Anatomia (Indonésio)]]</text>
<sha1>7wzduno7ktqqb8h7vj92kfdqn1k9t64</sha1>
</revision>
<revision>
<id>445057</id>
<parentid>445013</parentid>
<timestamp>2009-04-03T21:03:33Z</timestamp>
<contributor>
<username>Interwicket</username>
<id>6868</id>
</contributor>
<minor />
<comment>iwiki +[[:el:jantung]], [[:en:jantung]], [[:fr:jantung]], [[:hu:jantung]], id, io, lt, ms, nl, tr</comment>
<model>wikitext</model>
<format>text/x-wiki</format>
<text bytes="513" xml:space="preserve">={{-id-}}=
=={{subst}}==
'''jan.tung'''


:# [[coração]]

{{vertb}}
:'''No Wikcionário''':
* [[mata]]
* [[alis]]
* [[sol]]
* [[pipi]]
* [[kulit]]
* [[tangan]]
* [[kepala]]
* [[kaki]]
* [[hu'in]]
* [[butuh]]
* [[kemaluan]]
* [[perut]]
* [[mulut]]
* [[gigi]]
* [[hidung]]
* [[lidah]]



[[Categoria:Substantivo (Indonésio)]]
[[categoria:Anatomia (Indonésio)]]

[[el:jantung]]
[[en:jantung]]
[[fr:jantung]]
[[hu:jantung]]
[[id:jantung]]
[[io:jantung]]
[[lt:jantung]]
[[ms:jantung]]
[[nl:jantung]]
[[tr:jantung]]</text>
<sha1>o86xc02h1wmys3nalb30ustq99bu0q9</sha1>
</revision>
<revision>
<id>571425</id>
<parentid>445057</parentid>
<timestamp>2009-10-18T12:32:57Z</timestamp>
<contributor>
<username>Interwicket</username>
<id>6868</id>
</contributor>
<minor />
<comment>iwiki +[[:fi:jantung]]</comment>
<model>wikitext</model>
<format>text/x-wiki</format>
<text bytes="528" xml:space="preserve">={{-id-}}=
=={{subst}}==
'''jan.tung'''


:# [[coração]]

{{vertb}}
:'''No Wikcionário''':
* [[mata]]
* [[alis]]
* [[sol]]
* [[pipi]]
* [[kulit]]
* [[tangan]]
* [[kepala]]
* [[kaki]]
* [[hu'in]]
* [[butuh]]
* [[kemaluan]]
* [[perut]]
* [[mulut]]
* [[gigi]]
* [[hidung]]
* [[lidah]]



[[Categoria:Substantivo (Indonésio)]]
[[categoria:Anatomia (Indonésio)]]

[[el:jantung]]
[[en:jantung]]
[[fi:jantung]]
[[fr:jantung]]
[[hu:jantung]]
[[id:jantung]]
[[io:jantung]]
[[lt:jantung]]
[[ms:jantung]]
[[nl:jantung]]
[[tr:jantung]]</text>
<sha1>0cgzmcvhligfzi4pdq282s9ti1xc64o</sha1>
</revision>
<revision>
<id>727677</id>
<parentid>571425</parentid>
<timestamp>2010-01-28T23:27:47Z</timestamp>
<contributor>
<username>Jesielt-bot</username>
<id>10876</id>
</contributor>
<comment>/* {{subst}} */replaced: {{subst}} → Substantivo, :# → # utilizando [[Project:AWB|AWB]]</comment>
<model>wikitext</model>
<format>text/x-wiki</format>
<text bytes="529" xml:space="preserve">={{-id-}}=
==Substantivo==
'''jan.tung'''


# [[coração]]

{{vertb}}
:'''No Wikcionário''':
* [[mata]]
* [[alis]]
* [[sol]]
* [[pipi]]
* [[kulit]]
* [[tangan]]
* [[kepala]]
* [[kaki]]
* [[hu'in]]
* [[butuh]]
* [[kemaluan]]
* [[perut]]
* [[mulut]]
* [[gigi]]
* [[hidung]]
* [[lidah]]



[[Categoria:Substantivo (Indonésio)]]
[[categoria:Anatomia (Indonésio)]]

[[el:jantung]]
[[en:jantung]]
[[fi:jantung]]
[[fr:jantung]]
[[hu:jantung]]
[[id:jantung]]
[[io:jantung]]
[[lt:jantung]]
[[ms:jantung]]
[[nl:jantung]]
[[tr:jantung]]</text>
<sha1>nmo0ok19dtqrux46ik56hkllr1ghbiy</sha1>
</revision>
<revision>
<id>902880</id>
<parentid>727677</parentid>
<timestamp>2010-06-18T16:50:02Z</timestamp>
<contributor>
<username>Interwicket</username>
<id>6868</id>
</contributor>
<minor />
<comment>iwiki +[[:sv:jantung]]</comment>
<model>wikitext</model>
<format>text/x-wiki</format>
<text bytes="544" xml:space="preserve">={{-id-}}=
==Substantivo==
'''jan.tung'''


# [[coração]]

{{vertb}}
:'''No Wikcionário''':
* [[mata]]
* [[alis]]
* [[sol]]
* [[pipi]]
* [[kulit]]
* [[tangan]]
* [[kepala]]
* [[kaki]]
* [[hu'in]]
* [[butuh]]
* [[kemaluan]]
* [[perut]]
* [[mulut]]
* [[gigi]]
* [[hidung]]
* [[lidah]]



[[Categoria:Substantivo (Indonésio)]]
[[categoria:Anatomia (Indonésio)]]

[[el:jantung]]
[[en:jantung]]
[[fi:jantung]]
[[fr:jantung]]
[[hu:jantung]]
[[id:jantung]]
[[io:jantung]]
[[lt:jantung]]
[[ms:jantung]]
[[nl:jantung]]
[[sv:jantung]]
[[tr:jantung]]</text>
<sha1>d5jkh84co064a43su0g4mvim10j6flt</sha1>
</revision>
<revision>
<id>979076</id>
<parentid>902880</parentid>
<timestamp>2010-11-06T14:18:38Z</timestamp>
<contributor>
<username>Interwicket</username>
<id>6868</id>
</contributor>
<minor />
<comment>iwiki +[[:zh:jantung]]</comment>
<model>wikitext</model>
<format>text/x-wiki</format>
<text bytes="559" xml:space="preserve">={{-id-}}=
==Substantivo==
'''jan.tung'''


# [[coração]]

{{vertb}}
:'''No Wikcionário''':
* [[mata]]
* [[alis]]
* [[sol]]
* [[pipi]]
* [[kulit]]
* [[tangan]]
* [[kepala]]
* [[kaki]]
* [[hu'in]]
* [[butuh]]
* [[kemaluan]]
* [[perut]]
* [[mulut]]
* [[gigi]]
* [[hidung]]
* [[lidah]]



[[Categoria:Substantivo (Indonésio)]]
[[categoria:Anatomia (Indonésio)]]

[[el:jantung]]
[[en:jantung]]
[[fi:jantung]]
[[fr:jantung]]
[[hu:jantung]]
[[id:jantung]]
[[io:jantung]]
[[lt:jantung]]
[[ms:jantung]]
[[nl:jantung]]
[[sv:jantung]]
[[tr:jantung]]
[[zh:jantung]]</text>
<sha1>p813dlgygdhpbqogh53dn8t86copu3d</sha1>
</revision>
<revision>
<id>1079870</id>
<parentid>979076</parentid>
<timestamp>2011-05-25T03:14:32Z</timestamp>
<contributor>
<username>Luckas-bot</username>
<id>5986</id>
</contributor>
<minor />
<comment>r2.7.1) (Bot: Adicionando: [[ta:jantung]]</comment>
<model>wikitext</model>
<format>text/x-wiki</format>
<text bytes="574" xml:space="preserve">={{-id-}}=
==Substantivo==
'''jan.tung'''


# [[coração]]

{{vertb}}
:'''No Wikcionário''':
* [[mata]]
* [[alis]]
* [[sol]]
* [[pipi]]
* [[kulit]]
* [[tangan]]
* [[kepala]]
* [[kaki]]
* [[hu'in]]
* [[butuh]]
* [[kemaluan]]
* [[perut]]
* [[mulut]]
* [[gigi]]
* [[hidung]]
* [[lidah]]



[[Categoria:Substantivo (Indonésio)]]
[[categoria:Anatomia (Indonésio)]]

[[el:jantung]]
[[en:jantung]]
[[fi:jantung]]
[[fr:jantung]]
[[hu:jantung]]
[[id:jantung]]
[[io:jantung]]
[[lt:jantung]]
[[ms:jantung]]
[[nl:jantung]]
[[sv:jantung]]
[[ta:jantung]]
[[tr:jantung]]
[[zh:jantung]]</text>
<sha1>o412g0kv1rt3l6dxtr89oanlr3rn0e8</sha1>
</revision>
<revision>
<id>1337141</id>
<parentid>1079870</parentid>
<timestamp>2011-12-17T00:17:16Z</timestamp>
<contributor>
<username>Luckas-bot</username>
<id>5986</id>
</contributor>
<minor />
<comment>r2.7.2) (Robô: A adicionar: [[ca:jantung]], [[et:jantung]]</comment>
<model>wikitext</model>
<format>text/x-wiki</format>
<text bytes="604" xml:space="preserve">={{-id-}}=
==Substantivo==
'''jan.tung'''


# [[coração]]

{{vertb}}
:'''No Wikcionário''':
* [[mata]]
* [[alis]]
* [[sol]]
* [[pipi]]
* [[kulit]]
* [[tangan]]
* [[kepala]]
* [[kaki]]
* [[hu'in]]
* [[butuh]]
* [[kemaluan]]
* [[perut]]
* [[mulut]]
* [[gigi]]
* [[hidung]]
* [[lidah]]



[[Categoria:Substantivo (Indonésio)]]
[[categoria:Anatomia (Indonésio)]]

[[ca:jantung]]
[[el:jantung]]
[[en:jantung]]
[[et:jantung]]
[[fi:jantung]]
[[fr:jantung]]
[[hu:jantung]]
[[id:jantung]]
[[io:jantung]]
[[lt:jantung]]
[[ms:jantung]]
[[nl:jantung]]
[[sv:jantung]]
[[ta:jantung]]
[[tr:jantung]]
[[zh:jantung]]</text>
<sha1>cau6c9d88k1makeckt1ybxmtpztnhld</sha1>
</revision>
<revision>
<id>1393388</id>
<parentid>1337141</parentid>
<timestamp>2012-03-29T09:32:04Z</timestamp>
<contributor>
<username>JAnDbot</username>
<id>25083</id>
</contributor>
<minor />
<comment>r2.7.2) (Robô: A adicionar: [[eu:jantung]]</comment>
<model>wikitext</model>
<format>text/x-wiki</format>
<text bytes="619" xml:space="preserve">={{-id-}}=
==Substantivo==
'''jan.tung'''


# [[coração]]

{{vertb}}
:'''No Wikcionário''':
* [[mata]]
* [[alis]]
* [[sol]]
* [[pipi]]
* [[kulit]]
* [[tangan]]
* [[kepala]]
* [[kaki]]
* [[hu'in]]
* [[butuh]]
* [[kemaluan]]
* [[perut]]
* [[mulut]]
* [[gigi]]
* [[hidung]]
* [[lidah]]



[[Categoria:Substantivo (Indonésio)]]
[[categoria:Anatomia (Indonésio)]]

[[ca:jantung]]
[[el:jantung]]
[[en:jantung]]
[[et:jantung]]
[[eu:jantung]]
[[fi:jantung]]
[[fr:jantung]]
[[hu:jantung]]
[[id:jantung]]
[[io:jantung]]
[[lt:jantung]]
[[ms:jantung]]
[[nl:jantung]]
[[sv:jantung]]
[[ta:jantung]]
[[tr:jantung]]
[[zh:jantung]]</text>
<sha1>3tv35pwc787zz7ejyrnn73zg1j8qd6b</sha1>
</revision>
<revision>
<id>1423488</id>
<parentid>1393388</parentid>
<timestamp>2012-06-24T08:57:06Z</timestamp>
<contributor>
<username>HydrizBot</username>
<id>29590</id>
</contributor>
<minor />
<comment>r2.7.3) (Robô: A adicionar: [[mg:jantung]]</comment>
<model>wikitext</model>
<format>text/x-wiki</format>
<text bytes="634" xml:space="preserve">={{-id-}}=
==Substantivo==
'''jan.tung'''


# [[coração]]

{{vertb}}
:'''No Wikcionário''':
* [[mata]]
* [[alis]]
* [[sol]]
* [[pipi]]
* [[kulit]]
* [[tangan]]
* [[kepala]]
* [[kaki]]
* [[hu'in]]
* [[butuh]]
* [[kemaluan]]
* [[perut]]
* [[mulut]]
* [[gigi]]
* [[hidung]]
* [[lidah]]



[[Categoria:Substantivo (Indonésio)]]
[[categoria:Anatomia (Indonésio)]]

[[ca:jantung]]
[[el:jantung]]
[[en:jantung]]
[[et:jantung]]
[[eu:jantung]]
[[fi:jantung]]
[[fr:jantung]]
[[hu:jantung]]
[[id:jantung]]
[[io:jantung]]
[[lt:jantung]]
[[mg:jantung]]
[[ms:jantung]]
[[nl:jantung]]
[[sv:jantung]]
[[ta:jantung]]
[[tr:jantung]]
[[zh:jantung]]</text>
<sha1>8q2cp4ci1ln81tma6s2p8qh6573v1ob</sha1>
</revision>
<revision>
<id>1494845</id>
<parentid>1423488</parentid>
<timestamp>2012-10-23T03:58:45Z</timestamp>
<contributor>
<username>HydrizBot</username>
<id>29590</id>
</contributor>
<minor />
<comment>r2.7.3) (Robô: A adicionar: [[sm:jantung]]</comment>
<model>wikitext</model>
<format>text/x-wiki</format>
<text bytes="649" xml:space="preserve">={{-id-}}=
==Substantivo==
'''jan.tung'''


# [[coração]]

{{vertb}}
:'''No Wikcionário''':
* [[mata]]
* [[alis]]
* [[sol]]
* [[pipi]]
* [[kulit]]
* [[tangan]]
* [[kepala]]
* [[kaki]]
* [[hu'in]]
* [[butuh]]
* [[kemaluan]]
* [[perut]]
* [[mulut]]
* [[gigi]]
* [[hidung]]
* [[lidah]]



[[Categoria:Substantivo (Indonésio)]]
[[categoria:Anatomia (Indonésio)]]

[[ca:jantung]]
[[el:jantung]]
[[en:jantung]]
[[et:jantung]]
[[eu:jantung]]
[[fi:jantung]]
[[fr:jantung]]
[[hu:jantung]]
[[id:jantung]]
[[io:jantung]]
[[lt:jantung]]
[[mg:jantung]]
[[ms:jantung]]
[[nl:jantung]]
[[sm:jantung]]
[[sv:jantung]]
[[ta:jantung]]
[[tr:jantung]]
[[zh:jantung]]</text>
<sha1>m66ay3nh3jmohikiq0klisvumngcg54</sha1>
</revision>
<revision>
<id>1538167</id>
<parentid>1494845</parentid>
<timestamp>2012-12-02T17:37:22Z</timestamp>
<contributor>
<username>VJBot</username>
<id>33673</id>
</contributor>
<minor />
<comment>Robô: Substituição de texto automática  (-{{vertb}} +Ver também)</comment>
<model>wikitext</model>
<format>text/x-wiki</format>
<text bytes="651" xml:space="preserve">={{-id-}}=
==Substantivo==
'''jan.tung'''


# [[coração]]

Ver também
:'''No Wikcionário''':
* [[mata]]
* [[alis]]
* [[sol]]
* [[pipi]]
* [[kulit]]
* [[tangan]]
* [[kepala]]
* [[kaki]]
* [[hu'in]]
* [[butuh]]
* [[kemaluan]]
* [[perut]]
* [[mulut]]
* [[gigi]]
* [[hidung]]
* [[lidah]]



[[Categoria:Substantivo (Indonésio)]]
[[categoria:Anatomia (Indonésio)]]

[[ca:jantung]]
[[el:jantung]]
[[en:jantung]]
[[et:jantung]]
[[eu:jantung]]
[[fi:jantung]]
[[fr:jantung]]
[[hu:jantung]]
[[id:jantung]]
[[io:jantung]]
[[lt:jantung]]
[[mg:jantung]]
[[ms:jantung]]
[[nl:jantung]]
[[sm:jantung]]
[[sv:jantung]]
[[ta:jantung]]
[[tr:jantung]]
[[zh:jantung]]</text>
<sha1>0k6d3udqiqhknelwuwtjk7zxt3s4lt8</sha1>
</revision>
<revision>
<id>1576314</id>
<parentid>1538167</parentid>
<timestamp>2013-01-10T15:55:49Z</timestamp>
<contributor>
<username>HydrizBot</username>
<id>29590</id>
</contributor>
<minor />
<comment>r2.7.3) (Robô: A adicionar: [[jv:jantung]]</comment>
<model>wikitext</model>
<format>text/x-wiki</format>
<text bytes="666" xml:space="preserve">={{-id-}}=
==Substantivo==
'''jan.tung'''


# [[coração]]

Ver também
:'''No Wikcionário''':
* [[mata]]
* [[alis]]
* [[sol]]
* [[pipi]]
* [[kulit]]
* [[tangan]]
* [[kepala]]
* [[kaki]]
* [[hu'in]]
* [[butuh]]
* [[kemaluan]]
* [[perut]]
* [[mulut]]
* [[gigi]]
* [[hidung]]
* [[lidah]]



[[Categoria:Substantivo (Indonésio)]]
[[categoria:Anatomia (Indonésio)]]

[[ca:jantung]]
[[el:jantung]]
[[en:jantung]]
[[et:jantung]]
[[eu:jantung]]
[[fi:jantung]]
[[fr:jantung]]
[[hu:jantung]]
[[id:jantung]]
[[io:jantung]]
[[jv:jantung]]
[[lt:jantung]]
[[mg:jantung]]
[[ms:jantung]]
[[nl:jantung]]
[[sm:jantung]]
[[sv:jantung]]
[[ta:jantung]]
[[tr:jantung]]
[[zh:jantung]]</text>
<sha1>7scphee2leljjle5byi86qnjlogjn7j</sha1>
</revision>
<revision>
<id>1707966</id>
<parentid>1576314</parentid>
<timestamp>2013-08-06T17:31:18Z</timestamp>
<contributor>
<username>HydrizBot</username>
<id>29590</id>
</contributor>
<minor />
<comment>r2.7.3) (Robô: A adicionar: [[ko:jantung]], [[ru:jantung]]</comment>
<model>wikitext</model>
<format>text/x-wiki</format>
<text bytes="696" xml:space="preserve">={{-id-}}=
==Substantivo==
'''jan.tung'''


# [[coração]]

Ver também
:'''No Wikcionário''':
* [[mata]]
* [[alis]]
* [[sol]]
* [[pipi]]
* [[kulit]]
* [[tangan]]
* [[kepala]]
* [[kaki]]
* [[hu'in]]
* [[butuh]]
* [[kemaluan]]
* [[perut]]
* [[mulut]]
* [[gigi]]
* [[hidung]]
* [[lidah]]



[[Categoria:Substantivo (Indonésio)]]
[[categoria:Anatomia (Indonésio)]]

[[ca:jantung]]
[[el:jantung]]
[[en:jantung]]
[[et:jantung]]
[[eu:jantung]]
[[fi:jantung]]
[[fr:jantung]]
[[hu:jantung]]
[[id:jantung]]
[[io:jantung]]
[[jv:jantung]]
[[ko:jantung]]
[[lt:jantung]]
[[mg:jantung]]
[[ms:jantung]]
[[nl:jantung]]
[[ru:jantung]]
[[sm:jantung]]
[[sv:jantung]]
[[ta:jantung]]
[[tr:jantung]]
[[zh:jantung]]</text>
<sha1>5bpp1oo8il8s3o3g0yq4azujo2b0k2e</sha1>
</revision>
<revision>
<id>1714887</id>
<parentid>1707966</parentid>
<timestamp>2013-08-18T19:49:16Z</timestamp>
<contributor>
<username>HydrizBot</username>
<id>29590</id>
</contributor>
<minor />
<comment>r2.7.3) (Robô: A adicionar: [[be:jantung]], [[chr:jantung]]</comment>
<model>wikitext</model>
<format>text/x-wiki</format>
<text bytes="727" xml:space="preserve">={{-id-}}=
==Substantivo==
'''jan.tung'''


# [[coração]]

Ver também
:'''No Wikcionário''':
* [[mata]]
* [[alis]]
* [[sol]]
* [[pipi]]
* [[kulit]]
* [[tangan]]
* [[kepala]]
* [[kaki]]
* [[hu'in]]
* [[butuh]]
* [[kemaluan]]
* [[perut]]
* [[mulut]]
* [[gigi]]
* [[hidung]]
* [[lidah]]



[[Categoria:Substantivo (Indonésio)]]
[[categoria:Anatomia (Indonésio)]]

[[be:jantung]]
[[ca:jantung]]
[[chr:jantung]]
[[el:jantung]]
[[en:jantung]]
[[et:jantung]]
[[eu:jantung]]
[[fi:jantung]]
[[fr:jantung]]
[[hu:jantung]]
[[id:jantung]]
[[io:jantung]]
[[jv:jantung]]
[[ko:jantung]]
[[lt:jantung]]
[[mg:jantung]]
[[ms:jantung]]
[[nl:jantung]]
[[ru:jantung]]
[[sm:jantung]]
[[sv:jantung]]
[[ta:jantung]]
[[tr:jantung]]
[[zh:jantung]]</text>
<sha1>li8o4hgxg3rb0qltgifrcb1wsyy0qc5</sha1>
</revision>
<revision>
<id>1860798</id>
<parentid>1714887</parentid>
<timestamp>2014-09-21T06:29:26Z</timestamp>
<contributor>
<username>JAnDbot</username>
<id>25083</id>
</contributor>
<minor />
<comment>r2.7.3) (Robô: A adicionar: [[az:jantung]]</comment>
<model>wikitext</model>
<format>text/x-wiki</format>
<text bytes="742" xml:space="preserve">={{-id-}}=
==Substantivo==
'''jan.tung'''


# [[coração]]

Ver também
:'''No Wikcionário''':
* [[mata]]
* [[alis]]
* [[sol]]
* [[pipi]]
* [[kulit]]
* [[tangan]]
* [[kepala]]
* [[kaki]]
* [[hu'in]]
* [[butuh]]
* [[kemaluan]]
* [[perut]]
* [[mulut]]
* [[gigi]]
* [[hidung]]
* [[lidah]]



[[Categoria:Substantivo (Indonésio)]]
[[categoria:Anatomia (Indonésio)]]

[[az:jantung]]
[[be:jantung]]
[[ca:jantung]]
[[chr:jantung]]
[[el:jantung]]
[[en:jantung]]
[[et:jantung]]
[[eu:jantung]]
[[fi:jantung]]
[[fr:jantung]]
[[hu:jantung]]
[[id:jantung]]
[[io:jantung]]
[[jv:jantung]]
[[ko:jantung]]
[[lt:jantung]]
[[mg:jantung]]
[[ms:jantung]]
[[nl:jantung]]
[[ru:jantung]]
[[sm:jantung]]
[[sv:jantung]]
[[ta:jantung]]
[[tr:jantung]]
[[zh:jantung]]</text>
<sha1>50pugip93jeyjdh9y2zg1qeg0etp2kz</sha1>
</revision>
<revision>
<id>2364638</id>
<parentid>1860798</parentid>
<timestamp>2017-05-03T15:41:42Z</timestamp>
<contributor>
<username>HydrizBot</username>
<id>29590</id>
</contributor>
<minor />
<comment>Robô: A limpar links interwikis antigos</comment>
<model>wikitext</model>
<format>text/x-wiki</format>
<text bytes="365" xml:space="preserve">={{-id-}}=
==Substantivo==
'''jan.tung'''


# [[coração]]

Ver também
:'''No Wikcionário''':
* [[mata]]
* [[alis]]
* [[sol]]
* [[pipi]]
* [[kulit]]
* [[tangan]]
* [[kepala]]
* [[kaki]]
* [[hu'in]]
* [[butuh]]
* [[kemaluan]]
* [[perut]]
* [[mulut]]
* [[gigi]]
* [[hidung]]
* [[lidah]]



[[Categoria:Substantivo (Indonésio)]]
[[categoria:Anatomia (Indonésio)]]</text>
<sha1>2b5epdmkp5thqckrwy6qsnyo5svem19</sha1>
</revision>
</page>
