<title>jantardes</title>
<ns>0</ns>
<id>210009</id>
<revision>
<id>798258</id>
<timestamp>2010-02-18T16:11:20Z</timestamp>
<contributor>
<username>Jesielt-bot</username>
<id>10876</id>
</contributor>
<comment>Verbete criado por bot.</comment>
<model>wikitext</model>
<format>text/x-wiki</format>
<text bytes="265" xml:space="preserve">={{pt}}=
==Forma verbal==
'''jantardes'''
#[[segunda pessoa]] do [[plural]] do [[futuro]] do [[modo subjuntivo]] do verbo '''[[jantar]]'''
#[[infinitivo pessoal]] da [[segunda pessoa]] do [[plural]] do verbo '''[[jantar]]'''

[[Categoria:Forma verbal (Português)]]</text>
<sha1>dgo4vuvhe5h0x3ya3nvtiry4xg3qnao</sha1>
</revision>
<revision>
<id>820727</id>
<parentid>798258</parentid>
<timestamp>2010-02-25T06:28:27Z</timestamp>
<contributor>
<username>Interwicket</username>
<id>6868</id>
</contributor>
<minor />
<comment>iwiki +[[:no:jantardes]]</comment>
<model>wikitext</model>
<format>text/x-wiki</format>
<text bytes="283" xml:space="preserve">={{pt}}=
==Forma verbal==
'''jantardes'''
#[[segunda pessoa]] do [[plural]] do [[futuro]] do [[modo subjuntivo]] do verbo '''[[jantar]]'''
#[[infinitivo pessoal]] da [[segunda pessoa]] do [[plural]] do verbo '''[[jantar]]'''

[[Categoria:Forma verbal (Português)]]

[[no:jantardes]]</text>
<sha1>53j11kq0qsggezakg2rd594wkbrpq7t</sha1>
</revision>
<revision>
<id>840411</id>
<parentid>820727</parentid>
<timestamp>2010-03-31T07:57:49Z</timestamp>
<contributor>
<username>Interwicket</username>
<id>6868</id>
</contributor>
<minor />
<comment>iwiki +[[:en:jantardes]]</comment>
<model>wikitext</model>
<format>text/x-wiki</format>
<text bytes="300" xml:space="preserve">={{pt}}=
==Forma verbal==
'''jantardes'''
#[[segunda pessoa]] do [[plural]] do [[futuro]] do [[modo subjuntivo]] do verbo '''[[jantar]]'''
#[[infinitivo pessoal]] da [[segunda pessoa]] do [[plural]] do verbo '''[[jantar]]'''

[[Categoria:Forma verbal (Português)]]

[[en:jantardes]]
[[no:jantardes]]</text>
<sha1>e84uejaz2h9jpiw8hgls41chduv4la8</sha1>
</revision>
<revision>
<id>1156314</id>
<parentid>840411</parentid>
<timestamp>2011-07-05T21:01:40Z</timestamp>
<contributor>
<username>MalafayaBot</username>
<id>628</id>
</contributor>
<minor />
<comment>Robô: Substituição de texto automática (-^\=\s?Português\s?\= +={{-pt-}}= &amp; -^\=\s?\{\{pt\}\}\s?\= +={{-pt-}}=)</comment>
<model>wikitext</model>
<format>text/x-wiki</format>
<text bytes="302" xml:space="preserve">={{-pt-}}=
==Forma verbal==
'''jantardes'''
#[[segunda pessoa]] do [[plural]] do [[futuro]] do [[modo subjuntivo]] do verbo '''[[jantar]]'''
#[[infinitivo pessoal]] da [[segunda pessoa]] do [[plural]] do verbo '''[[jantar]]'''

[[Categoria:Forma verbal (Português)]]

[[en:jantardes]]
[[no:jantardes]]</text>
<sha1>4jgytqnoaznzjzjbt3wiou85fom2cp7</sha1>
</revision>
<revision>
<id>2227278</id>
<parentid>1156314</parentid>
<timestamp>2017-01-23T18:24:26Z</timestamp>
<contributor>
<username>Defender</username>
<id>15952</id>
</contributor>
<comment>Acrescentando a predefinição [[:template:avi-for-fle|avi-for-fle]]</comment>
<model>wikitext</model>
<format>text/x-wiki</format>
<text bytes="336" xml:space="preserve">={{-pt-}}=
==Forma verbal==
{{paroxítona|jan|tar|des}}
#[[segunda pessoa]] do [[plural]] do [[futuro]] do [[modo subjuntivo]] do verbo '''[[jantar]]'''
#[[infinitivo pessoal]] da [[segunda pessoa]] do [[plural]] do verbo '''[[jantar]]'''
{{avi-for-fle|jantar}}
[[Categoria:Forma verbal (Português)]]

[[en:jantardes]]
[[no:jantardes]]</text>
<sha1>nljwilq0z9fjaq0si9ax5fy1iy0lgdm</sha1>
</revision>
<revision>
<id>2364605</id>
<parentid>2227278</parentid>
<timestamp>2017-05-03T15:40:22Z</timestamp>
<contributor>
<username>HydrizBot</username>
<id>29590</id>
</contributor>
<minor />
<comment>Robô: A limpar links interwikis antigos</comment>
<model>wikitext</model>
<format>text/x-wiki</format>
<text bytes="301" xml:space="preserve">={{-pt-}}=
==Forma verbal==
{{paroxítona|jan|tar|des}}
#[[segunda pessoa]] do [[plural]] do [[futuro]] do [[modo subjuntivo]] do verbo '''[[jantar]]'''
#[[infinitivo pessoal]] da [[segunda pessoa]] do [[plural]] do verbo '''[[jantar]]'''
{{avi-for-fle|jantar}}
[[Categoria:Forma verbal (Português)]]</text>
<sha1>r8yjfbm1891r9bu5owi3axdo74ew6ag</sha1>
</revision>
</page>
