<title>jantáramos</title>
<ns>0</ns>
<id>180188</id>
<revision>
<id>721361</id>
<timestamp>2010-01-27T18:00:00Z</timestamp>
<contributor>
<username>Jesielt-bot</username>
<id>10876</id>
</contributor>
<comment>Verbete criado por bot.</comment>
<model>wikitext</model>
<format>text/x-wiki</format>
<text bytes="181" xml:space="preserve">={{pt}}=
==Forma verbal==
'''jantáramos'''
#[[primeira pessoa]] do [[plural]] do [[pretérito mais-que-perfeito]] do verbo '''[[jantar]]'''

[[Categoria:Forma verbal (Português)]]</text>
<sha1>8yqom2z5t6yh8lg4qs53hkmjb9kgqa3</sha1>
</revision>
<revision>
<id>749501</id>
<parentid>721361</parentid>
<timestamp>2010-02-05T17:40:26Z</timestamp>
<contributor>
<username>Interwicket</username>
<id>6868</id>
</contributor>
<minor />
<comment>iwiki +[[:no:jantáramos]]</comment>
<model>wikitext</model>
<format>text/x-wiki</format>
<text bytes="201" xml:space="preserve">={{pt}}=
==Forma verbal==
'''jantáramos'''
#[[primeira pessoa]] do [[plural]] do [[pretérito mais-que-perfeito]] do verbo '''[[jantar]]'''

[[Categoria:Forma verbal (Português)]]

[[no:jantáramos]]</text>
<sha1>f3wumi9dt9ziroxfya3q4bxo1b0m0tk</sha1>
</revision>
<revision>
<id>843641</id>
<parentid>749501</parentid>
<timestamp>2010-04-01T07:49:08Z</timestamp>
<contributor>
<username>Interwicket</username>
<id>6868</id>
</contributor>
<minor />
<comment>iwiki +[[:en:jantáramos]]</comment>
<model>wikitext</model>
<format>text/x-wiki</format>
<text bytes="220" xml:space="preserve">={{pt}}=
==Forma verbal==
'''jantáramos'''
#[[primeira pessoa]] do [[plural]] do [[pretérito mais-que-perfeito]] do verbo '''[[jantar]]'''

[[Categoria:Forma verbal (Português)]]

[[en:jantáramos]]
[[no:jantáramos]]</text>
<sha1>ifwrrjf44ih180gpb3xupzwoylfrnl0</sha1>
</revision>
<revision>
<id>1156347</id>
<parentid>843641</parentid>
<timestamp>2011-07-05T21:02:14Z</timestamp>
<contributor>
<username>MalafayaBot</username>
<id>628</id>
</contributor>
<minor />
<comment>Robô: Substituição de texto automática (-^\=\s?Português\s?\= +={{-pt-}}= &amp; -^\=\s?\{\{pt\}\}\s?\= +={{-pt-}}=)</comment>
<model>wikitext</model>
<format>text/x-wiki</format>
<text bytes="222" xml:space="preserve">={{-pt-}}=
==Forma verbal==
'''jantáramos'''
#[[primeira pessoa]] do [[plural]] do [[pretérito mais-que-perfeito]] do verbo '''[[jantar]]'''

[[Categoria:Forma verbal (Português)]]

[[en:jantáramos]]
[[no:jantáramos]]</text>
<sha1>bbe6monw4yr5xn0di9uc1hfuffk94li</sha1>
</revision>
<revision>
<id>2227203</id>
<parentid>1156347</parentid>
<timestamp>2017-01-23T17:11:54Z</timestamp>
<contributor>
<username>Defender</username>
<id>15952</id>
</contributor>
<comment>Acrescentando a predefinição [[:template:avi-for-fle|avi-for-fle]]</comment>
<model>wikitext</model>
<format>text/x-wiki</format>
<text bytes="260" xml:space="preserve">={{-pt-}}=
==Forma verbal==
{{proparoxítona|jan|tá|ra|mos}}
#[[primeira pessoa]] do [[plural]] do [[pretérito mais-que-perfeito]] do verbo '''[[jantar]]'''
{{avi-for-fle|jantar}}
[[Categoria:Forma verbal (Português)]]

[[en:jantáramos]]
[[no:jantáramos]]</text>
<sha1>l078kc90pke7l3raoaftbrzf85wyj4j</sha1>
</revision>
<revision>
<id>2364640</id>
<parentid>2227203</parentid>
<timestamp>2017-05-03T15:41:45Z</timestamp>
<contributor>
<username>HydrizBot</username>
<id>29590</id>
</contributor>
<minor />
<comment>Robô: A limpar links interwikis antigos</comment>
<model>wikitext</model>
<format>text/x-wiki</format>
<text bytes="221" xml:space="preserve">={{-pt-}}=
==Forma verbal==
{{proparoxítona|jan|tá|ra|mos}}
#[[primeira pessoa]] do [[plural]] do [[pretérito mais-que-perfeito]] do verbo '''[[jantar]]'''
{{avi-for-fle|jantar}}
[[Categoria:Forma verbal (Português)]]</text>
<sha1>8xfp99ss5ufnmezbd3knik2n4ss71bn</sha1>
</revision>
</page>
