<title>jante</title>
<ns>0</ns>
<id>212953</id>
<revision>
<id>801796</id>
<timestamp>2010-02-19T17:31:26Z</timestamp>
<contributor>
<username>Jesielt-bot</username>
<id>10876</id>
</contributor>
<comment>Verbete criado por bot.</comment>
<model>wikitext</model>
<format>text/x-wiki</format>
<text bytes="370" xml:space="preserve">={{pt}}=
==Forma verbal==
'''jante'''
#[[primeira pessoa]] do [[singular]] do [[presente]] do [[modo subjuntivo]] do verbo '''[[jantar]]'''
#[[terceira pessoa]] do [[singular]] do [[imperativo]] [[afirmativo]] do verbo '''[[jantar]]'''
#[[terceira pessoa]] do [[singular]] do [[imperativo]] [[negativo]] do verbo '''[[jantar]]'''

[[Categoria:Forma verbal (Português)]]</text>
<sha1>k395tzd5u9ymidzj5wjhe63qowi3rex</sha1>
</revision>
<revision>
<id>803049</id>
<parentid>801796</parentid>
<timestamp>2010-02-19T19:56:02Z</timestamp>
<contributor>
<username>Jesielt-bot</username>
<id>10876</id>
</contributor>
<comment>/* Forma verbal */clean up, replaced: [[primeira pessoa]] → [[primeira pessoa|primeira]] e [[terceira pessoa]] utilizando [[Project:AWB|AWB]]</comment>
<model>wikitext</model>
<format>text/x-wiki</format>
<text bytes="401" xml:space="preserve">={{pt}}=
==Forma verbal==
'''jante'''
#[[primeira pessoa|primeira]] e [[terceira pessoa]] do [[singular]] do [[presente]] do [[modo subjuntivo]] do verbo '''[[jantar]]'''
#[[terceira pessoa]] do [[singular]] do [[imperativo]] [[afirmativo]] do verbo '''[[jantar]]'''
#[[terceira pessoa]] do [[singular]] do [[imperativo]] [[negativo]] do verbo '''[[jantar]]'''

[[Categoria:Forma verbal (Português)]]</text>
<sha1>7gxtyncqw744n3xzwieh76d36kx20ys</sha1>
</revision>
<revision>
<id>816878</id>
<parentid>803049</parentid>
<timestamp>2010-02-24T17:44:29Z</timestamp>
<contributor>
<username>Interwicket</username>
<id>6868</id>
</contributor>
<minor />
<comment>iwiki +[[:el:jante]], [[:fr:jante]], [[:io:jante]], [[:nl:jante]], [[:no:jante]], ru, vi</comment>
<model>wikitext</model>
<format>text/x-wiki</format>
<text bytes="493" xml:space="preserve">={{pt}}=
==Forma verbal==
'''jante'''
#[[primeira pessoa|primeira]] e [[terceira pessoa]] do [[singular]] do [[presente]] do [[modo subjuntivo]] do verbo '''[[jantar]]'''
#[[terceira pessoa]] do [[singular]] do [[imperativo]] [[afirmativo]] do verbo '''[[jantar]]'''
#[[terceira pessoa]] do [[singular]] do [[imperativo]] [[negativo]] do verbo '''[[jantar]]'''

[[Categoria:Forma verbal (Português)]]

[[el:jante]]
[[fr:jante]]
[[io:jante]]
[[nl:jante]]
[[no:jante]]
[[ru:jante]]
[[vi:jante]]</text>
<sha1>4pdo4kl8uvn6pbyb68qu7sld95ws7mg</sha1>
</revision>
<revision>
<id>845466</id>
<parentid>816878</parentid>
<timestamp>2010-04-01T21:25:50Z</timestamp>
<contributor>
<username>Interwicket</username>
<id>6868</id>
</contributor>
<minor />
<comment>iwiki +[[:en:jante]]</comment>
<model>wikitext</model>
<format>text/x-wiki</format>
<text bytes="506" xml:space="preserve">={{pt}}=
==Forma verbal==
'''jante'''
#[[primeira pessoa|primeira]] e [[terceira pessoa]] do [[singular]] do [[presente]] do [[modo subjuntivo]] do verbo '''[[jantar]]'''
#[[terceira pessoa]] do [[singular]] do [[imperativo]] [[afirmativo]] do verbo '''[[jantar]]'''
#[[terceira pessoa]] do [[singular]] do [[imperativo]] [[negativo]] do verbo '''[[jantar]]'''

[[Categoria:Forma verbal (Português)]]

[[el:jante]]
[[en:jante]]
[[fr:jante]]
[[io:jante]]
[[nl:jante]]
[[no:jante]]
[[ru:jante]]
[[vi:jante]]</text>
<sha1>7ah6sxal07keqrc1lg88znzi9q5n17f</sha1>
</revision>
<revision>
<id>1156338</id>
<parentid>845466</parentid>
<timestamp>2011-07-05T21:02:05Z</timestamp>
<contributor>
<username>MalafayaBot</username>
<id>628</id>
</contributor>
<minor />
<comment>Robô: Substituição de texto automática (-^\=\s?Português\s?\= +={{-pt-}}= &amp; -^\=\s?\{\{pt\}\}\s?\= +={{-pt-}}=)</comment>
<model>wikitext</model>
<format>text/x-wiki</format>
<text bytes="508" xml:space="preserve">={{-pt-}}=
==Forma verbal==
'''jante'''
#[[primeira pessoa|primeira]] e [[terceira pessoa]] do [[singular]] do [[presente]] do [[modo subjuntivo]] do verbo '''[[jantar]]'''
#[[terceira pessoa]] do [[singular]] do [[imperativo]] [[afirmativo]] do verbo '''[[jantar]]'''
#[[terceira pessoa]] do [[singular]] do [[imperativo]] [[negativo]] do verbo '''[[jantar]]'''

[[Categoria:Forma verbal (Português)]]

[[el:jante]]
[[en:jante]]
[[fr:jante]]
[[io:jante]]
[[nl:jante]]
[[no:jante]]
[[ru:jante]]
[[vi:jante]]</text>
<sha1>ggj8fq1zkqv1ola69c3a7qx47rtqn8q</sha1>
</revision>
<revision>
<id>1337142</id>
<parentid>1156338</parentid>
<timestamp>2011-12-17T00:17:37Z</timestamp>
<contributor>
<username>Luckas-bot</username>
<id>5986</id>
</contributor>
<minor />
<comment>r2.7.2) (Robô: A adicionar: [[ko:jante]], [[mg:jante]]</comment>
<model>wikitext</model>
<format>text/x-wiki</format>
<text bytes="534" xml:space="preserve">={{-pt-}}=
==Forma verbal==
'''jante'''
#[[primeira pessoa|primeira]] e [[terceira pessoa]] do [[singular]] do [[presente]] do [[modo subjuntivo]] do verbo '''[[jantar]]'''
#[[terceira pessoa]] do [[singular]] do [[imperativo]] [[afirmativo]] do verbo '''[[jantar]]'''
#[[terceira pessoa]] do [[singular]] do [[imperativo]] [[negativo]] do verbo '''[[jantar]]'''

[[Categoria:Forma verbal (Português)]]

[[el:jante]]
[[en:jante]]
[[fr:jante]]
[[io:jante]]
[[ko:jante]]
[[mg:jante]]
[[nl:jante]]
[[no:jante]]
[[ru:jante]]
[[vi:jante]]</text>
<sha1>1j102kbp2cadof48b655iofvfr4lebp</sha1>
</revision>
<revision>
<id>1389982</id>
<parentid>1337142</parentid>
<timestamp>2012-03-19T20:59:52Z</timestamp>
<contributor>
<username>Luckas-bot</username>
<id>5986</id>
</contributor>
<minor />
<comment>r2.7.1) (Robô: A adicionar: [[fi:jante]]</comment>
<model>wikitext</model>
<format>text/x-wiki</format>
<text bytes="547" xml:space="preserve">={{-pt-}}=
==Forma verbal==
'''jante'''
#[[primeira pessoa|primeira]] e [[terceira pessoa]] do [[singular]] do [[presente]] do [[modo subjuntivo]] do verbo '''[[jantar]]'''
#[[terceira pessoa]] do [[singular]] do [[imperativo]] [[afirmativo]] do verbo '''[[jantar]]'''
#[[terceira pessoa]] do [[singular]] do [[imperativo]] [[negativo]] do verbo '''[[jantar]]'''

[[Categoria:Forma verbal (Português)]]

[[el:jante]]
[[en:jante]]
[[fi:jante]]
[[fr:jante]]
[[io:jante]]
[[ko:jante]]
[[mg:jante]]
[[nl:jante]]
[[no:jante]]
[[ru:jante]]
[[vi:jante]]</text>
<sha1>mhub3mzj4gyha8mhai036shmjksxazd</sha1>
</revision>
<revision>
<id>1707050</id>
<parentid>1389982</parentid>
<timestamp>2013-08-03T11:05:03Z</timestamp>
<contributor>
<username>Cpls</username>
<id>20608</id>
</contributor>
<model>wikitext</model>
<format>text/x-wiki</format>
<text bytes="831" xml:space="preserve">={{-pt-}}=
==Forma verbal==
'''jante'''
#[[primeira pessoa|primeira]] e [[terceira pessoa]] do [[singular]] do [[presente]] do [[modo subjuntivo]] do verbo '''[[jantar]]'''
#[[terceira pessoa]] do [[singular]] do [[imperativo]] [[afirmativo]] do verbo '''[[jantar]]'''
#[[terceira pessoa]] do [[singular]] do [[imperativo]] [[negativo]] do verbo '''[[jantar]]'''

==Substantivo==
{{flex.pt|fs=jante|fp=jantes}}
{{paroxítona|jan|te}}, {{f}}
# na [[roda]] das [[viatura]]s, parte metálica que sujeita o [[pneu]], parte da roda que se segura no cubo do eixo.

==={{etimologia|pt}}===
: Do francês ''jante''.

[[Categoria:Forma verbal (Português)]]
[[Categoria:Substantivo (Português)]]

[[el:jante]]
[[en:jante]]
[[fi:jante]]
[[fr:jante]]
[[io:jante]]
[[ko:jante]]
[[mg:jante]]
[[nl:jante]]
[[no:jante]]
[[ru:jante]]
[[vi:jante]]</text>
<sha1>latj2opwxxo869thcqhcfeuv1rncuz3</sha1>
</revision>
<revision>
<id>2004318</id>
<parentid>1707050</parentid>
<timestamp>2015-09-22T17:48:45Z</timestamp>
<contributor>
<username>YS-Bot</username>
<id>32241</id>
</contributor>
<minor />
<comment>r2.7.3) (Robô: A adicionar: [[ca:jante]], [[hu:jante]], [[pl:jante]]</comment>
<model>wikitext</model>
<format>text/x-wiki</format>
<text bytes="870" xml:space="preserve">={{-pt-}}=
==Forma verbal==
'''jante'''
#[[primeira pessoa|primeira]] e [[terceira pessoa]] do [[singular]] do [[presente]] do [[modo subjuntivo]] do verbo '''[[jantar]]'''
#[[terceira pessoa]] do [[singular]] do [[imperativo]] [[afirmativo]] do verbo '''[[jantar]]'''
#[[terceira pessoa]] do [[singular]] do [[imperativo]] [[negativo]] do verbo '''[[jantar]]'''

==Substantivo==
{{flex.pt|fs=jante|fp=jantes}}
{{paroxítona|jan|te}}, {{f}}
# na [[roda]] das [[viatura]]s, parte metálica que sujeita o [[pneu]], parte da roda que se segura no cubo do eixo.

==={{etimologia|pt}}===
: Do francês ''jante''.

[[Categoria:Forma verbal (Português)]]
[[Categoria:Substantivo (Português)]]

[[ca:jante]]
[[el:jante]]
[[en:jante]]
[[fi:jante]]
[[fr:jante]]
[[hu:jante]]
[[io:jante]]
[[ko:jante]]
[[mg:jante]]
[[nl:jante]]
[[no:jante]]
[[pl:jante]]
[[ru:jante]]
[[vi:jante]]</text>
<sha1>bmmth4t1himk0yz0o88f1fqzit2ulhi</sha1>
</revision>
<revision>
<id>2227251</id>
<parentid>2004318</parentid>
<timestamp>2017-01-23T18:04:21Z</timestamp>
<contributor>
<username>Defender</username>
<id>15952</id>
</contributor>
<model>wikitext</model>
<format>text/x-wiki</format>
<text bytes="903" xml:space="preserve">={{-pt-}}=
==Forma verbal==
{{paroxítona|jan|te}}
#[[primeira pessoa|primeira]] e [[terceira pessoa]] do [[singular]] do [[presente]] do [[modo subjuntivo]] do verbo '''[[jantar]]'''
#[[terceira pessoa]] do [[singular]] do [[imperativo]] [[afirmativo]] do verbo '''[[jantar]]'''
#[[terceira pessoa]] do [[singular]] do [[imperativo]] [[negativo]] do verbo '''[[jantar]]'''
{{avi-for-fle|jantar}}

==Substantivo==
{{flex.pt|fs=jante|fp=jantes}}
{{paroxítona|jan|te}}, {{g|f}}
# na [[roda]] das [[viatura]]s, parte metálica que sujeita o [[pneu]], parte da roda que se segura no cubo do eixo

=={{etimologia|pt}}==
{{llietimo|fr|jante|pt}}

[[Categoria:Forma verbal (Português)]]
[[Categoria:Substantivo (Português)]]

[[ca:jante]]
[[el:jante]]
[[en:jante]]
[[fi:jante]]
[[fr:jante]]
[[hu:jante]]
[[io:jante]]
[[ko:jante]]
[[mg:jante]]
[[nl:jante]]
[[no:jante]]
[[pl:jante]]
[[ru:jante]]
[[vi:jante]]</text>
<sha1>2gtesojhhwsldrqb68rkzs1txlhieyu</sha1>
</revision>
<revision>
<id>2364629</id>
<parentid>2227251</parentid>
<timestamp>2017-05-03T15:41:15Z</timestamp>
<contributor>
<username>HydrizBot</username>
<id>29590</id>
</contributor>
<minor />
<comment>Robô: A limpar links interwikis antigos</comment>
<model>wikitext</model>
<format>text/x-wiki</format>
<text bytes="720" xml:space="preserve">={{-pt-}}=
==Forma verbal==
{{paroxítona|jan|te}}
#[[primeira pessoa|primeira]] e [[terceira pessoa]] do [[singular]] do [[presente]] do [[modo subjuntivo]] do verbo '''[[jantar]]'''
#[[terceira pessoa]] do [[singular]] do [[imperativo]] [[afirmativo]] do verbo '''[[jantar]]'''
#[[terceira pessoa]] do [[singular]] do [[imperativo]] [[negativo]] do verbo '''[[jantar]]'''
{{avi-for-fle|jantar}}

==Substantivo==
{{flex.pt|fs=jante|fp=jantes}}
{{paroxítona|jan|te}}, {{g|f}}
# na [[roda]] das [[viatura]]s, parte metálica que sujeita o [[pneu]], parte da roda que se segura no cubo do eixo

=={{etimologia|pt}}==
{{llietimo|fr|jante|pt}}

[[Categoria:Forma verbal (Português)]]
[[Categoria:Substantivo (Português)]]</text>
<sha1>6c7spkw4bzxsa4bqpz6rrjdw7tox6be</sha1>
</revision>
<revision>
<id>2621680</id>
<parentid>2364629</parentid>
<timestamp>2021-02-02T01:07:17Z</timestamp>
<contributor>
<username>MarxavBot</username>
<id>80155</id>
</contributor>
<minor />
<comment>AFI Portugal</comment>
<model>wikitext</model>
<format>text/x-wiki</format>
<text bytes="788" xml:space="preserve">={{-pt-}}=
==Forma verbal==
{{paroxítona|jan|te}}
#[[primeira pessoa|primeira]] e [[terceira pessoa]] do [[singular]] do [[presente]] do [[modo subjuntivo]] do verbo '''[[jantar]]'''
#[[terceira pessoa]] do [[singular]] do [[imperativo]] [[afirmativo]] do verbo '''[[jantar]]'''
#[[terceira pessoa]] do [[singular]] do [[imperativo]] [[negativo]] do verbo '''[[jantar]]'''
{{avi-for-fle|jantar}}

==Substantivo==
{{flex.pt|fs=jante|fp=jantes}}
{{paroxítona|jan|te}}, {{g|f}}
# na [[roda]] das [[viatura]]s, parte metálica que sujeita o [[pneu]], parte da roda que se segura no cubo do eixo

=={{etimologia|pt}}==
{{llietimo|fr|jante|pt}}

=={{pronúncia|pt}}==
===Portugal===
* AFI: {{AFI|/ˈʒɐ̃.tɨ/}}

[[Categoria:Forma verbal (Português)]]
[[Categoria:Substantivo (Português)]]</text>
<sha1>j7arat2yk5upusygf5484v4ko6srmda</sha1>
</revision>
</page>
