<title>januária</title>
<ns>0</ns>
<id>289829</id>
<revision>
<id>1406185</id>
<timestamp>2012-05-04T00:40:29Z</timestamp>
<contributor>
<username>Dicionarista</username>
<id>6964</id>
</contributor>
<comment>[[Ajuda:Guia de edição/Menus e ferramentas/Sumário de edição|→]] nova página: {{vt|Januária}} ={{-pt-}}= ==Substantivo== '''ja.nu.&lt;u&gt;á&lt;/u&gt;.ri.a''' ''feminino'' # {{escopo|Brasil: Minas ...</comment>
<model>wikitext</model>
<format>text/x-wiki</format>
<text bytes="291" xml:space="preserve">{{vt|Januária}}
={{-pt-}}=
==Substantivo==
'''ja.nu.&lt;u&gt;á&lt;/u&gt;.ri.a''' ''feminino''
# {{escopo|Brasil: Minas Gerais e Bahia}} [[aguardente]], [[cachaça]]

[[Categoria:Substantivo (Português)]][[Categoria:Polissílabo (Português)]][[Categoria:Paroxítona (Português)]][[Categoria:Brasil]]</text>
<sha1>ho7rcsuyjzylyvbotlpagrdq484hh7t</sha1>
</revision>
<revision>
<id>1406188</id>
<parentid>1406185</parentid>
<timestamp>2012-05-04T01:05:05Z</timestamp>
<contributor>
<username>Dicionarista</username>
<id>6964</id>
</contributor>
<model>wikitext</model>
<format>text/x-wiki</format>
<text bytes="1080" xml:space="preserve">{{vt|Januária}}
={{-pt-}}=
==Substantivo==
'''ja.nu.&lt;u&gt;á&lt;/u&gt;.ri.a''' ''feminino''
# {{escopo|Brasil: Minas Gerais e Bahia}} [[aguardente]], [[cachaça]]
# {{escopo|Brasil: Minas Gerais e Bahia}} [[cachaça]] [[com]] [[limão]]; [[caipirinha]]
==Etimologia==
: do topônimo ''[[Januária]]'' ([[MG]])
==Anagramas==
* [[janauira]]
* [[janauíra]]
* [[januaíra]]
==Ver também==
===Referências===
{{verTambém.Ini}}
* [http://www.dicio.com.br/januaria/ Dicionário Online de Português]
* [http://www.priberam.pt/DLPO/default.aspx?pal=janu%C3%A1ria Dicionário Priberam da Língua Portuguesa]
* [http://aulete.uol.com.br/site.php?mdl=aulete_digital&amp;op=loadVerbete&amp;pesquisa=1&amp;palavra=janu%E1ria iDicionário Aulete]
* [http://michaelis.uol.com.br/moderno/portugues/index.php?lingua=portugues-portugues&amp;palavra=janu%E1ria Michaelis Moderno Dicionário da Língua Portuguesa]
{{verTambém.Fim}}

[[Categoria:Substantivo (Português)]][[Categoria:Polissílabo (Português)]][[Categoria:Paroxítona (Português)]][[Categoria:Brasil]][[Categoria:Vocábulo com etimologia (Português)]]</text>
<sha1>c6wo0aviy9cho8fd0a71sot7xw4u3bd</sha1>
</revision>
<revision>
<id>1406212</id>
<parentid>1406188</parentid>
<timestamp>2012-05-04T03:08:34Z</timestamp>
<contributor>
<username>Dicionarista</username>
<id>6964</id>
</contributor>
<comment>/* Ver também */</comment>
<model>wikitext</model>
<format>text/x-wiki</format>
<text bytes="1335" xml:space="preserve">{{vt|Januária}}
={{-pt-}}=
==Substantivo==
'''ja.nu.&lt;u&gt;á&lt;/u&gt;.ri.a''' ''feminino''
# {{escopo|Brasil: Minas Gerais e Bahia}} [[aguardente]], [[cachaça]]
# {{escopo|Brasil: Minas Gerais e Bahia}} [[cachaça]] [[com]] [[limão]]; [[caipirinha]]
==Etimologia==
: do topônimo ''[[Januária]]'' ([[MG]])
==Anagramas==
* [[janauira]]
* [[janauíra]]
* [[januaíra]]
==Ver também==
===Referências===
{{verTambém.Ini}}
* [http://www.dicio.com.br/januaria/ Dicionário Online de Português]
* [http://www.priberam.pt/DLPO/default.aspx?pal=janu%C3%A1ria Dicionário Priberam da Língua Portuguesa]
* [http://aulete.uol.com.br/site.php?mdl=aulete_digital&amp;op=loadVerbete&amp;pesquisa=1&amp;palavra=janu%E1ria iDicionário Aulete]
* [http://michaelis.uol.com.br/moderno/portugues/index.php?lingua=portugues-portugues&amp;palavra=janu%E1ria Michaelis Moderno Dicionário da Língua Portuguesa]
{{verTambém.Fim}}
===Na WWW===
{{verTambém.Ini}}
* [http://velhochico.net/index_arquivos/Page953LL.htm Cachaça... uma boa januária e outras mais... — por Abel Coelho]
* [http://cachaca.januaria.zip.net/ Cachaça Artesanal de Januária Minas Gerais]
{{verTambém.Fim}}

[[Categoria:Substantivo (Português)]][[Categoria:Polissílabo (Português)]][[Categoria:Paroxítona (Português)]][[Categoria:Brasil]][[Categoria:Vocábulo com etimologia (Português)]]</text>
<sha1>7i31ksck13g6dlzqxebryflxtykubuh</sha1>
</revision>
<revision>
<id>1406213</id>
<parentid>1406212</parentid>
<timestamp>2012-05-04T03:09:21Z</timestamp>
<contributor>
<username>Dicionarista</username>
<id>6964</id>
</contributor>
<comment>/* Na WWW */</comment>
<model>wikitext</model>
<format>text/x-wiki</format>
<text bytes="1337" xml:space="preserve">{{vt|Januária}}
={{-pt-}}=
==Substantivo==
'''ja.nu.&lt;u&gt;á&lt;/u&gt;.ri.a''' ''feminino''
# {{escopo|Brasil: Minas Gerais e Bahia}} [[aguardente]], [[cachaça]]
# {{escopo|Brasil: Minas Gerais e Bahia}} [[cachaça]] [[com]] [[limão]]; [[caipirinha]]
==Etimologia==
: do topônimo ''[[Januária]]'' ([[MG]])
==Anagramas==
* [[janauira]]
* [[janauíra]]
* [[januaíra]]
==Ver também==
===Referências===
{{verTambém.Ini}}
* [http://www.dicio.com.br/januaria/ Dicionário Online de Português]
* [http://www.priberam.pt/DLPO/default.aspx?pal=janu%C3%A1ria Dicionário Priberam da Língua Portuguesa]
* [http://aulete.uol.com.br/site.php?mdl=aulete_digital&amp;op=loadVerbete&amp;pesquisa=1&amp;palavra=janu%E1ria iDicionário Aulete]
* [http://michaelis.uol.com.br/moderno/portugues/index.php?lingua=portugues-portugues&amp;palavra=janu%E1ria Michaelis Moderno Dicionário da Língua Portuguesa]
{{verTambém.Fim}}
===Na WWW===
{{verTambém.Ini}}
* [http://velhochico.net/index_arquivos/Page953LL.htm Cachaça... uma boa januária e outras mais... — por Abel Coelho]
* [http://cachaca.januaria.zip.net/ Cachaça Artesanal de Januária (Minas Gerais)]
{{verTambém.Fim}}

[[Categoria:Substantivo (Português)]][[Categoria:Polissílabo (Português)]][[Categoria:Paroxítona (Português)]][[Categoria:Brasil]][[Categoria:Vocábulo com etimologia (Português)]]</text>
<sha1>s0qsnxzyq4gkoa42hijz98qef48laa5</sha1>
</revision>
<revision>
<id>1418951</id>
<parentid>1406213</parentid>
<timestamp>2012-06-09T13:59:27Z</timestamp>
<contributor>
<username>Dicionarista</username>
<id>6964</id>
</contributor>
<model>wikitext</model>
<format>text/x-wiki</format>
<text bytes="1558" xml:space="preserve">{{vt|Januária|januário|Januário}}
={{-pt-}}=
==Substantivo==
{{proparoxítona|ja|nu|á|ri|a}} {{f}}
# {{escopo|Brasil: Minas Gerais e Bahia}} [[aguardente]], [[cachaça]]
# {{escopo|Brasil: Minas Gerais e Bahia}} [[cachaça]] [[com]] [[limão]]; [[caipirinha]]
===Etimologia===
: [[do]] [[topônimo]] ''[[Januária]]'' [[MG]]
==Forma de adjetivo==
{{proparoxítona|ja|nu|á|ri|a}}
# {{cont|3}}[[feminino]] [[de]] '''[[januário]]'''
==Ver também==
===Referências===
{{verTambém.Ini}}
* [http://www.dicio.com.br/januaria/ Dicionário Online de Português]
* [http://www.priberam.pt/DLPO/default.aspx?pal=janu%C3%A1ria Dicionário Priberam da Língua Portuguesa]
* [http://aulete.uol.com.br/site.php?mdl=aulete_digital&amp;op=loadVerbete&amp;pesquisa=1&amp;palavra=janu%E1ria iDicionário Aulete]
* [http://michaelis.uol.com.br/moderno/portugues/index.php?lingua=portugues-portugues&amp;palavra=janu%E1ria Michaelis Moderno Dicionário da Língua Portuguesa]
{{verTambém.Fim}}
===No Wikcionário===
====Anagramas====
{{verTambém.Ini}}
* [[janauira]]
{{verTambém.NovaColuna}}
* [[janauíra]]
{{verTambém.NovaColuna}}
* [[januaíra]]
{{verTambém.Fim}}
===Ligações externas===
{{verTambém.Ini}}
* [http://velhochico.net/index_arquivos/Page953LL.htm Cachaça... uma boa januária e outras mais... — por Abel Coelho]
* [http://cachaca.januaria.zip.net/ Cachaça Artesanal de Januária MG]
{{verTambém.Fim}}

[[Categoria:Substantivo (Português)]]
[[Categoria:Brasil]]
[[Categoria:Vocábulo com etimologia (Português)]]
[[Categoria:Forma de adjetivo (Português)]]</text>
<sha1>1ygrk6ayy9nvs08qkni6ilv9co8htuc</sha1>
</revision>
<revision>
<id>1418981</id>
<parentid>1418951</parentid>
<timestamp>2012-06-09T16:57:51Z</timestamp>
<contributor>
<username>Dicionarista</username>
<id>6964</id>
</contributor>
<comment>/* Ligações externas */</comment>
<model>wikitext</model>
<format>text/x-wiki</format>
<text bytes="1637" xml:space="preserve">{{vt|Januária|januário|Januário}}
={{-pt-}}=
==Substantivo==
{{proparoxítona|ja|nu|á|ri|a}} {{f}}
# {{escopo|Brasil: Minas Gerais e Bahia}} [[aguardente]], [[cachaça]]
# {{escopo|Brasil: Minas Gerais e Bahia}} [[cachaça]] [[com]] [[limão]]; [[caipirinha]]
===Etimologia===
: [[do]] [[topônimo]] ''[[Januária]]'' [[MG]]
==Forma de adjetivo==
{{proparoxítona|ja|nu|á|ri|a}}
# {{cont|3}}[[feminino]] [[de]] '''[[januário]]'''
==Ver também==
===Referências===
{{verTambém.Ini}}
* [http://www.dicio.com.br/januaria/ Dicionário Online de Português]
* [http://www.priberam.pt/DLPO/default.aspx?pal=janu%C3%A1ria Dicionário Priberam da Língua Portuguesa]
* [http://aulete.uol.com.br/site.php?mdl=aulete_digital&amp;op=loadVerbete&amp;pesquisa=1&amp;palavra=janu%E1ria iDicionário Aulete]
* [http://michaelis.uol.com.br/moderno/portugues/index.php?lingua=portugues-portugues&amp;palavra=janu%E1ria Michaelis Moderno Dicionário da Língua Portuguesa]
{{verTambém.Fim}}
===No Wikcionário===
====Anagramas====
{{verTambém.Ini}}
* [[janauira]]
{{verTambém.NovaColuna}}
* [[janauíra]]
{{verTambém.NovaColuna}}
* [[januaíra]]
{{verTambém.Fim}}
===Ligações externas===
{{verTambém.Ini}}
* [http://velhochico.net/index_arquivos/Page953LL.htm Cachaça... uma boa januária e outras mais... — por Abel Coelho]
* [http://cachaca.januaria.zip.net/ Cachaça Artesanal de Januária MG]
* [http://www.forvo.com/word/janu%C3%A1ria/#pt Forvo: pronúncia de januária]
{{verTambém.Fim}}

[[Categoria:Substantivo (Português)]]
[[Categoria:Brasil]]
[[Categoria:Vocábulo com etimologia (Português)]]
[[Categoria:Forma de adjetivo (Português)]]</text>
<sha1>879oy74t4jzo6c7z8lh3mmr2sw106wx</sha1>
</revision>
<revision>
<id>1500031</id>
<parentid>1418981</parentid>
<timestamp>2012-10-25T07:18:26Z</timestamp>
<contributor>
<username>VJBot</username>
<id>33673</id>
</contributor>
<minor />
<comment>Robô: Substituição de texto automática  (-{{vt| +{{ver também|)</comment>
<model>wikitext</model>
<format>text/x-wiki</format>
<text bytes="1646" xml:space="preserve">{{ver também|Januária|januário|Januário}}
={{-pt-}}=
==Substantivo==
{{proparoxítona|ja|nu|á|ri|a}} {{f}}
# {{escopo|Brasil: Minas Gerais e Bahia}} [[aguardente]], [[cachaça]]
# {{escopo|Brasil: Minas Gerais e Bahia}} [[cachaça]] [[com]] [[limão]]; [[caipirinha]]
===Etimologia===
: [[do]] [[topônimo]] ''[[Januária]]'' [[MG]]
==Forma de adjetivo==
{{proparoxítona|ja|nu|á|ri|a}}
# {{cont|3}}[[feminino]] [[de]] '''[[januário]]'''
==Ver também==
===Referências===
{{verTambém.Ini}}
* [http://www.dicio.com.br/januaria/ Dicionário Online de Português]
* [http://www.priberam.pt/DLPO/default.aspx?pal=janu%C3%A1ria Dicionário Priberam da Língua Portuguesa]
* [http://aulete.uol.com.br/site.php?mdl=aulete_digital&amp;op=loadVerbete&amp;pesquisa=1&amp;palavra=janu%E1ria iDicionário Aulete]
* [http://michaelis.uol.com.br/moderno/portugues/index.php?lingua=portugues-portugues&amp;palavra=janu%E1ria Michaelis Moderno Dicionário da Língua Portuguesa]
{{verTambém.Fim}}
===No Wikcionário===
====Anagramas====
{{verTambém.Ini}}
* [[janauira]]
{{verTambém.NovaColuna}}
* [[janauíra]]
{{verTambém.NovaColuna}}
* [[januaíra]]
{{verTambém.Fim}}
===Ligações externas===
{{verTambém.Ini}}
* [http://velhochico.net/index_arquivos/Page953LL.htm Cachaça... uma boa januária e outras mais... — por Abel Coelho]
* [http://cachaca.januaria.zip.net/ Cachaça Artesanal de Januária MG]
* [http://www.forvo.com/word/janu%C3%A1ria/#pt Forvo: pronúncia de januária]
{{verTambém.Fim}}

[[Categoria:Substantivo (Português)]]
[[Categoria:Brasil]]
[[Categoria:Vocábulo com etimologia (Português)]]
[[Categoria:Forma de adjetivo (Português)]]</text>
<sha1>n1nd78a8ihsicvtweaf1wvyu1avgosy</sha1>
</revision>
<revision>
<id>1598136</id>
<parentid>1500031</parentid>
<timestamp>2013-01-19T13:29:19Z</timestamp>
<contributor>
<username>MalafayaBot</username>
<id>628</id>
</contributor>
<minor />
<comment>Robô: Substituição de texto automática (-|Vocábulo de  +|Entrada de , -|Vocábulo com  +|Entrada com , -[[Categoria:Vocábulo +[[Categoria:Entrada)</comment>
<model>wikitext</model>
<format>text/x-wiki</format>
<text bytes="1644" xml:space="preserve">{{ver também|Januária|januário|Januário}}
={{-pt-}}=
==Substantivo==
{{proparoxítona|ja|nu|á|ri|a}} {{f}}
# {{escopo|Brasil: Minas Gerais e Bahia}} [[aguardente]], [[cachaça]]
# {{escopo|Brasil: Minas Gerais e Bahia}} [[cachaça]] [[com]] [[limão]]; [[caipirinha]]
===Etimologia===
: [[do]] [[topônimo]] ''[[Januária]]'' [[MG]]
==Forma de adjetivo==
{{proparoxítona|ja|nu|á|ri|a}}
# {{cont|3}}[[feminino]] [[de]] '''[[januário]]'''
==Ver também==
===Referências===
{{verTambém.Ini}}
* [http://www.dicio.com.br/januaria/ Dicionário Online de Português]
* [http://www.priberam.pt/DLPO/default.aspx?pal=janu%C3%A1ria Dicionário Priberam da Língua Portuguesa]
* [http://aulete.uol.com.br/site.php?mdl=aulete_digital&amp;op=loadVerbete&amp;pesquisa=1&amp;palavra=janu%E1ria iDicionário Aulete]
* [http://michaelis.uol.com.br/moderno/portugues/index.php?lingua=portugues-portugues&amp;palavra=janu%E1ria Michaelis Moderno Dicionário da Língua Portuguesa]
{{verTambém.Fim}}
===No Wikcionário===
====Anagramas====
{{verTambém.Ini}}
* [[janauira]]
{{verTambém.NovaColuna}}
* [[janauíra]]
{{verTambém.NovaColuna}}
* [[januaíra]]
{{verTambém.Fim}}
===Ligações externas===
{{verTambém.Ini}}
* [http://velhochico.net/index_arquivos/Page953LL.htm Cachaça... uma boa januária e outras mais... — por Abel Coelho]
* [http://cachaca.januaria.zip.net/ Cachaça Artesanal de Januária MG]
* [http://www.forvo.com/word/janu%C3%A1ria/#pt Forvo: pronúncia de januária]
{{verTambém.Fim}}

[[Categoria:Substantivo (Português)]]
[[Categoria:Brasil]]
[[Categoria:Entrada com etimologia (Português)]]
[[Categoria:Forma de adjetivo (Português)]]</text>
<sha1>r1eur7i4a304mw83hrebv0fq3a2ml8d</sha1>
</revision>
<revision>
<id>1819287</id>
<parentid>1598136</parentid>
<timestamp>2014-04-15T12:04:25Z</timestamp>
<contributor>
<username>MIL973</username>
<id>41339</id>
</contributor>
<model>wikitext</model>
<format>text/x-wiki</format>
<text bytes="1694" xml:space="preserve">{{ver também|Januária|januário|Januário}}

={{-pt-}}=
==Substantivo==
{{flex.pt|fs=januária|fp=januárias}}
{{proparoxítona aparente|ja|nu|á|ri|a}}, {{f}}
# {{escopo|Brasil: Minas Gerais e Bahia}} [[aguardente]], [[cachaça]]
# {{escopo|Brasil: Minas Gerais e Bahia}} [[cachaça]] [[com]] [[limão]]; [[caipirinha]]

=={{etimologia|pt}}==
: [[do]] [[topônimo]] ''[[Januária]]'' ([[Minas Gerais|MG]])

==Forma de adjetivo==
{{proparoxítona aparente|ja|nu|á|ri|a}}, {{f}}
# [[feminino]] [[de]] [[januário]]

{{avi-for-fle|januário}}

==Ver também==
===Referências===
{{verTambém.Ini}}
* [http://www.dicio.com.br/januaria/ Dicionário Online de Português]
* [http://www.priberam.pt/DLPO/default.aspx?pal=janu%C3%A1ria Dicionário Priberam da Língua Portuguesa]
* [http://aulete.uol.com.br/site.php?mdl=aulete_digital&amp;op=loadVerbete&amp;pesquisa=1&amp;palavra=janu%E1ria iDicionário Aulete]
* [http://michaelis.uol.com.br/moderno/portugues/index.php?lingua=portugues-portugues&amp;palavra=janu%E1ria Michaelis Moderno Dicionário da Língua Portuguesa]
{{verTambém.Fim}}
===No Wikcionário===
====Anagramas====
{{verTambém.Ini}}
* [[janauira]]
{{verTambém.NovaColuna}}
* [[janauíra]]
{{verTambém.NovaColuna}}
* [[januaíra]]
{{verTambém.Fim}}
===Ligações externas===
{{verTambém.Ini}}
* [http://velhochico.net/index_arquivos/Page953LL.htm Cachaça... uma boa januária e outras mais... — por Abel Coelho]
* [http://cachaca.januaria.zip.net/ Cachaça Artesanal de Januária MG]
* [http://www.forvo.com/word/janu%C3%A1ria/#pt Forvo: pronúncia de januária]
{{verTambém.Fim}}

[[Categoria:Substantivo (Português)]]
[[Categoria:Forma de adjetivo (Português)]]
[[Categoria:Brasil]]</text>
<sha1>msl9uhjzvepy0n7h2svj67tpgq00a5k</sha1>
</revision>
<revision>
<id>1952167</id>
<parentid>1819287</parentid>
<timestamp>2015-06-30T11:51:11Z</timestamp>
<contributor>
<username>MIL973</username>
<id>41339</id>
</contributor>
<model>wikitext</model>
<format>text/x-wiki</format>
<text bytes="1677" xml:space="preserve">{{ver também|Januária}}

={{-pt-}}=
==Substantivo==
{{flex.pt|fs=januária|fp=januárias}}
{{proparoxítona aparente|ja|nu|á|ri|a}}, {{f}}
# {{escopo|Brasil: Minas Gerais e Bahia}} [[aguardente]], [[cachaça]]
# {{escopo|Brasil: Minas Gerais e Bahia}} [[cachaça]] com [[limão]]; [[caipirinha]]

=={{etimologia|pt}}==
: Do topônimo [[Januária]] (Minas Gerais).

==Forma de adjetivo==
{{proparoxítona aparente|ja|nu|á|ri|a}}, {{f}}
# feminino de [[januário]]

{{avi-for-fle|januário}}

==Ver também==
===Referências===
{{verTambém.Ini}}
* [http://www.dicio.com.br/januaria/ Dicionário Online de Português]
* [http://www.priberam.pt/DLPO/default.aspx?pal=janu%C3%A1ria Dicionário Priberam da Língua Portuguesa]
* [http://aulete.uol.com.br/site.php?mdl=aulete_digital&amp;op=loadVerbete&amp;pesquisa=1&amp;palavra=janu%E1ria iDicionário Aulete]
* [http://michaelis.uol.com.br/moderno/portugues/index.php?lingua=portugues-portugues&amp;palavra=janu%E1ria Michaelis Moderno Dicionário da Língua Portuguesa]
{{verTambém.Fim}}
===No Wikcionário===
====Anagramas====
{{verTambém.Ini}}
* [[janauira]]
{{verTambém.NovaColuna}}
* [[janauíra]]
{{verTambém.NovaColuna}}
* [[januaíra]]
{{verTambém.Fim}}

==Ligações externas==
{{verTambém.Ini}}
* [http://velhochico.net/index_arquivos/Page953LL.htm Cachaça... uma boa januária e outras mais... — por Abel Coelho]
* [http://cachaca.januaria.zip.net/ Cachaça Artesanal de Januária MG]
* [http://www.forvo.com/word/janu%C3%A1ria/#pt Forvo: pronúncia de januária]
{{verTambém.Fim}}

[[Categoria:Substantivo (Português)]]
[[Categoria:Forma de adjetivo (Português)]]
[[Categoria:Bebida (Português)]]
[[Categoria:Brasil]]</text>
<sha1>fo7bcofyry4iqf23722z9mxrzzjc4et</sha1>
</revision>
<revision>
<id>2150724</id>
<parentid>1952167</parentid>
<timestamp>2016-07-14T03:58:36Z</timestamp>
<contributor>
<username>MIL973</username>
<id>41339</id>
</contributor>
<model>wikitext</model>
<format>text/x-wiki</format>
<text bytes="1097" xml:space="preserve">{{ver também|Januária}}

={{-pt-}}=
==Substantivo==
{{flex.pt|fs=januária|fp=januárias}}
{{proparoxítona aparente|ja|nu|á|ri|a}}, {{f}}
# {{escopo|Brasil: Minas Gerais e Bahia}} [[aguardente]], [[cachaça]]
# {{escopo|Brasil: Minas Gerais e Bahia}} [[cachaça]] com [[limão]]; [[caipirinha]]

==Forma de adjetivo==
{{proparoxítona aparente|ja|nu|á|ri|a}}, {{f}}
# feminino de [[januário]]

{{avi-for-fle|januário}}

=={{etimologia|pt}}==
: Do topônimo [[Januária]] (Minas Gerais).

==Anagramas==
# [[janauira]]
# [[janauíra]]
# [[januaíra]]

==Ligações externas==
===Referências===
{{verTambém.Ini}}
* {{Dicio}}
* {{Aulete}}
* [http://cachaca.januaria.zip.net/ Cachaça Artesanal de Januária MG]
* [http://www.forvo.com/word/janu%C3%A1ria/#pt Forvo: pronúncia de januária]
* {{Michaelis}}
* {{Priberam}}
* {{PLP}}
* [http://velhochico.net/index_arquivos/Page953LL.htm Cachaça... uma boa januária e outras mais... — por Abel Coelho]

[[Categoria:Substantivo (Português)]]
[[Categoria:Forma de adjetivo (Português)]]
[[Categoria:Bebida (Português)]]
[[Categoria:Brasil]]</text>
<sha1>6uq6ewquj3xpt2jtre7wdlxjvqtrcns</sha1>
</revision>
<revision>
<id>2460317</id>
<parentid>2150724</parentid>
<timestamp>2017-11-11T01:13:59Z</timestamp>
<contributor>
<username>MIL973</username>
<id>41339</id>
</contributor>
<model>wikitext</model>
<format>text/x-wiki</format>
<text bytes="1096" xml:space="preserve">{{ver também|Januária}}

={{-pt-}}=
==Substantivo==
{{flex.pt|fs=januária|fp=januárias}}
{{proparoxítona aparente|ja|nu|á|ri|a}}, {{gramática|f}}
# {{escopo|pt|Bahia|bebida|Minas Gerais}} [[aguardente]], [[cachaça]]
# {{escopo|pt|Bahia|bebida|Minas Gerais}} [[cachaça]] com [[limão]]

===Sinônimo===
* De '''2''':
* [[caipirinha]]

==Forma de adjetivo==
{{proparoxítona aparente|ja|nu|á|ri|a}}, {{gramática|f}}
# feminino de [[januário]]

{{avi-for-fle|januário}}

=={{etimologia|pt}}==
: Do topônimo [[Januária]] (Minas Gerais).

==Anagramas==
# [[janauira]]
# [[janauíra]]
# [[januaíra]]

==Ligações externas==
===Referências===
{{verTambém.Ini}}
* {{Dicio}}
* {{Aulete}}
* [http://cachaca.januaria.zip.net/ Cachaça Artesanal de Januária MG]
* [http://www.forvo.com/word/janu%C3%A1ria/#pt Forvo: pronúncia de januária]
* {{Michaelis}}
* {{Priberam}}
* {{PLP}}
* [http://velhochico.net/index_arquivos/Page953LL.htm Cachaça... uma boa januária e outras mais... — por Abel Coelho]

[[Categoria:Substantivo (Português)]]
[[Categoria:Forma de adjetivo (Português)]]</text>
<sha1>518rmwn1105ynv6cxkj4n1uv9w1qur1</sha1>
</revision>
</page>
