<title>januais</title>
<ns>0</ns>
<id>290212</id>
<revision>
<id>1409988</id>
<timestamp>2012-05-11T14:28:08Z</timestamp>
<contributor>
<username>Dicionarista</username>
<id>6964</id>
</contributor>
<comment>[[Ajuda:Guia de edição/Menus e ferramentas/Sumário de edição|→]] nova página: {{vt|janual}} ={{-pt-}}= ==Substantivo== '''januais''' ''masculino'' # {{escopoCatLang|História|pt}} festas ...</comment>
<model>wikitext</model>
<format>text/x-wiki</format>
<text bytes="499" xml:space="preserve">{{vt|janual}}
={{-pt-}}=
==Substantivo==
'''januais''' ''masculino''
# {{escopoCatLang|História|pt}} festas celebradas em honra de [[Jano]], em [[Roma]], no dia [[w:1_de_janeiro|1 de janeiro]]
==Etimologia==
: plural de ''[[janual]]''
[[Categoria:Plural (Português)]][[Categoria:Substantivo (Português)]]
==Ver também==
===Referências===
{{verTambém.Ini}}
* [http://www.portaldalinguaportuguesa.org/index.php?action=lemma&amp;lemma=176459 Portal da Língua Portuguesa (MorDebe)]
{{verTambém.Fim}}</text>
<sha1>0nekkbdomuczru0zlofl1lx42knc8zv</sha1>
</revision>
<revision>
<id>1409992</id>
<parentid>1409988</parentid>
<timestamp>2012-05-11T14:49:08Z</timestamp>
<contributor>
<username>Dicionarista</username>
<id>6964</id>
</contributor>
<model>wikitext</model>
<format>text/x-wiki</format>
<text bytes="754" xml:space="preserve">{{vt|janual}}
={{-pt-}}=
==Substantivo==
'''januais''' ''masculino''
# {{escopoCatLang|História|pt}} festas celebradas em honra de [[Jano]], em [[Roma]], no dia [[w:1_de_janeiro|1 de janeiro]]
==Etimologia==
: plural de ''[[janual]]''
==Ver também==
===Referências===
{{verTambém.Ini}}
* Canto, Manuel do; Valdez, Castro Mascarenhas. [http://books.google.com.br/books?id=WBUTAAAAYAAJ Diccionario español-portugués. Tomo segundo] [[w:Lisboa|Lisboa]]: Imprenta nacional, [[w:1864|1864]].
* [http://www.portaldalinguaportuguesa.org/index.php?action=lemma&amp;lemma=176459 Portal da Língua Portuguesa (MorDebe)]
{{verTambém.Fim}}
[[Categoria:Plural (Português)]][[Categoria:Substantivo (Português)]][[Categoria:Vocábulo de étimo latino (Português)]]</text>
<sha1>nqdu1i87pampc8b241it7foybgtvst6</sha1>
</revision>
<revision>
<id>1410328</id>
<parentid>1409992</parentid>
<timestamp>2012-05-12T01:02:00Z</timestamp>
<contributor>
<username>Dicionarista</username>
<id>6964</id>
</contributor>
<comment>/* Referências */</comment>
<model>wikitext</model>
<format>text/x-wiki</format>
<text bytes="763" xml:space="preserve">{{vt|janual}}
={{-pt-}}=
==Substantivo==
'''januais''' ''masculino''
# {{escopoCatLang|História|pt}} festas celebradas em honra de [[Jano]], em [[Roma]], no dia [[w:1_de_janeiro|1 de janeiro]]
==Etimologia==
: plural de ''[[janual]]''
==Ver também==
===Referências===
{{verTambém.Ini}}
* Canto, Manuel do; Valdez, Castro Mascarenhas. [http://books.google.com.br/books?id=WBUTAAAAYAAJ Diccionario español-portugués. Tomo segundo] [[w:Lisboa|Lisboa]]: Imprenta nacional, [[w:1864|1864]].
* [http://www.portaldalinguaportuguesa.org/index.php?action=lemma&amp;lemma=176459 Portal da Língua Portuguesa (MorDebe)]
{{verTambém.Fim}}
[[Categoria:Pluralia tantum (Português)]][[Categoria:Substantivo (Português)]][[Categoria:Vocábulo de étimo latino (Português)]]</text>
<sha1>gi6vu2yyr6l9bkryopuziqk7fwsujkh</sha1>
</revision>
<revision>
<id>1410341</id>
<parentid>1410328</parentid>
<timestamp>2012-05-12T01:26:08Z</timestamp>
<contributor>
<username>Dicionarista</username>
<id>6964</id>
</contributor>
<model>wikitext</model>
<format>text/x-wiki</format>
<text bytes="725" xml:space="preserve">{{vt|janual}}
={{-pt-}}=
==Substantivo==
'''januais''' ''masculino''
# {{escopoCatLang|História|pt}} festas celebradas em honra de [[Jano]], em [[Roma]], no dia [[w:1_de_janeiro|1 de janeiro]]
==Etimologia==
: plural de ''[[janual]]''
==Ver também==
===Referências===
{{verTambém.Ini}}
* Canto, Manuel do; Valdez, Castro Mascarenhas. [http://books.google.com.br/books?id=WBUTAAAAYAAJ Diccionario español-portugués. Tomo segundo] [[w:Lisboa|Lisboa]]: Imprenta nacional, [[w:1864|1864]].
* [http://www.portaldalinguaportuguesa.org/index.php?action=lemma&amp;lemma=176459 Portal da Língua Portuguesa (MorDebe)]
{{verTambém.Fim}}
[[Categoria:Pluralia tantum (Português)]][[Categoria:Vocábulo de étimo latino (Português)]]</text>
<sha1>hhl7lw09wyfhx76mqft1p4x597p15x7</sha1>
</revision>
<revision>
<id>1410675</id>
<parentid>1410341</parentid>
<timestamp>2012-05-12T16:44:18Z</timestamp>
<contributor>
<username>Dicionarista</username>
<id>6964</id>
</contributor>
<model>wikitext</model>
<format>text/x-wiki</format>
<text bytes="948" xml:space="preserve">{{vt|janual}}
={{-pt-}}=
==Substantivo==
{{oxítona|ja|nu|ais}} {{m}} {{p}}
# {{escopoCatLang|História|pt}} festas celebradas em honra de [[Jano]], em [[Roma]], no dia [[w:1_de_janeiro|1 de janeiro]]
==Forma de substantivo==
{{oxítona|ja|nu|ais}} {{m}}
# plural de '''[[janual]]'''
==Forma de adjetivo==
{{oxítona|ja|nu|ais}} {{2g}}
# plural de '''[[janual]]'''
==Ver também==
===Referências===
{{verTambém.Ini}}
* Canto, Manuel do; Valdez, Castro Mascarenhas. [http://books.google.com.br/books?id=WBUTAAAAYAAJ Diccionario español-portugués. Tomo segundo] [[w:Lisboa|Lisboa]]: Imprenta nacional, [[w:1864|1864]].
* [http://www.portaldalinguaportuguesa.org/index.php?action=lemma&amp;lemma=176459 Portal da Língua Portuguesa (MorDebe)]
{{verTambém.Fim}}
[[Categoria:Pluralia tantum (Português)]]
[[Categoria:Vocábulo de étimo latino (Português)]]
[[Categoria:Forma de substantivo (Português)]]
[[Categoria:Forma de adjetivo (Português)]]</text>
<sha1>d4w12nz2xh0ru461rerzu1rpnk8qzgu</sha1>
</revision>
<revision>
<id>1418220</id>
<parentid>1410675</parentid>
<timestamp>2012-06-06T17:07:52Z</timestamp>
<contributor>
<username>Dicionarista</username>
<id>6964</id>
</contributor>
<model>wikitext</model>
<format>text/x-wiki</format>
<text bytes="1137" xml:space="preserve">{{vt|janual}}
={{-pt-}}=
==Substantivo==
{{oxítona|ja|nu|ais}} {{m}} {{p}}
# {{escopoCatLang|História|pt}} [[festas]] [[celebradas]] [[em]] [[honra]] [[de]] [[Jano]], [[em]] [[Roma]], [[no]] [[dia]] [[w:1_de_janeiro|1 de janeiro]]
==Forma de substantivo==
{{oxítona|ja|nu|ais}} {{m}}
# {{cont|2}}[[plural]] [[de]] '''[[janual]]'''
==Forma de adjetivo==
{{oxítona|ja|nu|ais}} {{2g}}
# {{cont|3}}[[plural]] [[de]] '''[[janual]]'''
==Ver também==
===Referências===
{{verTambém.Ini}}
* Canto, Manuel do; Valdez, Castro Mascarenhas. [http://books.google.com.br/books?id=WBUTAAAAYAAJ Diccionario español-portugués. Tomo segundo] [[w:Lisboa|Lisboa]]: Imprenta nacional, [[w:1864|1864]].
* [http://www.portaldalinguaportuguesa.org/index.php?action=lemma&amp;lemma=176459 Portal da Língua Portuguesa (MorDebe)]
{{verTambém.Fim}}
===No Wikcionário===
{{verTambém.Ini}}
* [[quirinais]]
{{verTambém.NovaColuna}}
* [[Quirinália]]
{{verTambém.Fim}}

[[Categoria:Pluralia tantum (Português)]]
[[Categoria:Vocábulo de étimo latino (Português)]]
[[Categoria:Forma de substantivo (Português)]]
[[Categoria:Forma de adjetivo (Português)]]</text>
<sha1>bpleid16dhbf76yntwhj7mgyv0c36n9</sha1>
</revision>
<revision>
<id>1418265</id>
<parentid>1418220</parentid>
<timestamp>2012-06-06T18:40:50Z</timestamp>
<contributor>
<username>Dicionarista</username>
<id>6964</id>
</contributor>
<model>wikitext</model>
<format>text/x-wiki</format>
<text bytes="1167" xml:space="preserve">{{vt|janual}}
={{-pt-}}=
==Substantivo==
{{oxítona|ja|nu|ais}} {{f}} {{p}}
# {{escopo|arqueologia verbal}} {{escopoCatLang|História|pt}} [[festas]] [[celebradas]] [[em]] [[honra]] [[de]] [[Jano]], [[em]] [[Roma]], [[no]] [[dia]] [[w:1_de_janeiro|1 de janeiro]]
==Forma de substantivo==
{{oxítona|ja|nu|ais}} {{m}}
# {{cont|2}}[[plural]] [[de]] '''[[janual]]'''
==Forma de adjetivo==
{{oxítona|ja|nu|ais}} {{2g}}
# {{cont|3}}[[plural]] [[de]] '''[[janual]]'''
==Ver também==
===Referências===
{{verTambém.Ini}}
* Canto, Manuel do; Valdez, Castro Mascarenhas. [http://books.google.com.br/books?id=WBUTAAAAYAAJ Diccionario español-portugués. Tomo segundo] [[w:Lisboa|Lisboa]]: Imprenta nacional, [[w:1864|1864]].
* [http://www.portaldalinguaportuguesa.org/index.php?action=lemma&amp;lemma=176459 Portal da Língua Portuguesa (MorDebe)]
{{verTambém.Fim}}
===No Wikcionário===
{{verTambém.Ini}}
* [[quirinais]]
{{verTambém.NovaColuna}}
* [[Quirinália]]
{{verTambém.Fim}}

[[Categoria:Pluralia tantum (Português)]]
[[Categoria:Vocábulo de étimo latino (Português)]]
[[Categoria:Forma de substantivo (Português)]]
[[Categoria:Forma de adjetivo (Português)]]</text>
<sha1>2tlh96e0883r02szj1wsv6u174k3kqm</sha1>
</revision>
<revision>
<id>1424625</id>
<parentid>1418265</parentid>
<timestamp>2012-06-30T03:55:39Z</timestamp>
<contributor>
<username>Dicionarista</username>
<id>6964</id>
</contributor>
<model>wikitext</model>
<format>text/x-wiki</format>
<text bytes="1255" xml:space="preserve">{{vt|janual}}
={{-pt-}}=
==Substantivo==
{{oxítona|ja|nu|ais}} {{f}} {{p}}
# {{escopo|arqueologia verbal}} {{escopoCatLang|História|pt}} [[festas]] [[celebradas]] [[em]] [[honra]] [[de]] [[Jano]], [[em]] [[Roma]], [[no]] [[dia]] [[w:1_de_janeiro|1 de janeiro]]
===Tradução===
{{verTambém.Ini}}
* {{es}}: {{xlatio|es|januales}}
{{verTambém.Fim}}
==Forma de substantivo==
{{oxítona|ja|nu|ais}} {{m}}
# {{cont|2}}[[plural]] [[de]] '''[[janual]]'''
==Forma de adjetivo==
{{oxítona|ja|nu|ais}} {{2g}}
# {{cont|3}}[[plural]] [[de]] '''[[janual]]'''
==Ver também==
===Referências===
{{verTambém.Ini}}
* [http://www.portaldalinguaportuguesa.org/index.php?action=lemma&amp;lemma=176459 Portal da Língua Portuguesa (MorDebe)]
* Valdez, Manuel do Canto e Castro Mascarenhas. [http://books.google.com.br/books?id=WBUTAAAAYAAJ Diccionario español-portugués. Tomo segundo] [[w:Lisboa|Lisboa]]: Imprenta nacional, [[w:1864|1864]].
{{verTambém.Fim}}
===No Wikcionário===
{{verTambém.Ini}}
* [[quirinais]]
{{verTambém.NovaColuna}}
* [[Quirinália]]
{{verTambém.Fim}}

[[Categoria:Pluralia tantum (Português)]]
[[Categoria:Vocábulo de étimo latino (Português)]]
[[Categoria:Forma de substantivo (Português)]]
[[Categoria:Forma de adjetivo (Português)]]</text>
<sha1>7fx5ixvp90akpakwrxaxdlvyia2sray</sha1>
</revision>
<revision>
<id>1500037</id>
<parentid>1424625</parentid>
<timestamp>2012-10-25T07:23:26Z</timestamp>
<contributor>
<username>VJBot</username>
<id>33673</id>
</contributor>
<minor />
<comment>Robô: Substituição de texto automática  (-{{vt| +{{ver também|)</comment>
<model>wikitext</model>
<format>text/x-wiki</format>
<text bytes="1264" xml:space="preserve">{{ver também|janual}}
={{-pt-}}=
==Substantivo==
{{oxítona|ja|nu|ais}} {{f}} {{p}}
# {{escopo|arqueologia verbal}} {{escopoCatLang|História|pt}} [[festas]] [[celebradas]] [[em]] [[honra]] [[de]] [[Jano]], [[em]] [[Roma]], [[no]] [[dia]] [[w:1_de_janeiro|1 de janeiro]]
===Tradução===
{{verTambém.Ini}}
* {{es}}: {{xlatio|es|januales}}
{{verTambém.Fim}}
==Forma de substantivo==
{{oxítona|ja|nu|ais}} {{m}}
# {{cont|2}}[[plural]] [[de]] '''[[janual]]'''
==Forma de adjetivo==
{{oxítona|ja|nu|ais}} {{2g}}
# {{cont|3}}[[plural]] [[de]] '''[[janual]]'''
==Ver também==
===Referências===
{{verTambém.Ini}}
* [http://www.portaldalinguaportuguesa.org/index.php?action=lemma&amp;lemma=176459 Portal da Língua Portuguesa (MorDebe)]
* Valdez, Manuel do Canto e Castro Mascarenhas. [http://books.google.com.br/books?id=WBUTAAAAYAAJ Diccionario español-portugués. Tomo segundo] [[w:Lisboa|Lisboa]]: Imprenta nacional, [[w:1864|1864]].
{{verTambém.Fim}}
===No Wikcionário===
{{verTambém.Ini}}
* [[quirinais]]
{{verTambém.NovaColuna}}
* [[Quirinália]]
{{verTambém.Fim}}

[[Categoria:Pluralia tantum (Português)]]
[[Categoria:Vocábulo de étimo latino (Português)]]
[[Categoria:Forma de substantivo (Português)]]
[[Categoria:Forma de adjetivo (Português)]]</text>
<sha1>4qnz0etcijbzbdu477x3xork8opslni</sha1>
</revision>
<revision>
<id>1602217</id>
<parentid>1500037</parentid>
<timestamp>2013-01-19T17:11:32Z</timestamp>
<contributor>
<username>MalafayaBot</username>
<id>628</id>
</contributor>
<minor />
<comment>Robô: A modificar Categoria:Vocábulo de étimo latino (Português) para Categoria:Entrada de étimo latino (Português)</comment>
<model>wikitext</model>
<format>text/x-wiki</format>
<text bytes="1262" xml:space="preserve">{{ver também|janual}}
={{-pt-}}=
==Substantivo==
{{oxítona|ja|nu|ais}} {{f}} {{p}}
# {{escopo|arqueologia verbal}} {{escopoCatLang|História|pt}} [[festas]] [[celebradas]] [[em]] [[honra]] [[de]] [[Jano]], [[em]] [[Roma]], [[no]] [[dia]] [[w:1_de_janeiro|1 de janeiro]]
===Tradução===
{{verTambém.Ini}}
* {{es}}: {{xlatio|es|januales}}
{{verTambém.Fim}}
==Forma de substantivo==
{{oxítona|ja|nu|ais}} {{m}}
# {{cont|2}}[[plural]] [[de]] '''[[janual]]'''
==Forma de adjetivo==
{{oxítona|ja|nu|ais}} {{2g}}
# {{cont|3}}[[plural]] [[de]] '''[[janual]]'''
==Ver também==
===Referências===
{{verTambém.Ini}}
* [http://www.portaldalinguaportuguesa.org/index.php?action=lemma&amp;lemma=176459 Portal da Língua Portuguesa (MorDebe)]
* Valdez, Manuel do Canto e Castro Mascarenhas. [http://books.google.com.br/books?id=WBUTAAAAYAAJ Diccionario español-portugués. Tomo segundo] [[w:Lisboa|Lisboa]]: Imprenta nacional, [[w:1864|1864]].
{{verTambém.Fim}}
===No Wikcionário===
{{verTambém.Ini}}
* [[quirinais]]
{{verTambém.NovaColuna}}
* [[Quirinália]]
{{verTambém.Fim}}

[[Categoria:Pluralia tantum (Português)]]
[[Categoria:Entrada de étimo latino (Português)]]
[[Categoria:Forma de substantivo (Português)]]
[[Categoria:Forma de adjetivo (Português)]]</text>
<sha1>kgapvl6gvfjlrc1x3ekzimbm0yee9x5</sha1>
</revision>
<revision>
<id>2169424</id>
<parentid>1602217</parentid>
<timestamp>2016-09-08T23:03:24Z</timestamp>
<contributor>
<username>Luan</username>
<id>1279</id>
</contributor>
<minor />
<comment>substituição da [[Predefinição:2g]] por [[predefinição:gramática]] utilizando [[Project:AutoWikiBrowser|AWB]]</comment>
<model>wikitext</model>
<format>text/x-wiki</format>
<text bytes="1248" xml:space="preserve">{{ver também|janual}}
={{-pt-}}=
==Substantivo==
{{oxítona|ja|nu|ais}} {{gramática|fp}}
# {{escopo|arqueologia verbal}} {{escopo|pt|História}} [[festas]] [[celebradas]] [[em]] [[honra]] [[de]] [[Jano]], [[em]] [[Roma]], [[no]] [[dia]] [[w:1 de janeiro|1 de janeiro]]
===Tradução===
{{tradini}}
* {{trad|es|januales}}
{{tradfim}}
==Forma de substantivo==
{{oxítona|ja|nu|ais}} {{gramática|m}}
#{{cont|2}} [[plural]] [[de]] '''[[janual]]'''
==Forma de adjetivo==
{{oxítona|ja|nu|ais}} {{gramática|2g}}
#{{cont|3}} [[plural]] [[de]] '''[[janual]]'''
==Ver também==
===Referências===
{{dividir em colunas|1}}
* [http://www.portaldalinguaportuguesa.org/index.php?action=lemma&amp;lemma=176459 Portal da Língua Portuguesa (MorDebe)]
* Valdez, Manuel do Canto e Castro Mascarenhas. [http://books.google.com.br/books?id=WBUTAAAAYAAJ Diccionario español-portugués. Tomo segundo] [[w:Lisboa|Lisboa]]: Imprenta nacional, [[w:1864|1864]].
{{dividir em colunas/fim}}
===No Wikcionário===
{{dividir em colunas|1}}
* [[quirinais]]
* [[Quirinália]]
{{dividir em colunas/fim}}

[[Categoria:Substantivo (Português)]]
[[Categoria:Pluralia tantum (Português)]]
[[Categoria:Forma de substantivo (Português)]]
[[Categoria:Forma de adjetivo (Português)]]</text>
<sha1>nauoq7694hh3bk5x95gb43p4kilexuw</sha1>
</revision>
</page>
