<title>janual</title>
<ns>0</ns>
<id>106370</id>
<revision>
<id>415578</id>
<timestamp>2009-02-11T21:53:04Z</timestamp>
<contributor>
<username>Dicionarista</username>
<id>6964</id>
</contributor>
<comment>[[Ajuda:Menus e funções/Sumário de edição#Sumário de edição automático|→]] nova página: =Português= '''ja.nu.&lt;u&gt;al&lt;/u&gt;'''  {{-etimologia-}} : Do latim ''[[Janualis]]'', de ''[[Janus]]''...</comment>
<model>wikitext</model>
<format>text/x-wiki</format>
<text bytes="563" xml:space="preserve">=Português=
'''ja.nu.&lt;u&gt;al&lt;/u&gt;'''

{{-etimologia-}}
: Do latim ''[[Janualis]]'', de ''[[Janus]]'' '[[Jano]]' + -''[[-alis|alis]]'' '-[[-al|al]]'

{{-subs-}}
''masculino''
:1. {{escopoCatLang|História|pt}} um tipo de bolo que os romanos ofertavam ao deus Jano
:2. {{escopoCatLang|História|pt}} as festividades em honra de Jano

{{-adjet-}}
''2 gêneros''
:3. relativo a Jano; [[janal]]

{{-vtbm-}}
===Na Wikipédia===
* [[w:Jano|Jano]]

[[Categoria:Vocábulo com etimologia (Português)]][[Categoria:Trissílabo (Português)]][[Categoria:Oxítona (Português)]]</text>
<sha1>dgsnzplmrto8l0lm9mqjngljinazuc6</sha1>
</revision>
<revision>
<id>415621</id>
<parentid>415578</parentid>
<timestamp>2009-02-11T22:45:30Z</timestamp>
<contributor>
<username>Dicionarista</username>
<id>6964</id>
</contributor>
<model>wikitext</model>
<format>text/x-wiki</format>
<text bytes="1212" xml:space="preserve">=Português=
'''ja.nu.&lt;u&gt;al&lt;/u&gt;'''

{{-etimologia-}}
: Do latim ''[[Janualis]]'', de ''[[Janus]]'' '[[Jano]]' + -''[[-alis|alis]]'' '-[[-al|al]]'

{{-subs-}}
''masculino''
:1. {{escopoCatLang|História|pt}} um tipo de bolo que os romanos ofertavam ao deus Jano
:2. {{escopoCatLang|História|pt}} as festividades em honra de Jano

{{-adjet-}}
''2 gêneros''
:3. relativo a Jano; [[janal]]
:4. (''por extensão de sentido'') ambivalente; com dois pesos e duas medidas
:: &lt;font color=&quot;#004408&quot;&gt;''(...) a instância jurídica foi política e &lt;small&gt;JANUAL&lt;/small&gt;, segundo a metáfora mitológica do deus Jano: uma face voltada para os poderosos e outra, a mais severa, para o povo.&lt;/font&gt;
::: [http://books.google.com.br/books?id=EL4QAAAAYAAJ&amp;pgis=1 Educação em debate]. Departamento de Educação, Centro de Estudos Sociais Aplicados, Universidade Federal do Ceará, 1979.

{{-vtbm-}}
===Na Wikipédia===
* [[w:Jano|Jano]]
===Na WWW===
* '''No Aulete Digital'''
: [http://www.aulete.portaldapalavra.com.br/site.php?mdl=aulete_digital&amp;op=loadVerbete&amp;pesquisa=1&amp;palavra=janual ''janual'']

[[Categoria:Vocábulo com etimologia (Português)]][[Categoria:Trissílabo (Português)]][[Categoria:Oxítona (Português)]]</text>
<sha1>7icv5k0zfw9msau8ldaetrr5iq0hzyq</sha1>
</revision>
<revision>
<id>415632</id>
<parentid>415621</parentid>
<timestamp>2009-02-11T22:51:46Z</timestamp>
<contributor>
<username>Dicionarista</username>
<id>6964</id>
</contributor>
<comment>/* Na WWW */</comment>
<model>wikitext</model>
<format>text/x-wiki</format>
<text bytes="1398" xml:space="preserve">=Português=
'''ja.nu.&lt;u&gt;al&lt;/u&gt;'''

{{-etimologia-}}
: Do latim ''[[Janualis]]'', de ''[[Janus]]'' '[[Jano]]' + -''[[-alis|alis]]'' '-[[-al|al]]'

{{-subs-}}
''masculino''
:1. {{escopoCatLang|História|pt}} um tipo de bolo que os romanos ofertavam ao deus Jano
:2. {{escopoCatLang|História|pt}} as festividades em honra de Jano

{{-adjet-}}
''2 gêneros''
:3. relativo a Jano; [[janal]]
:4. (''por extensão de sentido'') ambivalente; com dois pesos e duas medidas
:: &lt;font color=&quot;#004408&quot;&gt;''(...) a instância jurídica foi política e &lt;small&gt;JANUAL&lt;/small&gt;, segundo a metáfora mitológica do deus Jano: uma face voltada para os poderosos e outra, a mais severa, para o povo.&lt;/font&gt;
::: [http://books.google.com.br/books?id=EL4QAAAAYAAJ&amp;pgis=1 Educação em debate]. Departamento de Educação, Centro de Estudos Sociais Aplicados, Universidade Federal do Ceará, 1979.

{{-vtbm-}}
===Na Wikipédia===
* [[w:Jano|Jano]]
===Na WWW===
* '''No Aulete Digital'''
: [http://www.aulete.portaldapalavra.com.br/site.php?mdl=aulete_digital&amp;op=loadVerbete&amp;pesquisa=1&amp;palavra=janual ''janual'']
* '''No Google Books'''
===={{-ref-}}====
:* [http://books.google.com.br/books?id=KKsqAAAAMAAJ&amp;pgis=1 '''Grande enciclopédia portuguesa e brasileira'''.] Editorial Enciclopédia, 1936.

[[Categoria:Vocábulo com etimologia (Português)]][[Categoria:Trissílabo (Português)]][[Categoria:Oxítona (Português)]]</text>
<sha1>4w4hfcj9ln6atdabuxiuie47dt4n2r0</sha1>
</revision>
<revision>
<id>415640</id>
<parentid>415632</parentid>
<timestamp>2009-02-11T22:57:10Z</timestamp>
<contributor>
<username>Dicionarista</username>
<id>6964</id>
</contributor>
<model>wikitext</model>
<format>text/x-wiki</format>
<text bytes="1483" xml:space="preserve">=Português=
'''ja.nu.&lt;u&gt;al&lt;/u&gt;'''

{{-etimologia-}}
: Do latim ''[[Janualis]]'', de ''[[Janus]]'' '[[Jano]]' + -''[[-alis|alis]]'' '-[[-al|al]]'

{{-subs-}}
''masculino''
:1. {{escopoCatLang|História|pt}} um tipo de bolo que os romanos ofertavam ao deus Jano
:2. {{escopoCatLang|História|pt}} as festividades em honra de Jano

{{-adjet-}}
''2 gêneros''
:3. relativo a Jano; [[janal]]
:4. (''por extensão de sentido'') ambivalente; com dois pesos e duas medidas
:: &lt;font color=&quot;#004408&quot;&gt;''(...) a instância jurídica foi política e &lt;small&gt;JANUAL&lt;/small&gt;, segundo a metáfora mitológica do deus Jano: uma face voltada para os poderosos e outra, a mais severa, para o povo.&lt;/font&gt;
::: [http://books.google.com.br/books?id=EL4QAAAAYAAJ&amp;pgis=1 Educação em debate]. Departamento de Educação, Centro de Estudos Sociais Aplicados, Universidade Federal do Ceará, 1979.

{{-vtbm-}}
===No Wikcionário===
* [[janicéfalo]]
* [[janiforme]]
* [[jânio]]
* [[januário]]
===Na Wikipédia===
* [[w:Jano|Jano]]
===Na WWW===
* '''No Aulete Digital'''
: [http://www.aulete.portaldapalavra.com.br/site.php?mdl=aulete_digital&amp;op=loadVerbete&amp;pesquisa=1&amp;palavra=janual ''janual'']
* '''No Google Books'''
===={{-ref-}}====
:* [http://books.google.com.br/books?id=KKsqAAAAMAAJ&amp;pgis=1 '''Grande enciclopédia portuguesa e brasileira'''.] Editorial Enciclopédia, 1936.

[[Categoria:Vocábulo com etimologia (Português)]][[Categoria:Trissílabo (Português)]][[Categoria:Oxítona (Português)]]</text>
<sha1>lvya64j9x4ghmzf85i5h6zl7t4ozbc4</sha1>
</revision>
<revision>
<id>415971</id>
<parentid>415640</parentid>
<timestamp>2009-02-12T16:39:25Z</timestamp>
<contributor>
<username>Dicionarista</username>
<id>6964</id>
</contributor>
<comment>/* Na WWW */</comment>
<model>wikitext</model>
<format>text/x-wiki</format>
<text bytes="1625" xml:space="preserve">=Português=
'''ja.nu.&lt;u&gt;al&lt;/u&gt;'''

{{-etimologia-}}
: Do latim ''[[Janualis]]'', de ''[[Janus]]'' '[[Jano]]' + -''[[-alis|alis]]'' '-[[-al|al]]'

{{-subs-}}
''masculino''
:1. {{escopoCatLang|História|pt}} um tipo de bolo que os romanos ofertavam ao deus Jano
:2. {{escopoCatLang|História|pt}} as festividades em honra de Jano

{{-adjet-}}
''2 gêneros''
:3. relativo a Jano; [[janal]]
:4. (''por extensão de sentido'') ambivalente; com dois pesos e duas medidas
:: &lt;font color=&quot;#004408&quot;&gt;''(...) a instância jurídica foi política e &lt;small&gt;JANUAL&lt;/small&gt;, segundo a metáfora mitológica do deus Jano: uma face voltada para os poderosos e outra, a mais severa, para o povo.&lt;/font&gt;
::: [http://books.google.com.br/books?id=EL4QAAAAYAAJ&amp;pgis=1 Educação em debate]. Departamento de Educação, Centro de Estudos Sociais Aplicados, Universidade Federal do Ceará, 1979.

{{-vtbm-}}
===No Wikcionário===
* [[janicéfalo]]
* [[janiforme]]
* [[jânio]]
* [[januário]]
===Na Wikipédia===
* [[w:Jano|Jano]]
===Na WWW===
* [http://mithos.cys.com.br/20359.htm Janual] - página do [http://mithos.cys.com.br/ Mithos - Sistema de Pesquisa Mitológica em Hipertexto]
* '''No Aulete Digital'''
: [http://www.aulete.portaldapalavra.com.br/site.php?mdl=aulete_digital&amp;op=loadVerbete&amp;pesquisa=1&amp;palavra=janual ''janual'']
* '''No Google Books'''
===={{-ref-}}====
:* [http://books.google.com.br/books?id=KKsqAAAAMAAJ&amp;pgis=1 '''Grande enciclopédia portuguesa e brasileira'''.] Editorial Enciclopédia, 1936.

[[Categoria:Vocábulo com etimologia (Português)]][[Categoria:Trissílabo (Português)]][[Categoria:Oxítona (Português)]]</text>
<sha1>p9w0ifejxvyql1on3wc940q9mh7dcs0</sha1>
</revision>
<revision>
<id>415972</id>
<parentid>415971</parentid>
<timestamp>2009-02-12T16:43:32Z</timestamp>
<contributor>
<username>Dicionarista</username>
<id>6964</id>
</contributor>
<comment>/* Na WWW */</comment>
<model>wikitext</model>
<format>text/x-wiki</format>
<text bytes="1765" xml:space="preserve">=Português=
'''ja.nu.&lt;u&gt;al&lt;/u&gt;'''

{{-etimologia-}}
: Do latim ''[[Janualis]]'', de ''[[Janus]]'' '[[Jano]]' + -''[[-alis|alis]]'' '-[[-al|al]]'

{{-subs-}}
''masculino''
:1. {{escopoCatLang|História|pt}} um tipo de bolo que os romanos ofertavam ao deus Jano
:2. {{escopoCatLang|História|pt}} as festividades em honra de Jano

{{-adjet-}}
''2 gêneros''
:3. relativo a Jano; [[janal]]
:4. (''por extensão de sentido'') ambivalente; com dois pesos e duas medidas
:: &lt;font color=&quot;#004408&quot;&gt;''(...) a instância jurídica foi política e &lt;small&gt;JANUAL&lt;/small&gt;, segundo a metáfora mitológica do deus Jano: uma face voltada para os poderosos e outra, a mais severa, para o povo.&lt;/font&gt;
::: [http://books.google.com.br/books?id=EL4QAAAAYAAJ&amp;pgis=1 Educação em debate]. Departamento de Educação, Centro de Estudos Sociais Aplicados, Universidade Federal do Ceará, 1979.

{{-vtbm-}}
===No Wikcionário===
* [[janicéfalo]]
* [[janiforme]]
* [[jânio]]
* [[januário]]
===Na Wikipédia===
* [[w:Jano|Jano]]
===Na WWW===
* [http://mithos.cys.com.br/15643.htm Jano] - página do [http://mithos.cys.com.br/ Mithos - Sistema de Pesquisa Mitológica em Hipertexto]
* [http://mithos.cys.com.br/20359.htm Janual] - página do [http://mithos.cys.com.br/ Mithos - Sistema de Pesquisa Mitológica em Hipertexto]
* '''No Aulete Digital'''
: [http://www.aulete.portaldapalavra.com.br/site.php?mdl=aulete_digital&amp;op=loadVerbete&amp;pesquisa=1&amp;palavra=janual ''janual'']
* '''No Google Books'''
===={{-ref-}}====
:* [http://books.google.com.br/books?id=KKsqAAAAMAAJ&amp;pgis=1 '''Grande enciclopédia portuguesa e brasileira'''.] Editorial Enciclopédia, 1936.

[[Categoria:Vocábulo com etimologia (Português)]][[Categoria:Trissílabo (Português)]][[Categoria:Oxítona (Português)]]</text>
<sha1>raes9r258o6ccspa0l1wty8qc0pwnxm</sha1>
</revision>
<revision>
<id>424635</id>
<parentid>415972</parentid>
<timestamp>2009-02-27T09:48:43Z</timestamp>
<contributor>
<username>Dicionarista</username>
<id>6964</id>
</contributor>
<model>wikitext</model>
<format>text/x-wiki</format>
<text bytes="2075" xml:space="preserve">=Português=
'''ja.nu.&lt;u&gt;al&lt;/u&gt;'''

{{-etimologia-}}
: Do latim ''[[Janualis]]'', de ''[[Janus]]'' '[[Jano]]' + -''[[-alis|alis]]'' '-[[-al|al]]'

{{-subs-}}
''masculino''
:1. {{escopoCatLang|História|pt}} um tipo de bolo que os romanos ofertavam ao deus Jano
:2. (''plural'': &lt;small&gt;'''JANUAIS'''&lt;/small&gt;){{escopoCatLang|História|pt}} festas celebradas em honra de Jano, em Roma, no dia 1 de [[janeiro]]

{{-adjet-}}
''2 gêneros''
:3. diz-se do que tem duas faces, como o Deus Jano; [[janiforme]]
:4. relativo a Jano; próprio de Jano; [[janal]]
:5. (''por extensão de sentido'') ambivalente; com dois pesos e duas medidas
:: &lt;font color=&quot;#004408&quot;&gt;''(...) a instância jurídica foi política e &lt;small&gt;JANUAL&lt;/small&gt;, segundo a metáfora mitológica do deus Jano: uma face voltada para os poderosos e outra, a mais severa, para o povo.&lt;/font&gt;
::: [http://books.google.com.br/books?id=EL4QAAAAYAAJ&amp;pgis=1 Educação em debate]. Departamento de Educação, Centro de Estudos Sociais Aplicados, Universidade Federal do Ceará, 1979.

{{-vtbm-}}
===No Wikcionário===
* [[janicéfalo]]
* [[jânio]]
* [[januário]]
===Na Wikipédia===
* [[w:Jano|Jano]]
===Na WWW===
* [http://mithos.cys.com.br/15643.htm Jano] - página do [http://mithos.cys.com.br/ Mithos - Sistema de Pesquisa Mitológica em Hipertexto]
* [http://mithos.cys.com.br/20359.htm Janual] - página do [http://mithos.cys.com.br/ Mithos - Sistema de Pesquisa Mitológica em Hipertexto]
* '''No Aulete Digital'''
: [http://www.aulete.portaldapalavra.com.br/site.php?mdl=aulete_digital&amp;op=loadVerbete&amp;pesquisa=1&amp;palavra=janual ''janual'']
* '''No Google Books'''
===={{-ref-}}====
:* CANTO, Manuel do; VALDEZ, Castro Mascarenhas. [http://books.google.com.br/books?id=WBUTAAAAYAAJ '''Diccionario español-portugués'''.] Imprenta nacional, 1864.
:* [http://books.google.com.br/books?id=KKsqAAAAMAAJ&amp;pgis=1 '''Grande enciclopédia portuguesa e brasileira'''.] Editorial Enciclopédia, 1936.

[[Categoria:Vocábulo com etimologia (Português)]][[Categoria:Trissílabo (Português)]][[Categoria:Oxítona (Português)]]</text>
<sha1>l1bna9o0rns2pgvxdv5bls68c1yb1v3</sha1>
</revision>
<revision>
<id>431367</id>
<parentid>424635</parentid>
<timestamp>2009-03-08T20:19:59Z</timestamp>
<contributor>
<username>Interwicket</username>
<id>6868</id>
</contributor>
<minor />
<comment>iwiki +[[:fr:janual]]</comment>
<model>wikitext</model>
<format>text/x-wiki</format>
<text bytes="2090" xml:space="preserve">=Português=
'''ja.nu.&lt;u&gt;al&lt;/u&gt;'''

{{-etimologia-}}
: Do latim ''[[Janualis]]'', de ''[[Janus]]'' '[[Jano]]' + -''[[-alis|alis]]'' '-[[-al|al]]'

{{-subs-}}
''masculino''
:1. {{escopoCatLang|História|pt}} um tipo de bolo que os romanos ofertavam ao deus Jano
:2. (''plural'': &lt;small&gt;'''JANUAIS'''&lt;/small&gt;){{escopoCatLang|História|pt}} festas celebradas em honra de Jano, em Roma, no dia 1 de [[janeiro]]

{{-adjet-}}
''2 gêneros''
:3. diz-se do que tem duas faces, como o Deus Jano; [[janiforme]]
:4. relativo a Jano; próprio de Jano; [[janal]]
:5. (''por extensão de sentido'') ambivalente; com dois pesos e duas medidas
:: &lt;font color=&quot;#004408&quot;&gt;''(...) a instância jurídica foi política e &lt;small&gt;JANUAL&lt;/small&gt;, segundo a metáfora mitológica do deus Jano: uma face voltada para os poderosos e outra, a mais severa, para o povo.&lt;/font&gt;
::: [http://books.google.com.br/books?id=EL4QAAAAYAAJ&amp;pgis=1 Educação em debate]. Departamento de Educação, Centro de Estudos Sociais Aplicados, Universidade Federal do Ceará, 1979.

{{-vtbm-}}
===No Wikcionário===
* [[janicéfalo]]
* [[jânio]]
* [[januário]]
===Na Wikipédia===
* [[w:Jano|Jano]]
===Na WWW===
* [http://mithos.cys.com.br/15643.htm Jano] - página do [http://mithos.cys.com.br/ Mithos - Sistema de Pesquisa Mitológica em Hipertexto]
* [http://mithos.cys.com.br/20359.htm Janual] - página do [http://mithos.cys.com.br/ Mithos - Sistema de Pesquisa Mitológica em Hipertexto]
* '''No Aulete Digital'''
: [http://www.aulete.portaldapalavra.com.br/site.php?mdl=aulete_digital&amp;op=loadVerbete&amp;pesquisa=1&amp;palavra=janual ''janual'']
* '''No Google Books'''
===={{-ref-}}====
:* CANTO, Manuel do; VALDEZ, Castro Mascarenhas. [http://books.google.com.br/books?id=WBUTAAAAYAAJ '''Diccionario español-portugués'''.] Imprenta nacional, 1864.
:* [http://books.google.com.br/books?id=KKsqAAAAMAAJ&amp;pgis=1 '''Grande enciclopédia portuguesa e brasileira'''.] Editorial Enciclopédia, 1936.

[[Categoria:Vocábulo com etimologia (Português)]][[Categoria:Trissílabo (Português)]][[Categoria:Oxítona (Português)]]

[[fr:janual]]</text>
<sha1>n4nvn7fmqdreiwr5e3lbttg63bl7a9q</sha1>
</revision>
<revision>
<id>475407</id>
<parentid>431367</parentid>
<timestamp>2009-06-06T18:49:24Z</timestamp>
<contributor>
<username>Dicionarista</username>
<id>6964</id>
</contributor>
<model>wikitext</model>
<format>text/x-wiki</format>
<text bytes="2356" xml:space="preserve">=Português=
'''ja.nu.&lt;u&gt;al&lt;/u&gt;'''

{{-etimologia-}}
: Do latim ''[[Janualis]]'', de ''[[Janus]]'' '[[Jano]]' + -''[[-alis|alis]]'' '-[[-al|al]]'

{{-subs-}}
''masculino''
:1. {{escopoCatLang|História|pt}} um tipo de bolo que os romanos ofertavam ao deus Jano
:2. (''plural'': &lt;small&gt;'''JANUAIS'''&lt;/small&gt;){{escopoCatLang|História|pt}} festas celebradas em honra de Jano, em Roma, no dia 1 de [[janeiro]]

{{-adjet-}}
''2 gêneros''
:3. diz-se do que tem duas faces, como o Deus Jano; [[janiforme]]
:4. relativo a Jano; próprio de Jano; [[janal]]
:5. (''por extensão de sentido'') ambivalente; com dois pesos e duas medidas
:: &lt;font color=&quot;#004408&quot;&gt;''(...) a instância jurídica foi política e &lt;small&gt;JANUAL&lt;/small&gt;, segundo a metáfora mitológica do deus Jano: uma face voltada para os poderosos e outra, a mais severa, para o povo.&lt;/font&gt;
::: [http://books.google.com.br/books?id=EL4QAAAAYAAJ&amp;pgis=1 Educação em debate]. Departamento de Educação, Centro de Estudos Sociais Aplicados, Universidade Federal do Ceará, 1979.

{{-vtbm-}}
===No Wikcionário===
* [[janicéfalo]]
* [[jânio]]
* [[januário]]
===Na Wikipédia===
* [[w:Jano|Jano]]
===Na WWW===
* [http://mithos.cys.com.br/15643.htm Jano] - página do [http://mithos.cys.com.br/ Mithos - Sistema de Pesquisa Mitológica em Hipertexto]
* [http://mithos.cys.com.br/20359.htm Janual] - página do [http://mithos.cys.com.br/ Mithos - Sistema de Pesquisa Mitológica em Hipertexto]
* '''No Aulete Digital'''
: [http://www.aulete.portaldapalavra.com.br/site.php?mdl=aulete_digital&amp;op=loadVerbete&amp;pesquisa=1&amp;palavra=janual ''janual'']
* '''No Google Books'''
===={{-ref-}}====
:* CANTO, Manuel do; VALDEZ, Castro Mascarenhas. [http://books.google.com.br/books?id=WBUTAAAAYAAJ '''Diccionario español-portugués'''.] Imprenta nacional, 1864.
:* [http://books.google.com.br/books?id=KKsqAAAAMAAJ&amp;pgis=1 '''Grande enciclopédia portuguesa e brasileira'''.] Editorial Enciclopédia, 1936.

[[Categoria:Vocábulo com etimologia (Português)]][[Categoria:Trissílabo (Português)]][[Categoria:Oxítona (Português)]]

[[fr:janual]]

=Francês=
==Substantivo[[Categoria:Substantivo (Francês)]]==
'''janual''' ''masculino''
# [[janual#Português|janual]] (acp. 1)
{{-vtbm-}}
===={{-ref-}}====
* [[w:Antoine_de_Rivarol|Antoine de Rivarol]]. ''Dictionnaire classique de la langue française'' (1827).</text>
<sha1>0rfpzrhlc71jxuijspibgbyt8kry3vx</sha1>
</revision>
<revision>
<id>475408</id>
<parentid>475407</parentid>
<timestamp>2009-06-06T18:50:36Z</timestamp>
<contributor>
<username>Dicionarista</username>
<id>6964</id>
</contributor>
<comment>/* SubstantivoCategoria:Substantivo (Francês) */</comment>
<model>wikitext</model>
<format>text/x-wiki</format>
<text bytes="2387" xml:space="preserve">=Português=
'''ja.nu.&lt;u&gt;al&lt;/u&gt;'''

{{-etimologia-}}
: Do latim ''[[Janualis]]'', de ''[[Janus]]'' '[[Jano]]' + -''[[-alis|alis]]'' '-[[-al|al]]'

{{-subs-}}
''masculino''
:1. {{escopoCatLang|História|pt}} um tipo de bolo que os romanos ofertavam ao deus Jano
:2. (''plural'': &lt;small&gt;'''JANUAIS'''&lt;/small&gt;){{escopoCatLang|História|pt}} festas celebradas em honra de Jano, em Roma, no dia 1 de [[janeiro]]

{{-adjet-}}
''2 gêneros''
:3. diz-se do que tem duas faces, como o Deus Jano; [[janiforme]]
:4. relativo a Jano; próprio de Jano; [[janal]]
:5. (''por extensão de sentido'') ambivalente; com dois pesos e duas medidas
:: &lt;font color=&quot;#004408&quot;&gt;''(...) a instância jurídica foi política e &lt;small&gt;JANUAL&lt;/small&gt;, segundo a metáfora mitológica do deus Jano: uma face voltada para os poderosos e outra, a mais severa, para o povo.&lt;/font&gt;
::: [http://books.google.com.br/books?id=EL4QAAAAYAAJ&amp;pgis=1 Educação em debate]. Departamento de Educação, Centro de Estudos Sociais Aplicados, Universidade Federal do Ceará, 1979.

{{-vtbm-}}
===No Wikcionário===
* [[janicéfalo]]
* [[jânio]]
* [[januário]]
===Na Wikipédia===
* [[w:Jano|Jano]]
===Na WWW===
* [http://mithos.cys.com.br/15643.htm Jano] - página do [http://mithos.cys.com.br/ Mithos - Sistema de Pesquisa Mitológica em Hipertexto]
* [http://mithos.cys.com.br/20359.htm Janual] - página do [http://mithos.cys.com.br/ Mithos - Sistema de Pesquisa Mitológica em Hipertexto]
* '''No Aulete Digital'''
: [http://www.aulete.portaldapalavra.com.br/site.php?mdl=aulete_digital&amp;op=loadVerbete&amp;pesquisa=1&amp;palavra=janual ''janual'']
* '''No Google Books'''
===={{-ref-}}====
:* CANTO, Manuel do; VALDEZ, Castro Mascarenhas. [http://books.google.com.br/books?id=WBUTAAAAYAAJ '''Diccionario español-portugués'''.] Imprenta nacional, 1864.
:* [http://books.google.com.br/books?id=KKsqAAAAMAAJ&amp;pgis=1 '''Grande enciclopédia portuguesa e brasileira'''.] Editorial Enciclopédia, 1936.

[[Categoria:Vocábulo com etimologia (Português)]][[Categoria:Trissílabo (Português)]][[Categoria:Oxítona (Português)]]

[[fr:janual]]

=Francês=
==Substantivo[[Categoria:Substantivo (Francês)]]==
'''janual''' ''masculino''
# {{escopoCatLang|História|fr}} [[janual#Português|janual]] (acp. 1)
{{-vtbm-}}
===={{-ref-}}====
* [[w:Antoine_de_Rivarol|Antoine de Rivarol]]. ''Dictionnaire classique de la langue française'' (1827).</text>
<sha1>6blf8opk3pjvca894ihgvyqzczla71u</sha1>
</revision>
<revision>
<id>475409</id>
<parentid>475408</parentid>
<timestamp>2009-06-06T18:52:28Z</timestamp>
<contributor>
<username>Dicionarista</username>
<id>6964</id>
</contributor>
<comment>/* SubstantivoCategoria:Substantivo (Francês) */</comment>
<model>wikitext</model>
<format>text/x-wiki</format>
<text bytes="2409" xml:space="preserve">=Português=
'''ja.nu.&lt;u&gt;al&lt;/u&gt;'''

{{-etimologia-}}
: Do latim ''[[Janualis]]'', de ''[[Janus]]'' '[[Jano]]' + -''[[-alis|alis]]'' '-[[-al|al]]'

{{-subs-}}
''masculino''
:1. {{escopoCatLang|História|pt}} um tipo de bolo que os romanos ofertavam ao deus Jano
:2. (''plural'': &lt;small&gt;'''JANUAIS'''&lt;/small&gt;){{escopoCatLang|História|pt}} festas celebradas em honra de Jano, em Roma, no dia 1 de [[janeiro]]

{{-adjet-}}
''2 gêneros''
:3. diz-se do que tem duas faces, como o Deus Jano; [[janiforme]]
:4. relativo a Jano; próprio de Jano; [[janal]]
:5. (''por extensão de sentido'') ambivalente; com dois pesos e duas medidas
:: &lt;font color=&quot;#004408&quot;&gt;''(...) a instância jurídica foi política e &lt;small&gt;JANUAL&lt;/small&gt;, segundo a metáfora mitológica do deus Jano: uma face voltada para os poderosos e outra, a mais severa, para o povo.&lt;/font&gt;
::: [http://books.google.com.br/books?id=EL4QAAAAYAAJ&amp;pgis=1 Educação em debate]. Departamento de Educação, Centro de Estudos Sociais Aplicados, Universidade Federal do Ceará, 1979.

{{-vtbm-}}
===No Wikcionário===
* [[janicéfalo]]
* [[jânio]]
* [[januário]]
===Na Wikipédia===
* [[w:Jano|Jano]]
===Na WWW===
* [http://mithos.cys.com.br/15643.htm Jano] - página do [http://mithos.cys.com.br/ Mithos - Sistema de Pesquisa Mitológica em Hipertexto]
* [http://mithos.cys.com.br/20359.htm Janual] - página do [http://mithos.cys.com.br/ Mithos - Sistema de Pesquisa Mitológica em Hipertexto]
* '''No Aulete Digital'''
: [http://www.aulete.portaldapalavra.com.br/site.php?mdl=aulete_digital&amp;op=loadVerbete&amp;pesquisa=1&amp;palavra=janual ''janual'']
* '''No Google Books'''
===={{-ref-}}====
:* CANTO, Manuel do; VALDEZ, Castro Mascarenhas. [http://books.google.com.br/books?id=WBUTAAAAYAAJ '''Diccionario español-portugués'''.] Imprenta nacional, 1864.
:* [http://books.google.com.br/books?id=KKsqAAAAMAAJ&amp;pgis=1 '''Grande enciclopédia portuguesa e brasileira'''.] Editorial Enciclopédia, 1936.

[[Categoria:Vocábulo com etimologia (Português)]][[Categoria:Trissílabo (Português)]][[Categoria:Oxítona (Português)]]

[[fr:janual]]

=Francês=
==Substantivo[[Categoria:Substantivo (Francês)]]==
'''janual''' ''masculino'' [plural: ''januals'']
# {{escopoCatLang|História|fr}} [[janual#Português|janual]] (acp. 1)
{{-vtbm-}}
===={{-ref-}}====
* [[w:Antoine_de_Rivarol|Antoine de Rivarol]]. ''Dictionnaire classique de la langue française'' (1827).</text>
<sha1>rm1f4slxdhwbi38l1c8io9nm49bluh2</sha1>
</revision>
<revision>
<id>586514</id>
<parentid>475409</parentid>
<timestamp>2009-11-04T23:33:09Z</timestamp>
<contributor>
<username>Jesielt-bot</username>
<id>10876</id>
</contributor>
<comment>Substituição, Replaced: {{-vtbm-}} → =={{vertb}}== (2), utilizando [[Project:AutoWikiBrowser|AWB]]</comment>
<model>wikitext</model>
<format>text/x-wiki</format>
<text bytes="2415" xml:space="preserve">=Português=
'''ja.nu.&lt;u&gt;al&lt;/u&gt;'''

{{-etimologia-}}
: Do latim ''[[Janualis]]'', de ''[[Janus]]'' '[[Jano]]' + -''[[-alis|alis]]'' '-[[-al|al]]'

{{-subs-}}
''masculino''
:1. {{escopoCatLang|História|pt}} um tipo de bolo que os romanos ofertavam ao deus Jano
:2. (''plural'': &lt;small&gt;'''JANUAIS'''&lt;/small&gt;){{escopoCatLang|História|pt}} festas celebradas em honra de Jano, em Roma, no dia 1 de [[janeiro]]

{{-adjet-}}
''2 gêneros''
:3. diz-se do que tem duas faces, como o Deus Jano; [[janiforme]]
:4. relativo a Jano; próprio de Jano; [[janal]]
:5. (''por extensão de sentido'') ambivalente; com dois pesos e duas medidas
:: &lt;font color=&quot;#004408&quot;&gt;''(...) a instância jurídica foi política e &lt;small&gt;JANUAL&lt;/small&gt;, segundo a metáfora mitológica do deus Jano: uma face voltada para os poderosos e outra, a mais severa, para o povo.&lt;/font&gt;
::: [http://books.google.com.br/books?id=EL4QAAAAYAAJ&amp;pgis=1 Educação em debate]. Departamento de Educação, Centro de Estudos Sociais Aplicados, Universidade Federal do Ceará, 1979.

=={{vertb}}==
===No Wikcionário===
* [[janicéfalo]]
* [[jânio]]
* [[januário]]
===Na Wikipédia===
* [[w:Jano|Jano]]
===Na WWW===
* [http://mithos.cys.com.br/15643.htm Jano] - página do [http://mithos.cys.com.br/ Mithos - Sistema de Pesquisa Mitológica em Hipertexto]
* [http://mithos.cys.com.br/20359.htm Janual] - página do [http://mithos.cys.com.br/ Mithos - Sistema de Pesquisa Mitológica em Hipertexto]
* '''No Aulete Digital'''
: [http://www.aulete.portaldapalavra.com.br/site.php?mdl=aulete_digital&amp;op=loadVerbete&amp;pesquisa=1&amp;palavra=janual ''janual'']
* '''No Google Books'''
===={{-ref-}}====
:* CANTO, Manuel do; VALDEZ, Castro Mascarenhas. [http://books.google.com.br/books?id=WBUTAAAAYAAJ '''Diccionario español-portugués'''.] Imprenta nacional, 1864.
:* [http://books.google.com.br/books?id=KKsqAAAAMAAJ&amp;pgis=1 '''Grande enciclopédia portuguesa e brasileira'''.] Editorial Enciclopédia, 1936.

[[Categoria:Vocábulo com etimologia (Português)]][[Categoria:Trissílabo (Português)]][[Categoria:Oxítona (Português)]]

[[fr:janual]]

=Francês=
==Substantivo[[Categoria:Substantivo (Francês)]]==
'''janual''' ''masculino'' [plural: ''januals'']
# {{escopoCatLang|História|fr}} [[janual#Português|janual]] (acp. 1)
=={{vertb}}==
===={{-ref-}}====
* [[w:Antoine_de_Rivarol|Antoine de Rivarol]]. ''Dictionnaire classique de la langue française'' (1827).</text>
<sha1>02sfo05r4vwnx9ph2shbb493u5508l7</sha1>
</revision>
<revision>
<id>613845</id>
<parentid>586514</parentid>
<timestamp>2009-11-14T16:50:29Z</timestamp>
<contributor>
<username>Jesielt-bot</username>
<id>10876</id>
</contributor>
<comment>, Replaced: {{-etimologia-}} → =={{etimologia}}==, utilizando [[Project:AutoWikiBrowser|AWB]]</comment>
<model>wikitext</model>
<format>text/x-wiki</format>
<text bytes="2417" xml:space="preserve">=Português=
'''ja.nu.&lt;u&gt;al&lt;/u&gt;'''

=={{etimologia}}==
: Do latim ''[[Janualis]]'', de ''[[Janus]]'' '[[Jano]]' + -''[[-alis|alis]]'' '-[[-al|al]]'

{{-subs-}}
''masculino''
:1. {{escopoCatLang|História|pt}} um tipo de bolo que os romanos ofertavam ao deus Jano
:2. (''plural'': &lt;small&gt;'''JANUAIS'''&lt;/small&gt;){{escopoCatLang|História|pt}} festas celebradas em honra de Jano, em Roma, no dia 1 de [[janeiro]]

{{-adjet-}}
''2 gêneros''
:3. diz-se do que tem duas faces, como o Deus Jano; [[janiforme]]
:4. relativo a Jano; próprio de Jano; [[janal]]
:5. (''por extensão de sentido'') ambivalente; com dois pesos e duas medidas
:: &lt;font color=&quot;#004408&quot;&gt;''(...) a instância jurídica foi política e &lt;small&gt;JANUAL&lt;/small&gt;, segundo a metáfora mitológica do deus Jano: uma face voltada para os poderosos e outra, a mais severa, para o povo.&lt;/font&gt;
::: [http://books.google.com.br/books?id=EL4QAAAAYAAJ&amp;pgis=1 Educação em debate]. Departamento de Educação, Centro de Estudos Sociais Aplicados, Universidade Federal do Ceará, 1979.

=={{vertb}}==
===No Wikcionário===
* [[janicéfalo]]
* [[jânio]]
* [[januário]]
===Na Wikipédia===
* [[w:Jano|Jano]]
===Na WWW===
* [http://mithos.cys.com.br/15643.htm Jano] - página do [http://mithos.cys.com.br/ Mithos - Sistema de Pesquisa Mitológica em Hipertexto]
* [http://mithos.cys.com.br/20359.htm Janual] - página do [http://mithos.cys.com.br/ Mithos - Sistema de Pesquisa Mitológica em Hipertexto]
* '''No Aulete Digital'''
: [http://www.aulete.portaldapalavra.com.br/site.php?mdl=aulete_digital&amp;op=loadVerbete&amp;pesquisa=1&amp;palavra=janual ''janual'']
* '''No Google Books'''
===={{-ref-}}====
:* CANTO, Manuel do; VALDEZ, Castro Mascarenhas. [http://books.google.com.br/books?id=WBUTAAAAYAAJ '''Diccionario español-portugués'''.] Imprenta nacional, 1864.
:* [http://books.google.com.br/books?id=KKsqAAAAMAAJ&amp;pgis=1 '''Grande enciclopédia portuguesa e brasileira'''.] Editorial Enciclopédia, 1936.

[[Categoria:Vocábulo com etimologia (Português)]][[Categoria:Trissílabo (Português)]][[Categoria:Oxítona (Português)]]

[[fr:janual]]

=Francês=
==Substantivo[[Categoria:Substantivo (Francês)]]==
'''janual''' ''masculino'' [plural: ''januals'']
# {{escopoCatLang|História|fr}} [[janual#Português|janual]] (acp. 1)
=={{vertb}}==
===={{-ref-}}====
* [[w:Antoine_de_Rivarol|Antoine de Rivarol]]. ''Dictionnaire classique de la langue française'' (1827).</text>
<sha1>0qxtuzwgt0j9lvsnbpjwp51e9kca39k</sha1>
</revision>
<revision>
<id>665395</id>
<parentid>613845</parentid>
<timestamp>2009-12-25T14:28:16Z</timestamp>
<contributor>
<username>Jesielt-bot</username>
<id>10876</id>
</contributor>
<comment>clean up, Replaced: {{-subs-}} → ==Substantivo==, utilizando [[Project:AutoWikiBrowser|AWB]]</comment>
<model>wikitext</model>
<format>text/x-wiki</format>
<text bytes="2422" xml:space="preserve">=Português=
'''ja.nu.&lt;u&gt;al&lt;/u&gt;'''

=={{etimologia}}==
: Do latim ''[[Janualis]]'', de ''[[Janus]]'' '[[Jano]]' + -''[[-alis|alis]]'' '-[[-al|al]]'

==Substantivo==
''masculino''
:1. {{escopoCatLang|História|pt}} um tipo de bolo que os romanos ofertavam ao deus Jano
:2. (''plural'': &lt;small&gt;'''JANUAIS'''&lt;/small&gt;){{escopoCatLang|História|pt}} festas celebradas em honra de Jano, em Roma, no dia 1 de [[janeiro]]

{{-adjet-}}
''2 gêneros''
:3. diz-se do que tem duas faces, como o Deus Jano; [[janiforme]]
:4. relativo a Jano; próprio de Jano; [[janal]]
:5. (''por extensão de sentido'') ambivalente; com dois pesos e duas medidas
:: &lt;font color=&quot;#004408&quot;&gt;''(...) a instância jurídica foi política e &lt;small&gt;JANUAL&lt;/small&gt;, segundo a metáfora mitológica do deus Jano: uma face voltada para os poderosos e outra, a mais severa, para o povo.&lt;/font&gt;
::: [http://books.google.com.br/books?id=EL4QAAAAYAAJ&amp;pgis=1 Educação em debate]. Departamento de Educação, Centro de Estudos Sociais Aplicados, Universidade Federal do Ceará, 1979.

=={{vertb}}==
===No Wikcionário===
* [[janicéfalo]]
* [[jânio]]
* [[januário]]
===Na Wikipédia===
* [[w:Jano|Jano]]
===Na WWW===
* [http://mithos.cys.com.br/15643.htm Jano] - página do [http://mithos.cys.com.br/ Mithos - Sistema de Pesquisa Mitológica em Hipertexto]
* [http://mithos.cys.com.br/20359.htm Janual] - página do [http://mithos.cys.com.br/ Mithos - Sistema de Pesquisa Mitológica em Hipertexto]
* '''No Aulete Digital'''
: [http://www.aulete.portaldapalavra.com.br/site.php?mdl=aulete_digital&amp;op=loadVerbete&amp;pesquisa=1&amp;palavra=janual ''janual'']
* '''No Google Books'''
===={{-ref-}}====
:* CANTO, Manuel do; VALDEZ, Castro Mascarenhas. [http://books.google.com.br/books?id=WBUTAAAAYAAJ '''Diccionario español-portugués'''.] Imprenta nacional, 1864.
:* [http://books.google.com.br/books?id=KKsqAAAAMAAJ&amp;pgis=1 '''Grande enciclopédia portuguesa e brasileira'''.] Editorial Enciclopédia, 1936.

[[Categoria:Vocábulo com etimologia (Português)]][[Categoria:Trissílabo (Português)]][[Categoria:Oxítona (Português)]]

[[fr:janual]]

=Francês=
==Substantivo[[Categoria:Substantivo (Francês)]]==
'''janual''' ''masculino'' [plural: ''januals'']
# {{escopoCatLang|História|fr}} [[janual#Português|janual]] (acp. 1)
=={{vertb}}==
===={{-ref-}}====
* [[w:Antoine_de_Rivarol|Antoine de Rivarol]]. ''Dictionnaire classique de la langue française'' (1827).</text>
<sha1>op4fiamp9rxndk2mwdm2ujkjb7lz0lb</sha1>
</revision>
<revision>
<id>729024</id>
<parentid>665395</parentid>
<timestamp>2010-01-29T02:16:49Z</timestamp>
<contributor>
<username>Jesielt-bot</username>
<id>10876</id>
</contributor>
<comment>/* Substantivo */ utilizando [[Project:AWB|AWB]]</comment>
<model>wikitext</model>
<format>text/x-wiki</format>
<text bytes="2419" xml:space="preserve">=Português=
'''ja.nu.&lt;u&gt;al&lt;/u&gt;'''

=={{etimologia}}==
: Do latim ''[[Janualis]]'', de ''[[Janus]]'' '[[Jano]]' + -''[[-alis|alis]]'' '-[[-al|al]]'

==Substantivo==
''masculino''
:1. {{escopoCatLang|História|pt}} um tipo de bolo que os romanos ofertavam ao deus Jano
:2. (''plural'': &lt;small&gt;'''JANUAIS'''&lt;/small&gt;){{escopoCatLang|História|pt}} festas celebradas em honra de Jano, em Roma, no dia 1 de [[janeiro]]

Adjetivo
''2 gêneros''
:3. diz-se do que tem duas faces, como o Deus Jano; [[janiforme]]
:4. relativo a Jano; próprio de Jano; [[janal]]
:5. (''por extensão de sentido'') ambivalente; com dois pesos e duas medidas
:: &lt;font color=&quot;#004408&quot;&gt;''(...) a instância jurídica foi política e &lt;small&gt;JANUAL&lt;/small&gt;, segundo a metáfora mitológica do deus Jano: uma face voltada para os poderosos e outra, a mais severa, para o povo.&lt;/font&gt;
::: [http://books.google.com.br/books?id=EL4QAAAAYAAJ&amp;pgis=1 Educação em debate]. Departamento de Educação, Centro de Estudos Sociais Aplicados, Universidade Federal do Ceará, 1979.

=={{vertb}}==
===No Wikcionário===
* [[janicéfalo]]
* [[jânio]]
* [[januário]]
===Na Wikipédia===
* [[w:Jano|Jano]]
===Na WWW===
* [http://mithos.cys.com.br/15643.htm Jano] - página do [http://mithos.cys.com.br/ Mithos - Sistema de Pesquisa Mitológica em Hipertexto]
* [http://mithos.cys.com.br/20359.htm Janual] - página do [http://mithos.cys.com.br/ Mithos - Sistema de Pesquisa Mitológica em Hipertexto]
* '''No Aulete Digital'''
: [http://www.aulete.portaldapalavra.com.br/site.php?mdl=aulete_digital&amp;op=loadVerbete&amp;pesquisa=1&amp;palavra=janual ''janual'']
* '''No Google Books'''
===={{-ref-}}====
:* CANTO, Manuel do; VALDEZ, Castro Mascarenhas. [http://books.google.com.br/books?id=WBUTAAAAYAAJ '''Diccionario español-portugués'''.] Imprenta nacional, 1864.
:* [http://books.google.com.br/books?id=KKsqAAAAMAAJ&amp;pgis=1 '''Grande enciclopédia portuguesa e brasileira'''.] Editorial Enciclopédia, 1936.

[[Categoria:Vocábulo com etimologia (Português)]][[Categoria:Trissílabo (Português)]][[Categoria:Oxítona (Português)]]

[[fr:janual]]

=Francês=
==Substantivo[[Categoria:Substantivo (Francês)]]==
'''janual''' ''masculino'' [plural: ''januals'']
# {{escopoCatLang|História|fr}} [[janual#Português|janual]] (acp. 1)
=={{vertb}}==
===={{-ref-}}====
* [[w:Antoine_de_Rivarol|Antoine de Rivarol]]. ''Dictionnaire classique de la langue française'' (1827).</text>
<sha1>2x0a1b9tjzy1h3seyyqh7po1x42sr92</sha1>
</revision>
<revision>
<id>1201105</id>
<parentid>729024</parentid>
<timestamp>2011-07-09T13:42:35Z</timestamp>
<contributor>
<username>MalafayaBot</username>
<id>628</id>
</contributor>
<minor />
<comment>Robô: Substituição de texto automática (-^\=\s?Português\s?\= +={{-pt-}}= &amp; -^\=\s?\{\{pt\}\}\s?\= +={{-pt-}}=)</comment>
<model>wikitext</model>
<format>text/x-wiki</format>
<text bytes="2417" xml:space="preserve">={{-pt-}}=
'''ja.nu.&lt;u&gt;al&lt;/u&gt;'''

=={{etimologia}}==
: Do latim ''[[Janualis]]'', de ''[[Janus]]'' '[[Jano]]' + -''[[-alis|alis]]'' '-[[-al|al]]'

==Substantivo==
''masculino''
:1. {{escopoCatLang|História|pt}} um tipo de bolo que os romanos ofertavam ao deus Jano
:2. (''plural'': &lt;small&gt;'''JANUAIS'''&lt;/small&gt;){{escopoCatLang|História|pt}} festas celebradas em honra de Jano, em Roma, no dia 1 de [[janeiro]]

Adjetivo
''2 gêneros''
:3. diz-se do que tem duas faces, como o Deus Jano; [[janiforme]]
:4. relativo a Jano; próprio de Jano; [[janal]]
:5. (''por extensão de sentido'') ambivalente; com dois pesos e duas medidas
:: &lt;font color=&quot;#004408&quot;&gt;''(...) a instância jurídica foi política e &lt;small&gt;JANUAL&lt;/small&gt;, segundo a metáfora mitológica do deus Jano: uma face voltada para os poderosos e outra, a mais severa, para o povo.&lt;/font&gt;
::: [http://books.google.com.br/books?id=EL4QAAAAYAAJ&amp;pgis=1 Educação em debate]. Departamento de Educação, Centro de Estudos Sociais Aplicados, Universidade Federal do Ceará, 1979.

=={{vertb}}==
===No Wikcionário===
* [[janicéfalo]]
* [[jânio]]
* [[januário]]
===Na Wikipédia===
* [[w:Jano|Jano]]
===Na WWW===
* [http://mithos.cys.com.br/15643.htm Jano] - página do [http://mithos.cys.com.br/ Mithos - Sistema de Pesquisa Mitológica em Hipertexto]
* [http://mithos.cys.com.br/20359.htm Janual] - página do [http://mithos.cys.com.br/ Mithos - Sistema de Pesquisa Mitológica em Hipertexto]
* '''No Aulete Digital'''
: [http://www.aulete.portaldapalavra.com.br/site.php?mdl=aulete_digital&amp;op=loadVerbete&amp;pesquisa=1&amp;palavra=janual ''janual'']
* '''No Google Books'''
===={{-ref-}}====
:* CANTO, Manuel do; VALDEZ, Castro Mascarenhas. [http://books.google.com.br/books?id=WBUTAAAAYAAJ '''Diccionario español-portugués'''.] Imprenta nacional, 1864.
:* [http://books.google.com.br/books?id=KKsqAAAAMAAJ&amp;pgis=1 '''Grande enciclopédia portuguesa e brasileira'''.] Editorial Enciclopédia, 1936.

[[Categoria:Vocábulo com etimologia (Português)]][[Categoria:Trissílabo (Português)]][[Categoria:Oxítona (Português)]]

[[fr:janual]]

=Francês=
==Substantivo[[Categoria:Substantivo (Francês)]]==
'''janual''' ''masculino'' [plural: ''januals'']
# {{escopoCatLang|História|fr}} [[janual#Português|janual]] (acp. 1)
=={{vertb}}==
===={{-ref-}}====
* [[w:Antoine_de_Rivarol|Antoine de Rivarol]]. ''Dictionnaire classique de la langue française'' (1827).</text>
<sha1>8vz37d6porqmr0ny5mnwhw92ymbng3r</sha1>
</revision>
<revision>
<id>1218955</id>
<parentid>1201105</parentid>
<timestamp>2011-07-10T23:05:29Z</timestamp>
<contributor>
<username>MalafayaBot</username>
<id>628</id>
</contributor>
<minor />
<comment>Robô: Substituição de texto automática (-^\=\s?Francês\s?\= +={{-fr-}}= &amp; -^\=\s?\[\[Francês\]\]\s?\= +={{-fr-}}= &amp; -^\=\s?\{\{fr\}\}\s?\= +={{-fr-}}=)</comment>
<model>wikitext</model>
<format>text/x-wiki</format>
<text bytes="2417" xml:space="preserve">={{-pt-}}=
'''ja.nu.&lt;u&gt;al&lt;/u&gt;'''

=={{etimologia}}==
: Do latim ''[[Janualis]]'', de ''[[Janus]]'' '[[Jano]]' + -''[[-alis|alis]]'' '-[[-al|al]]'

==Substantivo==
''masculino''
:1. {{escopoCatLang|História|pt}} um tipo de bolo que os romanos ofertavam ao deus Jano
:2. (''plural'': &lt;small&gt;'''JANUAIS'''&lt;/small&gt;){{escopoCatLang|História|pt}} festas celebradas em honra de Jano, em Roma, no dia 1 de [[janeiro]]

Adjetivo
''2 gêneros''
:3. diz-se do que tem duas faces, como o Deus Jano; [[janiforme]]
:4. relativo a Jano; próprio de Jano; [[janal]]
:5. (''por extensão de sentido'') ambivalente; com dois pesos e duas medidas
:: &lt;font color=&quot;#004408&quot;&gt;''(...) a instância jurídica foi política e &lt;small&gt;JANUAL&lt;/small&gt;, segundo a metáfora mitológica do deus Jano: uma face voltada para os poderosos e outra, a mais severa, para o povo.&lt;/font&gt;
::: [http://books.google.com.br/books?id=EL4QAAAAYAAJ&amp;pgis=1 Educação em debate]. Departamento de Educação, Centro de Estudos Sociais Aplicados, Universidade Federal do Ceará, 1979.

=={{vertb}}==
===No Wikcionário===
* [[janicéfalo]]
* [[jânio]]
* [[januário]]
===Na Wikipédia===
* [[w:Jano|Jano]]
===Na WWW===
* [http://mithos.cys.com.br/15643.htm Jano] - página do [http://mithos.cys.com.br/ Mithos - Sistema de Pesquisa Mitológica em Hipertexto]
* [http://mithos.cys.com.br/20359.htm Janual] - página do [http://mithos.cys.com.br/ Mithos - Sistema de Pesquisa Mitológica em Hipertexto]
* '''No Aulete Digital'''
: [http://www.aulete.portaldapalavra.com.br/site.php?mdl=aulete_digital&amp;op=loadVerbete&amp;pesquisa=1&amp;palavra=janual ''janual'']
* '''No Google Books'''
===={{-ref-}}====
:* CANTO, Manuel do; VALDEZ, Castro Mascarenhas. [http://books.google.com.br/books?id=WBUTAAAAYAAJ '''Diccionario español-portugués'''.] Imprenta nacional, 1864.
:* [http://books.google.com.br/books?id=KKsqAAAAMAAJ&amp;pgis=1 '''Grande enciclopédia portuguesa e brasileira'''.] Editorial Enciclopédia, 1936.

[[Categoria:Vocábulo com etimologia (Português)]][[Categoria:Trissílabo (Português)]][[Categoria:Oxítona (Português)]]

[[fr:janual]]

={{-fr-}}=
==Substantivo[[Categoria:Substantivo (Francês)]]==
'''janual''' ''masculino'' [plural: ''januals'']
# {{escopoCatLang|História|fr}} [[janual#Português|janual]] (acp. 1)
=={{vertb}}==
===={{-ref-}}====
* [[w:Antoine_de_Rivarol|Antoine de Rivarol]]. ''Dictionnaire classique de la langue française'' (1827).</text>
<sha1>09qvjss7apc2h8rqyhq8om1k3fd5ztu</sha1>
</revision>
<revision>
<id>1410026</id>
<parentid>1218955</parentid>
<timestamp>2012-05-11T15:41:30Z</timestamp>
<contributor>
<username>Dicionarista</username>
<id>6964</id>
</contributor>
<model>wikitext</model>
<format>text/x-wiki</format>
<text bytes="2400" xml:space="preserve">={{-pt-}}=
==Substantivo==
{{oxítona|ja|nu|al}} {{m}}
# {{escopoCatLang|História|pt}} um tipo de [[bolo]] que os [[romanos]] ofertavam ao deus [[Jano]]
==Adjetivo==
{{oxítona|ja|nu|al}} {{2g}}
# diz-se do que tem duas faces, como o deus [[Jano]]; [[janiforme]]
# relativo a [[Jano]]; próprio de [[Jano]]; [[janal]]
# (''por extensão de sentido'') [[ambivalente]]; com dois pesos e duas medidas
#: ''(...) a instância jurídica foi política e &lt;u&gt;janual&lt;/u&gt;, segundo a metáfora mitológica do deus Jano: uma face voltada para os poderosos e outra, a mais severa, para o povo.''
#:: [http://books.google.com.br/books?id=EL4QAAAAYAAJ&amp;pgis=1 Educação em debate]. Departamento de Educação, Centro de Estudos Sociais Aplicados, [[w:Universidade_Federal_do_Ceará|Universidade Federal do Ceará]], [[w:1979|1979]].
==Etimologia==
: do [[latim]] {{etimo|la|Janualis}}, de {{etimo|la|Janus}}, [[Jano]], + {{etimo|la|-alis}}, [[-al]]
==Ver também==
===Referências===
{{verTambém.Ini}}
* Canto, Manuel do; Valdez, Castro Mascarenhas. [http://books.google.com.br/books?id=WBUTAAAAYAAJ Diccionario español-portugués. Tomo segundo] [[w:Lisboa|Lisboa]]: Imprenta nacional, [[w:1864|1864]].
* [http://books.google.com.br/books?id=KKsqAAAAMAAJ&amp;pgis=1 Grande enciclopédia portuguesa e brasileira] Editorial Enciclopédia, [[w:1936|1936]].
* [http://aulete.uol.com.br/site.php?mdl=aulete_digital&amp;op=loadVerbete&amp;pesquisa=1&amp;palavra=janual iDicionário Aulete]
* [http://mithos.cys.com.br/20359.htm Mithos — Sistema de Pesquisa Mitológica em Hipertexto]
* [http://www.portaldalinguaportuguesa.org/index.php?action=lemma&amp;lemma=176459 Portal da Língua Portuguesa (MorDebe)]
{{verTambém.Fim}}
===No Wikcionário===
{{verTambém.Ini}}
* [[janicéfalo]]
{{verTambém.NovaColuna}}
* [[jânio]]
{{verTambém.NovaColuna}}
* [[januais]]
{{verTambém.NovaColuna}}
* [[januário]]
{{verTambém.Fim}}

[[Categoria:Substantivo (Português)]][[Categoria:Adjetivo (Português)]][[Categoria:Vocábulo de étimo latino (Português)]]

[[fr:janual]]

={{-fr-}}=
==Substantivo==
'''janual''' ''masculino'' [''plural'': '''januals''']
# {{escopoCatLang|História|fr}} [[janual#Português|janual]] (bolo)
==Ver também==
===Referências===
{{verTambém.Ini}}
* [[w:Antoine_de_Rivarol|Antoine de Rivarol]]. ''Dictionnaire classique de la langue française'' (1827).
{{verTambém.Fim}}

[[Categoria:Substantivo (Francês)]]</text>
<sha1>1dz7eomoat4qblzloj63f4jy552yvdw</sha1>
</revision>
<revision>
<id>1410029</id>
<parentid>1410026</parentid>
<timestamp>2012-05-11T15:51:49Z</timestamp>
<contributor>
<username>Dicionarista</username>
<id>6964</id>
</contributor>
<comment>/* Referências */</comment>
<model>wikitext</model>
<format>text/x-wiki</format>
<text bytes="2527" xml:space="preserve">={{-pt-}}=
==Substantivo==
{{oxítona|ja|nu|al}} {{m}}
# {{escopoCatLang|História|pt}} um tipo de [[bolo]] que os [[romanos]] ofertavam ao deus [[Jano]]
==Adjetivo==
{{oxítona|ja|nu|al}} {{2g}}
# diz-se do que tem duas faces, como o deus [[Jano]]; [[janiforme]]
# relativo a [[Jano]]; próprio de [[Jano]]; [[janal]]
# (''por extensão de sentido'') [[ambivalente]]; com dois pesos e duas medidas
#: ''(...) a instância jurídica foi política e &lt;u&gt;janual&lt;/u&gt;, segundo a metáfora mitológica do deus Jano: uma face voltada para os poderosos e outra, a mais severa, para o povo.''
#:: [http://books.google.com.br/books?id=EL4QAAAAYAAJ&amp;pgis=1 Educação em debate]. Departamento de Educação, Centro de Estudos Sociais Aplicados, [[w:Universidade_Federal_do_Ceará|Universidade Federal do Ceará]], [[w:1979|1979]].
==Etimologia==
: do [[latim]] {{etimo|la|Janualis}}, de {{etimo|la|Janus}}, [[Jano]], + {{etimo|la|-alis}}, [[-al]]
==Ver também==
===Referências===
{{verTambém.Ini}}
* Canto, Manuel do; Valdez, Castro Mascarenhas. [http://books.google.com.br/books?id=WBUTAAAAYAAJ Diccionario español-portugués. Tomo segundo] [[w:Lisboa|Lisboa]]: Imprenta nacional, [[w:1864|1864]].
* [http://books.google.com.br/books?id=KKsqAAAAMAAJ&amp;pgis=1 Grande enciclopédia portuguesa e brasileira] Editorial Enciclopédia, [[w:1936|1936]].
* [http://aulete.uol.com.br/site.php?mdl=aulete_digital&amp;op=loadVerbete&amp;pesquisa=1&amp;palavra=janual iDicionário Aulete]
* [http://mithos.cys.com.br/20359.htm Mithos — Sistema de Pesquisa Mitológica em Hipertexto]
* [http://www.portaldalinguaportuguesa.org/index.php?action=lemma&amp;lemma=176459 Portal da Língua Portuguesa (MorDebe)]
{{verTambém.Fim}}
===No Wikcionário===
{{verTambém.Ini}}
* [[janicéfalo]]
{{verTambém.NovaColuna}}
* [[jânio]]
{{verTambém.NovaColuna}}
* [[januais]]
{{verTambém.NovaColuna}}
* [[januário]]
{{verTambém.Fim}}

[[Categoria:Substantivo (Português)]][[Categoria:Adjetivo (Português)]][[Categoria:Vocábulo de étimo latino (Português)]]

[[fr:janual]]

={{-fr-}}=
==Substantivo==
'''janual''' ''masculino'' [''plural'': '''januals''']
# {{escopoCatLang|História|fr}} [[janual#Português|janual]] (bolo)
==Ver também==
===Referências===
{{verTambém.Ini}}
* [[w:Antoine_de_Rivarol|Antoine de Rivarol]]. ''[http://books.google.com.br/books?id=b_dDAAAAcAAJ Dictionnaire classique de la langue française]'' [[w:Paris|Paris]]: Brunot-Labbe, Libraire de L'université Royale, [[w:1828|1828]].
{{verTambém.Fim}}

[[Categoria:Substantivo (Francês)]]</text>
<sha1>rq5hflqg41qbqztgd9rlvxel0t3iqo1</sha1>
</revision>
<revision>
<id>1410031</id>
<parentid>1410029</parentid>
<timestamp>2012-05-11T16:06:53Z</timestamp>
<contributor>
<username>Dicionarista</username>
<id>6964</id>
</contributor>
<comment>/* Substantivo */</comment>
<model>wikitext</model>
<format>text/x-wiki</format>
<text bytes="2579" xml:space="preserve">={{-pt-}}=
==Substantivo==
{{oxítona|ja|nu|al}} {{m}}
# {{escopoCatLang|História|pt}} um tipo de [[bolo]] que os [[romanos]] ofertavam ao deus [[Jano]]
===Traduções===
* {{fr}}: {{xlatio|fr|janual|m}}

==Adjetivo==
{{oxítona|ja|nu|al}} {{2g}}
# diz-se do que tem duas faces, como o deus [[Jano]]; [[janiforme]]
# relativo a [[Jano]]; próprio de [[Jano]]; [[janal]]
# (''por extensão de sentido'') [[ambivalente]]; com dois pesos e duas medidas
#: ''(...) a instância jurídica foi política e &lt;u&gt;janual&lt;/u&gt;, segundo a metáfora mitológica do deus Jano: uma face voltada para os poderosos e outra, a mais severa, para o povo.''
#:: [http://books.google.com.br/books?id=EL4QAAAAYAAJ&amp;pgis=1 Educação em debate]. Departamento de Educação, Centro de Estudos Sociais Aplicados, [[w:Universidade_Federal_do_Ceará|Universidade Federal do Ceará]], [[w:1979|1979]].
==Etimologia==
: do [[latim]] {{etimo|la|Janualis}}, de {{etimo|la|Janus}}, [[Jano]], + {{etimo|la|-alis}}, [[-al]]
==Ver também==
===Referências===
{{verTambém.Ini}}
* Canto, Manuel do; Valdez, Castro Mascarenhas. [http://books.google.com.br/books?id=WBUTAAAAYAAJ Diccionario español-portugués. Tomo segundo] [[w:Lisboa|Lisboa]]: Imprenta nacional, [[w:1864|1864]].
* [http://books.google.com.br/books?id=KKsqAAAAMAAJ&amp;pgis=1 Grande enciclopédia portuguesa e brasileira] Editorial Enciclopédia, [[w:1936|1936]].
* [http://aulete.uol.com.br/site.php?mdl=aulete_digital&amp;op=loadVerbete&amp;pesquisa=1&amp;palavra=janual iDicionário Aulete]
* [http://mithos.cys.com.br/20359.htm Mithos — Sistema de Pesquisa Mitológica em Hipertexto]
* [http://www.portaldalinguaportuguesa.org/index.php?action=lemma&amp;lemma=176459 Portal da Língua Portuguesa (MorDebe)]
{{verTambém.Fim}}
===No Wikcionário===
{{verTambém.Ini}}
* [[janicéfalo]]
{{verTambém.NovaColuna}}
* [[jânio]]
{{verTambém.NovaColuna}}
* [[januais]]
{{verTambém.NovaColuna}}
* [[januário]]
{{verTambém.Fim}}

[[Categoria:Substantivo (Português)]][[Categoria:Adjetivo (Português)]][[Categoria:Vocábulo de étimo latino (Português)]]

[[fr:janual]]

={{-fr-}}=
==Substantivo==
'''janual''' ''masculino'' [''plural'': '''januals''']
# {{escopoCatLang|História|fr}} [[janual#Português|janual]] (bolo)
==Ver também==
===Referências===
{{verTambém.Ini}}
* [[w:Antoine_de_Rivarol|Antoine de Rivarol]]. ''[http://books.google.com.br/books?id=b_dDAAAAcAAJ Dictionnaire classique de la langue française]'' [[w:Paris|Paris]]: Brunot-Labbe, Libraire de L'université Royale, [[w:1828|1828]].
{{verTambém.Fim}}

[[Categoria:Substantivo (Francês)]]</text>
<sha1>imzl8z5n0ez34jb810q0f5yg2bpa6eu</sha1>
</revision>
<revision>
<id>1412120</id>
<parentid>1410031</parentid>
<timestamp>2012-05-15T22:21:03Z</timestamp>
<contributor>
<username>Dicionarista</username>
<id>6964</id>
</contributor>
<model>wikitext</model>
<format>text/x-wiki</format>
<text bytes="2587" xml:space="preserve">={{-pt-}}=
==Substantivo==
{{oxítona|ja|nu|al}} {{m}}
# {{escopoCatLang|História|pt}} um tipo de [[bolo]] que os [[romanos]] ofertavam ao deus [[Jano]]
===Traduções===
* {{fr}}: {{xlatio|fr|janual|m}}
==Adjetivo==
{{oxítona|ja|nu|al}} {{2g}}
# {{cont|2}}diz-se do que tem duas faces, como o deus [[Jano]]; [[janiforme]]
# relativo a [[Jano]]; próprio de [[Jano]]; [[janal]]
# (''por extensão de sentido'') [[ambivalente]]; com dois pesos e duas medidas
#: ''(...) a instância jurídica foi política e &lt;u&gt;janual&lt;/u&gt;, segundo a metáfora mitológica do deus Jano: uma face voltada para os poderosos e outra, a mais severa, para o povo.''
#:: [http://books.google.com.br/books?id=EL4QAAAAYAAJ&amp;pgis=1 Educação em debate] Departamento de Educação, Centro de Estudos Sociais Aplicados, [[w:Universidade_Federal_do_Ceará|Universidade Federal do Ceará]], [[w:1979|1979]].
==Etimologia==
: do [[latim]] {{etimo|la|Janualis}}, de {{etimo|la|Janus}}, [[Jano]], + {{etimo|la|-alis}}, [[-al]]
==Ver também==
===Referências===
{{verTambém.Ini}}
* Canto, Manuel do; Valdez, Castro Mascarenhas. [http://books.google.com.br/books?id=WBUTAAAAYAAJ Diccionario español-portugués. Tomo segundo] [[w:Lisboa|Lisboa]]: Imprenta nacional, [[w:1864|1864]].
* [http://books.google.com.br/books?id=KKsqAAAAMAAJ&amp;pgis=1 Grande enciclopédia portuguesa e brasileira] Editorial Enciclopédia, [[w:1936|1936]].
* [http://aulete.uol.com.br/site.php?mdl=aulete_digital&amp;op=loadVerbete&amp;pesquisa=1&amp;palavra=janual iDicionário Aulete]
* [http://mithos.cys.com.br/20359.htm Mithos — Sistema de Pesquisa Mitológica em Hipertexto]
* [http://www.portaldalinguaportuguesa.org/index.php?action=lemma&amp;lemma=176459 Portal da Língua Portuguesa (MorDebe)]
{{verTambém.Fim}}
===No Wikcionário===
{{verTambém.Ini}}
* [[janicéfalo]]
{{verTambém.NovaColuna}}
* [[jânio]]
{{verTambém.NovaColuna}}
* [[januais]]
{{verTambém.NovaColuna}}
* [[januário]]
{{verTambém.Fim}}

[[Categoria:Substantivo (Português)]][[Categoria:Adjetivo (Português)]][[Categoria:Vocábulo de étimo latino (Português)]]

[[fr:janual]]

={{-fr-}}=
==Substantivo==
'''janual''' ''masculino'' [''plural'': '''januals''']
# {{escopoCatLang|História|fr}} [[janual#Português|janual]] (bolo)
==Ver também==
===Referências===
{{verTambém.Ini}}
* [[w:Antoine_de_Rivarol|Antoine de Rivarol]]. ''[http://books.google.com.br/books?id=b_dDAAAAcAAJ Dictionnaire classique de la langue française]'' [[w:Paris|Paris]]: Brunot-Labbe, Libraire de L'université Royale, [[w:1828|1828]].
{{verTambém.Fim}}

[[Categoria:Substantivo (Francês)]]</text>
<sha1>1ndvcdbomyhs06fbfzyzrnqilmtt0ps</sha1>
</revision>
<revision>
<id>1418218</id>
<parentid>1412120</parentid>
<timestamp>2012-06-06T17:03:58Z</timestamp>
<contributor>
<username>Dicionarista</username>
<id>6964</id>
</contributor>
<model>wikitext</model>
<format>text/x-wiki</format>
<text bytes="2699" xml:space="preserve">={{-pt-}}=
{{sing-pl|janual|januais}}==Substantivo==
{{oxítona|ja|nu|al}} {{m}}
# {{escopoCatLang|História|pt}} [[um]] [[tipo]] [[de]] [[bolo]] [[que]] [[os]] [[romanos]] [[ofertavam]] [[ao]] [[deus]] [[Jano]]
===Traduções===
* {{fr}}: {{xlatio|fr|janual|m}}
==Adjetivo==
{{oxítona|ja|nu|al}} {{2g}}
# {{cont|2}}[[diz-se]] [[do]] [[que]] [[tem]] [[duas]] [[faces]], [[como]] [[o]] [[deus]] [[Jano]]; [[janiforme]]
# [[relativo]] [[a]] [[Jano]]; [[próprio]] [[de]] [[Jano]]; [[janal]]
# (''por extensão de sentido'') [[ambivalente]]; [[com]] [[dois]] [[pesos]] [[e]] [[duas]] [[medidas]]
#: ''(...) a instância jurídica foi política e &lt;u&gt;janual&lt;/u&gt;, segundo a metáfora mitológica do deus Jano: uma face voltada para os poderosos e outra, a mais severa, para o povo.''
#:: [http://books.google.com.br/books?id=EL4QAAAAYAAJ&amp;pgis=1 Educação em debate] Departamento de Educação, Centro de Estudos Sociais Aplicados, [[w:Universidade_Federal_do_Ceará|Universidade Federal do Ceará]], [[w:1979|1979]].
==Etimologia==
: [[do]] [[latim]] {{etimo|la|Jānuālis}}, {{etimo|la|Jānuāle}} (&quot;[[de]] [[Jano]]&quot;)
==Ver também==
===Referências===
{{verTambém.Ini}}
* Canto, Manuel do; Valdez, Castro Mascarenhas. [http://books.google.com.br/books?id=WBUTAAAAYAAJ Diccionario español-portugués. Tomo segundo] [[w:Lisboa|Lisboa]]: Imprenta nacional, [[w:1864|1864]].
* [http://books.google.com.br/books?id=KKsqAAAAMAAJ&amp;pgis=1 Grande enciclopédia portuguesa e brasileira] Editorial Enciclopédia, [[w:1936|1936]].
* [http://aulete.uol.com.br/site.php?mdl=aulete_digital&amp;op=loadVerbete&amp;pesquisa=1&amp;palavra=janual iDicionário Aulete]
* [http://mithos.cys.com.br/20359.htm Mithos — Sistema de Pesquisa Mitológica em Hipertexto]
* [http://www.portaldalinguaportuguesa.org/index.php?action=lemma&amp;lemma=176459 Portal da Língua Portuguesa (MorDebe)]
{{verTambém.Fim}}
===No Wikcionário===
{{verTambém.Ini}}
* [[janicéfalo]]
{{verTambém.NovaColuna}}
* [[jânio]]
{{verTambém.NovaColuna}}
* [[januário]]
{{verTambém.NovaColuna}}
* [[quirinal]]
{{verTambém.Fim}}

[[Categoria:Substantivo (Português)]]
[[Categoria:Adjetivo (Português)]]
[[Categoria:Vocábulo de étimo latino (Português)]]

={{-fr-}}=
==Substantivo==
{{sing-pl|janual|januals}}'''{{PAGENAME}}''' {{m}}
# {{escopoCatLang|História|fr}} [[janual#Português|janual]]
==Ver também==
===Referências===
{{verTambém.Ini}}
* [[w:Antoine_de_Rivarol|Antoine de Rivarol]]. ''[http://books.google.com.br/books?id=b_dDAAAAcAAJ Dictionnaire classique de la langue française]'' [[w:Paris|Paris]]: Brunot-Labbe, Libraire de L'université Royale, [[w:1828|1828]].
{{verTambém.Fim}}

[[Categoria:Substantivo (Francês)]]

[[fr:janual]]</text>
<sha1>oz4v04cdypkhzb1cjp7r3rdlv6e4u3d</sha1>
</revision>
<revision>
<id>1419039</id>
<parentid>1418218</parentid>
<timestamp>2012-06-09T22:49:34Z</timestamp>
<contributor>
<username>Dicionarista</username>
<id>6964</id>
</contributor>
<comment>/* Ver também */</comment>
<model>wikitext</model>
<format>text/x-wiki</format>
<text bytes="2832" xml:space="preserve">={{-pt-}}=
{{sing-pl|janual|januais}}==Substantivo==
{{oxítona|ja|nu|al}} {{m}}
# {{escopoCatLang|História|pt}} [[um]] [[tipo]] [[de]] [[bolo]] [[que]] [[os]] [[romanos]] [[ofertavam]] [[ao]] [[deus]] [[Jano]]
===Traduções===
* {{fr}}: {{xlatio|fr|janual|m}}
==Adjetivo==
{{oxítona|ja|nu|al}} {{2g}}
# {{cont|2}}[[diz-se]] [[do]] [[que]] [[tem]] [[duas]] [[faces]], [[como]] [[o]] [[deus]] [[Jano]]; [[janiforme]]
# [[relativo]] [[a]] [[Jano]]; [[próprio]] [[de]] [[Jano]]; [[janal]]
# (''por extensão de sentido'') [[ambivalente]]; [[com]] [[dois]] [[pesos]] [[e]] [[duas]] [[medidas]]
#: ''(...) a instância jurídica foi política e &lt;u&gt;janual&lt;/u&gt;, segundo a metáfora mitológica do deus Jano: uma face voltada para os poderosos e outra, a mais severa, para o povo.''
#:: [http://books.google.com.br/books?id=EL4QAAAAYAAJ&amp;pgis=1 Educação em debate] Departamento de Educação, Centro de Estudos Sociais Aplicados, [[w:Universidade_Federal_do_Ceará|Universidade Federal do Ceará]], [[w:1979|1979]].
==Etimologia==
: [[do]] [[latim]] {{etimo|la|Jānuālis}}, {{etimo|la|Jānuāle}} (&quot;[[de]] [[Jano]]&quot;)
==Ver também==
===Referências===
{{verTambém.Ini}}
* Canto, Manuel do; Valdez, Castro Mascarenhas. [http://books.google.com.br/books?id=WBUTAAAAYAAJ Diccionario español-portugués. Tomo segundo] [[w:Lisboa|Lisboa]]: Imprenta nacional, [[w:1864|1864]].
* [http://books.google.com.br/books?id=KKsqAAAAMAAJ&amp;pgis=1 Grande enciclopédia portuguesa e brasileira] Editorial Enciclopédia, [[w:1936|1936]].
* [http://aulete.uol.com.br/site.php?mdl=aulete_digital&amp;op=loadVerbete&amp;pesquisa=1&amp;palavra=janual iDicionário Aulete]
* [http://mithos.cys.com.br/20359.htm Mithos — Sistema de Pesquisa Mitológica em Hipertexto]
* [http://www.portaldalinguaportuguesa.org/index.php?action=lemma&amp;lemma=176459 Portal da Língua Portuguesa (MorDebe)]
{{verTambém.Fim}}
===No Wikcionário===
{{verTambém.Ini}}
* [[janicéfalo]]
{{verTambém.NovaColuna}}
* [[jânio]]
{{verTambém.NovaColuna}}
* [[januário]]
{{verTambém.NovaColuna}}
* [[quirinal]]
{{verTambém.Fim}}
===Ligações externas===
{{verTambém.Ini}}
* [http://www.forvo.com/word/janual/#pt Forvo: pronúncia de janual]
{{verTambém.Fim}}

[[Categoria:Substantivo (Português)]]
[[Categoria:Adjetivo (Português)]]
[[Categoria:Vocábulo de étimo latino (Português)]]

={{-fr-}}=
==Substantivo==
{{sing-pl|janual|januals}}'''{{PAGENAME}}''' {{m}}
# {{escopoCatLang|História|fr}} [[janual#Português|janual]]
==Ver também==
===Referências===
{{verTambém.Ini}}
* [[w:Antoine_de_Rivarol|Antoine de Rivarol]]. ''[http://books.google.com.br/books?id=b_dDAAAAcAAJ Dictionnaire classique de la langue française]'' [[w:Paris|Paris]]: Brunot-Labbe, Libraire de L'université Royale, [[w:1828|1828]].
{{verTambém.Fim}}

[[Categoria:Substantivo (Francês)]]

[[fr:janual]]</text>
<sha1>plrz4ijbo74vac0lo2neshzztu83zge</sha1>
</revision>
<revision>
<id>1422015</id>
<parentid>1419039</parentid>
<timestamp>2012-06-18T19:58:53Z</timestamp>
<contributor>
<username>Dicionarista</username>
<id>6964</id>
</contributor>
<model>wikitext</model>
<format>text/x-wiki</format>
<text bytes="2976" xml:space="preserve">={{-pt-}}=
{{sing-pl|janual|januais}}==Substantivo==
{{oxítona|ja|nu|al}} {{m}}
# {{escopoCatLang|História|pt}} [[um]] [[tipo]] [[de]] [[bolo]] [[que]] [[os]] [[romanos]] [[ofertavam]] [[ao]] [[deus]] [[Jano]]
===Tradução===
* {{fr}}: {{xlatio|fr|janual|m}}
==Adjetivo==
{{oxítona|ja|nu|al}} {{2g}}
# {{cont|2}}[[diz-se]] [[do]] [[que]] [[tem]] [[duas]] [[faces]], [[como]] [[o]] [[deus]] [[Jano]]; [[janiforme]]
# [[relativo]] [[a]] [[Jano]]; [[próprio]] [[de]] [[Jano]]; [[janal]]
# (''por extensão de sentido'') [[ambivalente]]; [[com]] [[dois]] [[pesos]] [[e]] [[duas]] [[medidas]]
#: ''(...) a instância jurídica foi política e &lt;u&gt;janual&lt;/u&gt;, segundo a metáfora mitológica do deus Jano: uma face voltada para os poderosos e outra, a mais severa, para o povo.''
#:: [http://books.google.com.br/books?id=EL4QAAAAYAAJ&amp;pgis=1 Educação em debate] Departamento de Educação, Centro de Estudos Sociais Aplicados, [[w:Universidade_Federal_do_Ceará|Universidade Federal do Ceará]], [[w:1979|1979]].
==Etimologia==
: [[do]] [[latim]] {{etimo|la|Jānuālis}}, {{etimo|la|Jānuāle}} (&quot;[[de]] [[Jano]]&quot;)
==Ver também==
===Referências===
{{verTambém.Ini}}
* [http://books.google.com.br/books?id=sfdDAAAAcAAJ Diccionario portuguez de Algibeira] [[w:Lisboa|Lisboa]]: Imprensa Nacional, [[w:1821|1821]].
* [http://books.google.com.br/books?id=KKsqAAAAMAAJ&amp;pgis=1 Grande enciclopédia portuguesa e brasileira] Editorial Enciclopédia, [[w:1936|1936]].
* [http://aulete.uol.com.br/site.php?mdl=aulete_digital&amp;op=loadVerbete&amp;pesquisa=1&amp;palavra=janual iDicionário Aulete]
* [http://mithos.cys.com.br/20359.htm Mithos — Sistema de Pesquisa Mitológica em Hipertexto]
* [http://www.portaldalinguaportuguesa.org/index.php?action=lemma&amp;lemma=176459 Portal da Língua Portuguesa (MorDebe)]
* Valdez, Manuel do Canto e Castro Mascarenhas. [http://books.google.com.br/books?id=WBUTAAAAYAAJ Diccionario español-portugués. Tomo segundo] [[w:Lisboa|Lisboa]]: Imprenta nacional, [[w:1864|1864]].
{{verTambém.Fim}}
===No Wikcionário===
{{verTambém.Ini}}
* [[janicéfalo]]
{{verTambém.NovaColuna}}
* [[jânio]]
{{verTambém.NovaColuna}}
* [[januário]]
{{verTambém.NovaColuna}}
* [[quirinal]]
{{verTambém.Fim}}
===Ligações externas===
{{verTambém.Ini}}
* [http://www.forvo.com/word/janual/#pt Forvo: pronúncia de janual]
{{verTambém.Fim}}

[[Categoria:Substantivo (Português)]]
[[Categoria:Adjetivo (Português)]]
[[Categoria:Vocábulo de étimo latino (Português)]]

={{-fr-}}=
==Substantivo==
{{sing-pl|janual|januals}}'''{{PAGENAME}}''' {{m}}
# {{escopoCatLang|História|fr}} [[janual#Português|janual]]
==Ver também==
===Referências===
{{verTambém.Ini}}
* [[w:Antoine_de_Rivarol|Antoine de Rivarol]]. ''[http://books.google.com.br/books?id=b_dDAAAAcAAJ Dictionnaire classique de la langue française]'' [[w:Paris|Paris]]: Brunot-Labbe, Libraire de L'université Royale, [[w:1828|1828]].
{{verTambém.Fim}}

[[Categoria:Substantivo (Francês)]]

[[fr:janual]]</text>
<sha1>2jdpganrrgyjbos6kc7gyrquh43xi4c</sha1>
</revision>
<revision>
<id>1560975</id>
<parentid>1422015</parentid>
<timestamp>2012-12-17T03:05:12Z</timestamp>
<contributor>
<username>Dicionarista</username>
<id>6964</id>
</contributor>
<model>wikitext</model>
<format>text/x-wiki</format>
<text bytes="3030" xml:space="preserve">={{-pt-}}=
==Substantivo==
{{oxítona|ja|nu|al}} {{m}} ({{p}} '''{{link opcional|januais}}''')
# {{escopoCatLang|História|pt}} [[um]] [[tipo]] [[de]] [[bolo]] [[que]] [[os]] [[romanos]] [[ofertavam]] [[ao]] [[deus]] [[Jano]]
===Tradução===
* {{fr}}: {{xlatio|fr|janual|m}}
==Adjetivo==
{{oxítona|ja|nu|al}} {{2g}} ({{p}} '''{{link opcional|januais}}''')
# {{cont|2}}[[diz-se]] [[do]] [[que]] [[tem]] [[duas]] [[faces]], [[como]] [[o]] [[deus]] [[Jano]]; [[janiforme]]
# [[relativo]] [[a]] [[Jano]]; [[próprio]] [[de]] [[Jano]]; [[janal]]
# (''por extensão de sentido'') [[ambivalente]]; [[com]] [[dois]] [[pesos]] [[e]] [[duas]] [[medidas]]
#: ''(...) a instância jurídica foi política e &lt;u&gt;janual&lt;/u&gt;, segundo a metáfora mitológica do deus Jano: uma face voltada para os poderosos e outra, a mais severa, para o povo.''
#:: [http://books.google.com.br/books?id=EL4QAAAAYAAJ&amp;pgis=1 Educação em debate] Departamento de Educação, Centro de Estudos Sociais Aplicados, [[w:Universidade_Federal_do_Ceará|Universidade Federal do Ceará]], [[w:1979|1979]].
==Etimologia==
: [[do]] [[latim]] {{etimo|la|Jānuālis}}, {{etimo|la|Jānuāle}} (&quot;[[de]] [[Jano]]&quot;)
==Ver também==
===Referências===
{{verTambém.Ini}}
* [http://books.google.com.br/books?id=sfdDAAAAcAAJ Diccionario portuguez de Algibeira] [[w:Lisboa|Lisboa]]: Imprensa Nacional, [[w:1821|1821]].
* [http://books.google.com.br/books?id=KKsqAAAAMAAJ&amp;pgis=1 Grande enciclopédia portuguesa e brasileira] Editorial Enciclopédia, [[w:1936|1936]].
* [http://aulete.uol.com.br/site.php?mdl=aulete_digital&amp;op=loadVerbete&amp;pesquisa=1&amp;palavra=janual iDicionário Aulete]
* [http://mithos.cys.com.br/20359.htm Mithos — Sistema de Pesquisa Mitológica em Hipertexto]
* [http://www.portaldalinguaportuguesa.org/index.php?action=lemma&amp;lemma=176459 Portal da Língua Portuguesa (MorDebe)]
* Valdez, Manuel do Canto e Castro Mascarenhas. [http://books.google.com.br/books?id=WBUTAAAAYAAJ Diccionario español-portugués. Tomo segundo] [[w:Lisboa|Lisboa]]: Imprenta nacional, [[w:1864|1864]].
{{verTambém.Fim}}
===No Wikcionário===
{{verTambém.Ini}}
* [[janicéfalo]]
{{verTambém.NovaColuna}}
* [[jânio]]
{{verTambém.NovaColuna}}
* [[januário]]
{{verTambém.NovaColuna}}
* [[quirinal]]
{{verTambém.Fim}}
===Ligações externas===
{{verTambém.Ini}}
* [http://www.forvo.com/word/janual/#pt Forvo: pronúncia de janual]
{{verTambém.Fim}}

[[Categoria:Substantivo (Português)]]
[[Categoria:Adjetivo (Português)]]
[[Categoria:Vocábulo de étimo latino (Português)]]

={{-fr-}}=
==Substantivo==
{{sing-pl|janual|januals}}'''{{PAGENAME}}''' {{m}}
# {{escopoCatLang|História|fr}} [[janual#Português|janual]]
==Ver também==
===Referências===
{{verTambém.Ini}}
* [[w:Antoine_de_Rivarol|Antoine de Rivarol]]. ''[http://books.google.com.br/books?id=b_dDAAAAcAAJ Dictionnaire classique de la langue française]'' [[w:Paris|Paris]]: Brunot-Labbe, Libraire de L'université Royale, [[w:1828|1828]].
{{verTambém.Fim}}

[[Categoria:Substantivo (Francês)]]

[[fr:janual]]</text>
<sha1>63cj83y19u1ebkkqmy6s4ok64rblyic</sha1>
</revision>
<revision>
<id>1560976</id>
<parentid>1560975</parentid>
<timestamp>2012-12-17T03:06:02Z</timestamp>
<contributor>
<username>Dicionarista</username>
<id>6964</id>
</contributor>
<comment>/* Substantivo */</comment>
<model>wikitext</model>
<format>text/x-wiki</format>
<text bytes="3039" xml:space="preserve">={{-pt-}}=
==Substantivo==
{{oxítona|ja|nu|al}} {{m}} ({{p}} '''{{link opcional|januais}}''')
# {{escopoCatLang|História|pt}} [[um]] [[tipo]] [[de]] [[bolo]] [[que]] [[os]] [[romanos]] [[ofertavam]] [[ao]] [[deus]] [[Jano]]
===Tradução===
* {{fr}}: {{xlatio|fr|janual|m}}
==Adjetivo==
{{oxítona|ja|nu|al}} {{2g}} ({{p}} '''{{link opcional|januais}}''')
# {{cont|2}}[[diz-se]] [[do]] [[que]] [[tem]] [[duas]] [[faces]], [[como]] [[o]] [[deus]] [[Jano]]; [[janiforme]]
# [[relativo]] [[a]] [[Jano]]; [[próprio]] [[de]] [[Jano]]; [[janal]]
# (''por extensão de sentido'') [[ambivalente]]; [[com]] [[dois]] [[pesos]] [[e]] [[duas]] [[medidas]]
#: ''(...) a instância jurídica foi política e &lt;u&gt;janual&lt;/u&gt;, segundo a metáfora mitológica do deus Jano: uma face voltada para os poderosos e outra, a mais severa, para o povo.''
#:: [http://books.google.com.br/books?id=EL4QAAAAYAAJ&amp;pgis=1 Educação em debate] Departamento de Educação, Centro de Estudos Sociais Aplicados, [[w:Universidade_Federal_do_Ceará|Universidade Federal do Ceará]], [[w:1979|1979]].
==Etimologia==
: [[do]] [[latim]] {{etimo|la|Jānuālis}}, {{etimo|la|Jānuāle}} (&quot;[[de]] [[Jano]]&quot;)
==Ver também==
===Referências===
{{verTambém.Ini}}
* [http://books.google.com.br/books?id=sfdDAAAAcAAJ Diccionario portuguez de Algibeira] [[w:Lisboa|Lisboa]]: Imprensa Nacional, [[w:1821|1821]].
* [http://books.google.com.br/books?id=KKsqAAAAMAAJ&amp;pgis=1 Grande enciclopédia portuguesa e brasileira] Editorial Enciclopédia, [[w:1936|1936]].
* [http://aulete.uol.com.br/site.php?mdl=aulete_digital&amp;op=loadVerbete&amp;pesquisa=1&amp;palavra=janual iDicionário Aulete]
* [http://mithos.cys.com.br/20359.htm Mithos — Sistema de Pesquisa Mitológica em Hipertexto]
* [http://www.portaldalinguaportuguesa.org/index.php?action=lemma&amp;lemma=176459 Portal da Língua Portuguesa (MorDebe)]
* Valdez, Manuel do Canto e Castro Mascarenhas. [http://books.google.com.br/books?id=WBUTAAAAYAAJ Diccionario español-portugués. Tomo segundo] [[w:Lisboa|Lisboa]]: Imprenta nacional, [[w:1864|1864]].
{{verTambém.Fim}}
===No Wikcionário===
{{verTambém.Ini}}
* [[janicéfalo]]
{{verTambém.NovaColuna}}
* [[jânio]]
{{verTambém.NovaColuna}}
* [[januário]]
{{verTambém.NovaColuna}}
* [[quirinal]]
{{verTambém.Fim}}
===Ligações externas===
{{verTambém.Ini}}
* [http://www.forvo.com/word/janual/#pt Forvo: pronúncia de janual]
{{verTambém.Fim}}

[[Categoria:Substantivo (Português)]]
[[Categoria:Adjetivo (Português)]]
[[Categoria:Vocábulo de étimo latino (Português)]]

={{-fr-}}=
==Substantivo==
'''janual''' {{m}} ({{p}} '''{{link opcional|januals}}''')
# {{escopoCatLang|História|fr}} [[janual#Português|janual]]

==Ver também==
===Referências===
{{verTambém.Ini}}
* [[w:Antoine_de_Rivarol|Antoine de Rivarol]]. ''[http://books.google.com.br/books?id=b_dDAAAAcAAJ Dictionnaire classique de la langue française]'' [[w:Paris|Paris]]: Brunot-Labbe, Libraire de L'université Royale, [[w:1828|1828]].
{{verTambém.Fim}}

[[Categoria:Substantivo (Francês)]]

[[fr:janual]]</text>
<sha1>g9wg7f6eaev870hy6ykow2yt99ujuug</sha1>
</revision>
<revision>
<id>1602220</id>
<parentid>1560976</parentid>
<timestamp>2013-01-19T17:11:36Z</timestamp>
<contributor>
<username>MalafayaBot</username>
<id>628</id>
</contributor>
<minor />
<comment>Robô: A modificar Categoria:Vocábulo de étimo latino (Português) para Categoria:Entrada de étimo latino (Português)</comment>
<model>wikitext</model>
<format>text/x-wiki</format>
<text bytes="3037" xml:space="preserve">={{-pt-}}=
==Substantivo==
{{oxítona|ja|nu|al}} {{m}} ({{p}} '''{{link opcional|januais}}''')
# {{escopoCatLang|História|pt}} [[um]] [[tipo]] [[de]] [[bolo]] [[que]] [[os]] [[romanos]] [[ofertavam]] [[ao]] [[deus]] [[Jano]]
===Tradução===
* {{fr}}: {{xlatio|fr|janual|m}}
==Adjetivo==
{{oxítona|ja|nu|al}} {{2g}} ({{p}} '''{{link opcional|januais}}''')
# {{cont|2}}[[diz-se]] [[do]] [[que]] [[tem]] [[duas]] [[faces]], [[como]] [[o]] [[deus]] [[Jano]]; [[janiforme]]
# [[relativo]] [[a]] [[Jano]]; [[próprio]] [[de]] [[Jano]]; [[janal]]
# (''por extensão de sentido'') [[ambivalente]]; [[com]] [[dois]] [[pesos]] [[e]] [[duas]] [[medidas]]
#: ''(...) a instância jurídica foi política e &lt;u&gt;janual&lt;/u&gt;, segundo a metáfora mitológica do deus Jano: uma face voltada para os poderosos e outra, a mais severa, para o povo.''
#:: [http://books.google.com.br/books?id=EL4QAAAAYAAJ&amp;pgis=1 Educação em debate] Departamento de Educação, Centro de Estudos Sociais Aplicados, [[w:Universidade_Federal_do_Ceará|Universidade Federal do Ceará]], [[w:1979|1979]].
==Etimologia==
: [[do]] [[latim]] {{etimo|la|Jānuālis}}, {{etimo|la|Jānuāle}} (&quot;[[de]] [[Jano]]&quot;)
==Ver também==
===Referências===
{{verTambém.Ini}}
* [http://books.google.com.br/books?id=sfdDAAAAcAAJ Diccionario portuguez de Algibeira] [[w:Lisboa|Lisboa]]: Imprensa Nacional, [[w:1821|1821]].
* [http://books.google.com.br/books?id=KKsqAAAAMAAJ&amp;pgis=1 Grande enciclopédia portuguesa e brasileira] Editorial Enciclopédia, [[w:1936|1936]].
* [http://aulete.uol.com.br/site.php?mdl=aulete_digital&amp;op=loadVerbete&amp;pesquisa=1&amp;palavra=janual iDicionário Aulete]
* [http://mithos.cys.com.br/20359.htm Mithos — Sistema de Pesquisa Mitológica em Hipertexto]
* [http://www.portaldalinguaportuguesa.org/index.php?action=lemma&amp;lemma=176459 Portal da Língua Portuguesa (MorDebe)]
* Valdez, Manuel do Canto e Castro Mascarenhas. [http://books.google.com.br/books?id=WBUTAAAAYAAJ Diccionario español-portugués. Tomo segundo] [[w:Lisboa|Lisboa]]: Imprenta nacional, [[w:1864|1864]].
{{verTambém.Fim}}
===No Wikcionário===
{{verTambém.Ini}}
* [[janicéfalo]]
{{verTambém.NovaColuna}}
* [[jânio]]
{{verTambém.NovaColuna}}
* [[januário]]
{{verTambém.NovaColuna}}
* [[quirinal]]
{{verTambém.Fim}}
===Ligações externas===
{{verTambém.Ini}}
* [http://www.forvo.com/word/janual/#pt Forvo: pronúncia de janual]
{{verTambém.Fim}}

[[Categoria:Substantivo (Português)]]
[[Categoria:Adjetivo (Português)]]
[[Categoria:Entrada de étimo latino (Português)]]

={{-fr-}}=
==Substantivo==
'''janual''' {{m}} ({{p}} '''{{link opcional|januals}}''')
# {{escopoCatLang|História|fr}} [[janual#Português|janual]]

==Ver também==
===Referências===
{{verTambém.Ini}}
* [[w:Antoine_de_Rivarol|Antoine de Rivarol]]. ''[http://books.google.com.br/books?id=b_dDAAAAcAAJ Dictionnaire classique de la langue française]'' [[w:Paris|Paris]]: Brunot-Labbe, Libraire de L'université Royale, [[w:1828|1828]].
{{verTambém.Fim}}

[[Categoria:Substantivo (Francês)]]

[[fr:janual]]</text>
<sha1>4t2rsf0g393ni4m4izlxs9y5zth9ysk</sha1>
</revision>
<revision>
<id>2169459</id>
<parentid>1602220</parentid>
<timestamp>2016-09-08T23:36:05Z</timestamp>
<contributor>
<username>Luan</username>
<id>1279</id>
</contributor>
<comment>substituição da [[Predefinição:2g]] por [[predefinição:gramática]] utilizando [[Project:AutoWikiBrowser|AWB]]</comment>
<model>wikitext</model>
<format>text/x-wiki</format>
<text bytes="2973" xml:space="preserve">={{-pt-}}=
==Substantivo==
{{flex.pt|s=janual|p=januais}}
{{oxítona|ja|nu|al}} {{gramática|m}}
# {{escopo|pt|História}} [[um]] [[tipo]] [[de]] [[bolo]] [[que]] [[os]] [[romanos]] [[ofertavam]] [[ao]] [[deus]] [[Jano]]
===Tradução===
{{tradini}}
* {{trad|fr|janual}}
{{tradmeio}}
{{tradfim}}

==Adjetivo==
{{flex.pt|s=janual|p=januais}}
{{oxítona|ja|nu|al}} {{gramática|2g}}
#{{cont|2}} [[diz-se]] [[do]] [[que]] [[tem]] [[duas]] [[faces]], [[como]] [[o]] [[deus]] [[Jano]]; [[janiforme]]
# [[relativo]] [[a]] [[Jano]]; [[próprio]] [[de]] [[Jano]]; [[janal]]
# (''por extensão de sentido'') [[ambivalente]]; [[com]] [[dois]] [[pesos]] [[e]] [[duas]] [[medidas]]
#: ''(...) a instância jurídica foi política e &lt;u&gt;janual&lt;/u&gt;, segundo a metáfora mitológica do deus Jano: uma face voltada para os poderosos e outra, a mais severa, para o povo.''
#:: [http://books.google.com.br/books?id=EL4QAAAAYAAJ&amp;pgis=1 Educação em debate] Departamento de Educação, Centro de Estudos Sociais Aplicados, [[w:Universidade Federal do Ceará|Universidade Federal do Ceará]], [[w:1979|1979]].
=={{etimologia|pt}}==
{{llietimo|la|Jānuālis|pt|ponto=não}}, {{etimo|la|Jānuāle}} (&quot;[[de]] [[Jano]]&quot;)

==Referências==
{{dividir em colunas|1}}
* [http://books.google.com.br/books?id=sfdDAAAAcAAJ Diccionario portuguez de Algibeira] [[w:Lisboa|Lisboa]]: Imprensa Nacional, [[w:1821|1821]].
* [http://books.google.com.br/books?id=KKsqAAAAMAAJ&amp;pgis=1 Grande enciclopédia portuguesa e brasileira] Editorial Enciclopédia, [[w:1936|1936]].
* [http://aulete.uol.com.br/site.php?mdl=aulete_digital&amp;op=loadVerbete&amp;pesquisa=1&amp;palavra=janual iDicionário Aulete]
* [http://mithos.cys.com.br/20359.htm Mithos — Sistema de Pesquisa Mitológica em Hipertexto]
* [http://www.portaldalinguaportuguesa.org/index.php?action=lemma&amp;lemma=176459 Portal da Língua Portuguesa (MorDebe)]
* Valdez, Manuel do Canto e Castro Mascarenhas. [http://books.google.com.br/books?id=WBUTAAAAYAAJ Diccionario español-portugués. Tomo segundo] [[w:Lisboa|Lisboa]]: Imprenta nacional, [[w:1864|1864]].
{{dividir em colunas/fim}}
==Ver também==
===No Wikcionário===
{{dividir em colunas|4}}
* [[janicéfalo]]
* [[jânio]]
* [[januário]]
* [[quirinal]]
{{dividir em colunas/fim}}
==Ligações externas==
{{dividir em colunas|1}}
* [http://www.forvo.com/word/janual/#pt Forvo: pronúncia de janual]
{{dividir em colunas/fim}}

[[Categoria:Substantivo (Português)]]
[[Categoria:Adjetivo (Português)]]
={{-fr-}}=
==Substantivo==
'''janual''' {{gramática|m}} ({{p}} '''{{link opcional|januals}}''')
# {{escopo|fr|História}} [[janual#Português|janual]]

==Referências==
{{dividir em colunas|1}}
* [[w:Antoine de Rivarol|Antoine de Rivarol]]. ''[http://books.google.com.br/books?id=b_dDAAAAcAAJ Dictionnaire classique de la langue française]'' [[w:Paris|Paris]]: Brunot-Labbe, Libraire de L'université Royale, [[w:1828|1828]].
{{dividir em colunas/fim}}

[[Categoria:Substantivo (Francês)]]

[[fr:janual]]</text>
<sha1>go1cjv2dbwjgnp160c2bj1e93bct26j</sha1>
</revision>
<revision>
<id>2364646</id>
<parentid>2169459</parentid>
<timestamp>2017-05-03T15:41:56Z</timestamp>
<contributor>
<username>HydrizBot</username>
<id>29590</id>
</contributor>
<minor />
<comment>Robô: A limpar links interwikis antigos</comment>
<model>wikitext</model>
<format>text/x-wiki</format>
<text bytes="2958" xml:space="preserve">={{-pt-}}=
==Substantivo==
{{flex.pt|s=janual|p=januais}}
{{oxítona|ja|nu|al}} {{gramática|m}}
# {{escopo|pt|História}} [[um]] [[tipo]] [[de]] [[bolo]] [[que]] [[os]] [[romanos]] [[ofertavam]] [[ao]] [[deus]] [[Jano]]
===Tradução===
{{tradini}}
* {{trad|fr|janual}}
{{tradmeio}}
{{tradfim}}

==Adjetivo==
{{flex.pt|s=janual|p=januais}}
{{oxítona|ja|nu|al}} {{gramática|2g}}
#{{cont|2}} [[diz-se]] [[do]] [[que]] [[tem]] [[duas]] [[faces]], [[como]] [[o]] [[deus]] [[Jano]]; [[janiforme]]
# [[relativo]] [[a]] [[Jano]]; [[próprio]] [[de]] [[Jano]]; [[janal]]
# (''por extensão de sentido'') [[ambivalente]]; [[com]] [[dois]] [[pesos]] [[e]] [[duas]] [[medidas]]
#: ''(...) a instância jurídica foi política e &lt;u&gt;janual&lt;/u&gt;, segundo a metáfora mitológica do deus Jano: uma face voltada para os poderosos e outra, a mais severa, para o povo.''
#:: [http://books.google.com.br/books?id=EL4QAAAAYAAJ&amp;pgis=1 Educação em debate] Departamento de Educação, Centro de Estudos Sociais Aplicados, [[w:Universidade Federal do Ceará|Universidade Federal do Ceará]], [[w:1979|1979]].
=={{etimologia|pt}}==
{{llietimo|la|Jānuālis|pt|ponto=não}}, {{etimo|la|Jānuāle}} (&quot;[[de]] [[Jano]]&quot;)

==Referências==
{{dividir em colunas|1}}
* [http://books.google.com.br/books?id=sfdDAAAAcAAJ Diccionario portuguez de Algibeira] [[w:Lisboa|Lisboa]]: Imprensa Nacional, [[w:1821|1821]].
* [http://books.google.com.br/books?id=KKsqAAAAMAAJ&amp;pgis=1 Grande enciclopédia portuguesa e brasileira] Editorial Enciclopédia, [[w:1936|1936]].
* [http://aulete.uol.com.br/site.php?mdl=aulete_digital&amp;op=loadVerbete&amp;pesquisa=1&amp;palavra=janual iDicionário Aulete]
* [http://mithos.cys.com.br/20359.htm Mithos — Sistema de Pesquisa Mitológica em Hipertexto]
* [http://www.portaldalinguaportuguesa.org/index.php?action=lemma&amp;lemma=176459 Portal da Língua Portuguesa (MorDebe)]
* Valdez, Manuel do Canto e Castro Mascarenhas. [http://books.google.com.br/books?id=WBUTAAAAYAAJ Diccionario español-portugués. Tomo segundo] [[w:Lisboa|Lisboa]]: Imprenta nacional, [[w:1864|1864]].
{{dividir em colunas/fim}}
==Ver também==
===No Wikcionário===
{{dividir em colunas|4}}
* [[janicéfalo]]
* [[jânio]]
* [[januário]]
* [[quirinal]]
{{dividir em colunas/fim}}
==Ligações externas==
{{dividir em colunas|1}}
* [http://www.forvo.com/word/janual/#pt Forvo: pronúncia de janual]
{{dividir em colunas/fim}}

[[Categoria:Substantivo (Português)]]
[[Categoria:Adjetivo (Português)]]
={{-fr-}}=
==Substantivo==
'''janual''' {{gramática|m}} ({{p}} '''{{link opcional|januals}}''')
# {{escopo|fr|História}} [[janual#Português|janual]]

==Referências==
{{dividir em colunas|1}}
* [[w:Antoine de Rivarol|Antoine de Rivarol]]. ''[http://books.google.com.br/books?id=b_dDAAAAcAAJ Dictionnaire classique de la langue française]'' [[w:Paris|Paris]]: Brunot-Labbe, Libraire de L'université Royale, [[w:1828|1828]].
{{dividir em colunas/fim}}

[[Categoria:Substantivo (Francês)]]</text>
<sha1>c9pa9f3ipo9ghwcfkgb8z1r8j5o79p8</sha1>
</revision>
</page>
