<title>januar</title>
<ns>0</ns>
<id>30429</id>
<revision>
<id>98039</id>
<timestamp>2006-02-26T04:18:35Z</timestamp>
<contributor>
<username>Spacebirdy</username>
<id>389</id>
</contributor>
<comment>[[januar]] movido para [[Januar]]</comment>
<model>wikitext</model>
<format>text/x-wiki</format>
<text bytes="20" xml:space="preserve">#REDIRECT [[Januar]]</text>
<sha1>cgczyt3e8ahakq5zx9dzip76u3qy11m</sha1>
</revision>
<revision>
<id>261565</id>
<parentid>98039</parentid>
<timestamp>2007-05-07T17:51:57Z</timestamp>
<contributor>
<username>LipeFontoura</username>
<id>1388</id>
</contributor>
<model>wikitext</model>
<format>text/x-wiki</format>
<text bytes="483" xml:space="preserve">= {{sl}} =
== Substantivo ==
'''Januar'''
# [[Janeiro]]

== Ver também ==
=== No Wikcionário ===
{{meses/sl}}

[[Categoria:Substantivo (Esloveno)]]
[[Categoria:Cronônimo (Esloveno)]]
[[Categoria:Mês (Esloveno)]]

[[af:januar]]
[[br:januar]]
[[csb:januar]]
[[da:januar]]
[[de:januar]]
[[en:januar]]
[[fi:januar]]
[[fr:januar]]
[[gl:januar]]
[[hu:januar]]
[[io:januar]]
[[nl:januar]]
[[no:januar]]
[[pl:januar]]
[[ru:januar]]
[[sl:januar]]
[[sv:januar]]
[[tr:januar]]
[[vi:januar]]</text>
<sha1>hd6emebkvypeens0qro1qcnzfhl0r4q</sha1>
</revision>
<revision>
<id>261571</id>
<parentid>261565</parentid>
<timestamp>2007-05-07T17:54:43Z</timestamp>
<contributor>
<username>LipeFontoura</username>
<id>1388</id>
</contributor>
<minor />
<model>wikitext</model>
<format>text/x-wiki</format>
<text bytes="519" xml:space="preserve">{{ver também (cabeçalho)|Januar}}
= {{sl}} =
== Substantivo ==
'''januar'''
# [[Janeiro]]

== Ver também ==
=== No Wikcionário ===
{{meses/sl}}

[[Categoria:Substantivo (Esloveno)]]
[[Categoria:Cronônimo (Esloveno)]]
[[Categoria:Mês (Esloveno)]]

[[af:januar]]
[[br:januar]]
[[csb:januar]]
[[da:januar]]
[[de:januar]]
[[en:januar]]
[[fi:januar]]
[[fr:januar]]
[[gl:januar]]
[[hu:januar]]
[[io:januar]]
[[nl:januar]]
[[no:januar]]
[[pl:januar]]
[[ru:januar]]
[[sl:januar]]
[[sv:januar]]
[[tr:januar]]
[[vi:januar]]</text>
<sha1>f2cxblv3yqcojbkgc9yqwrqzk7m2wld</sha1>
</revision>
<revision>
<id>261801</id>
<parentid>261571</parentid>
<timestamp>2007-05-08T19:29:29Z</timestamp>
<contributor>
<ip>200.250.249.47</ip>
</contributor>
<model>wikitext</model>
<format>text/x-wiki</format>
<text bytes="527" xml:space="preserve">{{ver também (cabeçalho)|Januar|janúar}}
= {{sl}} =
== Substantivo ==
'''januar'''
# [[Janeiro]]

== Ver também ==
=== No Wikcionário ===
{{meses/sl}}

[[Categoria:Substantivo (Esloveno)]]
[[Categoria:Cronônimo (Esloveno)]]
[[Categoria:Mês (Esloveno)]]

[[af:januar]]
[[br:januar]]
[[csb:januar]]
[[da:januar]]
[[de:januar]]
[[en:januar]]
[[fi:januar]]
[[fr:januar]]
[[gl:januar]]
[[hu:januar]]
[[io:januar]]
[[nl:januar]]
[[no:januar]]
[[pl:januar]]
[[ru:januar]]
[[sl:januar]]
[[sv:januar]]
[[tr:januar]]
[[vi:januar]]</text>
<sha1>6iujnf6vfeas7wabv5at806ux06m3jc</sha1>
</revision>
<revision>
<id>267254</id>
<parentid>261801</parentid>
<timestamp>2007-05-28T17:32:54Z</timestamp>
<contributor>
<username>RobotGMwikt</username>
<id>407</id>
</contributor>
<minor />
<comment>Bot:  Adicionando: [[ko:januar]]</comment>
<model>wikitext</model>
<format>text/x-wiki</format>
<text bytes="541" xml:space="preserve">{{ver também (cabeçalho)|Januar|janúar}}
= {{sl}} =
== Substantivo ==
'''januar'''
# [[Janeiro]]

== Ver também ==
=== No Wikcionário ===
{{meses/sl}}

[[Categoria:Substantivo (Esloveno)]]
[[Categoria:Cronônimo (Esloveno)]]
[[Categoria:Mês (Esloveno)]]

[[af:januar]]
[[br:januar]]
[[csb:januar]]
[[da:januar]]
[[de:januar]]
[[en:januar]]
[[fi:januar]]
[[fr:januar]]
[[gl:januar]]
[[hu:januar]]
[[io:januar]]
[[ko:januar]]
[[nl:januar]]
[[no:januar]]
[[pl:januar]]
[[ru:januar]]
[[sl:januar]]
[[sv:januar]]
[[tr:januar]]
[[vi:januar]]</text>
<sha1>dvzgvyh5cb64x977mf43jyk2fle6uzk</sha1>
</revision>
<revision>
<id>327210</id>
<parentid>267254</parentid>
<timestamp>2008-01-31T21:41:28Z</timestamp>
<contributor>
<username>VolkovBot</username>
<id>2944</id>
</contributor>
<minor />
<comment>Bot:  Adicionando: [[it:januar]], [[lt:januar]]</comment>
<model>wikitext</model>
<format>text/x-wiki</format>
<text bytes="569" xml:space="preserve">{{ver também (cabeçalho)|Januar|janúar}}
= {{sl}} =
== Substantivo ==
'''januar'''
# [[Janeiro]]

== Ver também ==
=== No Wikcionário ===
{{meses/sl}}

[[Categoria:Substantivo (Esloveno)]]
[[Categoria:Cronônimo (Esloveno)]]
[[Categoria:Mês (Esloveno)]]

[[af:januar]]
[[br:januar]]
[[csb:januar]]
[[da:januar]]
[[de:januar]]
[[en:januar]]
[[fi:januar]]
[[fr:januar]]
[[gl:januar]]
[[hu:januar]]
[[io:januar]]
[[it:januar]]
[[ko:januar]]
[[lt:januar]]
[[nl:januar]]
[[no:januar]]
[[pl:januar]]
[[ru:januar]]
[[sl:januar]]
[[sv:januar]]
[[tr:januar]]
[[vi:januar]]</text>
<sha1>kevmtr77ukaxkf2tmq1bmoh3ous5m48</sha1>
</revision>
<revision>
<id>366823</id>
<parentid>327210</parentid>
<timestamp>2008-07-11T02:20:44Z</timestamp>
<contributor>
<username>SpaceBirdyBot</username>
<id>973</id>
</contributor>
<minor />
<comment>Bot:  Adicionando: [[fy:januar]]</comment>
<model>wikitext</model>
<format>text/x-wiki</format>
<text bytes="583" xml:space="preserve">{{ver também (cabeçalho)|Januar|janúar}}
= {{sl}} =
== Substantivo ==
'''januar'''
# [[Janeiro]]

== Ver também ==
=== No Wikcionário ===
{{meses/sl}}

[[Categoria:Substantivo (Esloveno)]]
[[Categoria:Cronônimo (Esloveno)]]
[[Categoria:Mês (Esloveno)]]

[[af:januar]]
[[br:januar]]
[[csb:januar]]
[[da:januar]]
[[de:januar]]
[[en:januar]]
[[fi:januar]]
[[fr:januar]]
[[fy:januar]]
[[gl:januar]]
[[hu:januar]]
[[io:januar]]
[[it:januar]]
[[ko:januar]]
[[lt:januar]]
[[nl:januar]]
[[no:januar]]
[[pl:januar]]
[[ru:januar]]
[[sl:januar]]
[[sv:januar]]
[[tr:januar]]
[[vi:januar]]</text>
<sha1>cagciite9qd1fkkittn3gtd84rwrnx8</sha1>
</revision>
<revision>
<id>582264</id>
<parentid>366823</parentid>
<timestamp>2009-10-30T13:07:35Z</timestamp>
<contributor>
<username>Interwicket</username>
<id>6868</id>
</contributor>
<minor />
<comment>iwiki +[[:hr:januar]]</comment>
<model>wikitext</model>
<format>text/x-wiki</format>
<text bytes="597" xml:space="preserve">{{ver também (cabeçalho)|Januar|janúar}}
= {{sl}} =
== Substantivo ==
'''januar'''
# [[Janeiro]]

== Ver também ==
=== No Wikcionário ===
{{meses/sl}}

[[Categoria:Substantivo (Esloveno)]]
[[Categoria:Cronônimo (Esloveno)]]
[[Categoria:Mês (Esloveno)]]

[[af:januar]]
[[br:januar]]
[[csb:januar]]
[[da:januar]]
[[de:januar]]
[[en:januar]]
[[fi:januar]]
[[fr:januar]]
[[fy:januar]]
[[gl:januar]]
[[hr:januar]]
[[hu:januar]]
[[io:januar]]
[[it:januar]]
[[ko:januar]]
[[lt:januar]]
[[nl:januar]]
[[no:januar]]
[[pl:januar]]
[[ru:januar]]
[[sl:januar]]
[[sv:januar]]
[[tr:januar]]
[[vi:januar]]</text>
<sha1>6lvc11z6ftaneoxcqq974mzwp1y8a92</sha1>
</revision>
<revision>
<id>885887</id>
<parentid>582264</parentid>
<timestamp>2010-05-24T17:12:39Z</timestamp>
<contributor>
<username>Luis Gabriel Moraes Dias</username>
<id>11628</id>
</contributor>
<model>wikitext</model>
<format>text/x-wiki</format>
<text bytes="834" xml:space="preserve">{{ver também (cabeçalho)|Januar|janúar}}
= {{sl}} =
== Substantivo ==
'''januar'''
# [[Janeiro]]

== Ver também ==
=== No Wikcionário ===
{{meses/sl}}

={{-fo-}}=
==Substantivo==
'''januar'''
# [[janeiro]].
# [[primeiro]] [[mês]] do [[ano]] civil, tendo 31 [[dia]]s

== Ver também ==
=== No Wikcionário ===
{{meses/fo}}

[[Categoria:Substantivo (Feroês)]]
[[Categoria:Mês (Feroês)]]
[[Categoria:Substantivo (Esloveno)]]
[[Categoria:Cronônimo (Esloveno)]]
[[Categoria:Mês (Esloveno)]]

[[af:januar]]
[[br:januar]]
[[csb:januar]]
[[da:januar]]
[[de:januar]]
[[en:januar]]
[[fi:januar]]
[[fr:januar]]
[[fy:januar]]
[[gl:januar]]
[[hr:januar]]
[[hu:januar]]
[[io:januar]]
[[it:januar]]
[[ko:januar]]
[[lt:januar]]
[[nl:januar]]
[[no:januar]]
[[pl:januar]]
[[ru:januar]]
[[sl:januar]]
[[sv:januar]]
[[tr:januar]]
[[vi:januar]]</text>
<sha1>8yznudfbxy3pxkt4celh2edxvf30oyy</sha1>
</revision>
<revision>
<id>887141</id>
<parentid>885887</parentid>
<timestamp>2010-05-26T17:38:39Z</timestamp>
<contributor>
<username>Luis Gabriel Moraes Dias</username>
<id>11628</id>
</contributor>
<model>wikitext</model>
<format>text/x-wiki</format>
<text bytes="847" xml:space="preserve">{{ver também (cabeçalho)|Januar|janúar}}
= {{sl}} =
== Substantivo ==
'''januar'''
# [[Janeiro]]

== Ver também ==
=== No Wikcionário ===
{{meses/sl}}

={{-fo-}}=
==Substantivo==
'''januar'''
# [[janeiro]].
# [[primeiro]] [[mês]] do [[ano]] civil, tendo 31 [[dia]]s

== Ver também ==
=== No Wikcionário ===
{{meses/fo}}

[[Categoria:Substantivo (Feroês)]]
[[Categoria:Mês (Feroês)]]
[[Categoria:Substantivo (Esloveno)]]
[[Categoria:Cronônimo (Esloveno)]]
[[Categoria:Mês (Esloveno)]]
[[fo:Januar]]
[[af:januar]]
[[br:januar]]
[[csb:januar]]
[[da:januar]]
[[de:januar]]
[[en:januar]]
[[fi:januar]]
[[fr:januar]]
[[fy:januar]]
[[gl:januar]]
[[hr:januar]]
[[hu:januar]]
[[io:januar]]
[[it:januar]]
[[ko:januar]]
[[lt:januar]]
[[nl:januar]]
[[no:januar]]
[[pl:januar]]
[[ru:januar]]
[[sl:januar]]
[[sv:januar]]
[[tr:januar]]
[[vi:januar]]</text>
<sha1>5k4eq1y30g34ne0qvp02qdmbo406cdq</sha1>
</revision>
<revision>
<id>887143</id>
<parentid>887141</parentid>
<timestamp>2010-05-26T17:41:47Z</timestamp>
<contributor>
<username>Luis Gabriel Moraes Dias</username>
<id>11628</id>
</contributor>
<model>wikitext</model>
<format>text/x-wiki</format>
<text bytes="834" xml:space="preserve">{{ver também (cabeçalho)|Januar|janúar}}
= {{sl}} =
== Substantivo ==
'''januar'''
# [[Janeiro]]

== Ver também ==
=== No Wikcionário ===
{{meses/sl}}

={{-fo-}}=
==Substantivo==
'''januar'''
# [[janeiro]].
# [[primeiro]] [[mês]] do [[ano]] civil, tendo 31 [[dia]]s

== Ver também ==
=== No Wikcionário ===
{{meses/fo}}

[[Categoria:Substantivo (Feroês)]]
[[Categoria:Mês (Feroês)]]
[[Categoria:Substantivo (Esloveno)]]
[[Categoria:Cronônimo (Esloveno)]]
[[Categoria:Mês (Esloveno)]]

[[af:januar]]
[[br:januar]]
[[csb:januar]]
[[da:januar]]
[[de:januar]]
[[en:januar]]
[[fi:januar]]
[[fr:januar]]
[[fy:januar]]
[[gl:januar]]
[[hr:januar]]
[[hu:januar]]
[[io:januar]]
[[it:januar]]
[[ko:januar]]
[[lt:januar]]
[[nl:januar]]
[[no:januar]]
[[pl:januar]]
[[ru:januar]]
[[sl:januar]]
[[sv:januar]]
[[tr:januar]]
[[vi:januar]]</text>
<sha1>8yznudfbxy3pxkt4celh2edxvf30oyy</sha1>
</revision>
<revision>
<id>888572</id>
<parentid>887143</parentid>
<timestamp>2010-05-28T19:27:40Z</timestamp>
<contributor>
<username>Luis Gabriel Moraes Dias</username>
<id>11628</id>
</contributor>
<comment>/* {{-fo-}} */</comment>
<model>wikitext</model>
<format>text/x-wiki</format>
<text bytes="832" xml:space="preserve">{{ver também (cabeçalho)|Januar|janúar}}
= {{sl}} =
== Substantivo ==
'''januar'''
# [[Janeiro]]

== Ver também ==
=== No Wikcionário ===
{{meses/sl}}

={{-fo-}}=
==Substantivo==
'''januar'''
# [[janeiro]]; [[primeiro]] [[mês]] do [[ano]] civil, tendo 31 [[dia]]s

== Ver também ==
=== No Wikcionário ===
{{meses/fo}}

[[Categoria:Substantivo (Feroês)]]
[[Categoria:Mês (Feroês)]]
[[Categoria:Substantivo (Esloveno)]]
[[Categoria:Cronônimo (Esloveno)]]
[[Categoria:Mês (Esloveno)]]

[[af:januar]]
[[br:januar]]
[[csb:januar]]
[[da:januar]]
[[de:januar]]
[[en:januar]]
[[fi:januar]]
[[fr:januar]]
[[fy:januar]]
[[gl:januar]]
[[hr:januar]]
[[hu:januar]]
[[io:januar]]
[[it:januar]]
[[ko:januar]]
[[lt:januar]]
[[nl:januar]]
[[no:januar]]
[[pl:januar]]
[[ru:januar]]
[[sl:januar]]
[[sv:januar]]
[[tr:januar]]
[[vi:januar]]</text>
<sha1>4spyolhimsqmjna5ypawx1b5j7y53c7</sha1>
</revision>
<revision>
<id>888574</id>
<parentid>888572</parentid>
<timestamp>2010-05-28T19:29:29Z</timestamp>
<contributor>
<username>Luis Gabriel Moraes Dias</username>
<id>11628</id>
</contributor>
<model>wikitext</model>
<format>text/x-wiki</format>
<text bytes="1079" xml:space="preserve">{{ver também (cabeçalho)|Januar|janúar}}
= {{sl}} =
== Substantivo ==
'''januar'''
# [[Janeiro]]

== Ver também ==
=== No Wikcionário ===
{{meses/sl}}

={{-fo-}}=
==Substantivo==
'''januar'''
# [[janeiro]]; [[primeiro]] [[mês]] do [[ano]] civil, tendo 31 [[dia]]s

== Ver também ==
=== No Wikcionário ===
{{meses/fo}}

={{-ie-}}=
==Substantivo==
'''januar'''
# [[janeiro]]; [[primeiro]] [[mês]] do [[ano]] civil, tendo 31 [[dia]]s

== Ver também ==
=== No Wikcionário ===
{{meses/ie}}

[[Categoria:Substantivo (interlíngue)]]
[[Categoria:Mês (iInterlíngue)]]

[[Categoria:Substantivo (Feroês)]]
[[Categoria:Mês (Feroês)]]
[[Categoria:Substantivo (Esloveno)]]
[[Categoria:Cronônimo (Esloveno)]]
[[Categoria:Mês (Esloveno)]]

[[af:januar]]
[[br:januar]]
[[csb:januar]]
[[da:januar]]
[[de:januar]]
[[en:januar]]
[[fi:januar]]
[[fr:januar]]
[[fy:januar]]
[[gl:januar]]
[[hr:januar]]
[[hu:januar]]
[[io:januar]]
[[it:januar]]
[[ko:januar]]
[[lt:januar]]
[[nl:januar]]
[[no:januar]]
[[pl:januar]]
[[ru:januar]]
[[sl:januar]]
[[sv:januar]]
[[tr:januar]]
[[vi:januar]]</text>
<sha1>2xnpil666nxjb8p4qazz6bs6uqw8ejq</sha1>
</revision>
<revision>
<id>888577</id>
<parentid>888574</parentid>
<timestamp>2010-05-28T19:31:03Z</timestamp>
<contributor>
<username>Luis Gabriel Moraes Dias</username>
<id>11628</id>
</contributor>
<comment>/* No Wikcionário */</comment>
<model>wikitext</model>
<format>text/x-wiki</format>
<text bytes="1078" xml:space="preserve">{{ver também (cabeçalho)|Januar|janúar}}
= {{sl}} =
== Substantivo ==
'''januar'''
# [[Janeiro]]

== Ver também ==
=== No Wikcionário ===
{{meses/sl}}

={{-fo-}}=
==Substantivo==
'''januar'''
# [[janeiro]]; [[primeiro]] [[mês]] do [[ano]] civil, tendo 31 [[dia]]s

== Ver também ==
=== No Wikcionário ===
{{meses/fo}}

={{-ie-}}=
==Substantivo==
'''januar'''
# [[janeiro]]; [[primeiro]] [[mês]] do [[ano]] civil, tendo 31 [[dia]]s

== Ver também ==
=== No Wikcionário ===
{{meses/ie}}

[[Categoria:Substantivo (Interlíngue)]]
[[Categoria:Mês (Interlíngue)]]

[[Categoria:Substantivo (Feroês)]]
[[Categoria:Mês (Feroês)]]
[[Categoria:Substantivo (Esloveno)]]
[[Categoria:Cronônimo (Esloveno)]]
[[Categoria:Mês (Esloveno)]]

[[af:januar]]
[[br:januar]]
[[csb:januar]]
[[da:januar]]
[[de:januar]]
[[en:januar]]
[[fi:januar]]
[[fr:januar]]
[[fy:januar]]
[[gl:januar]]
[[hr:januar]]
[[hu:januar]]
[[io:januar]]
[[it:januar]]
[[ko:januar]]
[[lt:januar]]
[[nl:januar]]
[[no:januar]]
[[pl:januar]]
[[ru:januar]]
[[sl:januar]]
[[sv:januar]]
[[tr:januar]]
[[vi:januar]]</text>
<sha1>ptqts5fwi5z5nu5ocf6uda4qtpa655c</sha1>
</revision>
<revision>
<id>890281</id>
<parentid>888577</parentid>
<timestamp>2010-05-31T17:38:27Z</timestamp>
<contributor>
<username>Luis Gabriel Moraes Dias</username>
<id>11628</id>
</contributor>
<model>wikitext</model>
<format>text/x-wiki</format>
<text bytes="1328" xml:space="preserve">{{ver também (cabeçalho)|Januar|janúar}}
={{-sl-}}=
== Substantivo ==
'''januar'''
# [[Janeiro]]

== Ver também ==
=== No Wikcionário ===
{{meses/sl}}

={{-fo-}}=
==Substantivo==
'''januar'''
# [[janeiro]]; [[primeiro]] [[mês]] do [[ano]] civil, tendo 31 [[dia]]s

== Ver também ==
=== No Wikcionário ===
{{meses/fo}}

={{-ie-}}=
==Substantivo==
'''januar'''
# [[janeiro]]; [[primeiro]] [[mês]] do [[ano]] civil, tendo 31 [[dia]]s

== Ver também ==
=== No Wikcionário ===
{{meses/ie}}

[[Categoria:Substantivo (Interlíngue)]]
[[Categoria:Mês (Interlíngue)]]

[[Categoria:Substantivo (Feroês)]]
[[Categoria:Mês (Feroês)]]
[[Categoria:Substantivo (Esloveno)]]
[[Categoria:Cronônimo (Esloveno)]]
[[Categoria:Mês (Esloveno)]]

={{-hsb-}}=
==Substantivo==
'''januar'''
# [[janeiro]]; [[primeiro]] [[mês]] do [[ano]] civil, tendo 31 [[dia]]s.

== Ver também ==
=== No Wikcionário ===
{{meses/sv}}

[[Categoria:Substantivo (Sorábio Alto)]]
[[Categoria:Mês (Sorábio Alto)]]

[[af:januar]]
[[br:januar]]
[[csb:januar]]
[[da:januar]]
[[de:januar]]
[[en:januar]]
[[fi:januar]]
[[fr:januar]]
[[fy:januar]]
[[gl:januar]]
[[hr:januar]]
[[hu:januar]]
[[io:januar]]
[[it:januar]]
[[ko:januar]]
[[lt:januar]]
[[nl:januar]]
[[no:januar]]
[[pl:januar]]
[[ru:januar]]
[[sl:januar]]
[[sv:januar]]
[[tr:januar]]
[[vi:januar]]</text>
<sha1>mes28kal54j45y7lz7a3aokbkb4px7b</sha1>
</revision>
<revision>
<id>890282</id>
<parentid>890281</parentid>
<timestamp>2010-05-31T17:38:54Z</timestamp>
<contributor>
<username>Luis Gabriel Moraes Dias</username>
<id>11628</id>
</contributor>
<comment>/* No Wikcionário */</comment>
<model>wikitext</model>
<format>text/x-wiki</format>
<text bytes="1329" xml:space="preserve">{{ver também (cabeçalho)|Januar|janúar}}
={{-sl-}}=
== Substantivo ==
'''januar'''
# [[Janeiro]]

== Ver também ==
=== No Wikcionário ===
{{meses/sl}}

={{-fo-}}=
==Substantivo==
'''januar'''
# [[janeiro]]; [[primeiro]] [[mês]] do [[ano]] civil, tendo 31 [[dia]]s

== Ver também ==
=== No Wikcionário ===
{{meses/fo}}

={{-ie-}}=
==Substantivo==
'''januar'''
# [[janeiro]]; [[primeiro]] [[mês]] do [[ano]] civil, tendo 31 [[dia]]s

== Ver também ==
=== No Wikcionário ===
{{meses/ie}}

[[Categoria:Substantivo (Interlíngue)]]
[[Categoria:Mês (Interlíngue)]]

[[Categoria:Substantivo (Feroês)]]
[[Categoria:Mês (Feroês)]]
[[Categoria:Substantivo (Esloveno)]]
[[Categoria:Cronônimo (Esloveno)]]
[[Categoria:Mês (Esloveno)]]

={{-hsb-}}=
==Substantivo==
'''januar'''
# [[janeiro]]; [[primeiro]] [[mês]] do [[ano]] civil, tendo 31 [[dia]]s.

== Ver também ==
=== No Wikcionário ===
{{meses/hsb}}

[[Categoria:Substantivo (Sorábio Alto)]]
[[Categoria:Mês (Sorábio Alto)]]

[[af:januar]]
[[br:januar]]
[[csb:januar]]
[[da:januar]]
[[de:januar]]
[[en:januar]]
[[fi:januar]]
[[fr:januar]]
[[fy:januar]]
[[gl:januar]]
[[hr:januar]]
[[hu:januar]]
[[io:januar]]
[[it:januar]]
[[ko:januar]]
[[lt:januar]]
[[nl:januar]]
[[no:januar]]
[[pl:januar]]
[[ru:januar]]
[[sl:januar]]
[[sv:januar]]
[[tr:januar]]
[[vi:januar]]</text>
<sha1>kcp0qv60anklxl5wlcsw7w9g6cz0pnh</sha1>
</revision>
<revision>
<id>890311</id>
<parentid>890282</parentid>
<timestamp>2010-05-31T18:25:44Z</timestamp>
<contributor>
<username>Luis Gabriel Moraes Dias</username>
<id>11628</id>
</contributor>
<model>wikitext</model>
<format>text/x-wiki</format>
<text bytes="1582" xml:space="preserve">{{ver também (cabeçalho)|Januar|janúar}}
={{-sl-}}=
== Substantivo ==
'''januar'''
# [[Janeiro]]

== Ver também ==
=== No Wikcionário ===
{{meses/sl}}

={{-fo-}}=
==Substantivo==
'''januar'''
# [[janeiro]]; [[primeiro]] [[mês]] do [[ano]] civil, tendo 31 [[dia]]s

== Ver também ==
=== No Wikcionário ===
{{meses/fo}}

={{-ie-}}=
==Substantivo==
'''januar'''
# [[janeiro]]; [[primeiro]] [[mês]] do [[ano]] civil, tendo 31 [[dia]]s

== Ver também ==
=== No Wikcionário ===
{{meses/ie}}

[[Categoria:Substantivo (Interlíngue)]]
[[Categoria:Mês (Interlíngue)]]

[[Categoria:Substantivo (Feroês)]]
[[Categoria:Mês (Feroês)]]
[[Categoria:Substantivo (Esloveno)]]
[[Categoria:Cronônimo (Esloveno)]]
[[Categoria:Mês (Esloveno)]]

={{-hsb-}}=
==Substantivo==
'''januar'''
# [[janeiro]]; [[primeiro]] [[mês]] do [[ano]] civil, tendo 31 [[dia]]s.

== Ver também ==
=== No Wikcionário ===
{{meses/hsb}}

[[Categoria:Substantivo (Sorábio Alto)]]
[[Categoria:Mês (Sorábio Alto)]]

={{-dsb-}}=
==Substantivo==
'''januar'''
# [[janeiro]]; [[primeiro]] [[mês]] do [[ano]] civil, tendo 31 [[dia]]s.

== Ver também ==
=== No Wikcionário ===
{{meses/dsb}}

[[Categoria:Substantivo (Sorábio Baixo)]]
[[Categoria:Mês (Sorábio Baixo)]]

[[af:januar]]
[[br:januar]]
[[csb:januar]]
[[da:januar]]
[[de:januar]]
[[en:januar]]
[[fi:januar]]
[[fr:januar]]
[[fy:januar]]
[[gl:januar]]
[[hr:januar]]
[[hu:januar]]
[[io:januar]]
[[it:januar]]
[[ko:januar]]
[[lt:januar]]
[[nl:januar]]
[[no:januar]]
[[pl:januar]]
[[ru:januar]]
[[sl:januar]]
[[sv:januar]]
[[tr:januar]]
[[vi:januar]]</text>
<sha1>g1ab3039xyd8jfaugdjcme3x0gj06s1</sha1>
</revision>
<revision>
<id>894677</id>
<parentid>890311</parentid>
<timestamp>2010-06-08T03:40:29Z</timestamp>
<contributor>
<username>Interwicket</username>
<id>6868</id>
</contributor>
<minor />
<comment>iwiki +[[:ang:januar]], [[:el:januar]], [[:lo:januar]]</comment>
<model>wikitext</model>
<format>text/x-wiki</format>
<text bytes="1625" xml:space="preserve">{{ver também (cabeçalho)|Januar|janúar}}
={{-sl-}}=
== Substantivo ==
'''januar'''
# [[Janeiro]]

== Ver também ==
=== No Wikcionário ===
{{meses/sl}}

={{-fo-}}=
==Substantivo==
'''januar'''
# [[janeiro]]; [[primeiro]] [[mês]] do [[ano]] civil, tendo 31 [[dia]]s

== Ver também ==
=== No Wikcionário ===
{{meses/fo}}

={{-ie-}}=
==Substantivo==
'''januar'''
# [[janeiro]]; [[primeiro]] [[mês]] do [[ano]] civil, tendo 31 [[dia]]s

== Ver também ==
=== No Wikcionário ===
{{meses/ie}}

[[Categoria:Substantivo (Interlíngue)]]
[[Categoria:Mês (Interlíngue)]]

[[Categoria:Substantivo (Feroês)]]
[[Categoria:Mês (Feroês)]]
[[Categoria:Substantivo (Esloveno)]]
[[Categoria:Cronônimo (Esloveno)]]
[[Categoria:Mês (Esloveno)]]

={{-hsb-}}=
==Substantivo==
'''januar'''
# [[janeiro]]; [[primeiro]] [[mês]] do [[ano]] civil, tendo 31 [[dia]]s.

== Ver também ==
=== No Wikcionário ===
{{meses/hsb}}

[[Categoria:Substantivo (Sorábio Alto)]]
[[Categoria:Mês (Sorábio Alto)]]

={{-dsb-}}=
==Substantivo==
'''januar'''
# [[janeiro]]; [[primeiro]] [[mês]] do [[ano]] civil, tendo 31 [[dia]]s.

== Ver também ==
=== No Wikcionário ===
{{meses/dsb}}

[[Categoria:Substantivo (Sorábio Baixo)]]
[[Categoria:Mês (Sorábio Baixo)]]

[[af:januar]]
[[ang:januar]]
[[br:januar]]
[[csb:januar]]
[[da:januar]]
[[de:januar]]
[[el:januar]]
[[en:januar]]
[[fi:januar]]
[[fr:januar]]
[[fy:januar]]
[[gl:januar]]
[[hr:januar]]
[[hu:januar]]
[[io:januar]]
[[it:januar]]
[[ko:januar]]
[[lo:januar]]
[[lt:januar]]
[[nl:januar]]
[[no:januar]]
[[pl:januar]]
[[ru:januar]]
[[sl:januar]]
[[sv:januar]]
[[tr:januar]]
[[vi:januar]]</text>
<sha1>nkn1gguolb06h2el7g6yg702qin72nb</sha1>
</revision>
<revision>
<id>932560</id>
<parentid>894677</parentid>
<timestamp>2010-08-05T15:36:18Z</timestamp>
<contributor>
<username>Interwicket</username>
<id>6868</id>
</contributor>
<minor />
<comment>iwiki +[[:nn:januar]]</comment>
<model>wikitext</model>
<format>text/x-wiki</format>
<text bytes="1639" xml:space="preserve">{{ver também (cabeçalho)|Januar|janúar}}
={{-sl-}}=
== Substantivo ==
'''januar'''
# [[Janeiro]]

== Ver também ==
=== No Wikcionário ===
{{meses/sl}}

={{-fo-}}=
==Substantivo==
'''januar'''
# [[janeiro]]; [[primeiro]] [[mês]] do [[ano]] civil, tendo 31 [[dia]]s

== Ver também ==
=== No Wikcionário ===
{{meses/fo}}

={{-ie-}}=
==Substantivo==
'''januar'''
# [[janeiro]]; [[primeiro]] [[mês]] do [[ano]] civil, tendo 31 [[dia]]s

== Ver também ==
=== No Wikcionário ===
{{meses/ie}}

[[Categoria:Substantivo (Interlíngue)]]
[[Categoria:Mês (Interlíngue)]]

[[Categoria:Substantivo (Feroês)]]
[[Categoria:Mês (Feroês)]]
[[Categoria:Substantivo (Esloveno)]]
[[Categoria:Cronônimo (Esloveno)]]
[[Categoria:Mês (Esloveno)]]

={{-hsb-}}=
==Substantivo==
'''januar'''
# [[janeiro]]; [[primeiro]] [[mês]] do [[ano]] civil, tendo 31 [[dia]]s.

== Ver também ==
=== No Wikcionário ===
{{meses/hsb}}

[[Categoria:Substantivo (Sorábio Alto)]]
[[Categoria:Mês (Sorábio Alto)]]

={{-dsb-}}=
==Substantivo==
'''januar'''
# [[janeiro]]; [[primeiro]] [[mês]] do [[ano]] civil, tendo 31 [[dia]]s.

== Ver também ==
=== No Wikcionário ===
{{meses/dsb}}

[[Categoria:Substantivo (Sorábio Baixo)]]
[[Categoria:Mês (Sorábio Baixo)]]

[[af:januar]]
[[ang:januar]]
[[br:januar]]
[[csb:januar]]
[[da:januar]]
[[de:januar]]
[[el:januar]]
[[en:januar]]
[[fi:januar]]
[[fr:januar]]
[[fy:januar]]
[[gl:januar]]
[[hr:januar]]
[[hu:januar]]
[[io:januar]]
[[it:januar]]
[[ko:januar]]
[[lo:januar]]
[[lt:januar]]
[[nl:januar]]
[[nn:januar]]
[[no:januar]]
[[pl:januar]]
[[ru:januar]]
[[sl:januar]]
[[sv:januar]]
[[tr:januar]]
[[vi:januar]]</text>
<sha1>4m16hq7d9vxsx4phramueloftrlc3a1</sha1>
</revision>
<revision>
<id>963957</id>
<parentid>932560</parentid>
<timestamp>2010-10-03T07:42:09Z</timestamp>
<contributor>
<username>Interwicket</username>
<id>6868</id>
</contributor>
<minor />
<comment>iwiki +[[:zh:januar]]</comment>
<model>wikitext</model>
<format>text/x-wiki</format>
<text bytes="1653" xml:space="preserve">{{ver também (cabeçalho)|Januar|janúar}}
={{-sl-}}=
== Substantivo ==
'''januar'''
# [[Janeiro]]

== Ver também ==
=== No Wikcionário ===
{{meses/sl}}

={{-fo-}}=
==Substantivo==
'''januar'''
# [[janeiro]]; [[primeiro]] [[mês]] do [[ano]] civil, tendo 31 [[dia]]s

== Ver também ==
=== No Wikcionário ===
{{meses/fo}}

={{-ie-}}=
==Substantivo==
'''januar'''
# [[janeiro]]; [[primeiro]] [[mês]] do [[ano]] civil, tendo 31 [[dia]]s

== Ver também ==
=== No Wikcionário ===
{{meses/ie}}

[[Categoria:Substantivo (Interlíngue)]]
[[Categoria:Mês (Interlíngue)]]

[[Categoria:Substantivo (Feroês)]]
[[Categoria:Mês (Feroês)]]
[[Categoria:Substantivo (Esloveno)]]
[[Categoria:Cronônimo (Esloveno)]]
[[Categoria:Mês (Esloveno)]]

={{-hsb-}}=
==Substantivo==
'''januar'''
# [[janeiro]]; [[primeiro]] [[mês]] do [[ano]] civil, tendo 31 [[dia]]s.

== Ver também ==
=== No Wikcionário ===
{{meses/hsb}}

[[Categoria:Substantivo (Sorábio Alto)]]
[[Categoria:Mês (Sorábio Alto)]]

={{-dsb-}}=
==Substantivo==
'''januar'''
# [[janeiro]]; [[primeiro]] [[mês]] do [[ano]] civil, tendo 31 [[dia]]s.

== Ver também ==
=== No Wikcionário ===
{{meses/dsb}}

[[Categoria:Substantivo (Sorábio Baixo)]]
[[Categoria:Mês (Sorábio Baixo)]]

[[af:januar]]
[[ang:januar]]
[[br:januar]]
[[csb:januar]]
[[da:januar]]
[[de:januar]]
[[el:januar]]
[[en:januar]]
[[fi:januar]]
[[fr:januar]]
[[fy:januar]]
[[gl:januar]]
[[hr:januar]]
[[hu:januar]]
[[io:januar]]
[[it:januar]]
[[ko:januar]]
[[lo:januar]]
[[lt:januar]]
[[nl:januar]]
[[nn:januar]]
[[no:januar]]
[[pl:januar]]
[[ru:januar]]
[[sl:januar]]
[[sv:januar]]
[[tr:januar]]
[[vi:januar]]
[[zh:januar]]</text>
<sha1>g84xbocn8aku3p46vvdzljkdztdl6yq</sha1>
</revision>
<revision>
<id>1264492</id>
<parentid>963957</parentid>
<timestamp>2011-10-22T11:59:25Z</timestamp>
<contributor>
<username>KamikazeBot</username>
<id>23176</id>
</contributor>
<minor />
<comment>r2.6.4) (Robô: A adicionar: [[cy:januar]], [[eu:januar]], [[mg:januar]]</comment>
<model>wikitext</model>
<format>text/x-wiki</format>
<text bytes="1695" xml:space="preserve">{{ver também (cabeçalho)|Januar|janúar}}
={{-sl-}}=
== Substantivo ==
'''januar'''
# [[Janeiro]]

== Ver também ==
=== No Wikcionário ===
{{meses/sl}}

={{-fo-}}=
==Substantivo==
'''januar'''
# [[janeiro]]; [[primeiro]] [[mês]] do [[ano]] civil, tendo 31 [[dia]]s

== Ver também ==
=== No Wikcionário ===
{{meses/fo}}

={{-ie-}}=
==Substantivo==
'''januar'''
# [[janeiro]]; [[primeiro]] [[mês]] do [[ano]] civil, tendo 31 [[dia]]s

== Ver também ==
=== No Wikcionário ===
{{meses/ie}}

[[Categoria:Substantivo (Interlíngue)]]
[[Categoria:Mês (Interlíngue)]]

[[Categoria:Substantivo (Feroês)]]
[[Categoria:Mês (Feroês)]]
[[Categoria:Substantivo (Esloveno)]]
[[Categoria:Cronônimo (Esloveno)]]
[[Categoria:Mês (Esloveno)]]

={{-hsb-}}=
==Substantivo==
'''januar'''
# [[janeiro]]; [[primeiro]] [[mês]] do [[ano]] civil, tendo 31 [[dia]]s.

== Ver também ==
=== No Wikcionário ===
{{meses/hsb}}

[[Categoria:Substantivo (Sorábio Alto)]]
[[Categoria:Mês (Sorábio Alto)]]

={{-dsb-}}=
==Substantivo==
'''januar'''
# [[janeiro]]; [[primeiro]] [[mês]] do [[ano]] civil, tendo 31 [[dia]]s.

== Ver também ==
=== No Wikcionário ===
{{meses/dsb}}

[[Categoria:Substantivo (Sorábio Baixo)]]
[[Categoria:Mês (Sorábio Baixo)]]

[[af:januar]]
[[ang:januar]]
[[br:januar]]
[[csb:januar]]
[[cy:januar]]
[[da:januar]]
[[de:januar]]
[[el:januar]]
[[en:januar]]
[[eu:januar]]
[[fi:januar]]
[[fr:januar]]
[[fy:januar]]
[[gl:januar]]
[[hr:januar]]
[[hu:januar]]
[[io:januar]]
[[it:januar]]
[[ko:januar]]
[[lo:januar]]
[[lt:januar]]
[[mg:januar]]
[[nl:januar]]
[[nn:januar]]
[[no:januar]]
[[pl:januar]]
[[ru:januar]]
[[sl:januar]]
[[sv:januar]]
[[tr:januar]]
[[vi:januar]]
[[zh:januar]]</text>
<sha1>r12kiafzt5tudvv4n8w4yh46mfiojly</sha1>
</revision>
<revision>
<id>1296948</id>
<parentid>1264492</parentid>
<timestamp>2011-11-22T23:53:57Z</timestamp>
<contributor>
<username>MalafayaBot</username>
<id>628</id>
</contributor>
<minor />
<comment>r2.7.2) (Robô: A adicionar: [[id:januar]]</comment>
<model>wikitext</model>
<format>text/x-wiki</format>
<text bytes="1709" xml:space="preserve">{{ver também (cabeçalho)|Januar|janúar}}
={{-sl-}}=
== Substantivo ==
'''januar'''
# [[Janeiro]]

== Ver também ==
=== No Wikcionário ===
{{meses/sl}}

={{-fo-}}=
==Substantivo==
'''januar'''
# [[janeiro]]; [[primeiro]] [[mês]] do [[ano]] civil, tendo 31 [[dia]]s

== Ver também ==
=== No Wikcionário ===
{{meses/fo}}

={{-ie-}}=
==Substantivo==
'''januar'''
# [[janeiro]]; [[primeiro]] [[mês]] do [[ano]] civil, tendo 31 [[dia]]s

== Ver também ==
=== No Wikcionário ===
{{meses/ie}}

[[Categoria:Substantivo (Interlíngue)]]
[[Categoria:Mês (Interlíngue)]]

[[Categoria:Substantivo (Feroês)]]
[[Categoria:Mês (Feroês)]]
[[Categoria:Substantivo (Esloveno)]]
[[Categoria:Cronônimo (Esloveno)]]
[[Categoria:Mês (Esloveno)]]

={{-hsb-}}=
==Substantivo==
'''januar'''
# [[janeiro]]; [[primeiro]] [[mês]] do [[ano]] civil, tendo 31 [[dia]]s.

== Ver também ==
=== No Wikcionário ===
{{meses/hsb}}

[[Categoria:Substantivo (Sorábio Alto)]]
[[Categoria:Mês (Sorábio Alto)]]

={{-dsb-}}=
==Substantivo==
'''januar'''
# [[janeiro]]; [[primeiro]] [[mês]] do [[ano]] civil, tendo 31 [[dia]]s.

== Ver também ==
=== No Wikcionário ===
{{meses/dsb}}

[[Categoria:Substantivo (Sorábio Baixo)]]
[[Categoria:Mês (Sorábio Baixo)]]

[[af:januar]]
[[ang:januar]]
[[br:januar]]
[[csb:januar]]
[[cy:januar]]
[[da:januar]]
[[de:januar]]
[[el:januar]]
[[en:januar]]
[[eu:januar]]
[[fi:januar]]
[[fr:januar]]
[[fy:januar]]
[[gl:januar]]
[[hr:januar]]
[[hu:januar]]
[[id:januar]]
[[io:januar]]
[[it:januar]]
[[ko:januar]]
[[lo:januar]]
[[lt:januar]]
[[mg:januar]]
[[nl:januar]]
[[nn:januar]]
[[no:januar]]
[[pl:januar]]
[[ru:januar]]
[[sl:januar]]
[[sv:januar]]
[[tr:januar]]
[[vi:januar]]
[[zh:januar]]</text>
<sha1>te2jxrk50xbwo2im8uq5crur0qunnld</sha1>
</revision>
<revision>
<id>1317142</id>
<parentid>1296948</parentid>
<timestamp>2011-12-02T14:23:35Z</timestamp>
<contributor>
<username>MalafayaBot</username>
<id>628</id>
</contributor>
<minor />
<comment>Robô: A modificar Categoria:Cronônimo (Esloveno) para Categoria:Tempo (Esloveno)</comment>
<model>wikitext</model>
<format>text/x-wiki</format>
<text bytes="1704" xml:space="preserve">{{ver também (cabeçalho)|Januar|janúar}}
={{-sl-}}=
== Substantivo ==
'''januar'''
# [[Janeiro]]

== Ver também ==
=== No Wikcionário ===
{{meses/sl}}

={{-fo-}}=
==Substantivo==
'''januar'''
# [[janeiro]]; [[primeiro]] [[mês]] do [[ano]] civil, tendo 31 [[dia]]s

== Ver também ==
=== No Wikcionário ===
{{meses/fo}}

={{-ie-}}=
==Substantivo==
'''januar'''
# [[janeiro]]; [[primeiro]] [[mês]] do [[ano]] civil, tendo 31 [[dia]]s

== Ver também ==
=== No Wikcionário ===
{{meses/ie}}

[[Categoria:Substantivo (Interlíngue)]]
[[Categoria:Mês (Interlíngue)]]

[[Categoria:Substantivo (Feroês)]]
[[Categoria:Mês (Feroês)]]
[[Categoria:Substantivo (Esloveno)]]
[[Categoria:Tempo (Esloveno)]]
[[Categoria:Mês (Esloveno)]]

={{-hsb-}}=
==Substantivo==
'''januar'''
# [[janeiro]]; [[primeiro]] [[mês]] do [[ano]] civil, tendo 31 [[dia]]s.

== Ver também ==
=== No Wikcionário ===
{{meses/hsb}}

[[Categoria:Substantivo (Sorábio Alto)]]
[[Categoria:Mês (Sorábio Alto)]]

={{-dsb-}}=
==Substantivo==
'''januar'''
# [[janeiro]]; [[primeiro]] [[mês]] do [[ano]] civil, tendo 31 [[dia]]s.

== Ver também ==
=== No Wikcionário ===
{{meses/dsb}}

[[Categoria:Substantivo (Sorábio Baixo)]]
[[Categoria:Mês (Sorábio Baixo)]]

[[af:januar]]
[[ang:januar]]
[[br:januar]]
[[csb:januar]]
[[cy:januar]]
[[da:januar]]
[[de:januar]]
[[el:januar]]
[[en:januar]]
[[eu:januar]]
[[fi:januar]]
[[fr:januar]]
[[fy:januar]]
[[gl:januar]]
[[hr:januar]]
[[hu:januar]]
[[id:januar]]
[[io:januar]]
[[it:januar]]
[[ko:januar]]
[[lo:januar]]
[[lt:januar]]
[[mg:januar]]
[[nl:januar]]
[[nn:januar]]
[[no:januar]]
[[pl:januar]]
[[ru:januar]]
[[sl:januar]]
[[sv:januar]]
[[tr:januar]]
[[vi:januar]]
[[zh:januar]]</text>
<sha1>4tajs9valsn07e2rdjsricktep79flw</sha1>
</revision>
<revision>
<id>1356635</id>
<parentid>1317142</parentid>
<timestamp>2012-01-10T07:59:57Z</timestamp>
<contributor>
<username>WikitanvirBot</username>
<id>23893</id>
</contributor>
<minor />
<comment>r2.7.1) (Robô: A adicionar: [[lb:januar]]</comment>
<model>wikitext</model>
<format>text/x-wiki</format>
<text bytes="1718" xml:space="preserve">{{ver também (cabeçalho)|Januar|janúar}}
={{-sl-}}=
== Substantivo ==
'''januar'''
# [[Janeiro]]

== Ver também ==
=== No Wikcionário ===
{{meses/sl}}

={{-fo-}}=
==Substantivo==
'''januar'''
# [[janeiro]]; [[primeiro]] [[mês]] do [[ano]] civil, tendo 31 [[dia]]s

== Ver também ==
=== No Wikcionário ===
{{meses/fo}}

={{-ie-}}=
==Substantivo==
'''januar'''
# [[janeiro]]; [[primeiro]] [[mês]] do [[ano]] civil, tendo 31 [[dia]]s

== Ver também ==
=== No Wikcionário ===
{{meses/ie}}

[[Categoria:Substantivo (Interlíngue)]]
[[Categoria:Mês (Interlíngue)]]

[[Categoria:Substantivo (Feroês)]]
[[Categoria:Mês (Feroês)]]
[[Categoria:Substantivo (Esloveno)]]
[[Categoria:Tempo (Esloveno)]]
[[Categoria:Mês (Esloveno)]]

={{-hsb-}}=
==Substantivo==
'''januar'''
# [[janeiro]]; [[primeiro]] [[mês]] do [[ano]] civil, tendo 31 [[dia]]s.

== Ver também ==
=== No Wikcionário ===
{{meses/hsb}}

[[Categoria:Substantivo (Sorábio Alto)]]
[[Categoria:Mês (Sorábio Alto)]]

={{-dsb-}}=
==Substantivo==
'''januar'''
# [[janeiro]]; [[primeiro]] [[mês]] do [[ano]] civil, tendo 31 [[dia]]s.

== Ver também ==
=== No Wikcionário ===
{{meses/dsb}}

[[Categoria:Substantivo (Sorábio Baixo)]]
[[Categoria:Mês (Sorábio Baixo)]]

[[af:januar]]
[[ang:januar]]
[[br:januar]]
[[csb:januar]]
[[cy:januar]]
[[da:januar]]
[[de:januar]]
[[el:januar]]
[[en:januar]]
[[eu:januar]]
[[fi:januar]]
[[fr:januar]]
[[fy:januar]]
[[gl:januar]]
[[hr:januar]]
[[hu:januar]]
[[id:januar]]
[[io:januar]]
[[it:januar]]
[[ko:januar]]
[[lb:januar]]
[[lo:januar]]
[[lt:januar]]
[[mg:januar]]
[[nl:januar]]
[[nn:januar]]
[[no:januar]]
[[pl:januar]]
[[ru:januar]]
[[sl:januar]]
[[sv:januar]]
[[tr:januar]]
[[vi:januar]]
[[zh:januar]]</text>
<sha1>74sk53thvenlpxdh4aamed2mqx9os48</sha1>
</revision>
<revision>
<id>1400107</id>
<parentid>1356635</parentid>
<timestamp>2012-04-18T09:14:55Z</timestamp>
<contributor>
<username>JAnDbot</username>
<id>25083</id>
</contributor>
<minor />
<comment>r2.7.2) (Robô: A adicionar: [[et:januar]] A remover: [[ang:januar]], [[lo:januar]]</comment>
<model>wikitext</model>
<format>text/x-wiki</format>
<text bytes="1703" xml:space="preserve">{{ver também (cabeçalho)|Januar|janúar}}
={{-sl-}}=
== Substantivo ==
'''januar'''
# [[Janeiro]]

== Ver também ==
=== No Wikcionário ===
{{meses/sl}}

={{-fo-}}=
==Substantivo==
'''januar'''
# [[janeiro]]; [[primeiro]] [[mês]] do [[ano]] civil, tendo 31 [[dia]]s

== Ver também ==
=== No Wikcionário ===
{{meses/fo}}

={{-ie-}}=
==Substantivo==
'''januar'''
# [[janeiro]]; [[primeiro]] [[mês]] do [[ano]] civil, tendo 31 [[dia]]s

== Ver também ==
=== No Wikcionário ===
{{meses/ie}}

[[Categoria:Substantivo (Interlíngue)]]
[[Categoria:Mês (Interlíngue)]]

[[Categoria:Substantivo (Feroês)]]
[[Categoria:Mês (Feroês)]]
[[Categoria:Substantivo (Esloveno)]]
[[Categoria:Tempo (Esloveno)]]
[[Categoria:Mês (Esloveno)]]

={{-hsb-}}=
==Substantivo==
'''januar'''
# [[janeiro]]; [[primeiro]] [[mês]] do [[ano]] civil, tendo 31 [[dia]]s.

== Ver também ==
=== No Wikcionário ===
{{meses/hsb}}

[[Categoria:Substantivo (Sorábio Alto)]]
[[Categoria:Mês (Sorábio Alto)]]

={{-dsb-}}=
==Substantivo==
'''januar'''
# [[janeiro]]; [[primeiro]] [[mês]] do [[ano]] civil, tendo 31 [[dia]]s.

== Ver também ==
=== No Wikcionário ===
{{meses/dsb}}

[[Categoria:Substantivo (Sorábio Baixo)]]
[[Categoria:Mês (Sorábio Baixo)]]

[[af:januar]]
[[br:januar]]
[[csb:januar]]
[[cy:januar]]
[[da:januar]]
[[de:januar]]
[[el:januar]]
[[en:januar]]
[[et:januar]]
[[eu:januar]]
[[fi:januar]]
[[fr:januar]]
[[fy:januar]]
[[gl:januar]]
[[hr:januar]]
[[hu:januar]]
[[id:januar]]
[[io:januar]]
[[it:januar]]
[[ko:januar]]
[[lb:januar]]
[[lt:januar]]
[[mg:januar]]
[[nl:januar]]
[[nn:januar]]
[[no:januar]]
[[pl:januar]]
[[ru:januar]]
[[sl:januar]]
[[sv:januar]]
[[tr:januar]]
[[vi:januar]]
[[zh:januar]]</text>
<sha1>sch8g2vs3bu4qblspn6ql6x1n1hzreb</sha1>
</revision>
<revision>
<id>1493288</id>
<parentid>1400107</parentid>
<timestamp>2012-10-22T17:26:12Z</timestamp>
<contributor>
<username>VJBot</username>
<id>33673</id>
</contributor>
<minor />
<comment>Robô: Substituição de texto automática  (-{{ver também (cabeçalho)| +{{ver também|)</comment>
<model>wikitext</model>
<format>text/x-wiki</format>
<text bytes="1690" xml:space="preserve">{{ver também|Januar|janúar}}
={{-sl-}}=
== Substantivo ==
'''januar'''
# [[Janeiro]]

== Ver também ==
=== No Wikcionário ===
{{meses/sl}}

={{-fo-}}=
==Substantivo==
'''januar'''
# [[janeiro]]; [[primeiro]] [[mês]] do [[ano]] civil, tendo 31 [[dia]]s

== Ver também ==
=== No Wikcionário ===
{{meses/fo}}

={{-ie-}}=
==Substantivo==
'''januar'''
# [[janeiro]]; [[primeiro]] [[mês]] do [[ano]] civil, tendo 31 [[dia]]s

== Ver também ==
=== No Wikcionário ===
{{meses/ie}}

[[Categoria:Substantivo (Interlíngue)]]
[[Categoria:Mês (Interlíngue)]]

[[Categoria:Substantivo (Feroês)]]
[[Categoria:Mês (Feroês)]]
[[Categoria:Substantivo (Esloveno)]]
[[Categoria:Tempo (Esloveno)]]
[[Categoria:Mês (Esloveno)]]

={{-hsb-}}=
==Substantivo==
'''januar'''
# [[janeiro]]; [[primeiro]] [[mês]] do [[ano]] civil, tendo 31 [[dia]]s.

== Ver também ==
=== No Wikcionário ===
{{meses/hsb}}

[[Categoria:Substantivo (Sorábio Alto)]]
[[Categoria:Mês (Sorábio Alto)]]

={{-dsb-}}=
==Substantivo==
'''januar'''
# [[janeiro]]; [[primeiro]] [[mês]] do [[ano]] civil, tendo 31 [[dia]]s.

== Ver também ==
=== No Wikcionário ===
{{meses/dsb}}

[[Categoria:Substantivo (Sorábio Baixo)]]
[[Categoria:Mês (Sorábio Baixo)]]

[[af:januar]]
[[br:januar]]
[[csb:januar]]
[[cy:januar]]
[[da:januar]]
[[de:januar]]
[[el:januar]]
[[en:januar]]
[[et:januar]]
[[eu:januar]]
[[fi:januar]]
[[fr:januar]]
[[fy:januar]]
[[gl:januar]]
[[hr:januar]]
[[hu:januar]]
[[id:januar]]
[[io:januar]]
[[it:januar]]
[[ko:januar]]
[[lb:januar]]
[[lt:januar]]
[[mg:januar]]
[[nl:januar]]
[[nn:januar]]
[[no:januar]]
[[pl:januar]]
[[ru:januar]]
[[sl:januar]]
[[sv:januar]]
[[tr:januar]]
[[vi:januar]]
[[zh:januar]]</text>
<sha1>7plzojwh513ep9ar2ov9onhauaxxh34</sha1>
</revision>
<revision>
<id>1494832</id>
<parentid>1493288</parentid>
<timestamp>2012-10-23T03:54:16Z</timestamp>
<contributor>
<username>HydrizBot</username>
<id>29590</id>
</contributor>
<minor />
<comment>r2.7.3) (Robô: A adicionar: [[sm:januar]]</comment>
<model>wikitext</model>
<format>text/x-wiki</format>
<text bytes="1704" xml:space="preserve">{{ver também|Januar|janúar}}
={{-sl-}}=
== Substantivo ==
'''januar'''
# [[Janeiro]]

== Ver também ==
=== No Wikcionário ===
{{meses/sl}}

={{-fo-}}=
==Substantivo==
'''januar'''
# [[janeiro]]; [[primeiro]] [[mês]] do [[ano]] civil, tendo 31 [[dia]]s

== Ver também ==
=== No Wikcionário ===
{{meses/fo}}

={{-ie-}}=
==Substantivo==
'''januar'''
# [[janeiro]]; [[primeiro]] [[mês]] do [[ano]] civil, tendo 31 [[dia]]s

== Ver também ==
=== No Wikcionário ===
{{meses/ie}}

[[Categoria:Substantivo (Interlíngue)]]
[[Categoria:Mês (Interlíngue)]]

[[Categoria:Substantivo (Feroês)]]
[[Categoria:Mês (Feroês)]]
[[Categoria:Substantivo (Esloveno)]]
[[Categoria:Tempo (Esloveno)]]
[[Categoria:Mês (Esloveno)]]

={{-hsb-}}=
==Substantivo==
'''januar'''
# [[janeiro]]; [[primeiro]] [[mês]] do [[ano]] civil, tendo 31 [[dia]]s.

== Ver também ==
=== No Wikcionário ===
{{meses/hsb}}

[[Categoria:Substantivo (Sorábio Alto)]]
[[Categoria:Mês (Sorábio Alto)]]

={{-dsb-}}=
==Substantivo==
'''januar'''
# [[janeiro]]; [[primeiro]] [[mês]] do [[ano]] civil, tendo 31 [[dia]]s.

== Ver também ==
=== No Wikcionário ===
{{meses/dsb}}

[[Categoria:Substantivo (Sorábio Baixo)]]
[[Categoria:Mês (Sorábio Baixo)]]

[[af:januar]]
[[br:januar]]
[[csb:januar]]
[[cy:januar]]
[[da:januar]]
[[de:januar]]
[[el:januar]]
[[en:januar]]
[[et:januar]]
[[eu:januar]]
[[fi:januar]]
[[fr:januar]]
[[fy:januar]]
[[gl:januar]]
[[hr:januar]]
[[hu:januar]]
[[id:januar]]
[[io:januar]]
[[it:januar]]
[[ko:januar]]
[[lb:januar]]
[[lt:januar]]
[[mg:januar]]
[[nl:januar]]
[[nn:januar]]
[[no:januar]]
[[pl:januar]]
[[ru:januar]]
[[sl:januar]]
[[sm:januar]]
[[sv:januar]]
[[tr:januar]]
[[vi:januar]]
[[zh:januar]]</text>
<sha1>niflp2joz17cwe8c82ort9fa8hfoowe</sha1>
</revision>
<revision>
<id>1619855</id>
<parentid>1494832</parentid>
<timestamp>2013-01-22T14:34:47Z</timestamp>
<contributor>
<username>ValJor</username>
<id>1358</id>
</contributor>
<comment>Melhorando a apresentação do verbete segundo o AO 1990: Janeiro --&gt; janeiro</comment>
<model>wikitext</model>
<format>text/x-wiki</format>
<text bytes="1450" xml:space="preserve">{{ver também|Januar|janúar}}

={{-sl-}}=
==Substantivo==
'''januar'''
# [[janeiro]]

==Ver também==
===No Wikcionário===
{{meses/sl}}

[[Categoria:Substantivo (Esloveno)]]
[[Categoria:Tempo (Esloveno)]]
[[Categoria:Mês (Esloveno)]]


={{-fo-}}=
==Substantivo==
'''januar'''
# [[janeiro]]

==Ver também==
===No Wikcionário===
{{meses/fo}}

[[Categoria:Substantivo (Feroês)]]
[[Categoria:Mês (Feroês)]]


={{-ie-}}=
==Substantivo==
'''januar'''
# [[janeiro]]

==Ver também==
===No Wikcionário===
{{meses/ie}}

[[Categoria:Substantivo (Interlíngue)]]
[[Categoria:Mês (Interlíngue)]]


={{-hsb-}}=
==Substantivo==
'''januar'''
# [[janeiro]]

==Ver também==
===No Wikcionário===
{{meses/hsb}}

[[Categoria:Substantivo (Sorábio Alto)]]
[[Categoria:Mês (Sorábio Alto)]]


={{-dsb-}}=
==Substantivo==
'''januar'''
# [[janeiro]]

==Ver também==
===No Wikcionário===
{{meses/dsb}}

[[Categoria:Substantivo (Sorábio Baixo)]]
[[Categoria:Mês (Sorábio Baixo)]]

[[af:januar]]
[[br:januar]]
[[csb:januar]]
[[cy:januar]]
[[da:januar]]
[[de:januar]]
[[el:januar]]
[[en:januar]]
[[et:januar]]
[[eu:januar]]
[[fi:januar]]
[[fr:januar]]
[[fy:januar]]
[[gl:januar]]
[[hr:januar]]
[[hu:januar]]
[[id:januar]]
[[io:januar]]
[[it:januar]]
[[ko:januar]]
[[lb:januar]]
[[lt:januar]]
[[mg:januar]]
[[nl:januar]]
[[nn:januar]]
[[no:januar]]
[[pl:januar]]
[[ru:januar]]
[[sl:januar]]
[[sm:januar]]
[[sv:januar]]
[[tr:januar]]
[[vi:januar]]
[[zh:januar]]</text>
<sha1>btmv5601u0d709l3w6q4cdog41a8326</sha1>
</revision>
<revision>
<id>1775611</id>
<parentid>1619855</parentid>
<timestamp>2013-11-26T23:25:44Z</timestamp>
<contributor>
<username>MalafayaBot</username>
<id>628</id>
</contributor>
<minor />
<comment>r2.7.5) (Robô: A adicionar: [[es:januar]]</comment>
<model>wikitext</model>
<format>text/x-wiki</format>
<text bytes="1464" xml:space="preserve">{{ver também|Januar|janúar}}

={{-sl-}}=
==Substantivo==
'''januar'''
# [[janeiro]]

==Ver também==
===No Wikcionário===
{{meses/sl}}

[[Categoria:Substantivo (Esloveno)]]
[[Categoria:Tempo (Esloveno)]]
[[Categoria:Mês (Esloveno)]]


={{-fo-}}=
==Substantivo==
'''januar'''
# [[janeiro]]

==Ver também==
===No Wikcionário===
{{meses/fo}}

[[Categoria:Substantivo (Feroês)]]
[[Categoria:Mês (Feroês)]]


={{-ie-}}=
==Substantivo==
'''januar'''
# [[janeiro]]

==Ver também==
===No Wikcionário===
{{meses/ie}}

[[Categoria:Substantivo (Interlíngue)]]
[[Categoria:Mês (Interlíngue)]]


={{-hsb-}}=
==Substantivo==
'''januar'''
# [[janeiro]]

==Ver também==
===No Wikcionário===
{{meses/hsb}}

[[Categoria:Substantivo (Sorábio Alto)]]
[[Categoria:Mês (Sorábio Alto)]]


={{-dsb-}}=
==Substantivo==
'''januar'''
# [[janeiro]]

==Ver também==
===No Wikcionário===
{{meses/dsb}}

[[Categoria:Substantivo (Sorábio Baixo)]]
[[Categoria:Mês (Sorábio Baixo)]]

[[af:januar]]
[[br:januar]]
[[csb:januar]]
[[cy:januar]]
[[da:januar]]
[[de:januar]]
[[el:januar]]
[[en:januar]]
[[es:januar]]
[[et:januar]]
[[eu:januar]]
[[fi:januar]]
[[fr:januar]]
[[fy:januar]]
[[gl:januar]]
[[hr:januar]]
[[hu:januar]]
[[id:januar]]
[[io:januar]]
[[it:januar]]
[[ko:januar]]
[[lb:januar]]
[[lt:januar]]
[[mg:januar]]
[[nl:januar]]
[[nn:januar]]
[[no:januar]]
[[pl:januar]]
[[ru:januar]]
[[sl:januar]]
[[sm:januar]]
[[sv:januar]]
[[tr:januar]]
[[vi:januar]]
[[zh:januar]]</text>
<sha1>5r60zdo47r3u5lwnsuh3iqpsvxvbgm9</sha1>
</revision>
<revision>
<id>1782777</id>
<parentid>1775611</parentid>
<timestamp>2013-12-08T16:46:05Z</timestamp>
<contributor>
<username>Luckas-bot</username>
<id>5986</id>
</contributor>
<minor />
<comment>r2.7.2) (Robô: A adicionar: [[az:januar]]</comment>
<model>wikitext</model>
<format>text/x-wiki</format>
<text bytes="1478" xml:space="preserve">{{ver também|Januar|janúar}}

={{-sl-}}=
==Substantivo==
'''januar'''
# [[janeiro]]

==Ver também==
===No Wikcionário===
{{meses/sl}}

[[Categoria:Substantivo (Esloveno)]]
[[Categoria:Tempo (Esloveno)]]
[[Categoria:Mês (Esloveno)]]


={{-fo-}}=
==Substantivo==
'''januar'''
# [[janeiro]]

==Ver também==
===No Wikcionário===
{{meses/fo}}

[[Categoria:Substantivo (Feroês)]]
[[Categoria:Mês (Feroês)]]


={{-ie-}}=
==Substantivo==
'''januar'''
# [[janeiro]]

==Ver também==
===No Wikcionário===
{{meses/ie}}

[[Categoria:Substantivo (Interlíngue)]]
[[Categoria:Mês (Interlíngue)]]


={{-hsb-}}=
==Substantivo==
'''januar'''
# [[janeiro]]

==Ver também==
===No Wikcionário===
{{meses/hsb}}

[[Categoria:Substantivo (Sorábio Alto)]]
[[Categoria:Mês (Sorábio Alto)]]


={{-dsb-}}=
==Substantivo==
'''januar'''
# [[janeiro]]

==Ver também==
===No Wikcionário===
{{meses/dsb}}

[[Categoria:Substantivo (Sorábio Baixo)]]
[[Categoria:Mês (Sorábio Baixo)]]

[[af:januar]]
[[az:januar]]
[[br:januar]]
[[csb:januar]]
[[cy:januar]]
[[da:januar]]
[[de:januar]]
[[el:januar]]
[[en:januar]]
[[es:januar]]
[[et:januar]]
[[eu:januar]]
[[fi:januar]]
[[fr:januar]]
[[fy:januar]]
[[gl:januar]]
[[hr:januar]]
[[hu:januar]]
[[id:januar]]
[[io:januar]]
[[it:januar]]
[[ko:januar]]
[[lb:januar]]
[[lt:januar]]
[[mg:januar]]
[[nl:januar]]
[[nn:januar]]
[[no:januar]]
[[pl:januar]]
[[ru:januar]]
[[sl:januar]]
[[sm:januar]]
[[sv:januar]]
[[tr:januar]]
[[vi:januar]]
[[zh:januar]]</text>
<sha1>f4s1ndiac2ghxpcxbk88xdpjtzql8j6</sha1>
</revision>
<revision>
<id>1827458</id>
<parentid>1782777</parentid>
<timestamp>2014-05-24T13:34:46Z</timestamp>
<contributor>
<username>MalafayaBot</username>
<id>628</id>
</contributor>
<minor />
<comment>r2.7.6) (Robô: A adicionar: [[mn:januar]], [[sh:januar]]</comment>
<model>wikitext</model>
<format>text/x-wiki</format>
<text bytes="1506" xml:space="preserve">{{ver também|Januar|janúar}}

={{-sl-}}=
==Substantivo==
'''januar'''
# [[janeiro]]

==Ver também==
===No Wikcionário===
{{meses/sl}}

[[Categoria:Substantivo (Esloveno)]]
[[Categoria:Tempo (Esloveno)]]
[[Categoria:Mês (Esloveno)]]


={{-fo-}}=
==Substantivo==
'''januar'''
# [[janeiro]]

==Ver também==
===No Wikcionário===
{{meses/fo}}

[[Categoria:Substantivo (Feroês)]]
[[Categoria:Mês (Feroês)]]


={{-ie-}}=
==Substantivo==
'''januar'''
# [[janeiro]]

==Ver também==
===No Wikcionário===
{{meses/ie}}

[[Categoria:Substantivo (Interlíngue)]]
[[Categoria:Mês (Interlíngue)]]


={{-hsb-}}=
==Substantivo==
'''januar'''
# [[janeiro]]

==Ver também==
===No Wikcionário===
{{meses/hsb}}

[[Categoria:Substantivo (Sorábio Alto)]]
[[Categoria:Mês (Sorábio Alto)]]


={{-dsb-}}=
==Substantivo==
'''januar'''
# [[janeiro]]

==Ver também==
===No Wikcionário===
{{meses/dsb}}

[[Categoria:Substantivo (Sorábio Baixo)]]
[[Categoria:Mês (Sorábio Baixo)]]

[[af:januar]]
[[az:januar]]
[[br:januar]]
[[csb:januar]]
[[cy:januar]]
[[da:januar]]
[[de:januar]]
[[el:januar]]
[[en:januar]]
[[es:januar]]
[[et:januar]]
[[eu:januar]]
[[fi:januar]]
[[fr:januar]]
[[fy:januar]]
[[gl:januar]]
[[hr:januar]]
[[hu:januar]]
[[id:januar]]
[[io:januar]]
[[it:januar]]
[[ko:januar]]
[[lb:januar]]
[[lt:januar]]
[[mg:januar]]
[[mn:januar]]
[[nl:januar]]
[[nn:januar]]
[[no:januar]]
[[pl:januar]]
[[ru:januar]]
[[sh:januar]]
[[sl:januar]]
[[sm:januar]]
[[sv:januar]]
[[tr:januar]]
[[vi:januar]]
[[zh:januar]]</text>
<sha1>0r5e1omr9brpnia5c6efxmabyuj5yfx</sha1>
</revision>
<revision>
<id>2018722</id>
<parentid>1827458</parentid>
<timestamp>2015-10-18T16:28:34Z</timestamp>
<contributor>
<username>HydrizBot</username>
<id>29590</id>
</contributor>
<minor />
<comment>Robô: A adicionar: [[ro:januar]]</comment>
<model>wikitext</model>
<format>text/x-wiki</format>
<text bytes="1520" xml:space="preserve">{{ver também|Januar|janúar}}

={{-sl-}}=
==Substantivo==
'''januar'''
# [[janeiro]]

==Ver também==
===No Wikcionário===
{{meses/sl}}

[[Categoria:Substantivo (Esloveno)]]
[[Categoria:Tempo (Esloveno)]]
[[Categoria:Mês (Esloveno)]]


={{-fo-}}=
==Substantivo==
'''januar'''
# [[janeiro]]

==Ver também==
===No Wikcionário===
{{meses/fo}}

[[Categoria:Substantivo (Feroês)]]
[[Categoria:Mês (Feroês)]]


={{-ie-}}=
==Substantivo==
'''januar'''
# [[janeiro]]

==Ver também==
===No Wikcionário===
{{meses/ie}}

[[Categoria:Substantivo (Interlíngue)]]
[[Categoria:Mês (Interlíngue)]]


={{-hsb-}}=
==Substantivo==
'''januar'''
# [[janeiro]]

==Ver também==
===No Wikcionário===
{{meses/hsb}}

[[Categoria:Substantivo (Sorábio Alto)]]
[[Categoria:Mês (Sorábio Alto)]]


={{-dsb-}}=
==Substantivo==
'''januar'''
# [[janeiro]]

==Ver também==
===No Wikcionário===
{{meses/dsb}}

[[Categoria:Substantivo (Sorábio Baixo)]]
[[Categoria:Mês (Sorábio Baixo)]]

[[af:januar]]
[[az:januar]]
[[br:januar]]
[[csb:januar]]
[[cy:januar]]
[[da:januar]]
[[de:januar]]
[[el:januar]]
[[en:januar]]
[[es:januar]]
[[et:januar]]
[[eu:januar]]
[[fi:januar]]
[[fr:januar]]
[[fy:januar]]
[[gl:januar]]
[[hr:januar]]
[[hu:januar]]
[[id:januar]]
[[io:januar]]
[[it:januar]]
[[ko:januar]]
[[lb:januar]]
[[lt:januar]]
[[mg:januar]]
[[mn:januar]]
[[nl:januar]]
[[nn:januar]]
[[no:januar]]
[[pl:januar]]
[[ro:januar]]
[[ru:januar]]
[[sh:januar]]
[[sl:januar]]
[[sm:januar]]
[[sv:januar]]
[[tr:januar]]
[[vi:januar]]
[[zh:januar]]</text>
<sha1>cxprl64qn1hp5ntlvg8ia1e5ubjxgg6</sha1>
</revision>
<revision>
<id>2106920</id>
<parentid>2018722</parentid>
<timestamp>2016-05-31T12:22:40Z</timestamp>
<contributor>
<username>HydrizBot</username>
<id>29590</id>
</contributor>
<minor />
<comment>Robô: A adicionar: [[sr:januar]]</comment>
<model>wikitext</model>
<format>text/x-wiki</format>
<text bytes="1534" xml:space="preserve">{{ver também|Januar|janúar}}

={{-sl-}}=
==Substantivo==
'''januar'''
# [[janeiro]]

==Ver também==
===No Wikcionário===
{{meses/sl}}

[[Categoria:Substantivo (Esloveno)]]
[[Categoria:Tempo (Esloveno)]]
[[Categoria:Mês (Esloveno)]]


={{-fo-}}=
==Substantivo==
'''januar'''
# [[janeiro]]

==Ver também==
===No Wikcionário===
{{meses/fo}}

[[Categoria:Substantivo (Feroês)]]
[[Categoria:Mês (Feroês)]]


={{-ie-}}=
==Substantivo==
'''januar'''
# [[janeiro]]

==Ver também==
===No Wikcionário===
{{meses/ie}}

[[Categoria:Substantivo (Interlíngue)]]
[[Categoria:Mês (Interlíngue)]]


={{-hsb-}}=
==Substantivo==
'''januar'''
# [[janeiro]]

==Ver também==
===No Wikcionário===
{{meses/hsb}}

[[Categoria:Substantivo (Sorábio Alto)]]
[[Categoria:Mês (Sorábio Alto)]]


={{-dsb-}}=
==Substantivo==
'''januar'''
# [[janeiro]]

==Ver também==
===No Wikcionário===
{{meses/dsb}}

[[Categoria:Substantivo (Sorábio Baixo)]]
[[Categoria:Mês (Sorábio Baixo)]]

[[af:januar]]
[[az:januar]]
[[br:januar]]
[[csb:januar]]
[[cy:januar]]
[[da:januar]]
[[de:januar]]
[[el:januar]]
[[en:januar]]
[[es:januar]]
[[et:januar]]
[[eu:januar]]
[[fi:januar]]
[[fr:januar]]
[[fy:januar]]
[[gl:januar]]
[[hr:januar]]
[[hu:januar]]
[[id:januar]]
[[io:januar]]
[[it:januar]]
[[ko:januar]]
[[lb:januar]]
[[lt:januar]]
[[mg:januar]]
[[mn:januar]]
[[nl:januar]]
[[nn:januar]]
[[no:januar]]
[[pl:januar]]
[[ro:januar]]
[[ru:januar]]
[[sh:januar]]
[[sl:januar]]
[[sm:januar]]
[[sr:januar]]
[[sv:januar]]
[[tr:januar]]
[[vi:januar]]
[[zh:januar]]</text>
<sha1>12qy7pnxluthgu7rbzbt5soqb0t2049</sha1>
</revision>
<revision>
<id>2198420</id>
<parentid>2106920</parentid>
<timestamp>2016-11-17T17:25:50Z</timestamp>
<contributor>
<username>UT-interwiki-Bot</username>
<id>56129</id>
</contributor>
<minor />
<comment>Robô: A adicionar: [[is:januar]]</comment>
<model>wikitext</model>
<format>text/x-wiki</format>
<text bytes="1548" xml:space="preserve">{{ver também|Januar|janúar}}

={{-sl-}}=
==Substantivo==
'''januar'''
# [[janeiro]]

==Ver também==
===No Wikcionário===
{{meses/sl}}

[[Categoria:Substantivo (Esloveno)]]
[[Categoria:Tempo (Esloveno)]]
[[Categoria:Mês (Esloveno)]]


={{-fo-}}=
==Substantivo==
'''januar'''
# [[janeiro]]

==Ver também==
===No Wikcionário===
{{meses/fo}}

[[Categoria:Substantivo (Feroês)]]
[[Categoria:Mês (Feroês)]]


={{-ie-}}=
==Substantivo==
'''januar'''
# [[janeiro]]

==Ver também==
===No Wikcionário===
{{meses/ie}}

[[Categoria:Substantivo (Interlíngue)]]
[[Categoria:Mês (Interlíngue)]]


={{-hsb-}}=
==Substantivo==
'''januar'''
# [[janeiro]]

==Ver também==
===No Wikcionário===
{{meses/hsb}}

[[Categoria:Substantivo (Sorábio Alto)]]
[[Categoria:Mês (Sorábio Alto)]]


={{-dsb-}}=
==Substantivo==
'''januar'''
# [[janeiro]]

==Ver também==
===No Wikcionário===
{{meses/dsb}}

[[Categoria:Substantivo (Sorábio Baixo)]]
[[Categoria:Mês (Sorábio Baixo)]]

[[af:januar]]
[[az:januar]]
[[br:januar]]
[[csb:januar]]
[[cy:januar]]
[[da:januar]]
[[de:januar]]
[[el:januar]]
[[en:januar]]
[[es:januar]]
[[et:januar]]
[[eu:januar]]
[[fi:januar]]
[[fr:januar]]
[[fy:januar]]
[[gl:januar]]
[[hr:januar]]
[[hu:januar]]
[[id:januar]]
[[io:januar]]
[[is:januar]]
[[it:januar]]
[[ko:januar]]
[[lb:januar]]
[[lt:januar]]
[[mg:januar]]
[[mn:januar]]
[[nl:januar]]
[[nn:januar]]
[[no:januar]]
[[pl:januar]]
[[ro:januar]]
[[ru:januar]]
[[sh:januar]]
[[sl:januar]]
[[sm:januar]]
[[sr:januar]]
[[sv:januar]]
[[tr:januar]]
[[vi:januar]]
[[zh:januar]]</text>
<sha1>1se0a6aurifodfhjsltyi2uga0on860</sha1>
</revision>
<revision>
<id>2243395</id>
<parentid>2198420</parentid>
<timestamp>2017-02-23T03:34:35Z</timestamp>
<contributor>
<username>OctraBot</username>
<id>56948</id>
</contributor>
<minor />
<comment>Robô: A adicionar: [[eo:januar]]</comment>
<model>wikitext</model>
<format>text/x-wiki</format>
<text bytes="1562" xml:space="preserve">{{ver também|Januar|janúar}}

={{-sl-}}=
==Substantivo==
'''januar'''
# [[janeiro]]

==Ver também==
===No Wikcionário===
{{meses/sl}}

[[Categoria:Substantivo (Esloveno)]]
[[Categoria:Tempo (Esloveno)]]
[[Categoria:Mês (Esloveno)]]


={{-fo-}}=
==Substantivo==
'''januar'''
# [[janeiro]]

==Ver também==
===No Wikcionário===
{{meses/fo}}

[[Categoria:Substantivo (Feroês)]]
[[Categoria:Mês (Feroês)]]


={{-ie-}}=
==Substantivo==
'''januar'''
# [[janeiro]]

==Ver também==
===No Wikcionário===
{{meses/ie}}

[[Categoria:Substantivo (Interlíngue)]]
[[Categoria:Mês (Interlíngue)]]


={{-hsb-}}=
==Substantivo==
'''januar'''
# [[janeiro]]

==Ver também==
===No Wikcionário===
{{meses/hsb}}

[[Categoria:Substantivo (Sorábio Alto)]]
[[Categoria:Mês (Sorábio Alto)]]


={{-dsb-}}=
==Substantivo==
'''januar'''
# [[janeiro]]

==Ver também==
===No Wikcionário===
{{meses/dsb}}

[[Categoria:Substantivo (Sorábio Baixo)]]
[[Categoria:Mês (Sorábio Baixo)]]

[[af:januar]]
[[az:januar]]
[[br:januar]]
[[csb:januar]]
[[cy:januar]]
[[da:januar]]
[[de:januar]]
[[el:januar]]
[[en:januar]]
[[eo:januar]]
[[es:januar]]
[[et:januar]]
[[eu:januar]]
[[fi:januar]]
[[fr:januar]]
[[fy:januar]]
[[gl:januar]]
[[hr:januar]]
[[hu:januar]]
[[id:januar]]
[[io:januar]]
[[is:januar]]
[[it:januar]]
[[ko:januar]]
[[lb:januar]]
[[lt:januar]]
[[mg:januar]]
[[mn:januar]]
[[nl:januar]]
[[nn:januar]]
[[no:januar]]
[[pl:januar]]
[[ro:januar]]
[[ru:januar]]
[[sh:januar]]
[[sl:januar]]
[[sm:januar]]
[[sr:januar]]
[[sv:januar]]
[[tr:januar]]
[[vi:januar]]
[[zh:januar]]</text>
<sha1>rg0m009ebdcsq3zbyrycmgl7q7me7iq</sha1>
</revision>
<revision>
<id>2364647</id>
<parentid>2243395</parentid>
<timestamp>2017-05-03T15:42:04Z</timestamp>
<contributor>
<username>HydrizBot</username>
<id>29590</id>
</contributor>
<minor />
<comment>Robô: A limpar links interwikis antigos</comment>
<model>wikitext</model>
<format>text/x-wiki</format>
<text bytes="972" xml:space="preserve">{{ver também|Januar|janúar}}

={{-sl-}}=
==Substantivo==
'''januar'''
# [[janeiro]]

==Ver também==
===No Wikcionário===
{{meses/sl}}

[[Categoria:Substantivo (Esloveno)]]
[[Categoria:Tempo (Esloveno)]]
[[Categoria:Mês (Esloveno)]]


={{-fo-}}=
==Substantivo==
'''januar'''
# [[janeiro]]

==Ver também==
===No Wikcionário===
{{meses/fo}}

[[Categoria:Substantivo (Feroês)]]
[[Categoria:Mês (Feroês)]]


={{-ie-}}=
==Substantivo==
'''januar'''
# [[janeiro]]

==Ver também==
===No Wikcionário===
{{meses/ie}}

[[Categoria:Substantivo (Interlíngue)]]
[[Categoria:Mês (Interlíngue)]]


={{-hsb-}}=
==Substantivo==
'''januar'''
# [[janeiro]]

==Ver também==
===No Wikcionário===
{{meses/hsb}}

[[Categoria:Substantivo (Sorábio Alto)]]
[[Categoria:Mês (Sorábio Alto)]]


={{-dsb-}}=
==Substantivo==
'''januar'''
# [[janeiro]]

==Ver também==
===No Wikcionário===
{{meses/dsb}}

[[Categoria:Substantivo (Sorábio Baixo)]]
[[Categoria:Mês (Sorábio Baixo)]]</text>
<sha1>19im8uq44xdk33js0rr8ybhqwu7grab</sha1>
</revision>
<revision>
<id>2452447</id>
<parentid>2364647</parentid>
<timestamp>2017-09-28T05:48:22Z</timestamp>
<contributor>
<username>Spanier</username>
<id>43713</id>
</contributor>
<comment>+norueguês</comment>
<model>wikitext</model>
<format>text/x-wiki</format>
<text bytes="1266" xml:space="preserve">{{ver também|Januar|janúar}}

={{-sl-}}=
==Substantivo==
{{proparoxítona|ja|nu|ar|lang=sl}}, {{m}}
# {{escopo|sl|mês}} [[janeiro]]

=={{pronúncia|sl}}==
* [[AFI]]: {{AFI|/ˈjaːnuar/|sl}}

==Ver também==
===No Wikcionário===
{{meses/sl}}
[[Categoria:Substantivo (Esloveno)]]

={{-fo-}}=
==Substantivo==
'''januar'''
# {{escopo|fo|mês}} [[janeiro]]

==Ver também==
===No Wikcionário===
{{meses/fo}}
[[Categoria:Substantivo (Feroês)]]


={{-ie-}}=
==Substantivo==
'''januar'''
# {{escopo|ie|mês}} [[janeiro]]

==Ver também==
===No Wikcionário===
{{meses/ie}}
[[Categoria:Substantivo (Interlíngue)]]

={{-no-}}=
==Substantivo==
{{oxítona|Ja|nu|ar|lang=no}}, {{m}}
# {{escopo|no|mês}} [[janeiro]]; [[primeiro]] [[mês]] do [[ano]] civil, tendo 31 [[dia]]s

=={{pronúncia|no}}==
* [[AFI]]: {{AFI|/janʉˈɑːr/|no}}

== Ver também ==
=== No Wikcionário ===
{{meses/no}}
[[Categoria:Substantivo (Norueguês)]]

={{-hsb-}}=
==Substantivo==
'''januar'''
# {{escopo|hsb|mês}} [[janeiro]]

==Ver também==
===No Wikcionário===
{{meses/hsb}}
[[Categoria:Substantivo (Sorábio Alto)]]

={{-dsb-}}=
==Substantivo==
'''januar'''
# {{escopo|dsb|mês}} [[janeiro]]

==Ver também==
===No Wikcionário===
{{meses/dsb}}
[[Categoria:Substantivo (Sorábio Baixo)]]</text>
<sha1>grlcysrkfut10bhmcq029pcl6ez7aek</sha1>
</revision>
</page>
