<title>januárias</title>
<ns>0</ns>
<id>323684</id>
<revision>
<id>1819290</id>
<timestamp>2014-04-15T12:08:05Z</timestamp>
<contributor>
<username>MIL973</username>
<id>41339</id>
</contributor>
<comment>[[Ajuda:Guia de edição/Menus e ferramentas/Sumário de edição|→]] nova página: {{ver também|Januárias}}  ={{-pt-}}= ==Forma de adjetivo== {{proparoxítona aparente|ja|nu|á|ri|as}}, {{f}...</comment>
<model>wikitext</model>
<format>text/x-wiki</format>
<text bytes="313" xml:space="preserve">{{ver também|Januárias}}

={{-pt-}}=
==Forma de adjetivo==
{{proparoxítona aparente|ja|nu|á|ri|as}}, {{f}}
# [[feminino]] [[plural]] de [[januário]]

{{avi-for-fle|januário}}

==Forma de substantivo==
{{proparoxítona aparente|ja|nu|á|ri|as}}, {{f}}
# [[plural]] de [[januária]]

{{avi-for-fle|januária}}</text>
<sha1>c35of5bv1qmougjccojbmf4xpznrh3i</sha1>
</revision>
<revision>
<id>1819293</id>
<parentid>1819290</parentid>
<timestamp>2014-04-15T12:09:07Z</timestamp>
<contributor>
<username>MIL973</username>
<id>41339</id>
</contributor>
<minor />
<comment>adicionou [[Categoria:Forma de adjetivo (Português)]] usando [[Wikcionário:HotCat|HotCat]]</comment>
<model>wikitext</model>
<format>text/x-wiki</format>
<text bytes="359" xml:space="preserve">{{ver também|Januárias}}

={{-pt-}}=
==Forma de adjetivo==
{{proparoxítona aparente|ja|nu|á|ri|as}}, {{f}}
# [[feminino]] [[plural]] de [[januário]]

{{avi-for-fle|januário}}

==Forma de substantivo==
{{proparoxítona aparente|ja|nu|á|ri|as}}, {{f}}
# [[plural]] de [[januária]]

{{avi-for-fle|januária}}

[[Categoria:Forma de adjetivo (Português)]]</text>
<sha1>impmxm8if5ytf9bxsbwxo2optgyflj2</sha1>
</revision>
<revision>
<id>1819294</id>
<parentid>1819293</parentid>
<timestamp>2014-04-15T12:09:20Z</timestamp>
<contributor>
<username>MIL973</username>
<id>41339</id>
</contributor>
<minor />
<comment>adicionou [[Categoria:Forma de substantivo (Português)]] usando [[Wikcionário:HotCat|HotCat]]</comment>
<model>wikitext</model>
<format>text/x-wiki</format>
<text bytes="407" xml:space="preserve">{{ver também|Januárias}}

={{-pt-}}=
==Forma de adjetivo==
{{proparoxítona aparente|ja|nu|á|ri|as}}, {{f}}
# [[feminino]] [[plural]] de [[januário]]

{{avi-for-fle|januário}}

==Forma de substantivo==
{{proparoxítona aparente|ja|nu|á|ri|as}}, {{f}}
# [[plural]] de [[januária]]

{{avi-for-fle|januária}}

[[Categoria:Forma de adjetivo (Português)]]
[[Categoria:Forma de substantivo (Português)]]</text>
<sha1>ro5lk8r2r2kq2oqocjhbgkpay4rm2j0</sha1>
</revision>
<revision>
<id>1952168</id>
<parentid>1819294</parentid>
<timestamp>2015-06-30T11:51:31Z</timestamp>
<contributor>
<username>MIL973</username>
<id>41339</id>
</contributor>
<model>wikitext</model>
<format>text/x-wiki</format>
<text bytes="395" xml:space="preserve">{{ver também|Januárias}}

={{-pt-}}=
==Forma de adjetivo==
{{proparoxítona aparente|ja|nu|á|ri|as}}, {{f}}
# feminino plural de [[januário]]

{{avi-for-fle|januário}}

==Forma de substantivo==
{{proparoxítona aparente|ja|nu|á|ri|as}}, {{f}}
# plural de [[januária]]

{{avi-for-fle|januária}}

[[Categoria:Forma de adjetivo (Português)]]
[[Categoria:Forma de substantivo (Português)]]</text>
<sha1>l0b7gflwg3jbkzzqzji1q65rgqhhneh</sha1>
</revision>
<revision>
<id>2150725</id>
<parentid>1952168</parentid>
<timestamp>2016-07-14T03:59:03Z</timestamp>
<contributor>
<username>MIL973</username>
<id>41339</id>
</contributor>
<model>wikitext</model>
<format>text/x-wiki</format>
<text bytes="460" xml:space="preserve">{{ver também|Januárias}}

={{-pt-}}=
==Forma de adjetivo==
{{proparoxítona aparente|ja|nu|á|ri|as}}, {{f}}
# feminino plural de [[januário]]

{{avi-for-fle|januário}}

==Forma de substantivo==
{{proparoxítona aparente|ja|nu|á|ri|as}}, {{f}}
# plural de [[januária]]

{{avi-for-fle|januária}}

==Anagramas==
# [[janauiras]]
# [[janauíras]]
# [[januaíras]]

[[Categoria:Forma de adjetivo (Português)]]
[[Categoria:Forma de substantivo (Português)]]</text>
<sha1>3oikp70si1a6qjritzpu9xgixi9zxif</sha1>
</revision>
<revision>
<id>2460318</id>
<parentid>2150725</parentid>
<timestamp>2017-11-11T01:14:35Z</timestamp>
<contributor>
<username>MIL973</username>
<id>41339</id>
</contributor>
<model>wikitext</model>
<format>text/x-wiki</format>
<text bytes="484" xml:space="preserve">{{ver também|Januárias}}

={{-pt-}}=
==Forma de adjetivo==
{{proparoxítona aparente|ja|nu|á|ri|as}}, {{gramática|fp}}
# feminino plural de [[januário]]

{{avi-for-fle|januário}}

==Forma de substantivo==
{{proparoxítona aparente|ja|nu|á|ri|as}}, {{gramática|fp}}
# plural de [[januária]]

{{avi-for-fle|januária}}

==Anagramas==
# [[janauiras]]
# [[janauíras]]
# [[januaíras]]

[[Categoria:Forma de adjetivo (Português)]]
[[Categoria:Forma de substantivo (Português)]]</text>
<sha1>5s8axkciy9tn3w3jjptly6kgojm5e8x</sha1>
</revision>
</page>
