<title>januare</title>
<ns>0</ns>
<id>237818</id>
<revision>
<id>902379</id>
<timestamp>2010-06-17T16:58:58Z</timestamp>
<contributor>
<username>Luis Gabriel Moraes Dias</username>
<id>11628</id>
</contributor>
<comment>[[Ajuda:Menus e funções/Sumário de edição#Sumário de edição automático|→]] nova página: ={{-nov-}}= ==Substantivo== '''januare''' # [[janeiro]]; [[primeiro]] [[mês]] do [[ano]] civil, t...</comment>
<model>wikitext</model>
<format>text/x-wiki</format>
<text bytes="236" xml:space="preserve">={{-nov-}}=
==Substantivo==
'''januare'''
# [[janeiro]]; [[primeiro]] [[mês]] do [[ano]] civil, tendo 31 [[dia]]s.

== Ver também ==
=== No Wikcionário ===
{{meses/nov}}

[[Categoria:Substantivo (Novial)]]
[[Categoria:Mês (Novial)]]</text>
<sha1>05rbkx5e2smeq932w6btgk9azvw83e4</sha1>
</revision>
<revision>
<id>902645</id>
<parentid>902379</parentid>
<timestamp>2010-06-18T02:53:18Z</timestamp>
<contributor>
<username>Interwicket</username>
<id>6868</id>
</contributor>
<minor />
<comment>iwiki +[[:en:januare]], [[:lt:januare]]</comment>
<model>wikitext</model>
<format>text/x-wiki</format>
<text bytes="267" xml:space="preserve">={{-nov-}}=
==Substantivo==
'''januare'''
# [[janeiro]]; [[primeiro]] [[mês]] do [[ano]] civil, tendo 31 [[dia]]s.

== Ver também ==
=== No Wikcionário ===
{{meses/nov}}

[[Categoria:Substantivo (Novial)]]
[[Categoria:Mês (Novial)]]

[[en:januare]]
[[lt:januare]]</text>
<sha1>1abwqwawgymojogzygq288aft4g8q1t</sha1>
</revision>
<revision>
<id>951697</id>
<parentid>902645</parentid>
<timestamp>2010-09-08T03:59:28Z</timestamp>
<contributor>
<username>Interwicket</username>
<id>6868</id>
</contributor>
<minor />
<comment>iwiki +[[:hr:januare]]</comment>
<model>wikitext</model>
<format>text/x-wiki</format>
<text bytes="282" xml:space="preserve">={{-nov-}}=
==Substantivo==
'''januare'''
# [[janeiro]]; [[primeiro]] [[mês]] do [[ano]] civil, tendo 31 [[dia]]s.

== Ver também ==
=== No Wikcionário ===
{{meses/nov}}

[[Categoria:Substantivo (Novial)]]
[[Categoria:Mês (Novial)]]

[[en:januare]]
[[hr:januare]]
[[lt:januare]]</text>
<sha1>j1bn3vte3hszfp2ppyquzwqwbzlo8yp</sha1>
</revision>
<revision>
<id>1009243</id>
<parentid>951697</parentid>
<timestamp>2011-01-08T14:40:15Z</timestamp>
<contributor>
<username>Luckas-bot</username>
<id>5986</id>
</contributor>
<minor />
<comment>r2.6.2) (Bot: Adicionando: [[ru:januare]]</comment>
<model>wikitext</model>
<format>text/x-wiki</format>
<text bytes="297" xml:space="preserve">={{-nov-}}=
==Substantivo==
'''januare'''
# [[janeiro]]; [[primeiro]] [[mês]] do [[ano]] civil, tendo 31 [[dia]]s.

== Ver também ==
=== No Wikcionário ===
{{meses/nov}}

[[Categoria:Substantivo (Novial)]]
[[Categoria:Mês (Novial)]]

[[en:januare]]
[[hr:januare]]
[[lt:januare]]
[[ru:januare]]</text>
<sha1>p1hpotkrdf5ppplsu6438t1cc3hemzb</sha1>
</revision>
<revision>
<id>1366958</id>
<parentid>1009243</parentid>
<timestamp>2012-01-18T10:08:25Z</timestamp>
<contributor>
<username>Luckas-bot</username>
<id>5986</id>
</contributor>
<minor />
<comment>r2.7.1) (Robô: A adicionar: [[pl:januare]]</comment>
<model>wikitext</model>
<format>text/x-wiki</format>
<text bytes="312" xml:space="preserve">={{-nov-}}=
==Substantivo==
'''januare'''
# [[janeiro]]; [[primeiro]] [[mês]] do [[ano]] civil, tendo 31 [[dia]]s.

== Ver também ==
=== No Wikcionário ===
{{meses/nov}}

[[Categoria:Substantivo (Novial)]]
[[Categoria:Mês (Novial)]]

[[en:januare]]
[[hr:januare]]
[[lt:januare]]
[[pl:januare]]
[[ru:januare]]</text>
<sha1>isr187grucui8fcap076xqcb7ejfpv8</sha1>
</revision>
<revision>
<id>1775610</id>
<parentid>1366958</parentid>
<timestamp>2013-11-26T23:25:37Z</timestamp>
<contributor>
<username>MalafayaBot</username>
<id>628</id>
</contributor>
<minor />
<comment>r2.7.5) (Robô: A adicionar: [[el:januare]], [[mg:januare]]</comment>
<model>wikitext</model>
<format>text/x-wiki</format>
<text bytes="342" xml:space="preserve">={{-nov-}}=
==Substantivo==
'''januare'''
# [[janeiro]]; [[primeiro]] [[mês]] do [[ano]] civil, tendo 31 [[dia]]s.

== Ver também ==
=== No Wikcionário ===
{{meses/nov}}

[[Categoria:Substantivo (Novial)]]
[[Categoria:Mês (Novial)]]

[[el:januare]]
[[en:januare]]
[[hr:januare]]
[[lt:januare]]
[[mg:januare]]
[[pl:januare]]
[[ru:januare]]</text>
<sha1>5bm0ok9ylxpfvdaofypmie7y917e5yz</sha1>
</revision>
<revision>
<id>2127967</id>
<parentid>1775610</parentid>
<timestamp>2016-06-07T17:58:39Z</timestamp>
<contributor>
<username>UT-interwiki-Bot</username>
<id>56129</id>
</contributor>
<minor />
<comment>Robô: A adicionar: [[hu:januare]]</comment>
<model>wikitext</model>
<format>text/x-wiki</format>
<text bytes="357" xml:space="preserve">={{-nov-}}=
==Substantivo==
'''januare'''
# [[janeiro]]; [[primeiro]] [[mês]] do [[ano]] civil, tendo 31 [[dia]]s.

== Ver também ==
=== No Wikcionário ===
{{meses/nov}}

[[Categoria:Substantivo (Novial)]]
[[Categoria:Mês (Novial)]]

[[el:januare]]
[[en:januare]]
[[hr:januare]]
[[hu:januare]]
[[lt:januare]]
[[mg:januare]]
[[pl:januare]]
[[ru:januare]]</text>
<sha1>3lkpv719r9w7sbr345d6fj76sv6ggzo</sha1>
</revision>
<revision>
<id>2364648</id>
<parentid>2127967</parentid>
<timestamp>2017-05-03T15:42:07Z</timestamp>
<contributor>
<username>HydrizBot</username>
<id>29590</id>
</contributor>
<minor />
<comment>Robô: A limpar links interwikis antigos</comment>
<model>wikitext</model>
<format>text/x-wiki</format>
<text bytes="236" xml:space="preserve">={{-nov-}}=
==Substantivo==
'''januare'''
# [[janeiro]]; [[primeiro]] [[mês]] do [[ano]] civil, tendo 31 [[dia]]s.

== Ver também ==
=== No Wikcionário ===
{{meses/nov}}

[[Categoria:Substantivo (Novial)]]
[[Categoria:Mês (Novial)]]</text>
<sha1>05rbkx5e2smeq932w6btgk9azvw83e4</sha1>
</revision>
</page>
