<title>januário</title>
<ns>0</ns>
<id>105691</id>
<revision>
<id>412344</id>
<timestamp>2009-02-03T03:54:35Z</timestamp>
<contributor>
<username>Dicionarista</username>
<id>6964</id>
</contributor>
<comment>[[Ajuda:Menus e funções/Sumário de edição#Sumário de edição automático|→]] nova página: {{-pt-}} '''ja.nu.á.ri.o'''  ==Adjetivo==  #{{escopoCatLang|Mitologia|pt}} consagrado ao deus [[J...</comment>
<model>wikitext</model>
<format>text/x-wiki</format>
<text bytes="452" xml:space="preserve">{{-pt-}}
'''ja.nu.á.ri.o'''

==Adjetivo==

#{{escopoCatLang|Mitologia|pt}} consagrado ao deus [[Jano]], divindade bifronte da mitologia romana


{{-etimologia-}}
: De Jano + -''[[ário]]''.


==Ver também==
===no Wikicionário===
* [[jânio]]
===na Wikipédia===
* [[w:Jano|Jano]]


[[Categoria:Adjetivo (Português)]][[Categoria:Vocábulo com etimologia (Português)]][[Categoria:Polissílabo (Português)]][[Categoria: Proparoxítona (Português)]]</text>
<sha1>qt8rc2e5nmyxr4u2qqwcf8pqmgh0sc1</sha1>
</revision>
<revision>
<id>412345</id>
<parentid>412344</parentid>
<timestamp>2009-02-03T03:55:41Z</timestamp>
<contributor>
<username>Dicionarista</username>
<id>6964</id>
</contributor>
<model>wikitext</model>
<format>text/x-wiki</format>
<text bytes="441" xml:space="preserve">{{-pt-}}
'''ja.nu.á.ri.o'''

==Adjetivo==

#{{escopoCatLang|Mitologia|pt}} consagrado a [[Jano]], deus bifronte da mitologia romana


{{-etimologia-}}
: De Jano + -''[[ário]]''.


==Ver também==
===no Wikicionário===
* [[jânio]]
===na Wikipédia===
* [[w:Jano|Jano]]


[[Categoria:Adjetivo (Português)]][[Categoria:Vocábulo com etimologia (Português)]][[Categoria:Polissílabo (Português)]][[Categoria: Proparoxítona (Português)]]</text>
<sha1>pg69kloz384cy8f4hxehdttmqhayjb2</sha1>
</revision>
<revision>
<id>412346</id>
<parentid>412345</parentid>
<timestamp>2009-02-03T03:57:17Z</timestamp>
<contributor>
<username>Dicionarista</username>
<id>6964</id>
</contributor>
<comment>/* Ver também */</comment>
<model>wikitext</model>
<format>text/x-wiki</format>
<text bytes="440" xml:space="preserve">{{-pt-}}
'''ja.nu.á.ri.o'''

==Adjetivo==

#{{escopoCatLang|Mitologia|pt}} consagrado a [[Jano]], deus bifronte da mitologia romana


{{-etimologia-}}
: De Jano + -''[[ário]]''.


==Ver também==
===no Wikcionário===
* [[jânio]]
===na Wikipédia===
* [[w:Jano|Jano]]


[[Categoria:Adjetivo (Português)]][[Categoria:Vocábulo com etimologia (Português)]][[Categoria:Polissílabo (Português)]][[Categoria: Proparoxítona (Português)]]</text>
<sha1>99w56ntahlyaxkai960dsuw1ozg8ihq</sha1>
</revision>
<revision>
<id>412348</id>
<parentid>412346</parentid>
<timestamp>2009-02-03T04:01:58Z</timestamp>
<contributor>
<username>Dicionarista</username>
<id>6964</id>
</contributor>
<model>wikitext</model>
<format>text/x-wiki</format>
<text bytes="453" xml:space="preserve">{{-pt-}}
'''ja.nu.á.ri.o'''

==Adjetivo==
''masculino''
#{{escopoCatLang|Mitologia|pt}} consagrado a [[Jano]], deus bifronte da mitologia romana


{{-etimologia-}}
: De Jano + -''[[ário]]''.


==Ver também==
===no Wikcionário===
* [[jânio]]
===na Wikipédia===
* [[w:Jano|Jano]]


[[Categoria:Adjetivo (Português)]][[Categoria:Vocábulo com etimologia (Português)]][[Categoria:Polissílabo (Português)]][[Categoria: Proparoxítona (Português)]]</text>
<sha1>9f2spocl1e0s40fhr91q4jbd3zzrioh</sha1>
</revision>
<revision>
<id>412354</id>
<parentid>412348</parentid>
<timestamp>2009-02-03T04:39:42Z</timestamp>
<contributor>
<username>Dicionarista</username>
<id>6964</id>
</contributor>
<model>wikitext</model>
<format>text/x-wiki</format>
<text bytes="723" xml:space="preserve">{{-pt-}}
'''ja.nu.á.ri.o'''

==Adjetivo==
''masculino''
#{{escopoCatLang|Mitologia|pt}} consagrado a [[Jano]], deus bifronte da mitologia romana
# referente as pessoas nascidas no mês de [[janeiro]]


{{-etimologia-}}
:1. Do latim ''Januariu &lt; Januarius; Januarium'' 'consagrado a Jano; consagração a Jano', derivado de ''Janus'' 'Jano'
:: &lt;font color=&quot;#004408&quot;&gt;Ex.: ''mensis Januarius'' 'mês consagrado a Jano, janeiro'&lt;/font&gt;
:2. De Jano + -''[[ário]]''.


==Ver também==
===no Wikcionário===
* [[jânio]]
===na Wikipédia===
* [[w:Jano|Jano]]


[[Categoria:Adjetivo (Português)]][[Categoria:Vocábulo com etimologia (Português)]][[Categoria:Polissílabo (Português)]][[Categoria: Proparoxítona (Português)]]</text>
<sha1>plpabh5ck2h8neryfsen3em4n4dw6db</sha1>
</revision>
<revision>
<id>412355</id>
<parentid>412354</parentid>
<timestamp>2009-02-03T04:40:32Z</timestamp>
<contributor>
<username>Dicionarista</username>
<id>6964</id>
</contributor>
<model>wikitext</model>
<format>text/x-wiki</format>
<text bytes="724" xml:space="preserve">{{-pt-}}
'''ja.nu.á.ri.o'''

==Adjetivo==
''masculino''
#{{escopoCatLang|Mitologia|pt}} consagrado a [[Jano]], deus bifronte da mitologia romana
# referente às pessoas nascidas no mês de [[janeiro]]


{{-etimologia-}}
:1. Do latim ''Januariu &lt; Januarius; Januarium'' 'consagrado a Jano; consagração a Jano', derivado de ''Janus'' 'Jano'
:: &lt;font color=&quot;#004408&quot;&gt;Ex.: ''mensis Januarius'' 'mês consagrado a Jano, janeiro'&lt;/font&gt;
:2. De Jano + -''[[ário]]''.


==Ver também==
===no Wikcionário===
* [[jânio]]
===na Wikipédia===
* [[w:Jano|Jano]]


[[Categoria:Adjetivo (Português)]][[Categoria:Vocábulo com etimologia (Português)]][[Categoria:Polissílabo (Português)]][[Categoria: Proparoxítona (Português)]]</text>
<sha1>5jvt98li42eh3dg6xaa18p0d3fme8jg</sha1>
</revision>
<revision>
<id>412362</id>
<parentid>412355</parentid>
<timestamp>2009-02-03T05:05:31Z</timestamp>
<contributor>
<username>Dicionarista</username>
<id>6964</id>
</contributor>
<model>wikitext</model>
<format>text/x-wiki</format>
<text bytes="726" xml:space="preserve">{{-pt-}}
'''ja.nu.á.ri.o'''

==Adjetivo==
''masculino''
#{{escopoCatLang|Mitologia|pt}} consagrado a [[Jano]], deus bifronte da mitologia romana
# referente às pessoas nascidas no mês de [[janeiro]]


{{-etimologia-}}
:1. Do latim ''Januariu &lt; Januarius; Januarium'', 'consagrado a Jano; consagração a Jano', derivado de ''Janus'', 'Jano'
:: &lt;font color=&quot;#004408&quot;&gt;Ex.: ''mensis Januarius'' 'mês consagrado a Jano, janeiro'&lt;/font&gt;
:2. De Jano + -''[[ário]]''.


==Ver também==
===no Wikcionário===
* [[jânio]]
===na Wikipédia===
* [[w:Jano|Jano]]


[[Categoria:Adjetivo (Português)]][[Categoria:Vocábulo com etimologia (Português)]][[Categoria:Polissílabo (Português)]][[Categoria: Proparoxítona (Português)]]</text>
<sha1>k6osbu1tva66chr37n1disft6y27r48</sha1>
</revision>
<revision>
<id>412363</id>
<parentid>412362</parentid>
<timestamp>2009-02-03T05:09:11Z</timestamp>
<contributor>
<username>Dicionarista</username>
<id>6964</id>
</contributor>
<comment>/* na Wikipédia */</comment>
<model>wikitext</model>
<format>text/x-wiki</format>
<text bytes="780" xml:space="preserve">{{-pt-}}
'''ja.nu.á.ri.o'''

==Adjetivo==
''masculino''
#{{escopoCatLang|Mitologia|pt}} consagrado a [[Jano]], deus bifronte da mitologia romana
# referente às pessoas nascidas no mês de [[janeiro]]


{{-etimologia-}}
:1. Do latim ''Januariu &lt; Januarius; Januarium'', 'consagrado a Jano; consagração a Jano', derivado de ''Janus'', 'Jano'
:: &lt;font color=&quot;#004408&quot;&gt;Ex.: ''mensis Januarius'' 'mês consagrado a Jano, janeiro'&lt;/font&gt;
:2. De Jano + -''[[ário]]''.


==Ver também==
===no Wikcionário===
* [[jânio]]
===na Wikipédia===
* [[w:Jano|Jano]]
* [[w:Januário de Benevento|Januário de Benevento]]


[[Categoria:Adjetivo (Português)]][[Categoria:Vocábulo com etimologia (Português)]][[Categoria:Polissílabo (Português)]][[Categoria: Proparoxítona (Português)]]</text>
<sha1>07ao6zv8rle179dqr4lp5bzfmksxn56</sha1>
</revision>
<revision>
<id>412417</id>
<parentid>412363</parentid>
<timestamp>2009-02-03T13:18:10Z</timestamp>
<contributor>
<username>Dicionarista</username>
<id>6964</id>
</contributor>
<model>wikitext</model>
<format>text/x-wiki</format>
<text bytes="881" xml:space="preserve">{{-pt-}}
'''ja.nu.á.ri.o'''

==Adjetivo==
''masculino''
#{{escopoCatLang|Mitologia|pt}} consagrado a [[Jano]], deus bifronte da mitologia romana
# referente às pessoas nascidas no mês de [[janeiro]]

==Substantivo==
''masculino''
# {{escopoCatLang|Ornitologia|pt}} certo passarinho de cauda comprida


{{-etimologia-}}
:1. Do latim ''Januariu &lt; Januarius; Januarium'', 'consagrado a Jano; consagração a Jano', derivado de ''Janus'', 'Jano'
:: &lt;font color=&quot;#004408&quot;&gt;Ex.: ''mensis Januarius'' 'mês consagrado a Jano, janeiro'&lt;/font&gt;
:2. De Jano + -''[[ário]]''.


==Ver também==
===no Wikcionário===
* [[jânio]]
===na Wikipédia===
* [[w:Jano|Jano]]
* [[w:Januário de Benevento|Januário de Benevento]]


[[Categoria:Adjetivo (Português)]][[Categoria:Vocábulo com etimologia (Português)]][[Categoria:Polissílabo (Português)]][[Categoria: Proparoxítona (Português)]]</text>
<sha1>2pdgnadbe6ja46uz1jif7nt0zfilipn</sha1>
</revision>
<revision>
<id>412420</id>
<parentid>412417</parentid>
<timestamp>2009-02-03T13:22:12Z</timestamp>
<contributor>
<username>Dicionarista</username>
<id>6964</id>
</contributor>
<model>wikitext</model>
<format>text/x-wiki</format>
<text bytes="919" xml:space="preserve">{{-pt-}}
'''ja.nu.á.ri.o'''

==Adjetivo==
''masculino''
#{{escopoCatLang|Mitologia|pt}} consagrado a [[Jano]], deus bifronte da mitologia romana
# referente às pessoas nascidas no mês de [[janeiro]]

==Substantivo==
''masculino''
# {{escopoCatLang|Ornitologia|pt}} certo passarinho de cauda comprida


{{-etimologia-}}
:1. Do latim ''Januariu &lt; Januarius; Januarium'', 'consagrado a Jano; consagração a Jano', derivado de ''Janus'', 'Jano'
:: &lt;font color=&quot;#004408&quot;&gt;Ex.: ''mensis Januarius'' 'mês consagrado a Jano, janeiro'&lt;/font&gt;
:2. De Jano + -''[[ário]]''.


==Ver também==
===no Wikcionário===
* [[jânio]]
===na Wikipédia===
* [[w:Jano|Jano]]
* [[w:Januário de Benevento|Januário de Benevento]]


[[Categoria:Adjetivo (Português)]][[Categoria:Substantivo (Português)]][[Categoria:Vocábulo com etimologia (Português)]][[Categoria:Polissílabo (Português)]][[Categoria: Proparoxítona (Português)]]</text>
<sha1>1dfuxax2ou5mqamg94hqkdvgulo0tl8</sha1>
</revision>
<revision>
<id>414721</id>
<parentid>412420</parentid>
<timestamp>2009-02-09T13:57:47Z</timestamp>
<contributor>
<username>Dicionarista</username>
<id>6964</id>
</contributor>
<model>wikitext</model>
<format>text/x-wiki</format>
<text bytes="1441" xml:space="preserve">{{-pt-}}
'''ja.nu.á.ri.o'''

{{-etimologia-}}
: Do latim ''Januariu &lt; Januarius, Januarium'', 'pertinente ou consagrado a Jano', derivado de ''Janus'', 'Jano'
:: &lt;font color=&quot;#004408&quot;&gt;Ex.: ''mensis Januarius'' 'mês consagrado a Jano, janeiro'&lt;/font&gt;

{{-adjet-}}
''masculino''
:1. {{escopoCatLang|Mitologia|pt}} consagrado a [[Jano]], deus bifronte da mitologia romana
:2. referente às pessoas nascidas no mês de [[janeiro]]

{{-subs-}}
''masculino''
:3. {{escopoCatLang|Ornitologia|pt}} certo passarinho de cauda comprida
:4. (&lt;font color=green&gt;''História náutica''&lt;/font&gt;) barca, de 240 toneladas, construída nos estaleiros do Ouro, cidade do Porto, pelo construtor Vareta e pronta em 1849
:5. (''inicial maiúscula'') nome próprio

{{-vtbm-}}
===No Wikcionário===
* [[jânio]]
* [[janual]]
===Na Wikipédia===
* [[w:Jano|Jano]]
* [[w:Januário de Benevento|Januário de Benevento]]
===Na WWW===
* '''No Google Books'''
===={{-ref-}}====
:* OBATA, Regina. [http://books.google.com.br/books?id=gENrxUNXRbsC '''O Livro dos Nomes''']. Nobel, 1994.
:* [http://books.google.com.br/books?id=Tt8EAAAAYAAJ&amp;pgis=1 '''Grande enciclopédia portuguesa e brasileira'''.] Editorial Enciclopédia, 1950.

[[Categoria:Náutica (Português)]][[Categoria:Adjetivo (Português)]][[Categoria:Substantivo (Português)]][[Categoria:Vocábulo com etimologia (Português)]][[Categoria:Polissílabo (Português)]][[Categoria: Proparoxítona (Português)]]</text>
<sha1>1oq4njf8pao60e0apxegxj8nw642ovf</sha1>
</revision>
<revision>
<id>414722</id>
<parentid>414721</parentid>
<timestamp>2009-02-09T13:59:05Z</timestamp>
<contributor>
<username>Dicionarista</username>
<id>6964</id>
</contributor>
<model>wikitext</model>
<format>text/x-wiki</format>
<text bytes="1441" xml:space="preserve">{{-pt-}}
'''ja.nu.á.ri.o'''

{{-etimologia-}}
: Do latim ''Januariu &lt; Januarius, Januarium'', 'pertinente ou consagrado a Jano', derivado de ''Janus'', 'Jano'
:: &lt;font color=&quot;#004408&quot;&gt;Ex.: ''mensis Januarius'' 'mês consagrado a Jano, janeiro'&lt;/font&gt;

{{-adjet-}}
''masculino''
:1. {{escopoCatLang|Mitologia|pt}} consagrado a [[Jano]], deus bifronte da mitologia romana
:2. referente às pessoas nascidas no mês de [[janeiro]]

{{-subs-}}
''masculino''
:3. {{escopoCatLang|Ornitologia|pt}} certo passarinho de cauda comprida
:4. (''inicial maiúscula'') nome próprio
:5. (&lt;font color=green&gt;''História náutica''&lt;/font&gt;) barca, de 240 toneladas, construída nos estaleiros do Ouro, cidade do Porto, pelo construtor Vareta e pronta em 1849

{{-vtbm-}}
===No Wikcionário===
* [[jânio]]
* [[janual]]
===Na Wikipédia===
* [[w:Jano|Jano]]
* [[w:Januário de Benevento|Januário de Benevento]]
===Na WWW===
* '''No Google Books'''
===={{-ref-}}====
:* OBATA, Regina. [http://books.google.com.br/books?id=gENrxUNXRbsC '''O Livro dos Nomes''']. Nobel, 1994.
:* [http://books.google.com.br/books?id=Tt8EAAAAYAAJ&amp;pgis=1 '''Grande enciclopédia portuguesa e brasileira'''.] Editorial Enciclopédia, 1950.

[[Categoria:Náutica (Português)]][[Categoria:Adjetivo (Português)]][[Categoria:Substantivo (Português)]][[Categoria:Vocábulo com etimologia (Português)]][[Categoria:Polissílabo (Português)]][[Categoria: Proparoxítona (Português)]]</text>
<sha1>2qeqwh95teoehccwv30gk3hprcvjfll</sha1>
</revision>
<revision>
<id>415402</id>
<parentid>414722</parentid>
<timestamp>2009-02-11T14:02:16Z</timestamp>
<contributor>
<username>Dicionarista</username>
<id>6964</id>
</contributor>
<model>wikitext</model>
<format>text/x-wiki</format>
<text bytes="1497" xml:space="preserve">{{-pt-}}
'''ja.nu.á.ri.o'''

{{-etimologia-}}
: Do latim ''Januariu &lt; Januarius, Januarium'', 'pertinente ou consagrado a Jano', derivado de ''Janus'', 'Jano'
:: &lt;font color=&quot;#004408&quot;&gt;Ex.: ''mensis Januarius'' 'mês consagrado a Jano, janeiro'&lt;/font&gt;

{{-adjet-}}
''masculino''
:1. {{escopoCatLang|Mitologia|pt}} consagrado a [[Jano]], deus bifronte da mitologia romana
:2. referente às pessoas nascidas no mês de [[janeiro]]

{{-subs-}}
''masculino''
:3. (''inicial maiúscula'') nome próprio; um antropônimo
:4. {{escopoCatLang|Ornitologia|pt}} certo passarinho de cauda comprida
:5. (&lt;font color=green&gt;''História náutica''&lt;/font&gt;) barca, de 240 toneladas, construída nos estaleiros do Ouro, cidade do Porto, pelo construtor Vareta e pronta em 1849

{{-vtbm-}}
===No Wikcionário===
* [[jânio]]
* [[janual]]
===Na Wikipédia===
* [[w:Jano|Jano]]
* [[w:Januário de Benevento|Januário de Benevento]]
===Na WWW===
* '''No Google Books'''
===={{-ref-}}====
:* OBATA, Regina. [http://books.google.com.br/books?id=gENrxUNXRbsC '''O Livro dos Nomes''']. Nobel, 1994.
:* [http://books.google.com.br/books?id=Tt8EAAAAYAAJ&amp;pgis=1 '''Grande enciclopédia portuguesa e brasileira'''.] Editorial Enciclopédia, 1950.

[[Categoria:Antropônimo (Português)]][[Categoria:Náutica (Português)]][[Categoria:Adjetivo (Português)]][[Categoria:Substantivo (Português)]][[Categoria:Vocábulo com etimologia (Português)]][[Categoria:Polissílabo (Português)]][[Categoria: Proparoxítona (Português)]]</text>
<sha1>1csge9hladsgycdl7d6hd6yu1tziufc</sha1>
</revision>
<revision>
<id>415915</id>
<parentid>415402</parentid>
<timestamp>2009-02-12T12:51:52Z</timestamp>
<contributor>
<username>Dicionarista</username>
<id>6964</id>
</contributor>
<model>wikitext</model>
<format>text/x-wiki</format>
<text bytes="1761" xml:space="preserve">{{-pt-}}
'''ja.nu.á.ri.o'''

{{-etimologia-}}
: Do latim ''Januariu &lt; Januarius, Januarium'', 'pertinente ou consagrado a Jano', derivado de ''Janus'', 'Jano'
:: &lt;font color=&quot;#004408&quot;&gt;Ex.: ''mensis Januarius'' 'mês consagrado a Jano, janeiro'&lt;/font&gt;

{{-adjet-}}
''masculino''
:1. {{escopoCatLang|Mitologia|pt}} consagrado a [[Jano]], deus bifronte da mitologia romana
:2. referente às pessoas nascidas no mês de [[janeiro]]

{{-subs-}}
''masculino''
:3. (''inicial maiúscula'') nome próprio; um antropônimo
:4 {{escopoCatLang|Religião|pt}} um santo católico, padroeiro de Nápoles e muito popular na Itália
:: &lt;small&gt;''V. TAMBÉM, NA WIKIPÉDIA'', '''[[w:Januário de Benevento|JANUÁRIO DE BENEVENTO]]'''&lt;/small&gt;
:5. {{escopoCatLang|Ornitologia|pt}} certo passarinho de cauda comprida
:6. (&lt;font color=green&gt;''História náutica''&lt;/font&gt;) barca, de 240 toneladas, construída nos estaleiros do Ouro, cidade do Porto, pelo construtor Vareta e pronta em 1849

{{-vtbm-}}
===No Wikcionário===
* [[jânio]]
* [[janual]]
===Na Wikipédia===
* [[w:Jano|Jano]]
===Na WWW===
* '''No Google Books'''
===={{-ref-}}====
:* OBATA, Regina. [http://books.google.com.br/books?id=gENrxUNXRbsC '''O Livro dos Nomes''']. Nobel, 1994.
:* [http://books.google.com.br/books?id=Tt8EAAAAYAAJ&amp;pgis=1 '''Grande enciclopédia portuguesa e brasileira'''.] Editorial Enciclopédia, 1950.
:* [http://books.google.com.br/books?id=pJAKwMgBmfcC '''Todos os nomes do mundo'''.] Ediouro Publicações.

[[Categoria:Antropônimo (Português)]][[Categoria:Náutica (Português)]][[Categoria:Adjetivo (Português)]][[Categoria:Substantivo (Português)]][[Categoria:Vocábulo com etimologia (Português)]][[Categoria:Polissílabo (Português)]][[Categoria: Proparoxítona (Português)]]</text>
<sha1>q6um9aomdygcyyquifnlhubqtqdlbe3</sha1>
</revision>
<revision>
<id>416067</id>
<parentid>415915</parentid>
<timestamp>2009-02-12T20:55:14Z</timestamp>
<contributor>
<username>Dicionarista</username>
<id>6964</id>
</contributor>
<model>wikitext</model>
<format>text/x-wiki</format>
<text bytes="1646" xml:space="preserve">{{-pt-}}
'''ja.nu.á.ri.o'''

{{-etimologia-}}
: Do latim ''Januariu &lt; Januarius, Januarium'', 'pertinente ou consagrado a Jano', derivado de ''Janus'', 'Jano'

{{-adjet-}}
''masculino''
:1. {{escopoCatLang|Mitologia|pt}} consagrado a [[Jano]], deus bifronte da mitologia romana
:2. referente às pessoas nascidas no mês de [[janeiro]]

{{-subs-}}
''masculino''
:3. (''inicial maiúscula'') nome próprio; um antropônimo
:4 {{escopoCatLang|Religião|pt}} um santo católico, padroeiro de Nápoles e muito popular na Itália
:: &lt;small&gt;''V. TAMBÉM, NA WIKIPÉDIA'', '''[[w:Januário de Benevento|JANUÁRIO DE BENEVENTO]]'''&lt;/small&gt;
:5. {{escopoCatLang|Ornitologia|pt}} certo passarinho de cauda comprida
:6. (&lt;font color=green&gt;''História náutica''&lt;/font&gt;) barca, de 240 toneladas, construída nos estaleiros do Ouro, cidade do Porto, e pronta em 1849

{{-vtbm-}}
===No Wikcionário===
* [[jânio]]
* [[janual]]
===Na Wikipédia===
* [[w:Jano|Jano]]
===Na WWW===
* '''No Google Books'''
===={{-ref-}}====
:* OBATA, Regina. [http://books.google.com.br/books?id=gENrxUNXRbsC '''O Livro dos Nomes''']. Nobel, 1994.
:* [http://books.google.com.br/books?id=Tt8EAAAAYAAJ&amp;pgis=1 '''Grande enciclopédia portuguesa e brasileira'''.] Editorial Enciclopédia, 1950.
:* [http://books.google.com.br/books?id=pJAKwMgBmfcC '''Todos os nomes do mundo'''.] Ediouro Publicações.

[[Categoria:Antropônimo (Português)]][[Categoria:Náutica (Português)]][[Categoria:Adjetivo (Português)]][[Categoria:Substantivo (Português)]][[Categoria:Vocábulo com etimologia (Português)]][[Categoria:Polissílabo (Português)]][[Categoria: Proparoxítona (Português)]]</text>
<sha1>i4clkjoou5b2hbw2e68qetkbevn2sg5</sha1>
</revision>
<revision>
<id>577009</id>
<parentid>416067</parentid>
<timestamp>2009-10-23T17:53:57Z</timestamp>
<contributor>
<username>Jesielt-bot</username>
<id>10876</id>
</contributor>
<comment>clean up, Replaced: {{-pt-}} → ={{pt}}=, utilizando [[Project:AutoWikiBrowser|AWB]]</comment>
<model>wikitext</model>
<format>text/x-wiki</format>
<text bytes="1646" xml:space="preserve">={{pt}}=
'''ja.nu.á.ri.o'''

{{-etimologia-}}
: Do latim ''Januariu &lt; Januarius, Januarium'', 'pertinente ou consagrado a Jano', derivado de ''Janus'', 'Jano'

{{-adjet-}}
''masculino''
:1. {{escopoCatLang|Mitologia|pt}} consagrado a [[Jano]], deus bifronte da mitologia romana
:2. referente às pessoas nascidas no mês de [[janeiro]]

{{-subs-}}
''masculino''
:3. (''inicial maiúscula'') nome próprio; um antropônimo
:4 {{escopoCatLang|Religião|pt}} um santo católico, padroeiro de Nápoles e muito popular na Itália
:: &lt;small&gt;''V. TAMBÉM, NA WIKIPÉDIA'', '''[[w:Januário de Benevento|JANUÁRIO DE BENEVENTO]]'''&lt;/small&gt;
:5. {{escopoCatLang|Ornitologia|pt}} certo passarinho de cauda comprida
:6. (&lt;font color=green&gt;''História náutica''&lt;/font&gt;) barca, de 240 toneladas, construída nos estaleiros do Ouro, cidade do Porto, e pronta em 1849

{{-vtbm-}}
===No Wikcionário===
* [[jânio]]
* [[janual]]
===Na Wikipédia===
* [[w:Jano|Jano]]
===Na WWW===
* '''No Google Books'''
===={{-ref-}}====
:* OBATA, Regina. [http://books.google.com.br/books?id=gENrxUNXRbsC '''O Livro dos Nomes''']. Nobel, 1994.
:* [http://books.google.com.br/books?id=Tt8EAAAAYAAJ&amp;pgis=1 '''Grande enciclopédia portuguesa e brasileira'''.] Editorial Enciclopédia, 1950.
:* [http://books.google.com.br/books?id=pJAKwMgBmfcC '''Todos os nomes do mundo'''.] Ediouro Publicações.

[[Categoria:Antropônimo (Português)]][[Categoria:Náutica (Português)]][[Categoria:Adjetivo (Português)]][[Categoria:Substantivo (Português)]][[Categoria:Vocábulo com etimologia (Português)]][[Categoria:Polissílabo (Português)]][[Categoria: Proparoxítona (Português)]]</text>
<sha1>t11lomiie2lziqs7xbjxdpj5xhb9y4j</sha1>
</revision>
<revision>
<id>586504</id>
<parentid>577009</parentid>
<timestamp>2009-11-04T23:32:45Z</timestamp>
<contributor>
<username>Jesielt-bot</username>
<id>10876</id>
</contributor>
<comment>Substituição, Replaced: {{-vtbm-}} → =={{vertb}}==, utilizando [[Project:AutoWikiBrowser|AWB]]</comment>
<model>wikitext</model>
<format>text/x-wiki</format>
<text bytes="1649" xml:space="preserve">={{pt}}=
'''ja.nu.á.ri.o'''

{{-etimologia-}}
: Do latim ''Januariu &lt; Januarius, Januarium'', 'pertinente ou consagrado a Jano', derivado de ''Janus'', 'Jano'

{{-adjet-}}
''masculino''
:1. {{escopoCatLang|Mitologia|pt}} consagrado a [[Jano]], deus bifronte da mitologia romana
:2. referente às pessoas nascidas no mês de [[janeiro]]

{{-subs-}}
''masculino''
:3. (''inicial maiúscula'') nome próprio; um antropônimo
:4 {{escopoCatLang|Religião|pt}} um santo católico, padroeiro de Nápoles e muito popular na Itália
:: &lt;small&gt;''V. TAMBÉM, NA WIKIPÉDIA'', '''[[w:Januário de Benevento|JANUÁRIO DE BENEVENTO]]'''&lt;/small&gt;
:5. {{escopoCatLang|Ornitologia|pt}} certo passarinho de cauda comprida
:6. (&lt;font color=green&gt;''História náutica''&lt;/font&gt;) barca, de 240 toneladas, construída nos estaleiros do Ouro, cidade do Porto, e pronta em 1849

=={{vertb}}==
===No Wikcionário===
* [[jânio]]
* [[janual]]
===Na Wikipédia===
* [[w:Jano|Jano]]
===Na WWW===
* '''No Google Books'''
===={{-ref-}}====
:* OBATA, Regina. [http://books.google.com.br/books?id=gENrxUNXRbsC '''O Livro dos Nomes''']. Nobel, 1994.
:* [http://books.google.com.br/books?id=Tt8EAAAAYAAJ&amp;pgis=1 '''Grande enciclopédia portuguesa e brasileira'''.] Editorial Enciclopédia, 1950.
:* [http://books.google.com.br/books?id=pJAKwMgBmfcC '''Todos os nomes do mundo'''.] Ediouro Publicações.

[[Categoria:Antropônimo (Português)]][[Categoria:Náutica (Português)]][[Categoria:Adjetivo (Português)]][[Categoria:Substantivo (Português)]][[Categoria:Vocábulo com etimologia (Português)]][[Categoria:Polissílabo (Português)]][[Categoria: Proparoxítona (Português)]]</text>
<sha1>2etb81bt14mair5ccg3yb8gotpns2bb</sha1>
</revision>
<revision>
<id>613836</id>
<parentid>586504</parentid>
<timestamp>2009-11-14T16:50:00Z</timestamp>
<contributor>
<username>Jesielt-bot</username>
<id>10876</id>
</contributor>
<comment>, Replaced: {{-etimologia-}} → =={{etimologia}}==, utilizando [[Project:AutoWikiBrowser|AWB]]</comment>
<model>wikitext</model>
<format>text/x-wiki</format>
<text bytes="1651" xml:space="preserve">={{pt}}=
'''ja.nu.á.ri.o'''

=={{etimologia}}==
: Do latim ''Januariu &lt; Januarius, Januarium'', 'pertinente ou consagrado a Jano', derivado de ''Janus'', 'Jano'

{{-adjet-}}
''masculino''
:1. {{escopoCatLang|Mitologia|pt}} consagrado a [[Jano]], deus bifronte da mitologia romana
:2. referente às pessoas nascidas no mês de [[janeiro]]

{{-subs-}}
''masculino''
:3. (''inicial maiúscula'') nome próprio; um antropônimo
:4 {{escopoCatLang|Religião|pt}} um santo católico, padroeiro de Nápoles e muito popular na Itália
:: &lt;small&gt;''V. TAMBÉM, NA WIKIPÉDIA'', '''[[w:Januário de Benevento|JANUÁRIO DE BENEVENTO]]'''&lt;/small&gt;
:5. {{escopoCatLang|Ornitologia|pt}} certo passarinho de cauda comprida
:6. (&lt;font color=green&gt;''História náutica''&lt;/font&gt;) barca, de 240 toneladas, construída nos estaleiros do Ouro, cidade do Porto, e pronta em 1849

=={{vertb}}==
===No Wikcionário===
* [[jânio]]
* [[janual]]
===Na Wikipédia===
* [[w:Jano|Jano]]
===Na WWW===
* '''No Google Books'''
===={{-ref-}}====
:* OBATA, Regina. [http://books.google.com.br/books?id=gENrxUNXRbsC '''O Livro dos Nomes''']. Nobel, 1994.
:* [http://books.google.com.br/books?id=Tt8EAAAAYAAJ&amp;pgis=1 '''Grande enciclopédia portuguesa e brasileira'''.] Editorial Enciclopédia, 1950.
:* [http://books.google.com.br/books?id=pJAKwMgBmfcC '''Todos os nomes do mundo'''.] Ediouro Publicações.

[[Categoria:Antropônimo (Português)]][[Categoria:Náutica (Português)]][[Categoria:Adjetivo (Português)]][[Categoria:Substantivo (Português)]][[Categoria:Vocábulo com etimologia (Português)]][[Categoria:Polissílabo (Português)]][[Categoria: Proparoxítona (Português)]]</text>
<sha1>s4btvo9zqoagrxihnwbpnecf9gfns9i</sha1>
</revision>
<revision>
<id>635064</id>
<parentid>613836</parentid>
<timestamp>2009-12-03T00:50:45Z</timestamp>
<contributor>
<username>Jesielt-bot</username>
<id>10876</id>
</contributor>
<comment>clean up, Replaced: {{-subs-}} → ==Substantivo==, utilizando [[Project:AutoWikiBrowser|AWB]]</comment>
<model>wikitext</model>
<format>text/x-wiki</format>
<text bytes="1656" xml:space="preserve">={{pt}}=
'''ja.nu.á.ri.o'''

=={{etimologia}}==
: Do latim ''Januariu &lt; Januarius, Januarium'', 'pertinente ou consagrado a Jano', derivado de ''Janus'', 'Jano'

{{-adjet-}}
''masculino''
:1. {{escopoCatLang|Mitologia|pt}} consagrado a [[Jano]], deus bifronte da mitologia romana
:2. referente às pessoas nascidas no mês de [[janeiro]]

==Substantivo==
''masculino''
:3. (''inicial maiúscula'') nome próprio; um antropônimo
:4 {{escopoCatLang|Religião|pt}} um santo católico, padroeiro de Nápoles e muito popular na Itália
:: &lt;small&gt;''V. TAMBÉM, NA WIKIPÉDIA'', '''[[w:Januário de Benevento|JANUÁRIO DE BENEVENTO]]'''&lt;/small&gt;
:5. {{escopoCatLang|Ornitologia|pt}} certo passarinho de cauda comprida
:6. (&lt;font color=green&gt;''História náutica''&lt;/font&gt;) barca, de 240 toneladas, construída nos estaleiros do Ouro, cidade do Porto, e pronta em 1849

=={{vertb}}==
===No Wikcionário===
* [[jânio]]
* [[janual]]
===Na Wikipédia===
* [[w:Jano|Jano]]
===Na WWW===
* '''No Google Books'''
===={{-ref-}}====
:* OBATA, Regina. [http://books.google.com.br/books?id=gENrxUNXRbsC '''O Livro dos Nomes''']. Nobel, 1994.
:* [http://books.google.com.br/books?id=Tt8EAAAAYAAJ&amp;pgis=1 '''Grande enciclopédia portuguesa e brasileira'''.] Editorial Enciclopédia, 1950.
:* [http://books.google.com.br/books?id=pJAKwMgBmfcC '''Todos os nomes do mundo'''.] Ediouro Publicações.

[[Categoria:Antropônimo (Português)]][[Categoria:Náutica (Português)]][[Categoria:Adjetivo (Português)]][[Categoria:Substantivo (Português)]][[Categoria:Vocábulo com etimologia (Português)]][[Categoria:Polissílabo (Português)]][[Categoria: Proparoxítona (Português)]]</text>
<sha1>b3fimpxpolhh5taatdzh43hc9hvzy6a</sha1>
</revision>
<revision>
<id>697937</id>
<parentid>635064</parentid>
<timestamp>2010-01-19T21:06:31Z</timestamp>
<contributor>
<username>Luan</username>
<id>1279</id>
</contributor>
<minor />
<comment>Adicionando categoria &quot;Ave (Português)&quot; (usando [[Wikcionário:Software/Scripts/HotCat|HotCat]])</comment>
<model>wikitext</model>
<format>text/x-wiki</format>
<text bytes="1686" xml:space="preserve">={{pt}}=
'''ja.nu.á.ri.o'''

=={{etimologia}}==
: Do latim ''Januariu &lt; Januarius, Januarium'', 'pertinente ou consagrado a Jano', derivado de ''Janus'', 'Jano'

{{-adjet-}}
''masculino''
:1. {{escopoCatLang|Mitologia|pt}} consagrado a [[Jano]], deus bifronte da mitologia romana
:2. referente às pessoas nascidas no mês de [[janeiro]]

==Substantivo==
''masculino''
:3. (''inicial maiúscula'') nome próprio; um antropônimo
:4 {{escopo|Religião}} um santo católico, padroeiro de Nápoles e muito popular na Itália
:: &lt;small&gt;''V. TAMBÉM, NA WIKIPÉDIA'', '''[[w:Januário de Benevento|JANUÁRIO DE BENEVENTO]]'''&lt;/small&gt;
:5. certo passarinho de cauda comprida
:6. (&lt;font color=green&gt;''História náutica''&lt;/font&gt;) barca, de 240 toneladas, construída nos estaleiros do Ouro, cidade do Porto, e pronta em 1849

=={{vertb}}==
===No Wikcionário===
* [[jânio]]
* [[janual]]
===Na Wikipédia===
* [[w:Jano|Jano]]
===Na WWW===
* '''No Google Books'''
===={{-ref-}}====
:* OBATA, Regina. [http://books.google.com.br/books?id=gENrxUNXRbsC '''O Livro dos Nomes''']. Nobel, 1994.
:* [http://books.google.com.br/books?id=Tt8EAAAAYAAJ&amp;pgis=1 '''Grande enciclopédia portuguesa e brasileira'''.] Editorial Enciclopédia, 1950.
:* [http://books.google.com.br/books?id=pJAKwMgBmfcC '''Todos os nomes do mundo'''.] Ediouro Publicações.

[[Categoria:Antropônimo (Português)]]
[[Categoria:Náutica (Português)]]
[[Categoria:Adjetivo (Português)]]
[[Categoria:Substantivo (Português)]]
[[Categoria:Vocábulo com etimologia (Português)]]
[[Categoria:Polissílabo (Português)]]
[[Categoria:Proparoxítona (Português)]]
[[Categoria:Ave (Português)]]
[[Categoria:Religião (Português)]]</text>
<sha1>461u9mazty54yzmfu1n6qk3l2iulqaw</sha1>
</revision>
<revision>
<id>729016</id>
<parentid>697937</parentid>
<timestamp>2010-01-29T02:16:22Z</timestamp>
<contributor>
<username>Jesielt-bot</username>
<id>10876</id>
</contributor>
<comment>/* {{etimologia}} */ utilizando [[Project:AWB|AWB]]</comment>
<model>wikitext</model>
<format>text/x-wiki</format>
<text bytes="1683" xml:space="preserve">={{pt}}=
'''ja.nu.á.ri.o'''

=={{etimologia}}==
: Do latim ''Januariu &lt; Januarius, Januarium'', 'pertinente ou consagrado a Jano', derivado de ''Janus'', 'Jano'

Adjetivo
''masculino''
:1. {{escopoCatLang|Mitologia|pt}} consagrado a [[Jano]], deus bifronte da mitologia romana
:2. referente às pessoas nascidas no mês de [[janeiro]]

==Substantivo==
''masculino''
:3. (''inicial maiúscula'') nome próprio; um antropônimo
:4 {{escopo|Religião}} um santo católico, padroeiro de Nápoles e muito popular na Itália
:: &lt;small&gt;''V. TAMBÉM, NA WIKIPÉDIA'', '''[[w:Januário de Benevento|JANUÁRIO DE BENEVENTO]]'''&lt;/small&gt;
:5. certo passarinho de cauda comprida
:6. (&lt;font color=green&gt;''História náutica''&lt;/font&gt;) barca, de 240 toneladas, construída nos estaleiros do Ouro, cidade do Porto, e pronta em 1849

=={{vertb}}==
===No Wikcionário===
* [[jânio]]
* [[janual]]
===Na Wikipédia===
* [[w:Jano|Jano]]
===Na WWW===
* '''No Google Books'''
===={{-ref-}}====
:* OBATA, Regina. [http://books.google.com.br/books?id=gENrxUNXRbsC '''O Livro dos Nomes''']. Nobel, 1994.
:* [http://books.google.com.br/books?id=Tt8EAAAAYAAJ&amp;pgis=1 '''Grande enciclopédia portuguesa e brasileira'''.] Editorial Enciclopédia, 1950.
:* [http://books.google.com.br/books?id=pJAKwMgBmfcC '''Todos os nomes do mundo'''.] Ediouro Publicações.

[[Categoria:Antropônimo (Português)]]
[[Categoria:Náutica (Português)]]
[[Categoria:Adjetivo (Português)]]
[[Categoria:Substantivo (Português)]]
[[Categoria:Vocábulo com etimologia (Português)]]
[[Categoria:Polissílabo (Português)]]
[[Categoria:Proparoxítona (Português)]]
[[Categoria:Ave (Português)]]
[[Categoria:Religião (Português)]]</text>
<sha1>cuxpmxnk5f5lggji33fhd1ngqclqxet</sha1>
</revision>
<revision>
<id>1185897</id>
<parentid>729016</parentid>
<timestamp>2011-07-08T17:07:58Z</timestamp>
<contributor>
<username>MalafayaBot</username>
<id>628</id>
</contributor>
<minor />
<comment>Robô: Substituição de texto automática (-^\=\s?Português\s?\= +={{-pt-}}= &amp; -^\=\s?\{\{pt\}\}\s?\= +={{-pt-}}=)</comment>
<model>wikitext</model>
<format>text/x-wiki</format>
<text bytes="1685" xml:space="preserve">={{-pt-}}=
'''ja.nu.á.ri.o'''

=={{etimologia}}==
: Do latim ''Januariu &lt; Januarius, Januarium'', 'pertinente ou consagrado a Jano', derivado de ''Janus'', 'Jano'

Adjetivo
''masculino''
:1. {{escopoCatLang|Mitologia|pt}} consagrado a [[Jano]], deus bifronte da mitologia romana
:2. referente às pessoas nascidas no mês de [[janeiro]]

==Substantivo==
''masculino''
:3. (''inicial maiúscula'') nome próprio; um antropônimo
:4 {{escopo|Religião}} um santo católico, padroeiro de Nápoles e muito popular na Itália
:: &lt;small&gt;''V. TAMBÉM, NA WIKIPÉDIA'', '''[[w:Januário de Benevento|JANUÁRIO DE BENEVENTO]]'''&lt;/small&gt;
:5. certo passarinho de cauda comprida
:6. (&lt;font color=green&gt;''História náutica''&lt;/font&gt;) barca, de 240 toneladas, construída nos estaleiros do Ouro, cidade do Porto, e pronta em 1849

=={{vertb}}==
===No Wikcionário===
* [[jânio]]
* [[janual]]
===Na Wikipédia===
* [[w:Jano|Jano]]
===Na WWW===
* '''No Google Books'''
===={{-ref-}}====
:* OBATA, Regina. [http://books.google.com.br/books?id=gENrxUNXRbsC '''O Livro dos Nomes''']. Nobel, 1994.
:* [http://books.google.com.br/books?id=Tt8EAAAAYAAJ&amp;pgis=1 '''Grande enciclopédia portuguesa e brasileira'''.] Editorial Enciclopédia, 1950.
:* [http://books.google.com.br/books?id=pJAKwMgBmfcC '''Todos os nomes do mundo'''.] Ediouro Publicações.

[[Categoria:Antropônimo (Português)]]
[[Categoria:Náutica (Português)]]
[[Categoria:Adjetivo (Português)]]
[[Categoria:Substantivo (Português)]]
[[Categoria:Vocábulo com etimologia (Português)]]
[[Categoria:Polissílabo (Português)]]
[[Categoria:Proparoxítona (Português)]]
[[Categoria:Ave (Português)]]
[[Categoria:Religião (Português)]]</text>
<sha1>c0kwgr5zsof5rlcuneozbonayk0n21x</sha1>
</revision>
<revision>
<id>1271428</id>
<parentid>1185897</parentid>
<timestamp>2011-11-01T17:18:33Z</timestamp>
<contributor>
<username>Luis Gabriel Moraes Dias</username>
<id>11628</id>
</contributor>
<comment>/* No Wikcionário */</comment>
<model>wikitext</model>
<format>text/x-wiki</format>
<text bytes="1702" xml:space="preserve">={{-pt-}}=
'''ja.nu.á.ri.o'''

=={{etimologia}}==
: Do latim ''Januariu &lt; Januarius, Januarium'', 'pertinente ou consagrado a Jano', derivado de ''Janus'', 'Jano'

Adjetivo
''masculino''
:1. {{escopoCatLang|Mitologia|pt}} consagrado a [[Jano]], deus bifronte da mitologia romana
:2. referente às pessoas nascidas no mês de [[janeiro]]

==Substantivo==
''masculino''
:3. (''inicial maiúscula'') nome próprio; um antropônimo
:4 {{escopo|Religião}} um santo católico, padroeiro de Nápoles e muito popular na Itália
:: &lt;small&gt;''V. TAMBÉM, NA WIKIPÉDIA'', '''[[w:Januário de Benevento|JANUÁRIO DE BENEVENTO]]'''&lt;/small&gt;
:5. certo passarinho de cauda comprida
:6. (&lt;font color=green&gt;''História náutica''&lt;/font&gt;) barca, de 240 toneladas, construída nos estaleiros do Ouro, cidade do Porto, e pronta em 1849

=={{vertb}}==
===No Wikcionário===
* [[jânio]]
* [[janual]]
* [[Januário]]

===Na Wikipédia===
* [[w:Jano|Jano]]
===Na WWW===
* '''No Google Books'''
===={{-ref-}}====
:* OBATA, Regina. [http://books.google.com.br/books?id=gENrxUNXRbsC '''O Livro dos Nomes''']. Nobel, 1994.
:* [http://books.google.com.br/books?id=Tt8EAAAAYAAJ&amp;pgis=1 '''Grande enciclopédia portuguesa e brasileira'''.] Editorial Enciclopédia, 1950.
:* [http://books.google.com.br/books?id=pJAKwMgBmfcC '''Todos os nomes do mundo'''.] Ediouro Publicações.

[[Categoria:Antropônimo (Português)]]
[[Categoria:Náutica (Português)]]
[[Categoria:Adjetivo (Português)]]
[[Categoria:Substantivo (Português)]]
[[Categoria:Vocábulo com etimologia (Português)]]
[[Categoria:Polissílabo (Português)]]
[[Categoria:Proparoxítona (Português)]]
[[Categoria:Ave (Português)]]
[[Categoria:Religião (Português)]]</text>
<sha1>hyq64npga9j057mfyz280h9vxmfak7c</sha1>
</revision>
<revision>
<id>1271435</id>
<parentid>1271428</parentid>
<timestamp>2011-11-01T17:36:42Z</timestamp>
<contributor>
<username>Luis Gabriel Moraes Dias</username>
<id>11628</id>
</contributor>
<model>wikitext</model>
<format>text/x-wiki</format>
<text bytes="1358" xml:space="preserve">={{-pt-}}=
==Adjetivo==
{{proparoxítona aparente|ja|nu|á|ri|o}} {{m}}
# {{escopo|Mitologia}} [[consagrado]] [[a]] [[Jano]], [[deus]] [[bifronte]] [[da]] [[mitologia]] [[romana]]
# [[referente]] [[à]]s [[pessoa]]s [[nascida]]s [[no]] [[mês]] [[de]] [[janeiro]].

=={{etimologia}}==
: Do [[latim]] {{etimo|la|Januarius}}, 'pertinente ou consagrado a [[Jano]]'.

=={{vertb}}==
===No Wikcionário===
{{vertbini}}
* {{link opcional|janicéfalo|pt}}
* {{link opcional|janícipe|pt}}
* {{link opcional|janiforme|pt}}
{{vertbmeio}}
* {{link opcional|janual|pt}}
* {{link opcional|jânio|pt}}
* {{link opcional|Januário|pt}}
{{vertbmeio}}
* {{link opcional|Jânio|pt}}
* {{link opcional|janeiro|pt}}
{{vertbfim}}

===Na Wikipédia===
* [[w:Jano|Jano]]

===={{-ref-}}====
:* OBATA, Regina. [http://books.google.com.br/books?id=gENrxUNXRbsC '''O Livro dos Nomes''']. Nobel, 1994.
:* [http://books.google.com.br/books?id=Tt8EAAAAYAAJ&amp;pgis=1 '''Grande enciclopédia portuguesa e brasileira'''.] Editorial Enciclopédia, 1950.
:* [http://books.google.com.br/books?id=pJAKwMgBmfcC '''Todos os nomes do mundo'''.] Ediouro Publicações.

[[Categoria:Antropônimo (Português)]]
[[Categoria:Náutica (Português)]]
[[Categoria:Adjetivo (Português)]]
[[Categoria:Vocábulo com etimologia (Português)]]
[[Categoria:Ave (Português)]]
[[Categoria:Religião (Português)]]</text>
<sha1>4y2p0o77zy5potecgoeaxo9fmbcl1v5</sha1>
</revision>
<revision>
<id>1271436</id>
<parentid>1271435</parentid>
<timestamp>2011-11-01T17:37:11Z</timestamp>
<contributor>
<username>Luis Gabriel Moraes Dias</username>
<id>11628</id>
</contributor>
<model>wikitext</model>
<format>text/x-wiki</format>
<text bytes="1318" xml:space="preserve">={{-pt-}}=
==Adjetivo==
{{proparoxítona aparente|ja|nu|á|ri|o}} {{m}}
# {{escopo|Mitologia}} [[consagrado]] [[a]] [[Jano]], [[deus]] [[bifronte]] [[da]] [[mitologia]] [[romana]]
# [[referente]] [[à]]s [[pessoa]]s [[nascida]]s [[no]] [[mês]] [[de]] [[janeiro]].

=={{etimologia}}==
: Do [[latim]] {{etimo|la|Januarius}}, 'pertinente ou consagrado a [[Jano]]'.

=={{vertb}}==
===No Wikcionário===
{{vertbini}}
* {{link opcional|janicéfalo|pt}}
* {{link opcional|janícipe|pt}}
* {{link opcional|janiforme|pt}}
{{vertbmeio}}
* {{link opcional|janual|pt}}
* {{link opcional|jânio|pt}}
* {{link opcional|Januário|pt}}
{{vertbmeio}}
* {{link opcional|Jânio|pt}}
* {{link opcional|janeiro|pt}}
{{vertbfim}}

===Na Wikipédia===
* [[w:Jano|Jano]]

===={{-ref-}}====
:* OBATA, Regina. [http://books.google.com.br/books?id=gENrxUNXRbsC '''O Livro dos Nomes''']. Nobel, 1994.
:* [http://books.google.com.br/books?id=Tt8EAAAAYAAJ&amp;pgis=1 '''Grande enciclopédia portuguesa e brasileira'''.] Editorial Enciclopédia, 1950.
:* [http://books.google.com.br/books?id=pJAKwMgBmfcC '''Todos os nomes do mundo'''.] Ediouro Publicações.

[[Categoria:Adjetivo (Português)]]
[[Categoria:Náutica (Português)]]
[[Categoria:Vocábulo com etimologia (Português)]]
[[Categoria:Ave (Português)]]
[[Categoria:Religião (Português)]]</text>
<sha1>3fth0qiih2bwxrfhbcsa5byoktw9tgy</sha1>
</revision>
<revision>
<id>1271440</id>
<parentid>1271436</parentid>
<timestamp>2011-11-01T17:40:25Z</timestamp>
<contributor>
<username>Luis Gabriel Moraes Dias</username>
<id>11628</id>
</contributor>
<model>wikitext</model>
<format>text/x-wiki</format>
<text bytes="940" xml:space="preserve">={{-pt-}}=
==Adjetivo==
{{proparoxítona aparente|ja|nu|á|ri|o}} {{m}}
# {{escopo|Mitologia}} [[consagrado]] [[a]] [[Jano]], [[deus]] [[bifronte]] [[da]] [[mitologia]] [[romana]]
# [[referente]] [[à]]s [[pessoa]]s [[nascida]]s [[no]] [[mês]] [[de]] [[janeiro]].

=={{etimologia}}==
: Do [[latim]] {{etimo|la|Januarius}}, 'pertinente ou consagrado a [[Jano]]'.

=={{vertb}}==
===No Wikcionário===
{{vertbini}}
* {{link opcional|janicéfalo|pt}}
* {{link opcional|janícipe|pt}}
* {{link opcional|janiforme|pt}}
{{vertbmeio}}
* {{link opcional|janual|pt}}
* {{link opcional|jânio|pt}}
* {{link opcional|Januário|pt}}
{{vertbmeio}}
* {{link opcional|Jânio|pt}}
* {{link opcional|janeiro|pt}}
{{vertbfim}}

===Na Wikipédia===
* [[w:Jano|Jano]]

[[Categoria:Adjetivo (Português)]]
[[Categoria:Náutica (Português)]]
[[Categoria:Vocábulo com etimologia (Português)]]
[[Categoria:Ave (Português)]]
[[Categoria:Religião (Português)]]</text>
<sha1>di2kngmlw9hfaw2a6b40tgusuimord1</sha1>
</revision>
<revision>
<id>1406162</id>
<parentid>1271440</parentid>
<timestamp>2012-05-03T23:17:58Z</timestamp>
<contributor>
<username>Dicionarista</username>
<id>6964</id>
</contributor>
<model>wikitext</model>
<format>text/x-wiki</format>
<text bytes="1576" xml:space="preserve">{{ver também|Januário}}
={{-pt-}}=
==Adjetivo==
{{proparoxítona aparente|ja|nu|á|ri|o}} {{m}}
# {{escopo|Mitologia}} [[consagrado]] [[a]] [[Jano]], [[deus]] [[bifronte]] [[da]] [[mitologia]] [[romana]]
# [[referente]] [[à]]s [[pessoa]]s [[nascida]]s [[no]] [[mês]] [[de]] [[janeiro]]
==Substantivo==
'''ja.nu.&lt;u&gt;á&lt;/u&gt;.ri.o''' ''masculino''
# {{escopo|Ornitologia}} certo passarinho de cauda comprida
=={{etimologia}}==
: do [[latim]] ''Januariu'' &lt; {{etimo|la|Januarius}} ( = consagrado a [[Jano#Português|Jano]] )

=={{vertb}}==
===Referências===
{{verTambém.Ini}}
* [http://www.dicionario-aberto.net/search/janu%C3%A1rio Dicionário Aberto (Cândido de Figueiredo)]
* [http://aulete.uol.com.br/site.php?mdl=aulete_digital&amp;op=loadVerbete&amp;pesquisa=1&amp;palavra=januário iDicionário Aulete]
* Oliver, Nelson. [http://books.google.com.br/books?id=vFJ2x6vYVlYC Todos os nomes do mundo] [[w:Rio_de_Janeiro_(cidade)|Rio de Janeiro]]: [[w:Ediouro|Ediouro]], [[w:2005|2005]].
* [http://www.portaldalinguaportuguesa.org/index.php?action=lemma&amp;lemma=80554 Portal da Língua Portuguesa (MorDebe)]
{{verTambém.Fim}}
===No Wikcionário===
{{vertbini}}
* {{link opcional|janal|pt}}
{{vertbmeio}}
* {{link opcional|janicéfalo|pt}}
{{vertbmeio}}
* {{link opcional|janícipe|pt}}
{{vertbmeio}}
* {{link opcional|janiforme|pt}}
{{vertbmeio}}
* {{link opcional|jânio|pt}}
{{vertbfim}}

[[Categoria:Adjetivo (Português)]]
[[Categoria:Mitologia (Português)]]
[[Categoria:Substantivo (Português)]]
[[Categoria:Ave (Português)]]
[[Categoria:Vocábulo de étimo latino (Português)]]</text>
<sha1>t3qj03ovnvts5egsp1h6vkrsiie54n6</sha1>
</revision>
<revision>
<id>1406164</id>
<parentid>1406162</parentid>
<timestamp>2012-05-03T23:20:08Z</timestamp>
<contributor>
<username>Dicionarista</username>
<id>6964</id>
</contributor>
<comment>/* Substantivo */</comment>
<model>wikitext</model>
<format>text/x-wiki</format>
<text bytes="1597" xml:space="preserve">{{ver também|Januário}}
={{-pt-}}=
==Adjetivo==
{{proparoxítona aparente|ja|nu|á|ri|o}} {{m}}
# {{escopo|Mitologia}} [[consagrado]] [[a]] [[Jano]], [[deus]] [[bifronte]] [[da]] [[mitologia]] [[romana]]
# [[referente]] [[à]]s [[pessoa]]s [[nascida]]s [[no]] [[mês]] [[de]] [[janeiro]]
==Substantivo==
'''ja.nu.&lt;u&gt;á&lt;/u&gt;.ri.o''' ''masculino''
# {{escopo|Ornitologia}} [[certo]] [[passarinho]] [[de]] [[cauda]] [[comprida]]

=={{etimologia}}==
: do [[latim]] ''Januariu'' &lt; {{etimo|la|Januarius}} ( = consagrado a [[Jano#Português|Jano]] )

=={{vertb}}==
===Referências===
{{verTambém.Ini}}
* [http://www.dicionario-aberto.net/search/janu%C3%A1rio Dicionário Aberto (Cândido de Figueiredo)]
* [http://aulete.uol.com.br/site.php?mdl=aulete_digital&amp;op=loadVerbete&amp;pesquisa=1&amp;palavra=januário iDicionário Aulete]
* Oliver, Nelson. [http://books.google.com.br/books?id=vFJ2x6vYVlYC Todos os nomes do mundo] [[w:Rio_de_Janeiro_(cidade)|Rio de Janeiro]]: [[w:Ediouro|Ediouro]], [[w:2005|2005]].
* [http://www.portaldalinguaportuguesa.org/index.php?action=lemma&amp;lemma=80554 Portal da Língua Portuguesa (MorDebe)]
{{verTambém.Fim}}
===No Wikcionário===
{{vertbini}}
* {{link opcional|janal|pt}}
{{vertbmeio}}
* {{link opcional|janicéfalo|pt}}
{{vertbmeio}}
* {{link opcional|janícipe|pt}}
{{vertbmeio}}
* {{link opcional|janiforme|pt}}
{{vertbmeio}}
* {{link opcional|jânio|pt}}
{{vertbfim}}

[[Categoria:Adjetivo (Português)]]
[[Categoria:Mitologia (Português)]]
[[Categoria:Substantivo (Português)]]
[[Categoria:Ave (Português)]]
[[Categoria:Vocábulo de étimo latino (Português)]]</text>
<sha1>9dnjqnwv72k53tr8kdnxy4odpsoszo7</sha1>
</revision>
<revision>
<id>1410110</id>
<parentid>1406164</parentid>
<timestamp>2012-05-11T18:48:45Z</timestamp>
<contributor>
<username>Dicionarista</username>
<id>6964</id>
</contributor>
<model>wikitext</model>
<format>text/x-wiki</format>
<text bytes="1600" xml:space="preserve">{{ver também|Januário}}
={{-pt-}}=
==Adjetivo==
{{proparoxítona aparente|ja|nu|á|ri|o}} {{m}}
# {{escopo|Mitologia}} [[consagrado]] [[a]] [[Jano]], [[deus]] [[bifronte]] [[da]] [[mitologia]] [[romana]]
# [[referente]] [[à]]s [[pessoa]]s [[nascida]]s [[no]] [[mês]] [[de]] [[janeiro]]
==Substantivo==
{{proparoxítona aparente|ja|nu|á|ri|o}} {{m}}
# {{escopo|Ornitologia}} [[certo]] [[passarinho]] [[de]] [[cauda]] [[comprida]]
==Etimologia==
: do [[latim]] ''Januariu'' &lt; {{etimo|la|Januarius}} ( = consagrado a [[Jano#Português|Jano]] )
==Ver também==
===Referências===
{{verTambém.Ini}}
* [http://www.dicionario-aberto.net/search/janu%C3%A1rio Dicionário Aberto (Cândido de Figueiredo)]
* [http://aulete.uol.com.br/site.php?mdl=aulete_digital&amp;op=loadVerbete&amp;pesquisa=1&amp;palavra=januário iDicionário Aulete]
* Oliver, Nelson. [http://books.google.com.br/books?id=vFJ2x6vYVlYC Todos os nomes do mundo] [[w:Rio_de_Janeiro_(cidade)|Rio de Janeiro]]: [[w:Ediouro|Ediouro]], [[w:2005|2005]].
* [http://www.portaldalinguaportuguesa.org/index.php?action=lemma&amp;lemma=80554 Portal da Língua Portuguesa (MorDebe)]
{{verTambém.Fim}}
===No Wikcionário===
{{vertbini}}
* {{link opcional|janal|pt}}
{{vertbmeio}}
* {{link opcional|janicéfalo|pt}}
{{vertbmeio}}
* {{link opcional|janícipe|pt}}
{{vertbmeio}}
* {{link opcional|janiforme|pt}}
{{vertbmeio}}
* {{link opcional|jânio|pt}}
{{vertbfim}}

[[Categoria:Adjetivo (Português)]]
[[Categoria:Mitologia (Português)]]
[[Categoria:Substantivo (Português)]]
[[Categoria:Ave (Português)]]
[[Categoria:Vocábulo de étimo latino (Português)]]</text>
<sha1>46jh925f4v53d1ka2zd8epz4qa9gn3j</sha1>
</revision>
<revision>
<id>1410297</id>
<parentid>1410110</parentid>
<timestamp>2012-05-12T00:23:38Z</timestamp>
<contributor>
<username>Dicionarista</username>
<id>6964</id>
</contributor>
<model>wikitext</model>
<format>text/x-wiki</format>
<text bytes="1608" xml:space="preserve">{{ver também|Januário}}
={{-pt-}}=
==Adjetivo==
{{proparoxítona aparente|ja|nu|á|ri|o}} {{m}}
# {{escopo|Mitologia}} [[consagrado]] [[a]] [[Jano]], [[deus]] [[bifronte]] [[da]] [[mitologia]] [[romana]]
# [[referente]] [[à]]s [[pessoa]]s [[nascida]]s [[no]] [[mês]] [[de]] [[janeiro]]
==Substantivo==
{{proparoxítona aparente|ja|nu|á|ri|o}} {{m}}
# {{escopo|Ornitologia}} [[certo]] [[passarinho]] [[de]] [[cauda]] [[comprida]]
==Etimologia==
: do [[latim]] ''Januariu'' &lt; {{etimo|la|Januarius}} ( = consagrado a [[Jano#Português|Jano]] )
==Ver também==
===Referências===
{{verTambém.Ini}}
* [http://www.dicionario-aberto.net/search/janu%C3%A1rio Dicionário Aberto (Cândido de Figueiredo)]
* [http://aulete.uol.com.br/site.php?mdl=aulete_digital&amp;op=loadVerbete&amp;pesquisa=1&amp;palavra=januário iDicionário Aulete]
* Oliver, Nelson. [http://books.google.com.br/books?id=vFJ2x6vYVlYC Todos os nomes do mundo] [[w:Rio_de_Janeiro_(cidade)|Rio de Janeiro]]: [[w:Ediouro|Ediouro]], [[w:2005|2005]].
* [http://www.portaldalinguaportuguesa.org/index.php?action=lemma&amp;lemma=80554 Portal da Língua Portuguesa (MorDebe)]
{{verTambém.Fim}}
===No Wikcionário===
{{vertbini}}
* {{link opcional|janal|pt}}
{{vertbmeio}}
* {{link opcional|janicéfalo|pt}}
{{vertbmeio}}
* {{link opcional|janícipe|pt}}
{{vertbmeio}}
* {{link opcional|janiforme|pt}}
{{vertbmeio}}
* {{link opcional|jânio|pt}}
{{vertbfim}}

[[Categoria:Adjetivo (Português)]]
[[Categoria:Mitologia (Português)]]
[[Categoria:Substantivo (Português)]]
[[Categoria:Ornitologia (Português)]]
[[Categoria:Vocábulo de étimo latino (Português)]]</text>
<sha1>mqukozzz3oyaejsu4all8fng575e8ey</sha1>
</revision>
<revision>
<id>1410298</id>
<parentid>1410297</parentid>
<timestamp>2012-05-12T00:24:59Z</timestamp>
<contributor>
<username>Dicionarista</username>
<id>6964</id>
</contributor>
<model>wikitext</model>
<format>text/x-wiki</format>
<text bytes="1600" xml:space="preserve">{{ver também|Januário}}
={{-pt-}}=
==Adjetivo==
{{proparoxítona aparente|ja|nu|á|ri|o}} {{m}}
# {{escopo|Mitologia}} [[consagrado]] [[a]] [[Jano]], [[deus]] [[bifronte]] [[da]] [[mitologia]] [[romana]]
# [[referente]] [[à]]s [[pessoa]]s [[nascida]]s [[no]] [[mês]] [[de]] [[janeiro]]
==Substantivo==
{{proparoxítona aparente|ja|nu|á|ri|o}} {{m}}
# {{escopo|Ornitologia}} [[certo]] [[passarinho]] [[de]] [[cauda]] [[comprida]]
==Etimologia==
: do [[latim]] ''Januariu'' &lt; {{etimo|la|Januarius}} ( = consagrado a [[Jano#Português|Jano]] )
==Ver também==
===Referências===
{{verTambém.Ini}}
* [http://www.dicionario-aberto.net/search/janu%C3%A1rio Dicionário Aberto (Cândido de Figueiredo)]
* [http://aulete.uol.com.br/site.php?mdl=aulete_digital&amp;op=loadVerbete&amp;pesquisa=1&amp;palavra=januário iDicionário Aulete]
* Oliver, Nelson. [http://books.google.com.br/books?id=vFJ2x6vYVlYC Todos os nomes do mundo] [[w:Rio_de_Janeiro_(cidade)|Rio de Janeiro]]: [[w:Ediouro|Ediouro]], [[w:2005|2005]].
* [http://www.portaldalinguaportuguesa.org/index.php?action=lemma&amp;lemma=80554 Portal da Língua Portuguesa (MorDebe)]
{{verTambém.Fim}}
===No Wikcionário===
{{vertbini}}
* {{link opcional|janal|pt}}
{{vertbmeio}}
* {{link opcional|janicéfalo|pt}}
{{vertbmeio}}
* {{link opcional|janícipe|pt}}
{{vertbmeio}}
* {{link opcional|janiforme|pt}}
{{vertbmeio}}
* {{link opcional|jânio|pt}}
{{vertbfim}}

[[Categoria:Adjetivo (Português)]]
[[Categoria:Mitologia (Português)]]
[[Categoria:Substantivo (Português)]]
[[Categoria:Ave (Português)]]
[[Categoria:Vocábulo de étimo latino (Português)]]</text>
<sha1>46jh925f4v53d1ka2zd8epz4qa9gn3j</sha1>
</revision>
<revision>
<id>1412384</id>
<parentid>1410298</parentid>
<timestamp>2012-05-16T23:57:25Z</timestamp>
<contributor>
<username>Dicionarista</username>
<id>6964</id>
</contributor>
<comment>/* Substantivo */</comment>
<model>wikitext</model>
<format>text/x-wiki</format>
<text bytes="1611" xml:space="preserve">{{ver também|Januário}}
={{-pt-}}=
==Adjetivo==
{{proparoxítona aparente|ja|nu|á|ri|o}} {{m}}
# {{escopo|Mitologia}} [[consagrado]] [[a]] [[Jano]], [[deus]] [[bifronte]] [[da]] [[mitologia]] [[romana]]
# [[referente]] [[à]]s [[pessoa]]s [[nascida]]s [[no]] [[mês]] [[de]] [[janeiro]]
==Substantivo==
{{proparoxítona aparente|ja|nu|á|ri|o}} {{m}}
# {{cont|3}}{{escopo|Ornitologia}} [[certo]] [[passarinho]] [[de]] [[cauda]] [[comprida]]

==Etimologia==
: do [[latim]] ''Januariu'' &lt; {{etimo|la|Januarius}} ( = consagrado a [[Jano#Português|Jano]] )
==Ver também==
===Referências===
{{verTambém.Ini}}
* [http://www.dicionario-aberto.net/search/janu%C3%A1rio Dicionário Aberto (Cândido de Figueiredo)]
* [http://aulete.uol.com.br/site.php?mdl=aulete_digital&amp;op=loadVerbete&amp;pesquisa=1&amp;palavra=januário iDicionário Aulete]
* Oliver, Nelson. [http://books.google.com.br/books?id=vFJ2x6vYVlYC Todos os nomes do mundo] [[w:Rio_de_Janeiro_(cidade)|Rio de Janeiro]]: [[w:Ediouro|Ediouro]], [[w:2005|2005]].
* [http://www.portaldalinguaportuguesa.org/index.php?action=lemma&amp;lemma=80554 Portal da Língua Portuguesa (MorDebe)]
{{verTambém.Fim}}
===No Wikcionário===
{{vertbini}}
* {{link opcional|janal|pt}}
{{vertbmeio}}
* {{link opcional|janicéfalo|pt}}
{{vertbmeio}}
* {{link opcional|janícipe|pt}}
{{vertbmeio}}
* {{link opcional|janiforme|pt}}
{{vertbmeio}}
* {{link opcional|jânio|pt}}
{{vertbfim}}

[[Categoria:Adjetivo (Português)]]
[[Categoria:Mitologia (Português)]]
[[Categoria:Substantivo (Português)]]
[[Categoria:Ave (Português)]]
[[Categoria:Vocábulo de étimo latino (Português)]]</text>
<sha1>gioxicennhadwlm1zofn6txhf0o0uh4</sha1>
</revision>
<revision>
<id>1418979</id>
<parentid>1412384</parentid>
<timestamp>2012-06-09T16:55:55Z</timestamp>
<contributor>
<username>Dicionarista</username>
<id>6964</id>
</contributor>
<model>wikitext</model>
<format>text/x-wiki</format>
<text bytes="1815" xml:space="preserve">{{ver também|Januário|januária|Januária}}
={{-pt-}}=
{{flex.pt|ms=januário|mp=januários|fs=januária|fp=januárias}}
==Adjetivo==
{{proparoxítona aparente|ja|nu|á|ri|o}} {{m}}
# {{escopoCatLang|Mitologia|pt}} [[consagrado]] [[a]] [[Jano]], [[deus]] [[bifronte]] [[da]] [[mitologia]] [[romana]]
# [[referente]] [[às]] [[pessoas]] [[nascida]]s [[no]] [[mês]] [[de]] [[janeiro]]
==Substantivo==
{{proparoxítona aparente|ja|nu|á|ri|o}} {{m}}
# {{cont|3}}{{escopo|Ornitologia}} [[certo]] [[passarinho]] [[de]] [[cauda]] [[comprida]]
==Etimologia==
: [[do]] [[latim]] ''{{link opcional|Januariu}}'' &lt; {{etimo|la|Januarius}} (&quot;[[consagrado]] [[a]] [[Jano#Português|Jano]]&quot;)
==Ver também==
===Referências===
{{verTambém.Ini}}
* [http://www.dicionario-aberto.net/search/janu%C3%A1rio Dicionário Aberto]
* [http://aulete.uol.com.br/site.php?mdl=aulete_digital&amp;op=loadVerbete&amp;pesquisa=1&amp;palavra=januário iDicionário Aulete]
* Oliver, Nelson. [http://books.google.com.br/books?id=vFJ2x6vYVlYC Todos os nomes do mundo] [[w:Rio_de_Janeiro_(cidade)|Rio de Janeiro]]: [[w:Ediouro|Ediouro]], [[w:2005|2005]].
* [http://www.portaldalinguaportuguesa.org/index.php?action=lemma&amp;lemma=80554 Portal da Língua Portuguesa (MorDebe)]
{{verTambém.Fim}}
===No Wikcionário===
{{vertbini}}
* {{link opcional|janal|pt}}
{{vertbmeio}}
* {{link opcional|janicéfalo|pt}}
{{vertbmeio}}
* {{link opcional|janícipe|pt}}
{{vertbmeio}}
* {{link opcional|janiforme|pt}}
{{vertbmeio}}
* {{link opcional|jânio|pt}}
{{vertbfim}}
===Ligações externas===
{{verTambém.Ini}}
* [http://www.forvo.com/word/janu%C3%A1rio/#pt Forvo: pronúncia de januária]
{{verTambém.Fim}}

[[Categoria:Adjetivo (Português)]]
[[Categoria:Substantivo (Português)]]
[[Categoria:Ave (Português)]]
[[Categoria:Vocábulo de étimo latino (Português)]]</text>
<sha1>9w8o4evhoml31ib21ggtdeuijzt145t</sha1>
</revision>
<revision>
<id>1418980</id>
<parentid>1418979</parentid>
<timestamp>2012-06-09T16:56:21Z</timestamp>
<contributor>
<username>Dicionarista</username>
<id>6964</id>
</contributor>
<comment>/* Ligações externas */</comment>
<model>wikitext</model>
<format>text/x-wiki</format>
<text bytes="1815" xml:space="preserve">{{ver também|Januário|januária|Januária}}
={{-pt-}}=
{{flex.pt|ms=januário|mp=januários|fs=januária|fp=januárias}}
==Adjetivo==
{{proparoxítona aparente|ja|nu|á|ri|o}} {{m}}
# {{escopoCatLang|Mitologia|pt}} [[consagrado]] [[a]] [[Jano]], [[deus]] [[bifronte]] [[da]] [[mitologia]] [[romana]]
# [[referente]] [[às]] [[pessoas]] [[nascida]]s [[no]] [[mês]] [[de]] [[janeiro]]
==Substantivo==
{{proparoxítona aparente|ja|nu|á|ri|o}} {{m}}
# {{cont|3}}{{escopo|Ornitologia}} [[certo]] [[passarinho]] [[de]] [[cauda]] [[comprida]]
==Etimologia==
: [[do]] [[latim]] ''{{link opcional|Januariu}}'' &lt; {{etimo|la|Januarius}} (&quot;[[consagrado]] [[a]] [[Jano#Português|Jano]]&quot;)
==Ver também==
===Referências===
{{verTambém.Ini}}
* [http://www.dicionario-aberto.net/search/janu%C3%A1rio Dicionário Aberto]
* [http://aulete.uol.com.br/site.php?mdl=aulete_digital&amp;op=loadVerbete&amp;pesquisa=1&amp;palavra=januário iDicionário Aulete]
* Oliver, Nelson. [http://books.google.com.br/books?id=vFJ2x6vYVlYC Todos os nomes do mundo] [[w:Rio_de_Janeiro_(cidade)|Rio de Janeiro]]: [[w:Ediouro|Ediouro]], [[w:2005|2005]].
* [http://www.portaldalinguaportuguesa.org/index.php?action=lemma&amp;lemma=80554 Portal da Língua Portuguesa (MorDebe)]
{{verTambém.Fim}}
===No Wikcionário===
{{vertbini}}
* {{link opcional|janal|pt}}
{{vertbmeio}}
* {{link opcional|janicéfalo|pt}}
{{vertbmeio}}
* {{link opcional|janícipe|pt}}
{{vertbmeio}}
* {{link opcional|janiforme|pt}}
{{vertbmeio}}
* {{link opcional|jânio|pt}}
{{vertbfim}}
===Ligações externas===
{{verTambém.Ini}}
* [http://www.forvo.com/word/janu%C3%A1rio/#pt Forvo: pronúncia de januário]
{{verTambém.Fim}}

[[Categoria:Adjetivo (Português)]]
[[Categoria:Substantivo (Português)]]
[[Categoria:Ave (Português)]]
[[Categoria:Vocábulo de étimo latino (Português)]]</text>
<sha1>jl41a4tkvh805n5o9zwemc8cez5qa2j</sha1>
</revision>
<revision>
<id>1489496</id>
<parentid>1418980</parentid>
<timestamp>2012-10-21T16:26:25Z</timestamp>
<contributor>
<username>VJBot</username>
<id>33673</id>
</contributor>
<minor />
<comment>Robô: Substituição de texto automática  (-{{vertbmeio}} +{{verTambém.NovaColuna}})</comment>
<model>wikitext</model>
<format>text/x-wiki</format>
<text bytes="1863" xml:space="preserve">{{ver também|Januário|januária|Januária}}
={{-pt-}}=
{{flex.pt|ms=januário|mp=januários|fs=januária|fp=januárias}}
==Adjetivo==
{{proparoxítona aparente|ja|nu|á|ri|o}} {{m}}
# {{escopoCatLang|Mitologia|pt}} [[consagrado]] [[a]] [[Jano]], [[deus]] [[bifronte]] [[da]] [[mitologia]] [[romana]]
# [[referente]] [[às]] [[pessoas]] [[nascida]]s [[no]] [[mês]] [[de]] [[janeiro]]
==Substantivo==
{{proparoxítona aparente|ja|nu|á|ri|o}} {{m}}
# {{cont|3}}{{escopo|Ornitologia}} [[certo]] [[passarinho]] [[de]] [[cauda]] [[comprida]]
==Etimologia==
: [[do]] [[latim]] ''{{link opcional|Januariu}}'' &lt; {{etimo|la|Januarius}} (&quot;[[consagrado]] [[a]] [[Jano#Português|Jano]]&quot;)
==Ver também==
===Referências===
{{verTambém.Ini}}
* [http://www.dicionario-aberto.net/search/janu%C3%A1rio Dicionário Aberto]
* [http://aulete.uol.com.br/site.php?mdl=aulete_digital&amp;op=loadVerbete&amp;pesquisa=1&amp;palavra=januário iDicionário Aulete]
* Oliver, Nelson. [http://books.google.com.br/books?id=vFJ2x6vYVlYC Todos os nomes do mundo] [[w:Rio_de_Janeiro_(cidade)|Rio de Janeiro]]: [[w:Ediouro|Ediouro]], [[w:2005|2005]].
* [http://www.portaldalinguaportuguesa.org/index.php?action=lemma&amp;lemma=80554 Portal da Língua Portuguesa (MorDebe)]
{{verTambém.Fim}}
===No Wikcionário===
{{vertbini}}
* {{link opcional|janal|pt}}
{{verTambém.NovaColuna}}
* {{link opcional|janicéfalo|pt}}
{{verTambém.NovaColuna}}
* {{link opcional|janícipe|pt}}
{{verTambém.NovaColuna}}
* {{link opcional|janiforme|pt}}
{{verTambém.NovaColuna}}
* {{link opcional|jânio|pt}}
{{vertbfim}}
===Ligações externas===
{{verTambém.Ini}}
* [http://www.forvo.com/word/janu%C3%A1rio/#pt Forvo: pronúncia de januário]
{{verTambém.Fim}}

[[Categoria:Adjetivo (Português)]]
[[Categoria:Substantivo (Português)]]
[[Categoria:Ave (Português)]]
[[Categoria:Vocábulo de étimo latino (Português)]]</text>
<sha1>bbkpassnr2xpx2ag7874njijqar2pcp</sha1>
</revision>
<revision>
<id>1501776</id>
<parentid>1489496</parentid>
<timestamp>2012-10-25T23:07:51Z</timestamp>
<contributor>
<username>VJBot</username>
<id>33673</id>
</contributor>
<minor />
<comment>Robô: Substituição de texto automática  (-{{vertbini}} +{{verTambém.Ini}})</comment>
<model>wikitext</model>
<format>text/x-wiki</format>
<text bytes="1869" xml:space="preserve">{{ver também|Januário|januária|Januária}}
={{-pt-}}=
{{flex.pt|ms=januário|mp=januários|fs=januária|fp=januárias}}
==Adjetivo==
{{proparoxítona aparente|ja|nu|á|ri|o}} {{m}}
# {{escopoCatLang|Mitologia|pt}} [[consagrado]] [[a]] [[Jano]], [[deus]] [[bifronte]] [[da]] [[mitologia]] [[romana]]
# [[referente]] [[às]] [[pessoas]] [[nascida]]s [[no]] [[mês]] [[de]] [[janeiro]]
==Substantivo==
{{proparoxítona aparente|ja|nu|á|ri|o}} {{m}}
# {{cont|3}}{{escopo|Ornitologia}} [[certo]] [[passarinho]] [[de]] [[cauda]] [[comprida]]
==Etimologia==
: [[do]] [[latim]] ''{{link opcional|Januariu}}'' &lt; {{etimo|la|Januarius}} (&quot;[[consagrado]] [[a]] [[Jano#Português|Jano]]&quot;)
==Ver também==
===Referências===
{{verTambém.Ini}}
* [http://www.dicionario-aberto.net/search/janu%C3%A1rio Dicionário Aberto]
* [http://aulete.uol.com.br/site.php?mdl=aulete_digital&amp;op=loadVerbete&amp;pesquisa=1&amp;palavra=januário iDicionário Aulete]
* Oliver, Nelson. [http://books.google.com.br/books?id=vFJ2x6vYVlYC Todos os nomes do mundo] [[w:Rio_de_Janeiro_(cidade)|Rio de Janeiro]]: [[w:Ediouro|Ediouro]], [[w:2005|2005]].
* [http://www.portaldalinguaportuguesa.org/index.php?action=lemma&amp;lemma=80554 Portal da Língua Portuguesa (MorDebe)]
{{verTambém.Fim}}
===No Wikcionário===
{{verTambém.Ini}}
* {{link opcional|janal|pt}}
{{verTambém.NovaColuna}}
* {{link opcional|janicéfalo|pt}}
{{verTambém.NovaColuna}}
* {{link opcional|janícipe|pt}}
{{verTambém.NovaColuna}}
* {{link opcional|janiforme|pt}}
{{verTambém.NovaColuna}}
* {{link opcional|jânio|pt}}
{{vertbfim}}
===Ligações externas===
{{verTambém.Ini}}
* [http://www.forvo.com/word/janu%C3%A1rio/#pt Forvo: pronúncia de januário]
{{verTambém.Fim}}

[[Categoria:Adjetivo (Português)]]
[[Categoria:Substantivo (Português)]]
[[Categoria:Ave (Português)]]
[[Categoria:Vocábulo de étimo latino (Português)]]</text>
<sha1>me1cct0b9xxzq6puv3as382ia3dy9qu</sha1>
</revision>
<revision>
<id>1511564</id>
<parentid>1501776</parentid>
<timestamp>2012-10-29T18:20:51Z</timestamp>
<contributor>
<username>VJBot</username>
<id>33673</id>
</contributor>
<minor />
<comment>Robô: Substituição de texto automática  (-{{vertbfim}} +{{verTambém.Fim}})</comment>
<model>wikitext</model>
<format>text/x-wiki</format>
<text bytes="1875" xml:space="preserve">{{ver também|Januário|januária|Januária}}
={{-pt-}}=
{{flex.pt|ms=januário|mp=januários|fs=januária|fp=januárias}}
==Adjetivo==
{{proparoxítona aparente|ja|nu|á|ri|o}} {{m}}
# {{escopoCatLang|Mitologia|pt}} [[consagrado]] [[a]] [[Jano]], [[deus]] [[bifronte]] [[da]] [[mitologia]] [[romana]]
# [[referente]] [[às]] [[pessoas]] [[nascida]]s [[no]] [[mês]] [[de]] [[janeiro]]
==Substantivo==
{{proparoxítona aparente|ja|nu|á|ri|o}} {{m}}
# {{cont|3}}{{escopo|Ornitologia}} [[certo]] [[passarinho]] [[de]] [[cauda]] [[comprida]]
==Etimologia==
: [[do]] [[latim]] ''{{link opcional|Januariu}}'' &lt; {{etimo|la|Januarius}} (&quot;[[consagrado]] [[a]] [[Jano#Português|Jano]]&quot;)
==Ver também==
===Referências===
{{verTambém.Ini}}
* [http://www.dicionario-aberto.net/search/janu%C3%A1rio Dicionário Aberto]
* [http://aulete.uol.com.br/site.php?mdl=aulete_digital&amp;op=loadVerbete&amp;pesquisa=1&amp;palavra=januário iDicionário Aulete]
* Oliver, Nelson. [http://books.google.com.br/books?id=vFJ2x6vYVlYC Todos os nomes do mundo] [[w:Rio_de_Janeiro_(cidade)|Rio de Janeiro]]: [[w:Ediouro|Ediouro]], [[w:2005|2005]].
* [http://www.portaldalinguaportuguesa.org/index.php?action=lemma&amp;lemma=80554 Portal da Língua Portuguesa (MorDebe)]
{{verTambém.Fim}}
===No Wikcionário===
{{verTambém.Ini}}
* {{link opcional|janal|pt}}
{{verTambém.NovaColuna}}
* {{link opcional|janicéfalo|pt}}
{{verTambém.NovaColuna}}
* {{link opcional|janícipe|pt}}
{{verTambém.NovaColuna}}
* {{link opcional|janiforme|pt}}
{{verTambém.NovaColuna}}
* {{link opcional|jânio|pt}}
{{verTambém.Fim}}
===Ligações externas===
{{verTambém.Ini}}
* [http://www.forvo.com/word/janu%C3%A1rio/#pt Forvo: pronúncia de januário]
{{verTambém.Fim}}

[[Categoria:Adjetivo (Português)]]
[[Categoria:Substantivo (Português)]]
[[Categoria:Ave (Português)]]
[[Categoria:Vocábulo de étimo latino (Português)]]</text>
<sha1>h8ij0zuom3dyp209rkq5d2ccnuuq7aw</sha1>
</revision>
<revision>
<id>1602222</id>
<parentid>1511564</parentid>
<timestamp>2013-01-19T17:11:41Z</timestamp>
<contributor>
<username>MalafayaBot</username>
<id>628</id>
</contributor>
<minor />
<comment>Robô: A modificar Categoria:Vocábulo de étimo latino (Português) para Categoria:Entrada de étimo latino (Português)</comment>
<model>wikitext</model>
<format>text/x-wiki</format>
<text bytes="1873" xml:space="preserve">{{ver também|Januário|januária|Januária}}
={{-pt-}}=
{{flex.pt|ms=januário|mp=januários|fs=januária|fp=januárias}}
==Adjetivo==
{{proparoxítona aparente|ja|nu|á|ri|o}} {{m}}
# {{escopoCatLang|Mitologia|pt}} [[consagrado]] [[a]] [[Jano]], [[deus]] [[bifronte]] [[da]] [[mitologia]] [[romana]]
# [[referente]] [[às]] [[pessoas]] [[nascida]]s [[no]] [[mês]] [[de]] [[janeiro]]
==Substantivo==
{{proparoxítona aparente|ja|nu|á|ri|o}} {{m}}
# {{cont|3}}{{escopo|Ornitologia}} [[certo]] [[passarinho]] [[de]] [[cauda]] [[comprida]]
==Etimologia==
: [[do]] [[latim]] ''{{link opcional|Januariu}}'' &lt; {{etimo|la|Januarius}} (&quot;[[consagrado]] [[a]] [[Jano#Português|Jano]]&quot;)
==Ver também==
===Referências===
{{verTambém.Ini}}
* [http://www.dicionario-aberto.net/search/janu%C3%A1rio Dicionário Aberto]
* [http://aulete.uol.com.br/site.php?mdl=aulete_digital&amp;op=loadVerbete&amp;pesquisa=1&amp;palavra=januário iDicionário Aulete]
* Oliver, Nelson. [http://books.google.com.br/books?id=vFJ2x6vYVlYC Todos os nomes do mundo] [[w:Rio_de_Janeiro_(cidade)|Rio de Janeiro]]: [[w:Ediouro|Ediouro]], [[w:2005|2005]].
* [http://www.portaldalinguaportuguesa.org/index.php?action=lemma&amp;lemma=80554 Portal da Língua Portuguesa (MorDebe)]
{{verTambém.Fim}}
===No Wikcionário===
{{verTambém.Ini}}
* {{link opcional|janal|pt}}
{{verTambém.NovaColuna}}
* {{link opcional|janicéfalo|pt}}
{{verTambém.NovaColuna}}
* {{link opcional|janícipe|pt}}
{{verTambém.NovaColuna}}
* {{link opcional|janiforme|pt}}
{{verTambém.NovaColuna}}
* {{link opcional|jânio|pt}}
{{verTambém.Fim}}
===Ligações externas===
{{verTambém.Ini}}
* [http://www.forvo.com/word/janu%C3%A1rio/#pt Forvo: pronúncia de januário]
{{verTambém.Fim}}

[[Categoria:Adjetivo (Português)]]
[[Categoria:Substantivo (Português)]]
[[Categoria:Ave (Português)]]
[[Categoria:Entrada de étimo latino (Português)]]</text>
<sha1>c4kb0qoilir2zlt571pq0364267iof7</sha1>
</revision>
<revision>
<id>1819295</id>
<parentid>1602222</parentid>
<timestamp>2014-04-15T12:12:57Z</timestamp>
<contributor>
<username>MIL973</username>
<id>41339</id>
</contributor>
<model>wikitext</model>
<format>text/x-wiki</format>
<text bytes="1932" xml:space="preserve">{{ver também|januária|Januária|Januário}}

={{-pt-}}=
==Adjetivo==
{{flex.pt|ms=januário|mp=januários|fs=januária|fp=januárias}}
{{proparoxítona aparente|ja|nu|á|ri|o}}, {{m}}
# {{escopoCatLang|Mitologia|pt}} [[consagrado]] [[a]] [[Jano]], [[deus]] [[bifronte]] [[da]] [[mitologia]] [[romano|romana]]
# [[referente]] [[às]] [[pessoa]]s [[nascida]]s [[no]] [[mês]] [[de]] [[janeiro]]

==Substantivo==
{{flex.pt|ms=januário|mp=januários}}
{{proparoxítona aparente|ja|nu|á|ri|o}}, {{m}}
# {{escopo|Ornitologia}} [[certo]] [[passarinho]] [[de]] [[cauda]] [[comprido|comprida]]

=={{etimologia|pt}}==
: [[Do]] [[latim]] ''{{link opcional|Januariu}}'' &lt; {{etimo|la|Januarius}} (&quot;[[consagrado]] [[a]] [[Jano#Português|Jano]]&quot;).

==Ver também==
===Referências===
{{verTambém.Ini}}
* [http://www.dicionario-aberto.net/search/janu%C3%A1rio Dicionário Aberto]
* [http://aulete.uol.com.br/site.php?mdl=aulete_digital&amp;op=loadVerbete&amp;pesquisa=1&amp;palavra=januário iDicionário Aulete]
* Oliver, Nelson. [http://books.google.com.br/books?id=vFJ2x6vYVlYC Todos os nomes do mundo] [[w:Rio_de_Janeiro_(cidade)|Rio de Janeiro]]: [[w:Ediouro|Ediouro]], [[w:2005|2005]].
* [http://www.portaldalinguaportuguesa.org/index.php?action=lemma&amp;lemma=80554 Portal da Língua Portuguesa (MorDebe)]
{{verTambém.Fim}}
===No Wikcionário===
{{verTambém.Ini}}
* {{link opcional|janal|pt}}
{{verTambém.NovaColuna}}
* {{link opcional|janicéfalo|pt}}
{{verTambém.NovaColuna}}
* {{link opcional|janícipe|pt}}
{{verTambém.NovaColuna}}
* {{link opcional|janiforme|pt}}
{{verTambém.NovaColuna}}
* {{link opcional|jânio|pt}}
{{verTambém.Fim}}
===Ligações externas===
{{verTambém.Ini}}
* [http://www.forvo.com/word/janu%C3%A1rio/#pt Forvo: pronúncia de januário]
{{verTambém.Fim}}

[[Categoria:Adjetivo (Português)]]
[[Categoria:Substantivo (Português)]]
[[Categoria:Ave (Português)]]
[[Categoria:Entrada de étimo latino (Português)]]</text>
<sha1>hcldcjkfu666yaykagb44z01h9q4h0x</sha1>
</revision>
<revision>
<id>1952160</id>
<parentid>1819295</parentid>
<timestamp>2015-06-30T11:43:45Z</timestamp>
<contributor>
<username>MIL973</username>
<id>41339</id>
</contributor>
<model>wikitext</model>
<format>text/x-wiki</format>
<text bytes="1866" xml:space="preserve">{{ver também|januária|Januária|Januário}}

={{-pt-}}=
==Adjetivo==
{{flex.pt|ms=januário|mp=januários|fs=januária|fp=januárias}}
{{proparoxítona aparente|ja|nu|á|ri|o}}, {{m}}
# {{escopo|Mitologia}} [[consagrado]] a [[Jano]], [[deus]] [[bifronte]] da [[mitologia]] [[romano|romana]]
# referente às [[pessoa]]s [[nascida]]s no [[mês]] de [[janeiro]]

==Substantivo==
{{flex.pt|ms=januário|mp=januários}}
{{proparoxítona aparente|ja|nu|á|ri|o}}, {{m}}
# {{escopo|Ornitologia}} [[certo]] [[passarinho]] de [[cauda]] [[comprido|comprida]]

=={{etimologia|pt}}==
: Do latim ''{{link opcional|Januariu}}'' &lt; {{etimo|la|Januarius}} (&quot;[[consagrado]] a [[Jano]]&quot;).

==Ver também==
===Referências===
{{verTambém.Ini}}
* [http://www.dicionario-aberto.net/search/janu%C3%A1rio Dicionário Aberto]
* [http://aulete.uol.com.br/site.php?mdl=aulete_digital&amp;op=loadVerbete&amp;pesquisa=1&amp;palavra=januário iDicionário Aulete]
* Oliver, Nelson. [http://books.google.com.br/books?id=vFJ2x6vYVlYC Todos os nomes do mundo] [[w:Rio_de_Janeiro_(cidade)|Rio de Janeiro]]: [[w:Ediouro|Ediouro]], [[w:2005|2005]].
* [http://www.portaldalinguaportuguesa.org/index.php?action=lemma&amp;lemma=80554 Portal da Língua Portuguesa (MorDebe)]
{{verTambém.Fim}}
===No Wikcionário===
{{verTambém.Ini}}
* {{link opcional|janal|pt}}
{{verTambém.NovaColuna}}
* {{link opcional|janicéfalo|pt}}
{{verTambém.NovaColuna}}
* {{link opcional|janícipe|pt}}
{{verTambém.NovaColuna}}
* {{link opcional|janiforme|pt}}
{{verTambém.NovaColuna}}
* {{link opcional|jânio|pt}}
{{verTambém.Fim}}
===Ligações externas===
{{verTambém.Ini}}
* [http://www.forvo.com/word/janu%C3%A1rio/#pt Forvo: pronúncia de januário]
{{verTambém.Fim}}

[[Categoria:Adjetivo (Português)]]
[[Categoria:Substantivo (Português)]]
[[Categoria:Ave (Português)]]
[[Categoria:Entrada de étimo latino (Português)]]</text>
<sha1>qh2xfedzoundh7wtf10exnatlche3ez</sha1>
</revision>
<revision>
<id>1952171</id>
<parentid>1952160</parentid>
<timestamp>2015-06-30T11:55:59Z</timestamp>
<contributor>
<username>MIL973</username>
<id>41339</id>
</contributor>
<model>wikitext</model>
<format>text/x-wiki</format>
<text bytes="1754" xml:space="preserve">{{ver também|Januário}}

={{-pt-}}=
==Adjetivo==
{{flex.pt|ms=januário|mp=januários|fs=januária|fp=januárias}}
{{proparoxítona aparente|ja|nu|á|ri|o}}, {{m}}
# {{escopo|Mitologia}} [[consagrado]] a [[Jano]], [[deus]] [[bifronte]] da [[mitologia]] [[romano|romana]]
# referente às [[pessoa]]s nascidas no [[mês]] de [[janeiro]]

==Substantivo==
{{flex.pt|ms=januário|mp=januários}}
{{proparoxítona aparente|ja|nu|á|ri|o}}, {{m}}
# {{escopo|Ornitologia}} [[certo]] [[passarinho]] de [[cauda]] [[comprido|comprida]]

=={{etimologia|pt}}==
: Do latim ''{{link opcional|Januariu}}'' &lt; {{etimo|la|Januarius}} (&quot;consagrado a Jano&quot;).

==Ver também==
===Referências===
{{verTambém.Ini}}
* [http://www.dicionario-aberto.net/search/janu%C3%A1rio Dicionário Aberto]
* [http://aulete.uol.com.br/site.php?mdl=aulete_digital&amp;op=loadVerbete&amp;pesquisa=1&amp;palavra=januário iDicionário Aulete]
* Oliver, Nelson. [http://books.google.com.br/books?id=vFJ2x6vYVlYC Todos os nomes do mundo] [[w:Rio_de_Janeiro_(cidade)|Rio de Janeiro]]: [[w:Ediouro|Ediouro]], [[w:2005|2005]].
* [http://www.portaldalinguaportuguesa.org/index.php?action=lemma&amp;lemma=80554 Portal da Língua Portuguesa (MorDebe)]
{{verTambém.Fim}}
===No Wikcionário===
{{verTambém.Ini}}
* {{link opcional|janal|pt}}
* {{link opcional|janicéfalo|pt}}
* {{link opcional|janícipe|pt}}
{{verTambém.NovaColuna}}
* {{link opcional|janiforme|pt}}
* {{link opcional|jânio|pt}}
{{verTambém.Fim}}

==Ligações externas==
* [http://www.forvo.com/word/janu%C3%A1rio/#pt Forvo: pronúncia de januário]

[[Categoria:Adjetivo (Português)]]
[[Categoria:Substantivo (Português)]]
[[Categoria:Ave (Português)]]
[[Categoria:Mitologia (Português)]]
[[Categoria:Entrada de étimo latino (Português)]]</text>
<sha1>qct86tckhm6mh1nffe4xwr9wt1sg097</sha1>
</revision>
<revision>
<id>2150723</id>
<parentid>1952171</parentid>
<timestamp>2016-07-14T03:55:33Z</timestamp>
<contributor>
<username>MIL973</username>
<id>41339</id>
</contributor>
<model>wikitext</model>
<format>text/x-wiki</format>
<text bytes="1388" xml:space="preserve">{{ver também|Januário}}

={{-pt-}}=
==Adjetivo==
{{flex.pt|ms=januário|mp=januários|fs=januária|fp=januárias}}
{{proparoxítona aparente|ja|nu|á|ri|o}}, {{m}}
# {{escopo|Mitologia}} [[consagrado]] a [[Jano]], [[deus]] [[bifronte]] da [[mitologia]] [[romano|romana]]
# referente às [[pessoa]]s nascidas no [[mês]] de [[janeiro]]

==Substantivo==
{{flex.pt|ms=januário|mp=januários}}
{{proparoxítona aparente|ja|nu|á|ri|o}}, {{m}}
# {{escopo|Ornitologia}} [[certo]] [[passarinho]] de [[cauda]] [[comprido|comprida]]

=={{etimologia|pt}}==
: Do latim ''{{link opcional|Januariu}}'' &lt; {{etimo|la|Januarius}} (&quot;consagrado a Jano&quot;).

==Ver também==
===No Wikcionário===
{{colunas|2}}
* {{link opcional|janal|pt}}
* {{link opcional|janicéfalo|pt}}
* {{link opcional|janícipe|pt}}
* {{link opcional|janiforme|pt}}
* {{link opcional|jânio|pt}}
{{colunas/fim}}

==Ligações externas==
* {{DicioAberto}}
* {{Aulete}}
* Oliver, Nelson. [http://books.google.com.br/books?id=vFJ2x6vYVlYC Todos os nomes do mundo] [[w:Rio_de_Janeiro_(cidade)|Rio de Janeiro]]: [[w:Ediouro|Ediouro]], [[w:2005|2005]].
* [http://www.forvo.com/word/janu%C3%A1rio/#pt Forvo: pronúncia de januário]
* {{PLP}}

[[Categoria:Adjetivo (Português)]]
[[Categoria:Substantivo (Português)]]
[[Categoria:Ave (Português)]]
[[Categoria:Entrada de étimo latino (Português)]]
[[Categoria:Mitologia (Português)]]</text>
<sha1>ostpbfazvcqo385d5c5pfmovya5pupn</sha1>
</revision>
<revision>
<id>2460319</id>
<parentid>2150723</parentid>
<timestamp>2017-11-11T01:16:11Z</timestamp>
<contributor>
<username>MIL973</username>
<id>41339</id>
</contributor>
<model>wikitext</model>
<format>text/x-wiki</format>
<text bytes="1250" xml:space="preserve">{{ver também|Januário}}

={{-pt-}}=
==Adjetivo==
{{flex.pt|ms=januário|mp=januários|fs=januária|fp=januárias}}
{{proparoxítona aparente|ja|nu|á|ri|o}}, {{gramática|m}}
# {{escopo|pt|Mitologia}} [[consagrado]] a [[Jano]], [[deus]] [[bifronte]] da [[mitologia]] [[romano|romana]]
# referente às [[pessoa]]s nascidas no [[mês]] de [[janeiro]]

==Substantivo==
{{flex.pt|ms=januário|mp=januários}}
{{proparoxítona aparente|ja|nu|á|ri|o}}, {{gramática|m}}
# {{escopo|pt|Ave}} [[certo]] [[passarinho]] de [[cauda]] [[comprido|comprida]]

=={{etimologia|pt}}==
: Do [[latim]] {{etimo|la|Januariu}} &lt; {{etimo|la|Januarius}} (&quot;consagrado a Jano&quot;).

==Ver também==
===No Wikcionário===
{{colunas|2}}
* [[janal]]
* [[janicéfalo]]
* [[janícipe]]
* [[janiforme]]
* [[jânio]]
{{colunas/fim}}

==Ligações externas==
* {{DicioAberto}}
* {{Aulete}}
* Oliver, Nelson. [http://books.google.com.br/books?id=vFJ2x6vYVlYC Todos os nomes do mundo] [[w:Rio_de_Janeiro_(cidade)|Rio de Janeiro]]: [[w:Ediouro|Ediouro]], [[w:2005|2005]].
* [http://www.forvo.com/word/janu%C3%A1rio/#pt Forvo: pronúncia de januário]
* {{PLP}}

[[Categoria:Adjetivo (Português)]]
[[Categoria:Substantivo (Português)]]
[[Categoria:Entrada de étimo latino (Português)]]</text>
<sha1>18206kaqaclathwtl3atci8w01zt3n8</sha1>
</revision>
<revision>
<id>2504210</id>
<parentid>2460319</parentid>
<timestamp>2018-05-22T10:31:48Z</timestamp>
<contributor>
<username>MIL973</username>
<id>41339</id>
</contributor>
<model>wikitext</model>
<format>text/x-wiki</format>
<text bytes="1335" xml:space="preserve">{{ver também|Januário}}

={{-pt-}}=
==Adjetivo==
{{flex.pt|ms=januário|mp=januários|fs=januária|fp=januárias}}
{{proparoxítona aparente|ja|nu|á|ri|o}}, {{gramática|m}}
# {{escopo|pt|Mitologia}} [[consagrado]] a [[Jano]], [[deus]] [[bifronte]] da [[mitologia]] [[romano|romana]]
# referente às [[pessoa]]s nascidas no [[mês]] de [[janeiro]]

==Substantivo==
{{flex.pt|ms=januário|mp=januários}}
{{proparoxítona aparente|ja|nu|á|ri|o}}, {{gramática|m}}
# {{escopo|pt|Ave}} [[certo]] [[passarinho]] de [[cauda]] [[comprido|comprida]]

=={{etimologia|pt}}==
: Do [[latim]] {{etimo|la|Januariu}} &lt; {{etimo|la|Januarius}} (&quot;consagrado a Jano&quot;).

==Ver também==
===No Wikcionário===
{{colunas|2}}
* [[janal]]
* [[janicéfalo]]
* [[janícipe]]
* [[janiforme]]
* [[jânio]]
{{colunas/fim}}

====Antropônimos====
{{colunas|2}}
* [[Januária]]
* [[Januário]]
{{colunas/fim}}

==Ligações externas==
* {{DicioAberto}}
* {{Aulete}}
* Oliver, Nelson. [http://books.google.com.br/books?id=vFJ2x6vYVlYC Todos os nomes do mundo] [[w:Rio_de_Janeiro_(cidade)|Rio de Janeiro]]: [[w:Ediouro|Ediouro]], [[w:2005|2005]].
* [http://www.forvo.com/word/janu%C3%A1rio/#pt Forvo: pronúncia de januário]
* {{PLP}}

[[Categoria:Adjetivo (Português)]]
[[Categoria:Substantivo (Português)]]
[[Categoria:Entrada de étimo latino (Português)]]</text>
<sha1>8gcqiw6y3lwpneo4p4cdcypz52l6td9</sha1>
</revision>
</page>
