<title>januarense</title>
<ns>0</ns>
<id>290012</id>
<revision>
<id>1408662</id>
<timestamp>2012-05-08T15:10:46Z</timestamp>
<contributor>
<username>Dicionarista</username>
<id>6964</id>
</contributor>
<comment>[[Ajuda:Guia de edição/Menus e ferramentas/Sumário de edição|→]] nova página: ={{-pt-}}&lt;sup&gt;1&lt;/sup&gt;= ==Adjetivo== '''ja.nu.a.&lt;u&gt;ren&lt;/u&gt;.se''' {{2g}} # relativo a [[Januária]] [[MG]]  ==S...</comment>
<model>wikitext</model>
<format>text/x-wiki</format>
<text bytes="1631" xml:space="preserve">={{-pt-}}&lt;sup&gt;1&lt;/sup&gt;=
==Adjetivo==
'''ja.nu.a.&lt;u&gt;ren&lt;/u&gt;.se''' {{2g}}
# relativo a [[Januária]] [[MG]]

==Substantivo==
'''ja.nu.a.&lt;u&gt;ren&lt;/u&gt;.se''' {{2g}}
# natural ou habitante de [[Januária]] [[MG]]
==Etimologia==
: do topônimo ''[[Januária]]'' + ''[[-ense]]''
==Ver também==
===Referências===
{{verTambém.Ini}}
* [[w:Dicionário_Houaiss_da_Língua_Portuguesa|Dicionário Houaiss da Língua Portuguesa]]
* [http://aulete.uol.com.br/site.php?mdl=aulete_digital&amp;op=loadVerbete&amp;pesquisa=1&amp;palavra=januarense iDicionário Aulete]
* [http://michaelis.uol.com.br/moderno/portugues/index.php?lingua=portugues-portugues&amp;palavra=januarense Michaelis Moderno Dicionário da Língua Portuguesa]
{{verTambém.Fim}}

={{-pt-}}&lt;sup&gt;2&lt;/sup&gt;=
==Adjetivo==
'''ja.nu.a.&lt;u&gt;ren&lt;/u&gt;.se''' {{2g}}
# relativo a [[Januário Cicco]] [[RN]]

==Substantivo==
'''ja.nu.a.&lt;u&gt;ren&lt;/u&gt;.se''' {{2g}}
# natural ou habitante de [[Januário Cicco]] [[RN]]

==Etimologia==
: do topônimo [[Januário Cicco|''Januário'' (''Cicco'')]] + ''[[-ense]]''

==Ver também==
===Referências===
{{verTambém.Ini}}
* [[w:Dicionário_Houaiss_da_Língua_Portuguesa|Dicionário Houaiss da Língua Portuguesa]]
* [http://aulete.uol.com.br/site.php?mdl=aulete_digital&amp;op=loadVerbete&amp;pesquisa=1&amp;palavra=januarense iDicionário Aulete]
* [http://michaelis.uol.com.br/moderno/portugues/index.php?lingua=portugues-portugues&amp;palavra=januarense Michaelis Moderno Dicionário da Língua Portuguesa]
{{verTambém.Fim}}

[[Categoria:Adjetivo (Português)]][[Categoria:Gentílico (Português)]][[Categoria:Substantivo (Português)]][[Categoria:Vocábulo com etimologia (Português)]]</text>
<sha1>c0v3ejein150esf4xlybldszig7hxj3</sha1>
</revision>
<revision>
<id>1408667</id>
<parentid>1408662</parentid>
<timestamp>2012-05-08T15:19:26Z</timestamp>
<contributor>
<username>Dicionarista</username>
<id>6964</id>
</contributor>
<model>wikitext</model>
<format>text/x-wiki</format>
<text bytes="1806" xml:space="preserve">={{-pt-}}&lt;sup&gt;1&lt;/sup&gt;=
==Adjetivo==
'''ja.nu.a.&lt;u&gt;ren&lt;/u&gt;.se''' {{2g}}
# relativo a [[Januária]] [[MG]]

==Substantivo==
'''ja.nu.a.&lt;u&gt;ren&lt;/u&gt;.se''' {{2g}}
# natural ou habitante de [[Januária]] [[MG]]
==Etimologia==
: do topônimo ''[[Januária]]'' + ''[[-ense]]''
:: Datação: '''[http://www.ibge.gov.br 1884]'''
==Ver também==
===Referências===
{{verTambém.Ini}}
* [[w:Dicionário_Houaiss_da_Língua_Portuguesa|Dicionário Houaiss da Língua Portuguesa]]
* [http://aulete.uol.com.br/site.php?mdl=aulete_digital&amp;op=loadVerbete&amp;pesquisa=1&amp;palavra=januarense iDicionário Aulete]
* [http://michaelis.uol.com.br/moderno/portugues/index.php?lingua=portugues-portugues&amp;palavra=januarense Michaelis Moderno Dicionário da Língua Portuguesa]
{{verTambém.Fim}}

={{-pt-}}&lt;sup&gt;2&lt;/sup&gt;=
==Adjetivo==
'''ja.nu.a.&lt;u&gt;ren&lt;/u&gt;.se''' {{2g}}
# relativo a [[Januário Cicco]] [[RN]]

==Substantivo==
'''ja.nu.a.&lt;u&gt;ren&lt;/u&gt;.se''' {{2g}}
# natural ou habitante de [[Januário Cicco]] [[RN]]

==Etimologia==
: do topônimo [[Januário Cicco|''Januário'' (''Cicco'')]] + ''[[-ense]]''
:: Datação: '''[http://www.ibge.gov.br 1953]'''

==Ver também==
===Referências===
{{verTambém.Ini}}
* [[w:Dicionário_Houaiss_da_Língua_Portuguesa|Dicionário Houaiss da Língua Portuguesa]]
* [http://aulete.uol.com.br/site.php?mdl=aulete_digital&amp;op=loadVerbete&amp;pesquisa=1&amp;palavra=januarense iDicionário Aulete]
* [http://michaelis.uol.com.br/moderno/portugues/index.php?lingua=portugues-portugues&amp;palavra=januarense Michaelis Moderno Dicionário da Língua Portuguesa]
{{verTambém.Fim}}

[[Categoria:Adjetivo (Português)]][[Categoria:Gentílico (Português)]][[Categoria:Substantivo (Português)]][[Categoria:Vocábulo com etimologia (Português)]][[Categoria:Século XIX (Português)]][[Categoria:Século XX (Português)]]</text>
<sha1>56wcn8q7vmqwi92v1ukgh90whwzgwnh</sha1>
</revision>
<revision>
<id>1408675</id>
<parentid>1408667</parentid>
<timestamp>2012-05-08T15:32:43Z</timestamp>
<contributor>
<username>Dicionarista</username>
<id>6964</id>
</contributor>
<model>wikitext</model>
<format>text/x-wiki</format>
<text bytes="2141" xml:space="preserve">={{-pt-}}&lt;sup&gt;1&lt;/sup&gt;=
==Adjetivo==
'''ja.nu.a.&lt;u&gt;ren&lt;/u&gt;.se''' {{2g}}
# relativo a [[Januária]] [[MG]]

==Substantivo==
'''ja.nu.a.&lt;u&gt;ren&lt;/u&gt;.se''' {{2g}}
# natural ou habitante de [[Januária]] [[MG]]
==Etimologia==
: do topônimo ''[[Januária]]'' + ''[[-ense]]''
:: Datação: '''[http://books.google.com.br/books?hl=pt-BR&amp;id=5wwPAQAAIAAJ 1864]''' [ ocorrência: Januarenses ]
==Ver também==
===Referências===
{{verTambém.Ini}}
* [http://books.google.com.br/books?hl=pt-BR&amp;id=5wwPAQAAIAAJ Annaes do Parlamento Brazileiro — Camara dos Srs. Deputados. Sessão de 1884, Tomo I] [[w:Rio_de_Janeiro_(cidade)|Rio de Janeiro]]: Typographia Constitucional e Imperial de J. C. Villeneuve, [[w:1864|1864]].
* [[w:Dicionário_Houaiss_da_Língua_Portuguesa|Dicionário Houaiss da Língua Portuguesa]]
* [http://aulete.uol.com.br/site.php?mdl=aulete_digital&amp;op=loadVerbete&amp;pesquisa=1&amp;palavra=januarense iDicionário Aulete]
* [http://michaelis.uol.com.br/moderno/portugues/index.php?lingua=portugues-portugues&amp;palavra=januarense Michaelis Moderno Dicionário da Língua Portuguesa]
{{verTambém.Fim}}

={{-pt-}}&lt;sup&gt;2&lt;/sup&gt;=
==Adjetivo==
'''ja.nu.a.&lt;u&gt;ren&lt;/u&gt;.se''' {{2g}}
# relativo a [[Januário Cicco]] [[RN]]

==Substantivo==
'''ja.nu.a.&lt;u&gt;ren&lt;/u&gt;.se''' {{2g}}
# natural ou habitante de [[Januário Cicco]] [[RN]]

==Etimologia==
: do topônimo [[Januário Cicco|''Januário'' (''Cicco'')]] + ''[[-ense]]''
:: Datação: '''[http://www.ibge.gov.br 1953]'''

==Ver também==
===Referências===
{{verTambém.Ini}}
* [[w:Dicionário_Houaiss_da_Língua_Portuguesa|Dicionário Houaiss da Língua Portuguesa]]
* [http://aulete.uol.com.br/site.php?mdl=aulete_digital&amp;op=loadVerbete&amp;pesquisa=1&amp;palavra=januarense iDicionário Aulete]
* [http://michaelis.uol.com.br/moderno/portugues/index.php?lingua=portugues-portugues&amp;palavra=januarense Michaelis Moderno Dicionário da Língua Portuguesa]
{{verTambém.Fim}}

[[Categoria:Adjetivo (Português)]][[Categoria:Gentílico (Português)]][[Categoria:Substantivo (Português)]][[Categoria:Vocábulo com etimologia (Português)]][[Categoria:Século XIX (Português)]][[Categoria:Século XX (Português)]]</text>
<sha1>entgardriso8m1veeliqtlq9zr1b7aa</sha1>
</revision>
<revision>
<id>1601140</id>
<parentid>1408675</parentid>
<timestamp>2013-01-19T16:10:54Z</timestamp>
<contributor>
<username>MalafayaBot</username>
<id>628</id>
</contributor>
<minor />
<comment>Robô: A modificar Categoria:Vocábulo com etimologia (Português) para Categoria:Entrada com etimologia (Português)</comment>
<model>wikitext</model>
<format>text/x-wiki</format>
<text bytes="2139" xml:space="preserve">={{-pt-}}&lt;sup&gt;1&lt;/sup&gt;=
==Adjetivo==
'''ja.nu.a.&lt;u&gt;ren&lt;/u&gt;.se''' {{2g}}
# relativo a [[Januária]] [[MG]]

==Substantivo==
'''ja.nu.a.&lt;u&gt;ren&lt;/u&gt;.se''' {{2g}}
# natural ou habitante de [[Januária]] [[MG]]
==Etimologia==
: do topônimo ''[[Januária]]'' + ''[[-ense]]''
:: Datação: '''[http://books.google.com.br/books?hl=pt-BR&amp;id=5wwPAQAAIAAJ 1864]''' [ ocorrência: Januarenses ]
==Ver também==
===Referências===
{{verTambém.Ini}}
* [http://books.google.com.br/books?hl=pt-BR&amp;id=5wwPAQAAIAAJ Annaes do Parlamento Brazileiro — Camara dos Srs. Deputados. Sessão de 1884, Tomo I] [[w:Rio_de_Janeiro_(cidade)|Rio de Janeiro]]: Typographia Constitucional e Imperial de J. C. Villeneuve, [[w:1864|1864]].
* [[w:Dicionário_Houaiss_da_Língua_Portuguesa|Dicionário Houaiss da Língua Portuguesa]]
* [http://aulete.uol.com.br/site.php?mdl=aulete_digital&amp;op=loadVerbete&amp;pesquisa=1&amp;palavra=januarense iDicionário Aulete]
* [http://michaelis.uol.com.br/moderno/portugues/index.php?lingua=portugues-portugues&amp;palavra=januarense Michaelis Moderno Dicionário da Língua Portuguesa]
{{verTambém.Fim}}

={{-pt-}}&lt;sup&gt;2&lt;/sup&gt;=
==Adjetivo==
'''ja.nu.a.&lt;u&gt;ren&lt;/u&gt;.se''' {{2g}}
# relativo a [[Januário Cicco]] [[RN]]

==Substantivo==
'''ja.nu.a.&lt;u&gt;ren&lt;/u&gt;.se''' {{2g}}
# natural ou habitante de [[Januário Cicco]] [[RN]]

==Etimologia==
: do topônimo [[Januário Cicco|''Januário'' (''Cicco'')]] + ''[[-ense]]''
:: Datação: '''[http://www.ibge.gov.br 1953]'''

==Ver também==
===Referências===
{{verTambém.Ini}}
* [[w:Dicionário_Houaiss_da_Língua_Portuguesa|Dicionário Houaiss da Língua Portuguesa]]
* [http://aulete.uol.com.br/site.php?mdl=aulete_digital&amp;op=loadVerbete&amp;pesquisa=1&amp;palavra=januarense iDicionário Aulete]
* [http://michaelis.uol.com.br/moderno/portugues/index.php?lingua=portugues-portugues&amp;palavra=januarense Michaelis Moderno Dicionário da Língua Portuguesa]
{{verTambém.Fim}}

[[Categoria:Adjetivo (Português)]][[Categoria:Gentílico (Português)]][[Categoria:Substantivo (Português)]][[Categoria:Entrada com etimologia (Português)]][[Categoria:Século XIX (Português)]][[Categoria:Século XX (Português)]]</text>
<sha1>smznq5yr3usvmj947q9yxz1ygekr8on</sha1>
</revision>
<revision>
<id>2016652</id>
<parentid>1601140</parentid>
<timestamp>2015-10-16T10:54:29Z</timestamp>
<contributor>
<username>MIL973</username>
<id>41339</id>
</contributor>
<model>wikitext</model>
<format>text/x-wiki</format>
<text bytes="953" xml:space="preserve">={{-pt-}}=
==Adjetivo==
{{flex.pt|s=januarense|p=januarenses}}
{{paroxítona|ja|nu|a|ren|se}}, {{c2g}}
# das cidades de [[Boa Saúde]] (Rio Grande do Norte) e [[Januária]] (Minas Gerais)

==Substantivo==
{{flex.pt|s=januarense|p=januarenses}}
{{paroxítona|ja|nu|a|ren|se}}, {{c2g}}
# natural ou habitante destas duas cidades

=={{etimologia|pt}}==
: {{escopo|Morfologia}} [[Januária|Január(ia)]] + [[-ense]].

==Ver também==
===Referências===
* [http://books.google.com.br/books?hl=pt-BR&amp;id=5wwPAQAAIAAJ Annaes do Parlamento Brazileiro — Camara dos Srs. Deputados. Sessão de 1884, Tomo I] [[w:Rio_de_Janeiro_(cidade)|Rio de Janeiro]]: Typographia Constitucional e Imperial de J. C. Villeneuve, [[w:1864|1864]].
* {{Houaiss}}
* {{Aulete}}
* {{Michaelis}}

[[Categoria:Adjetivo (Português)]]
[[Categoria:Substantivo (Português)]]
[[Categoria:Gentílico (Português)]]
[[Categoria:Século XIX (Português)]]
[[Categoria:Século XX (Português)]]</text>
<sha1>g3o0oat8ive4s80ywh15mnm78uv7hy5</sha1>
</revision>
<revision>
<id>2016656</id>
<parentid>2016652</parentid>
<timestamp>2015-10-16T10:59:48Z</timestamp>
<contributor>
<username>MIL973</username>
<id>41339</id>
</contributor>
<model>wikitext</model>
<format>text/x-wiki</format>
<text bytes="954" xml:space="preserve">={{-pt-}}=
==Adjetivo==
{{flex.pt|s=januarense|p=januarenses}}
{{paroxítona|ja|nu|a|ren|se}}, {{c2g}}
# das cidades de [[Boa Saúde]] (Rio Grande do Norte) ou [[Januária]] (Minas Gerais)

==Substantivo==
{{flex.pt|s=januarense|p=januarenses}}
{{paroxítona|ja|nu|a|ren|se}}, {{c2g}}
# natural ou habitante destas duas cidades

=={{etimologia|pt}}==
: {{escopo|Morfologia}} [[Januária|Január(ia)]] + [[-ense]].

==Ver também==
===Referências===
* [http://books.google.com.br/books?hl=pt-BR&amp;id=5wwPAQAAIAAJ Annaes do Parlamento Brazileiro — Camara dos Srs. Deputados. Sessão de 1884, Tomo I] [[w:Rio_de_Janeiro_(cidade)|Rio de Janeiro]]: Typographia Constitucional e Imperial de J. C. Villeneuve, [[w:1864|1864]].
* {{Houaiss}}
* {{Aulete}}
* {{Michaelis}}

[[Categoria:Adjetivo (Português)]]
[[Categoria:Substantivo (Português)]]
[[Categoria:Gentílico (Português)]]
[[Categoria:Século XIX (Português)]]
[[Categoria:Século XX (Português)]]</text>
<sha1>a85xmvhq600fpmmudv8e38j5i5hch6d</sha1>
</revision>
<revision>
<id>2460312</id>
<parentid>2016656</parentid>
<timestamp>2017-11-11T01:08:55Z</timestamp>
<contributor>
<username>MIL973</username>
<id>41339</id>
</contributor>
<model>wikitext</model>
<format>text/x-wiki</format>
<text bytes="935" xml:space="preserve">={{-pt-}}=
==Adjetivo==
{{flex.pt|s=januarense|p=januarenses}}
{{paroxítona|ja|nu|a|ren|se}}, {{c2g}}
# {{escopo|pt|Gentílico|século XIX|século XX}} das cidades de [[Boa Saúde]] (Rio Grande do Norte) ou [[Januária]] (Minas Gerais)

==Substantivo==
{{flex.pt|s=januarense|p=januarenses}}
{{paroxítona|ja|nu|a|ren|se}}, {{c2g}}
# {{escopo|pt|Gentílico|século XIX|século XX}} natural ou habitante destas duas cidades

=={{etimologia|pt}}==
: {{escopo|Morfologia}} [[Januária|Január(ia)]] + [[-ense]].

==Ver também==
===Referências===
* [http://books.google.com.br/books?hl=pt-BR&amp;id=5wwPAQAAIAAJ Annaes do Parlamento Brazileiro — Camara dos Srs. Deputados. Sessão de 1884, Tomo I] [[w:Rio_de_Janeiro_(cidade)|Rio de Janeiro]]: Typographia Constitucional e Imperial de J. C. Villeneuve, [[w:1864|1864]].
* {{Houaiss}}
* {{Aulete}}
* {{Michaelis}}

[[Categoria:Adjetivo (Português)]]
[[Categoria:Substantivo (Português)]]</text>
<sha1>tnay66zrvrpk254ykl9rpcoafqq3xle</sha1>
</revision>
<revision>
<id>2460313</id>
<parentid>2460312</parentid>
<timestamp>2017-11-11T01:09:11Z</timestamp>
<contributor>
<username>MIL973</username>
<id>41339</id>
</contributor>
<model>wikitext</model>
<format>text/x-wiki</format>
<text bytes="957" xml:space="preserve">={{-pt-}}=
==Adjetivo==
{{flex.pt|s=januarense|p=januarenses}}
{{paroxítona|ja|nu|a|ren|se}}, {{gramática|c2g}}
# {{escopo|pt|Gentílico|século XIX|século XX}} das cidades de [[Boa Saúde]] (Rio Grande do Norte) ou [[Januária]] (Minas Gerais)

==Substantivo==
{{flex.pt|s=januarense|p=januarenses}}
{{paroxítona|ja|nu|a|ren|se}}, {{gramática|c2g}}
# {{escopo|pt|Gentílico|século XIX|século XX}} natural ou habitante destas duas cidades

=={{etimologia|pt}}==
: {{escopo|Morfologia}} [[Januária|Január(ia)]] + [[-ense]].

==Ver também==
===Referências===
* [http://books.google.com.br/books?hl=pt-BR&amp;id=5wwPAQAAIAAJ Annaes do Parlamento Brazileiro — Camara dos Srs. Deputados. Sessão de 1884, Tomo I] [[w:Rio_de_Janeiro_(cidade)|Rio de Janeiro]]: Typographia Constitucional e Imperial de J. C. Villeneuve, [[w:1864|1864]].
* {{Houaiss}}
* {{Aulete}}
* {{Michaelis}}

[[Categoria:Adjetivo (Português)]]
[[Categoria:Substantivo (Português)]]</text>
<sha1>8iv49iens2tirqtjdf4fud97asf121o</sha1>
</revision>
<revision>
<id>2460316</id>
<parentid>2460313</parentid>
<timestamp>2017-11-11T01:12:21Z</timestamp>
<contributor>
<username>MIL973</username>
<id>41339</id>
</contributor>
<model>wikitext</model>
<format>text/x-wiki</format>
<text bytes="961" xml:space="preserve">={{-pt-}}=
==Adjetivo==
{{flex.pt|s=januarense|p=januarenses}}
{{paroxítona|ja|nu|a|ren|se}}, {{gramática|c2g}}
# {{escopo|pt|Gentílico|século XIX|século XX}} das cidades de [[Boa Saúde]] (Rio Grande do Norte) ou [[Januária]] (Minas Gerais)

==Substantivo==
{{flex.pt|s=januarense|p=januarenses}}
{{paroxítona|ja|nu|a|ren|se}}, {{gramática|c2g}}
# {{escopo|pt|Gentílico|século XIX|século XX}} natural destas duas cidades ou seu habitante

=={{etimologia|pt}}==
: {{escopo|Morfologia}} [[Januária|Január(ia)]] + [[-ense]].

==Ver também==
===Referências===
* [http://books.google.com.br/books?hl=pt-BR&amp;id=5wwPAQAAIAAJ Annaes do Parlamento Brazileiro — Camara dos Srs. Deputados. Sessão de 1884, Tomo I] [[w:Rio_de_Janeiro_(cidade)|Rio de Janeiro]]: Typographia Constitucional e Imperial de J. C. Villeneuve, [[w:1864|1864]].
* {{Houaiss}}
* {{Aulete}}
* {{Michaelis}}

[[Categoria:Adjetivo (Português)]]
[[Categoria:Substantivo (Português)]]</text>
<sha1>225c0ikagumt0guusot8u1e01danszj</sha1>
</revision>
<revision>
<id>2504207</id>
<parentid>2460316</parentid>
<timestamp>2018-05-22T10:29:46Z</timestamp>
<contributor>
<username>MIL973</username>
<id>41339</id>
</contributor>
<model>wikitext</model>
<format>text/x-wiki</format>
<text bytes="964" xml:space="preserve">={{-pt-}}=
==Adjetivo==
{{flex.pt|s=januarense|p=januarenses}}
{{paroxítona|ja|nu|a|ren|se}}, {{gramática|c2g}}
# {{escopo|pt|Gentílico|século XIX|século XX}} das cidades de [[Boa Saúde]] (Rio Grande do Norte) ou [[Januária]] (Minas Gerais)

==Substantivo==
{{flex.pt|s=januarense|p=januarenses}}
{{paroxítona|ja|nu|a|ren|se}}, {{gramática|c2g}}
# {{escopo|pt|Gentílico|século XIX|século XX}} natural destas duas cidades ou seu habitante

=={{etimologia|pt}}==
: {{escopo|Morfologia}} De [[Januária|Január(ia)]] + [[-ense]].

==Ver também==
===Referências===
* [http://books.google.com.br/books?hl=pt-BR&amp;id=5wwPAQAAIAAJ Annaes do Parlamento Brazileiro — Camara dos Srs. Deputados. Sessão de 1884, Tomo I] [[w:Rio_de_Janeiro_(cidade)|Rio de Janeiro]]: Typographia Constitucional e Imperial de J. C. Villeneuve, [[w:1864|1864]].
* {{Houaiss}}
* {{Aulete}}
* {{Michaelis}}

[[Categoria:Adjetivo (Português)]]
[[Categoria:Substantivo (Português)]]</text>
<sha1>7lorqjo7dmo6jqcxr7g3g3h318bnhuc</sha1>
</revision>
</page>
