<title>janícipes</title>
<ns>0</ns>
<id>290387</id>
<revision>
<id>1411848</id>
<timestamp>2012-05-15T13:41:10Z</timestamp>
<contributor>
<username>Dicionarista</username>
<id>6964</id>
</contributor>
<comment>[[Ajuda:Guia de edição/Menus e ferramentas/Sumário de edição|→]] nova página: ={{-pt-}}= ==Substantivo== {{proparoxítona|ja|ní|ci|pes}} {{2g}} {{p}} # o mesmo que '''[[janícipe]]''' ==...</comment>
<model>wikitext</model>
<format>text/x-wiki</format>
<text bytes="779" xml:space="preserve">={{-pt-}}=
==Substantivo==
{{proparoxítona|ja|ní|ci|pes}} {{2g}} {{p}}
# o mesmo que '''[[janícipe]]'''
==Forma de substantivo==
{{proparoxítona|ja|ní|ci|pes}} {{2g}}
# plural de '''[[janícipe]]'''
==Ver também==
===Referências===
{{verTambém.Ini}}
* CANTO, Manuel do; VALDEZ, Castro Mascarenhas. [http://books.google.com.br/books?id=WBUTAAAAYAAJ Diccionario español-portugués, Tomo Segundo] [[w:Lisboa|Lisboa]]: Imprenta nacional, [[w:1864|1864]].
* [http://www.portaldalinguaportuguesa.org/simplesearch.php?sel=exact&amp;action=simplesearch&amp;base=form&amp;sel=exact&amp;query=jan%C3%ADcipe Portal da Língua Portuguesa (MorDebe)]
{{verTambém.Fim}}

[[Categoria:Pluralia tantum (Português)]]
[[Categoria:Forma de substantivo (Português)]]
[[Categoria:Século XIX (Português)]]</text>
<sha1>899d4ats9uc8y69fk1quc7h2ou6iv00</sha1>
</revision>
<revision>
<id>1411930</id>
<parentid>1411848</parentid>
<timestamp>2012-05-15T15:50:03Z</timestamp>
<contributor>
<username>Dicionarista</username>
<id>6964</id>
</contributor>
<model>wikitext</model>
<format>text/x-wiki</format>
<text bytes="811" xml:space="preserve">={{-pt-}}=
==Substantivo==
{{proparoxítona|ja|ní|ci|pes}} {{2g}} {{p}}
# {{escopoCatLang|Fisiologia|pt}} o mesmo que '''[[janícipe]]'''
==Forma de substantivo==
{{proparoxítona|ja|ní|ci|pes}} {{2g}}
# plural de '''[[janícipe]]'''
==Ver também==
===Referências===
{{verTambém.Ini}}
* CANTO, Manuel do; VALDEZ, Castro Mascarenhas. [http://books.google.com.br/books?id=WBUTAAAAYAAJ Diccionario español-portugués, Tomo Segundo] [[w:Lisboa|Lisboa]]: Imprenta nacional, [[w:1864|1864]].
* [http://www.portaldalinguaportuguesa.org/simplesearch.php?sel=exact&amp;action=simplesearch&amp;base=form&amp;sel=exact&amp;query=jan%C3%ADcipe Portal da Língua Portuguesa (MorDebe)]
{{verTambém.Fim}}

[[Categoria:Pluralia tantum (Português)]]
[[Categoria:Forma de substantivo (Português)]]
[[Categoria:Século XIX (Português)]]</text>
<sha1>k2b4k0a7gdqh28p5uyq2xy54vdjgove</sha1>
</revision>
<revision>
<id>1412048</id>
<parentid>1411930</parentid>
<timestamp>2012-05-15T19:06:52Z</timestamp>
<contributor>
<username>Dicionarista</username>
<id>6964</id>
</contributor>
<model>wikitext</model>
<format>text/x-wiki</format>
<text bytes="812" xml:space="preserve">={{-pt-}}=
==Substantivo==
{{proparoxítona|ja|ní|ci|pes}} {{2g}} {{p}}
# {{escopoCatLang|Teratologia|pt}} o mesmo que '''[[janícipe]]'''
==Forma de substantivo==
{{proparoxítona|ja|ní|ci|pes}} {{2g}}
# plural de '''[[janícipe]]'''
==Ver também==
===Referências===
{{verTambém.Ini}}
* CANTO, Manuel do; VALDEZ, Castro Mascarenhas. [http://books.google.com.br/books?id=WBUTAAAAYAAJ Diccionario español-portugués, Tomo Segundo] [[w:Lisboa|Lisboa]]: Imprenta nacional, [[w:1864|1864]].
* [http://www.portaldalinguaportuguesa.org/simplesearch.php?sel=exact&amp;action=simplesearch&amp;base=form&amp;sel=exact&amp;query=jan%C3%ADcipe Portal da Língua Portuguesa (MorDebe)]
{{verTambém.Fim}}

[[Categoria:Pluralia tantum (Português)]]
[[Categoria:Forma de substantivo (Português)]]
[[Categoria:Século XIX (Português)]]</text>
<sha1>7rqs59m6hvtqvemxzm87y9b3rfs3hyy</sha1>
</revision>
<revision>
<id>1412079</id>
<parentid>1412048</parentid>
<timestamp>2012-05-15T20:39:02Z</timestamp>
<contributor>
<username>Dicionarista</username>
<id>6964</id>
</contributor>
<model>wikitext</model>
<format>text/x-wiki</format>
<text bytes="769" xml:space="preserve">={{-pt-}}=
==Substantivo==
{{proparoxítona|ja|ní|ci|pes}} {{2g}} {{p}}
# {{escopoCatLang|Teratologia|pt}} o mesmo que '''[[janícipe]]'''
==Forma de substantivo==
{{proparoxítona|ja|ní|ci|pes}} {{2g}}
# plural de '''[[janícipe]]'''
==Ver também==
===Referências===
{{verTambém.Ini}}
* CANTO, Manuel do; VALDEZ, Castro Mascarenhas. [http://books.google.com.br/books?id=WBUTAAAAYAAJ Diccionario español-portugués, Tomo Segundo] [[w:Lisboa|Lisboa]]: Imprenta nacional, [[w:1864|1864]].
* [http://www.portaldalinguaportuguesa.org/simplesearch.php?sel=exact&amp;action=simplesearch&amp;base=form&amp;sel=exact&amp;query=jan%C3%ADcipe Portal da Língua Portuguesa (MorDebe)]
{{verTambém.Fim}}

[[Categoria:Forma de substantivo (Português)]]
[[Categoria:Século XIX (Português)]]</text>
<sha1>eizgbxcjxo6hae9kyqluf8qtca3xj9s</sha1>
</revision>
<revision>
<id>1412080</id>
<parentid>1412079</parentid>
<timestamp>2012-05-15T20:39:47Z</timestamp>
<contributor>
<username>Dicionarista</username>
<id>6964</id>
</contributor>
<model>wikitext</model>
<format>text/x-wiki</format>
<text bytes="808" xml:space="preserve">={{-pt-}}=
==Substantivo==
{{proparoxítona|ja|ní|ci|pes}} {{2g}} {{p}}
# {{escopoCatLang|Teratologia|pt}} o mesmo que '''[[janícipe]]'''
==Forma de substantivo==
{{proparoxítona|ja|ní|ci|pes}} {{2g}}
# plural de '''[[janícipe]]'''
==Ver também==
===Referências===
{{verTambém.Ini}}
* CANTO, Manuel do; VALDEZ, Castro Mascarenhas. [http://books.google.com.br/books?id=WBUTAAAAYAAJ Diccionario español-portugués, Tomo Segundo] [[w:Lisboa|Lisboa]]: Imprenta nacional, [[w:1864|1864]].
* [http://www.portaldalinguaportuguesa.org/simplesearch.php?sel=exact&amp;action=simplesearch&amp;base=form&amp;sel=exact&amp;query=jan%C3%ADcipe Portal da Língua Portuguesa (MorDebe)]
{{verTambém.Fim}}

[[Categoria:Substantivo (Português)]]
[[Categoria:Forma de substantivo (Português)]]
[[Categoria:Século XIX (Português)]]</text>
<sha1>rljlenmfhixng0atmkgxlbvicdkk7xr</sha1>
</revision>
<revision>
<id>1817030</id>
<parentid>1412080</parentid>
<timestamp>2014-03-31T13:38:55Z</timestamp>
<contributor>
<username>AlchemistOfJoy</username>
<id>33226</id>
</contributor>
<minor />
<comment>Cat. (escopoCatLang) desnecessária removida; +escopoCatLang|Medicina.</comment>
<model>wikitext</model>
<format>text/x-wiki</format>
<text bytes="829" xml:space="preserve">={{-pt-}}=
==Substantivo==
{{proparoxítona|ja|ní|ci|pes}} {{2g}} {{p}}
# {{escopo|Teratologia}}, {{escopoCatLang|Medicina|pt}} o mesmo que '''[[janícipe]]'''
==Forma de substantivo==
{{proparoxítona|ja|ní|ci|pes}} {{2g}}
# plural de '''[[janícipe]]'''
==Ver também==
===Referências===
{{verTambém.Ini}}
* CANTO, Manuel do; VALDEZ, Castro Mascarenhas. [http://books.google.com.br/books?id=WBUTAAAAYAAJ Diccionario español-portugués, Tomo Segundo] [[w:Lisboa|Lisboa]]: Imprenta nacional, [[w:1864|1864]].
* [http://www.portaldalinguaportuguesa.org/simplesearch.php?sel=exact&amp;action=simplesearch&amp;base=form&amp;sel=exact&amp;query=jan%C3%ADcipe Portal da Língua Portuguesa (MorDebe)]
{{verTambém.Fim}}

[[Categoria:Substantivo (Português)]]
[[Categoria:Forma de substantivo (Português)]]
[[Categoria:Século XIX (Português)]]</text>
<sha1>5509f38diszkouse5qjnwry6r5ifuis</sha1>
</revision>
<revision>
<id>2045880</id>
<parentid>1817030</parentid>
<timestamp>2015-12-08T10:33:23Z</timestamp>
<contributor>
<username>ValJor</username>
<id>1358</id>
</contributor>
<comment>Melhorando a apresentação do verbete</comment>
<model>wikitext</model>
<format>text/x-wiki</format>
<text bytes="846" xml:space="preserve">={{-pt-}}=
==Substantivo==
{{proparoxítona|ja|ní|ci|pes}} {{2g}} {{p}}
# {{escopo|Teratologia}}, {{escopoCatLang|Medicina|pt}} o mesmo que [[janícipe]]

==Forma de substantivo==
{{proparoxítona|ja|ní|ci|pes}} {{2g}}
# plural de [[janícipe]]

{{avi-for-fle|janícipe}}

==Ver também==
===Referências===
{{verTambém.Ini}}
* CANTO, Manuel do; VALDEZ, Castro Mascarenhas. [http://books.google.com.br/books?id=WBUTAAAAYAAJ Diccionario español-portugués, Tomo Segundo] [[w:Lisboa|Lisboa]]: Imprenta nacional, [[w:1864|1864]].
* [http://www.portaldalinguaportuguesa.org/simplesearch.php?sel=exact&amp;action=simplesearch&amp;base=form&amp;sel=exact&amp;query=jan%C3%ADcipe Portal da Língua Portuguesa (MorDebe)]
{{verTambém.Fim}}

[[Categoria:Substantivo (Português)]]
[[Categoria:Forma de substantivo (Português)]]
[[Categoria:Século XIX (Português)]]</text>
<sha1>bsa05kn87lf284tssix2895ch4f116i</sha1>
</revision>
<revision>
<id>2169425</id>
<parentid>2045880</parentid>
<timestamp>2016-09-08T23:04:25Z</timestamp>
<contributor>
<username>Luan</username>
<id>1279</id>
</contributor>
<minor />
<comment>substituição da [[Predefinição:2g]] por [[predefinição:gramática]] utilizando [[Project:AutoWikiBrowser|AWB]]</comment>
<model>wikitext</model>
<format>text/x-wiki</format>
<text bytes="898" xml:space="preserve">={{-pt-}}=
==Substantivo==
{{flex.pt|s=janícipes|p=janícipess}}
{{proparoxítona|ja|ní|ci|pes}} {{gramática|2g|p}}
# {{escopo|pt|Teratologia|Medicina}} o mesmo que [[janícipe]]

==Forma de substantivo==
{{proparoxítona|ja|ní|ci|pes}} {{gramática|2g}}
# plural de [[janícipe]]

{{avi-for-fle|janícipe}}

==Ver também==
===Referências===
{{dividir em colunas|1}}
* CANTO, Manuel do; VALDEZ, Castro Mascarenhas. [http://books.google.com.br/books?id=WBUTAAAAYAAJ Diccionario español-portugués, Tomo Segundo] [[w:Lisboa|Lisboa]]: Imprenta nacional, [[w:1864|1864]].
* [http://www.portaldalinguaportuguesa.org/simplesearch.php?sel=exact&amp;action=simplesearch&amp;base=form&amp;sel=exact&amp;query=jan%C3%ADcipe Portal da Língua Portuguesa (MorDebe)]
{{dividir em colunas/fim}}

[[Categoria:Substantivo (Português)]]
[[Categoria:Forma de substantivo (Português)]]
[[Categoria:Século XIX (Português)]]</text>
<sha1>ti13g8pzfqbu8mwe0azj4qbxhusojpf</sha1>
</revision>
<revision>
<id>2191662</id>
<parentid>2169425</parentid>
<timestamp>2016-10-30T16:22:47Z</timestamp>
<contributor>
<username>Luan</username>
<id>1279</id>
</contributor>
<minor />
<model>wikitext</model>
<format>text/x-wiki</format>
<text bytes="886" xml:space="preserve">={{-pt-}}=
==Substantivo==
{{flex.pt|s=janícipes|p=janícipess}}
{{proparoxítona|ja|ní|ci|pes}} {{gramática|2g|p}}
# {{escopo|pt|Medicina}} o mesmo que [[janícipe]]

==Forma de substantivo==
{{proparoxítona|ja|ní|ci|pes}} {{gramática|2g}}
# plural de [[janícipe]]

{{avi-for-fle|janícipe}}

==Ver também==
===Referências===
{{dividir em colunas|1}}
* CANTO, Manuel do; VALDEZ, Castro Mascarenhas. [http://books.google.com.br/books?id=WBUTAAAAYAAJ Diccionario español-portugués, Tomo Segundo] [[w:Lisboa|Lisboa]]: Imprenta nacional, [[w:1864|1864]].
* [http://www.portaldalinguaportuguesa.org/simplesearch.php?sel=exact&amp;action=simplesearch&amp;base=form&amp;sel=exact&amp;query=jan%C3%ADcipe Portal da Língua Portuguesa (MorDebe)]
{{dividir em colunas/fim}}

[[Categoria:Substantivo (Português)]]
[[Categoria:Forma de substantivo (Português)]]
[[Categoria:Século XIX (Português)]]</text>
<sha1>3c8yva2kiotdhq1tpwxgg4puuvokove</sha1>
</revision>
</page>
