<title>janícipe</title>
<ns>0</ns>
<id>105846</id>
<revision>
<id>412999</id>
<timestamp>2009-02-05T01:36:01Z</timestamp>
<contributor>
<username>Dicionarista</username>
<id>6964</id>
</contributor>
<comment>[[Ajuda:Menus e funções/Sumário de edição#Sumário de edição automático|→]] nova página: =Português=  ==Substantivo== '''ja.ní.ci.pe''' ''2 gêneros''  # o mesmo que &lt;small&gt;'''[[janicé...</comment>
<model>wikitext</model>
<format>text/x-wiki</format>
<text bytes="693" xml:space="preserve">=Português=

==Substantivo==
'''ja.ní.ci.pe''' ''2 gêneros''

# o mesmo que &lt;small&gt;'''[[janicéfalo|JANICÉFALO]]'''&lt;/small&gt;


{{-etimologia-}}
: De ''[[Jano]]'' + -''í'' + -''cipe''.


==Ver também==
===Na WWW===
* [http://www.aulete.portaldapalavra.com.br/site.php?mdl=aulete_digital&amp;op=loadVerbete&amp;pesquisa=1&amp;palavra=jan%EDcipe ''janícipe'' no Aulete Digital]
* [http://www.priberam.pt/dlpo/definir_resultados.aspx?pal=jan%EDcipe ''janícipe'' no Dicionário de Língua Portuguesa On-Line (Priberam Informática)]

[[Categoria:Substantivo (Português)]][[Categoria:Vocábulo com etimologia (Português)]][[Categoria:Polissílabo (Português)]][[Categoria:Proparoxítona (Português)]]</text>
<sha1>c62b0gogghris8z6dlzpiofo923yo5i</sha1>
</revision>
<revision>
<id>413003</id>
<parentid>412999</parentid>
<timestamp>2009-02-05T02:13:22Z</timestamp>
<contributor>
<username>Dicionarista</username>
<id>6964</id>
</contributor>
<model>wikitext</model>
<format>text/x-wiki</format>
<text bytes="1236" xml:space="preserve">=Português=
* &lt;small&gt;'''DATAÇÃO: [http://books.google.com.br/books?id=WBUTAAAAYAAJ 1864]'''&lt;/small&gt;

==Substantivo==
'''ja.ní.ci.pe''' ''masculino'', ''2 gêneros''

# nome dado por Geoffroy aos monstros que têm dois corpos intimamente unidos por cima do umbigo comum, e uma cabeça dupla com duas faces diretamente opostas; &lt;small&gt;'''[[janicípite|JANICÍPITE]]'''&lt;/small&gt;; &lt;small&gt;'''[[janicéfalo|JANICÉFALO]]'''&lt;/small&gt;
:: &lt;small&gt;NOTA EXPLICATIVA: também se o substantivo masculino plural, '''JANÍCIPES'''&lt;/small&gt;
::: &lt;font color=&quot;#004408&quot;&gt;''Ex.: o monstro janícipes''&lt;/font&gt;


{{-etimologia-}}
: De ''[[Jano]]'' + -''í'' + -''cipe''.


==Ver também==
===Na WWW===
* [http://www.aulete.portaldapalavra.com.br/site.php?mdl=aulete_digital&amp;op=loadVerbete&amp;pesquisa=1&amp;palavra=jan%EDcipe ''janícipe'' no Aulete Digital]
* [http://www.priberam.pt/dlpo/definir_resultados.aspx?pal=jan%EDcipe ''janícipe'' no Dicionário de Língua Portuguesa On-Line (Priberam Informática)]

[[Categoria:Substantivo (Português)]][[Categoria:Plural (Português)]][[Categoria:Vocábulo com datação (Português)]][[Categoria:Vocábulo com etimologia (Português)]][[Categoria:Polissílabo (Português)]][[Categoria:Proparoxítona (Português)]]</text>
<sha1>2tfxiyi5o1kagandu1a43rtxwybln16</sha1>
</revision>
<revision>
<id>413006</id>
<parentid>413003</parentid>
<timestamp>2009-02-05T02:19:29Z</timestamp>
<contributor>
<username>Dicionarista</username>
<id>6964</id>
</contributor>
<model>wikitext</model>
<format>text/x-wiki</format>
<text bytes="1274" xml:space="preserve">=Português=
* &lt;small&gt;'''DATAÇÃO: [http://books.google.com.br/books?id=WBUTAAAAYAAJ 1864]'''&lt;/small&gt;

==Substantivo==
'''ja.ní.ci.pe''' ''masculino'', ''2 gêneros''

# nome dado por [[w:Étienne Geoffroy Saint-Hilaire|Geoffroy]] aos monstros que têm dois corpos intimamente unidos por cima do umbigo comum, e uma cabeça dupla com duas faces diretamente opostas; &lt;small&gt;'''[[janicípite|JANICÍPITE]]'''&lt;/small&gt;; &lt;small&gt;'''[[janicéfalo|JANICÉFALO]]'''&lt;/small&gt;
:: &lt;small&gt;NOTA EXPLICATIVA: também se o substantivo masculino plural, '''JANÍCIPES'''&lt;/small&gt;
::: &lt;font color=&quot;#004408&quot;&gt;''Ex.: o monstro janícipes''&lt;/font&gt;


{{-etimologia-}}
: De ''[[Jano]]'' + -''í'' + -''cipe''.


==Ver também==
===Na WWW===
* [http://www.aulete.portaldapalavra.com.br/site.php?mdl=aulete_digital&amp;op=loadVerbete&amp;pesquisa=1&amp;palavra=jan%EDcipe ''janícipe'' no Aulete Digital]
* [http://www.priberam.pt/dlpo/definir_resultados.aspx?pal=jan%EDcipe ''janícipe'' no Dicionário de Língua Portuguesa On-Line (Priberam Informática)]

[[Categoria:Substantivo (Português)]][[Categoria:Plural (Português)]][[Categoria:Vocábulo com datação (Português)]][[Categoria:Vocábulo com etimologia (Português)]][[Categoria:Polissílabo (Português)]][[Categoria:Proparoxítona (Português)]]</text>
<sha1>hajiua5r2vosvz9pjolvyoreohn6vcf</sha1>
</revision>
<revision>
<id>413007</id>
<parentid>413006</parentid>
<timestamp>2009-02-05T02:22:17Z</timestamp>
<contributor>
<username>Dicionarista</username>
<id>6964</id>
</contributor>
<comment>+ 1 categoria</comment>
<model>wikitext</model>
<format>text/x-wiki</format>
<text bytes="1312" xml:space="preserve">=Português=
* &lt;small&gt;'''DATAÇÃO: [http://books.google.com.br/books?id=WBUTAAAAYAAJ 1864]'''&lt;/small&gt;

==Substantivo==
'''ja.ní.ci.pe''' ''masculino'', ''2 gêneros''

# nome dado por [[w:Étienne Geoffroy Saint-Hilaire|Geoffroy]] aos monstros que têm dois corpos intimamente unidos por cima do umbigo comum, e uma cabeça dupla com duas faces diretamente opostas; &lt;small&gt;'''[[janicípite|JANICÍPITE]]'''&lt;/small&gt;; &lt;small&gt;'''[[janicéfalo|JANICÉFALO]]'''&lt;/small&gt;
:: &lt;small&gt;NOTA EXPLICATIVA: também se o substantivo masculino plural, '''JANÍCIPES'''&lt;/small&gt;
::: &lt;font color=&quot;#004408&quot;&gt;''Ex.: o monstro janícipes''&lt;/font&gt;


{{-etimologia-}}
: De ''[[Jano]]'' + -''í'' + -''cipe''.


==Ver também==
===Na WWW===
* [http://www.aulete.portaldapalavra.com.br/site.php?mdl=aulete_digital&amp;op=loadVerbete&amp;pesquisa=1&amp;palavra=jan%EDcipe ''janícipe'' no Aulete Digital]
* [http://www.priberam.pt/dlpo/definir_resultados.aspx?pal=jan%EDcipe ''janícipe'' no Dicionário de Língua Portuguesa On-Line (Priberam Informática)]

[[Categoria:Substantivo (Português)]][[Categoria:Plural (Português)]][[Categoria:Vocábulo com datação (Português)]][[Categoria:Século XIX (Português)]][[Categoria:Vocábulo com etimologia (Português)]][[Categoria:Polissílabo (Português)]][[Categoria:Proparoxítona (Português)]]</text>
<sha1>ka75tusslwv3x5arkfa3149hg2ercoz</sha1>
</revision>
<revision>
<id>413008</id>
<parentid>413007</parentid>
<timestamp>2009-02-05T02:23:17Z</timestamp>
<contributor>
<username>Dicionarista</username>
<id>6964</id>
</contributor>
<model>wikitext</model>
<format>text/x-wiki</format>
<text bytes="1316" xml:space="preserve">=Português=
* &lt;small&gt;'''DATAÇÃO: [http://books.google.com.br/books?id=WBUTAAAAYAAJ 1864]'''&lt;/small&gt;

==Substantivo==
'''ja.ní.ci.pe''' ''masculino'', ''2 gêneros''

# nome dado por [[w:Étienne Geoffroy Saint-Hilaire|Geoffroy]] aos monstros que têm dois corpos intimamente unidos por cima do umbigo comum, e uma cabeça dupla com duas faces diretamente opostas; &lt;small&gt;'''[[janicípite|JANICÍPITE]]'''&lt;/small&gt;; &lt;small&gt;'''[[janicéfalo|JANICÉFALO]]'''&lt;/small&gt;
:: &lt;small&gt;NOTA EXPLICATIVA: também se usa o substantivo masculino plural, '''JANÍCIPES'''&lt;/small&gt;
::: &lt;font color=&quot;#004408&quot;&gt;''Ex.: o monstro janícipes''&lt;/font&gt;


{{-etimologia-}}
: De ''[[Jano]]'' + -''í'' + -''cipe''.


==Ver também==
===Na WWW===
* [http://www.aulete.portaldapalavra.com.br/site.php?mdl=aulete_digital&amp;op=loadVerbete&amp;pesquisa=1&amp;palavra=jan%EDcipe ''janícipe'' no Aulete Digital]
* [http://www.priberam.pt/dlpo/definir_resultados.aspx?pal=jan%EDcipe ''janícipe'' no Dicionário de Língua Portuguesa On-Line (Priberam Informática)]

[[Categoria:Substantivo (Português)]][[Categoria:Plural (Português)]][[Categoria:Vocábulo com datação (Português)]][[Categoria:Século XIX (Português)]][[Categoria:Vocábulo com etimologia (Português)]][[Categoria:Polissílabo (Português)]][[Categoria:Proparoxítona (Português)]]</text>
<sha1>qfpa7wpvr657c8q79gosyxlx9xytzqg</sha1>
</revision>
<revision>
<id>413209</id>
<parentid>413008</parentid>
<timestamp>2009-02-05T16:15:15Z</timestamp>
<contributor>
<username>Dicionarista</username>
<id>6964</id>
</contributor>
<model>wikitext</model>
<format>text/x-wiki</format>
<text bytes="1304" xml:space="preserve">=Português=
&lt;small&gt;'''DATAÇÃO: [http://books.google.com.br/books?id=WBUTAAAAYAAJ 1864]'''&lt;/small&gt;

{{-subs-}}
'''ja.ní.ci.pe''' ''masculino'', ''2 gêneros''

# nome dado por [[w:Étienne Geoffroy Saint-Hilaire|Geoffroy]] aos monstros que têm dois corpos intimamente unidos por cima do umbigo comum, e uma cabeça dupla com duas faces diretamente opostas; &lt;small&gt;'''[[janicípite|JANICÍPITE]]'''&lt;/small&gt;; &lt;small&gt;'''[[janicéfalo|JANICÉFALO]]'''&lt;/small&gt;
:: &lt;small&gt;NOTA EXPLICATIVA: também se usa o substantivo masculino plural, '''JANÍCIPES'''&lt;/small&gt;
::: &lt;font color=&quot;#004408&quot;&gt;''Ex.: o monstro janícipes''&lt;/font&gt;


{{-etimologia-}}
: De ''[[Jano]]'' + -''í'' + -''cipe''.


{{-vtbm-}}
===Na WWW===
* [http://www.aulete.portaldapalavra.com.br/site.php?mdl=aulete_digital&amp;op=loadVerbete&amp;pesquisa=1&amp;palavra=jan%EDcipe ''janícipe'' no Aulete Digital]
* [http://www.priberam.pt/dlpo/definir_resultados.aspx?pal=jan%EDcipe ''janícipe'' no Dicionário de Língua Portuguesa On-Line (Priberam Informática)]

[[Categoria:Substantivo (Português)]][[Categoria:Plural (Português)]][[Categoria:Vocábulo com datação (Português)]][[Categoria:Século XIX (Português)]][[Categoria:Vocábulo com etimologia (Português)]][[Categoria:Polissílabo (Português)]][[Categoria:Proparoxítona (Português)]]</text>
<sha1>6zuhwhrj9nto5hnn8y2tabnty6qn4ku</sha1>
</revision>
<revision>
<id>413620</id>
<parentid>413209</parentid>
<timestamp>2009-02-06T18:42:18Z</timestamp>
<contributor>
<username>Dicionarista</username>
<id>6964</id>
</contributor>
<model>wikitext</model>
<format>text/x-wiki</format>
<text bytes="1261" xml:space="preserve">=Português=
'''ja.ní.ci.pe''' ('''[http://books.google.com.br/books?id=WBUTAAAAYAAJ 1864]''')

{{-etimologia-}}
: De ''[[Jano]]'' + -''í'' + -''cipe''.

{{-subs-}}
''masculino''
# nome dado por [[w:Étienne Geoffroy Saint-Hilaire|Geoffroy]] aos monstros que têm dois corpos intimamente unidos por cima do umbigo comum, e uma cabeça dupla com duas faces diretamente opostas; &lt;small&gt;'''[[janicípite|JANICÍPITE]]'''&lt;/small&gt;; &lt;small&gt;'''[[janicéfalo|JANICÉFALO]]'''&lt;/small&gt;
:: &lt;small&gt;NOTA EXPLICATIVA: também se usa o substantivo masculino plural, '''JANÍCIPES'''&lt;/small&gt;
::: &lt;font color=&quot;#004408&quot;&gt;''Ex.: o monstro janícipes''&lt;/font&gt;

{{-vtbm-}}
===Na WWW===
* [http://www.aulete.portaldapalavra.com.br/site.php?mdl=aulete_digital&amp;op=loadVerbete&amp;pesquisa=1&amp;palavra=jan%EDcipe ''janícipe'' no Aulete Digital]
* [http://www.priberam.pt/dlpo/definir_resultados.aspx?pal=jan%EDcipe ''janícipe'' no Dicionário de Língua Portuguesa On-Line (Priberam Informática)]

[[Categoria:Substantivo (Português)]][[Categoria:Plural (Português)]][[Categoria:Vocábulo com datação (Português)]][[Categoria:Século XIX (Português)]][[Categoria:Vocábulo com etimologia (Português)]][[Categoria:Polissílabo (Português)]][[Categoria:Proparoxítona (Português)]]</text>
<sha1>a6twb7slpvqv0axz5cyl859fozu1mg3</sha1>
</revision>
<revision>
<id>413621</id>
<parentid>413620</parentid>
<timestamp>2009-02-06T18:43:24Z</timestamp>
<contributor>
<username>Dicionarista</username>
<id>6964</id>
</contributor>
<model>wikitext</model>
<format>text/x-wiki</format>
<text bytes="1277" xml:space="preserve">=Português=
'''ja.ní.ci.pe''' ('''[http://books.google.com.br/books?id=WBUTAAAAYAAJ 1864]''')

{{-etimologia-}}
: De ''[[Jano]]'' + -''í'' + -''cipe''.

{{-subs-}}
''masculino''
# nome dado por [[w:Étienne Geoffroy Saint-Hilaire|Geoffroy]] aos monstros que têm dois corpos intimamente unidos por cima do umbigo comum, e uma cabeça dupla com duas faces diretamente opostas; &lt;small&gt;'''[[janicípite|JANICÍPITE]]'''&lt;/small&gt;; &lt;small&gt;'''[[janicéfalo|JANICÉFALO]]'''&lt;/small&gt;
:: &lt;small&gt;NOTA EXPLICATIVA: também se usa o substantivo masculino plural, '''JANÍCIPES'''&lt;/small&gt;
::: &lt;font color=&quot;#004408&quot;&gt;''Ex.: o monstro janícipes''&lt;/font&gt;

{{-vtbm-}}
===Na WWW===
* '''No Aulete Digital'''
: [http://www.aulete.portaldapalavra.com.br/site.php?mdl=aulete_digital&amp;op=loadVerbete&amp;pesquisa=1&amp;palavra=jan%EDcipe ''janícipe'']
* '''No Dicionário de Língua Portuguesa On-Line (Priberam Informática)'''
: [http://www.priberam.pt/dlpo/definir_resultados.aspx?pal=jan%EDcipe ''janícipe'']

[[Categoria:Substantivo (Português)]][[Categoria:Plural (Português)]][[Categoria:Vocábulo com datação (Português)]][[Categoria:Século XIX (Português)]][[Categoria:Vocábulo com etimologia (Português)]][[Categoria:Polissílabo (Português)]][[Categoria:Proparoxítona (Português)]]</text>
<sha1>qz5u5jit4ugviq22cllm8qponu6bsjh</sha1>
</revision>
<revision>
<id>413883</id>
<parentid>413621</parentid>
<timestamp>2009-02-07T09:46:55Z</timestamp>
<contributor>
<ip>201.47.65.137</ip>
</contributor>
<model>wikitext</model>
<format>text/x-wiki</format>
<text bytes="1271" xml:space="preserve">=Português=
'''ja.ní.ci.pe''' ('''[http://books.google.com.br/books?id=WBUTAAAAYAAJ 1864]''')

{{-etimologia-}}
: De ''[[Jano]]'' + -''í'' + -''cipe''.

{{-subs-}}
''masculino''
# nome dado por [[w:Étienne Geoffroy Saint-Hilaire|Geoffroy]] aos monstros que têm dois corpos intimamente unidos por cima do umbigo comum, e uma cabeça dupla com duas faces diretamente opostas; &lt;small&gt;'''[[janicípite|JANICÍPITE]]'''&lt;/small&gt;; &lt;small&gt;'''[[janicéfalo|JANICÉFALO]]'''&lt;/small&gt;
:: '''Nota''': também se usa o substantivo masculino plural, &lt;small&gt;'''JANÍCIPES'''&lt;/small&gt;
::: &lt;font color=&quot;#004408&quot;&gt;''Ex.: o monstro janícipes''&lt;/font&gt;

{{-vtbm-}}
===Na WWW===
* '''No Aulete Digital'''
: [http://www.aulete.portaldapalavra.com.br/site.php?mdl=aulete_digital&amp;op=loadVerbete&amp;pesquisa=1&amp;palavra=jan%EDcipe ''janícipe'']
* '''No Dicionário de Língua Portuguesa On-Line (Priberam Informática)'''
: [http://www.priberam.pt/dlpo/definir_resultados.aspx?pal=jan%EDcipe ''janícipe'']

[[Categoria:Substantivo (Português)]][[Categoria:Plural (Português)]][[Categoria:Vocábulo com datação (Português)]][[Categoria:Século XIX (Português)]][[Categoria:Vocábulo com etimologia (Português)]][[Categoria:Polissílabo (Português)]][[Categoria:Proparoxítona (Português)]]</text>
<sha1>p34gl2bvr9cda850fwo0w30vga55wyd</sha1>
</revision>
<revision>
<id>414101</id>
<parentid>413883</parentid>
<timestamp>2009-02-07T17:12:11Z</timestamp>
<contributor>
<username>Dicionarista</username>
<id>6964</id>
</contributor>
<comment>/* Na WWW */</comment>
<model>wikitext</model>
<format>text/x-wiki</format>
<text bytes="1752" xml:space="preserve">=Português=
'''ja.ní.ci.pe''' ('''[http://books.google.com.br/books?id=WBUTAAAAYAAJ 1864]''')

{{-etimologia-}}
: De ''[[Jano]]'' + -''í'' + -''cipe''.

{{-subs-}}
''masculino''
# nome dado por [[w:Étienne Geoffroy Saint-Hilaire|Geoffroy]] aos monstros que têm dois corpos intimamente unidos por cima do umbigo comum, e uma cabeça dupla com duas faces diretamente opostas; &lt;small&gt;'''[[janicípite|JANICÍPITE]]'''&lt;/small&gt;; &lt;small&gt;'''[[janicéfalo|JANICÉFALO]]'''&lt;/small&gt;
:: '''Nota''': também se usa o substantivo masculino plural, &lt;small&gt;'''JANÍCIPES'''&lt;/small&gt;
::: &lt;font color=&quot;#004408&quot;&gt;''Ex.: o monstro janícipes''&lt;/font&gt;

{{-vtbm-}}
===Na WWW===
* '''No Aulete Digital'''
: [http://www.aulete.portaldapalavra.com.br/site.php?mdl=aulete_digital&amp;op=loadVerbete&amp;pesquisa=1&amp;palavra=jan%EDcipe ''janícipe'']
* '''No Dicionário de Língua Portuguesa On-Line (Priberam Informática)'''
: [http://www.priberam.pt/dlpo/definir_resultados.aspx?pal=jan%EDcipe ''janícipe'']
* '''No Google Books'''
===={{-ref-}}====
:* CANTO, Manuel do; VALDEZ, Castro Mascarenhas. [http://books.google.com.br/books?id=WBUTAAAAYAAJ '''Diccionario español-portugués'''.] Imprenta nacional, 1864.
:* [http://books.google.com.br/books?id=Tt8EAAAAYAAJ&amp;pgis=1 '''Grande enciclopédia portuguesa e brasileira'''.] Editorial Enciclopédia, 1950.
:* [http://books.google.com.br/books?id=mOZiAAAAMAAJ '''Nôvo dicionário brasileiro ilustrado'''.] Edições Melhoramentos, 1961.

[[Categoria:Substantivo (Português)]][[Categoria:Plural (Português)]][[Categoria:Vocábulo com datação (Português)]][[Categoria:Século XIX (Português)]][[Categoria:Vocábulo com etimologia (Português)]][[Categoria:Polissílabo (Português)]][[Categoria:Proparoxítona (Português)]]</text>
<sha1>4v47bhryepz5mi8i6r2rur7sbh7bqus</sha1>
</revision>
<revision>
<id>486502</id>
<parentid>414101</parentid>
<timestamp>2009-06-27T05:20:15Z</timestamp>
<contributor>
<username>Dicionarista</username>
<id>6964</id>
</contributor>
<model>wikitext</model>
<format>text/x-wiki</format>
<text bytes="1828" xml:space="preserve">=Português=
{{-etimologia-}}
: De ''[[Jano]]'' + -''í'' + -''cipe''.
:* Datação: [http://books.google.com.br/books?id=WBUTAAAAYAAJ '''1864''']
{{-subs-}}
'''ja.ní.ci.pe''' ''masculino''
# [[nome]] [[dar|dado]] [[por]] [[w:Étienne Geoffroy Saint-Hilaire|Geoffroy]] [[aos]] [[monstro|monstros]] [[que]] [[ter|têm]] [[dois]] [[corpo|corpos]] [[intimamente]] [[unido|unidos]] [[por]] [[cima]] [[do]] [[umbigo]] [[comum]], [[e]] [[uma]] [[cabeça]] [[duplo|dupla]] [[com]] [[duas]] [[face|faces]] [[diretamente]] [[oposto|opostas]]; [[janicípite]], [[janicéfalo]]
:: '''Nota''': também se usa o ''masculino plural'', '''''janícipes'''''&lt;/small&gt;
::: &lt;font color=&quot;#004408&quot;&gt;''Ex.: o monstro janícipes''&lt;/font&gt;
=={{-ref-}}==
{{verTambém.Ini}}
* [http://aulete.uol.com.br/site.php?mdl=aulete_digital&amp;op=loadVerbete&amp;pesquisa=1&amp;palavra=jan%EDcipe ''janícipe'' no Aulete Digital]
* [http://www.dicio.com.br/janicipe/ ''janícipe'' no Dicionário Online de Português do Brasil]
* [http://www.portaldalinguaportuguesa.org/index.php?action=lemma&amp;lemma=99947 ''janícipe'' na MorDebe]
* CANTO, Manuel do; VALDEZ, Castro Mascarenhas. [http://books.google.com.br/books?id=WBUTAAAAYAAJ '''Diccionario español-portugués'''.] Imprenta nacional, 1864.
* [http://books.google.com.br/books?id=Tt8EAAAAYAAJ&amp;pgis=1 '''Grande enciclopédia portuguesa e brasileira'''.] Editorial Enciclopédia, 1950.
* [http://books.google.com.br/books?id=mOZiAAAAMAAJ '''Nôvo dicionário brasileiro ilustrado'''.] Edições Melhoramentos, 1961.
{{verTambém.Fim}}
[[Categoria:Substantivo (Português)]][[Categoria:Plural (Português)]][[Categoria:Vocábulo com datação (Português)]][[Categoria:Século XIX (Português)]][[Categoria:Vocábulo com etimologia (Português)]][[Categoria:Polissílabo (Português)]][[Categoria:Proparoxítona (Português)]]</text>
<sha1>mruowoc4emboumnvq283u0d6tzwlw7d</sha1>
</revision>
<revision>
<id>486660</id>
<parentid>486502</parentid>
<timestamp>2009-06-27T14:08:48Z</timestamp>
<contributor>
<username>Dicionarista</username>
<id>6964</id>
</contributor>
<comment>/* {{-ref-}} */</comment>
<model>wikitext</model>
<format>text/x-wiki</format>
<text bytes="1850" xml:space="preserve">=Português=
{{-etimologia-}}
: De ''[[Jano]]'' + -''í'' + -''cipe''.
:* Datação: [http://books.google.com.br/books?id=WBUTAAAAYAAJ '''1864''']
{{-subs-}}
'''ja.ní.ci.pe''' ''masculino''
# [[nome]] [[dar|dado]] [[por]] [[w:Étienne Geoffroy Saint-Hilaire|Geoffroy]] [[aos]] [[monstro|monstros]] [[que]] [[ter|têm]] [[dois]] [[corpo|corpos]] [[intimamente]] [[unido|unidos]] [[por]] [[cima]] [[do]] [[umbigo]] [[comum]], [[e]] [[uma]] [[cabeça]] [[duplo|dupla]] [[com]] [[duas]] [[face|faces]] [[diretamente]] [[oposto|opostas]]; [[janicípite]], [[janicéfalo]]
:: '''Nota''': também se usa o ''masculino plural'', '''''janícipes'''''&lt;/small&gt;
::: &lt;font color=&quot;#004408&quot;&gt;''Ex.: o monstro janícipes''&lt;/font&gt;
=={{-ref-}}==
{{verTambém.Ini}}
* [http://aulete.uol.com.br/site.php?mdl=aulete_digital&amp;op=loadVerbete&amp;pesquisa=1&amp;palavra=jan%EDcipe ''janícipe'' no Aulete Digital]
* [http://www.dicio.com.br/janicipe/ ''janícipe'' no Dicionário Online de Português do Brasil]
* [http://www.portaldalinguaportuguesa.org/index.php?action=lemma&amp;lemma=99947 ''janícipe'' na MorDebe]
* CANTO, Manuel do; VALDEZ, Castro Mascarenhas. [http://books.google.com.br/books?id=WBUTAAAAYAAJ '''Diccionario español-portugués''', Tomo Segundo.] Lisboa: Imprenta nacional, 1864.
* [http://books.google.com.br/books?id=Tt8EAAAAYAAJ&amp;pgis=1 '''Grande enciclopédia portuguesa e brasileira'''.] Editorial Enciclopédia, 1950.
* [http://books.google.com.br/books?id=mOZiAAAAMAAJ '''Nôvo dicionário brasileiro ilustrado'''.] Edições Melhoramentos, 1961.
{{verTambém.Fim}}
[[Categoria:Substantivo (Português)]][[Categoria:Plural (Português)]][[Categoria:Vocábulo com datação (Português)]][[Categoria:Século XIX (Português)]][[Categoria:Vocábulo com etimologia (Português)]][[Categoria:Polissílabo (Português)]][[Categoria:Proparoxítona (Português)]]</text>
<sha1>ffx7gx879afsnnc1z2yy6l6v7tvmrcu</sha1>
</revision>
<revision>
<id>486662</id>
<parentid>486660</parentid>
<timestamp>2009-06-27T14:15:24Z</timestamp>
<contributor>
<username>Dicionarista</username>
<id>6964</id>
</contributor>
<model>wikitext</model>
<format>text/x-wiki</format>
<text bytes="2046" xml:space="preserve">=Português=
{{-etimologia-}}
: De ''[[Jano]]'' + ''[[-i-]]'' + ''[[-cipe]]''; ver ''[[jan-]]''
:* Datação: [http://books.google.com.br/books?id=WBUTAAAAYAAJ '''1864''']
{{-subs-}}
'''ja.ní.ci.pe''' ''2 gêneros''
# [[nome]] [[dar|dado]] [[por]] [[w:Étienne Geoffroy Saint-Hilaire|Geoffroy]] [[aos]] [[monstro|monstros]] [[que]] [[ter|têm]] [[dois]] [[corpo|corpos]] [[intimamente]] [[unido|unidos]] [[por]] [[cima]] [[do]] [[umbigo]] [[comum]], [[e]] [[uma]] [[cabeça]] [[duplo|dupla]] [[com]] [[duas]] [[face|faces]] [[diretamente]] [[oposto|opostas]]; [[janicípite]]; [[janicéfalo]]
:: '''Nota''': também se usa o ''plural'', '''''janícipes'''''&lt;/small&gt;
::: &lt;font color=&quot;#004408&quot;&gt;''Ex.: o monstro janícipes''&lt;/font&gt;
=={{-ref-}}==
{{verTambém.Ini}}
* [http://aulete.uol.com.br/site.php?mdl=aulete_digital&amp;op=loadVerbete&amp;pesquisa=1&amp;palavra=jan%EDcipe ''janícipe'' no Aulete Digital]
* [http://www.dicio.com.br/janicipe/ ''janícipe'' no Dicionário Online de Português do Brasil]
* [http://www.portaldalinguaportuguesa.org/index.php?action=lemma&amp;lemma=99947 ''janícipe'' na MorDebe]
* CANTO, Manuel do; VALDEZ, Castro Mascarenhas. [http://books.google.com.br/books?id=WBUTAAAAYAAJ '''Diccionario español-portugués''', Tomo Segundo.] Lisboa: Imprenta nacional, 1864.
* [[w:Antônio_Houaiss|HOUAISS, Antônio]]. [http://books.google.com.br/books?id=M0iAAAAACAAJ '''Dicionário eletrônico Houaiss da língua portuguesa'''.] Editora Objetiva, 2001.
* [http://books.google.com.br/books?id=Tt8EAAAAYAAJ&amp;pgis=1 '''Grande enciclopédia portuguesa e brasileira'''.] Editorial Enciclopédia, 1950.
* [http://books.google.com.br/books?id=mOZiAAAAMAAJ '''Nôvo dicionário brasileiro ilustrado'''.] Edições Melhoramentos, 1961.
{{verTambém.Fim}}
[[Categoria:Substantivo (Português)]][[Categoria:Plural (Português)]][[Categoria:Vocábulo com datação (Português)]][[Categoria:Século XIX (Português)]][[Categoria:Vocábulo com etimologia (Português)]][[Categoria:Polissílabo (Português)]][[Categoria:Proparoxítona (Português)]]</text>
<sha1>7v4vlwrxxzrexq79vhgxjzv43ljsysm</sha1>
</revision>
<revision>
<id>496793</id>
<parentid>486662</parentid>
<timestamp>2009-07-17T19:29:21Z</timestamp>
<contributor>
<username>Dicionarista</username>
<id>6964</id>
</contributor>
<comment>/* {{-ref-}} */</comment>
<model>wikitext</model>
<format>text/x-wiki</format>
<text bytes="1937" xml:space="preserve">=Português=
{{-etimologia-}}
: De ''[[Jano]]'' + ''[[-i-]]'' + ''[[-cipe]]''; ver ''[[jan-]]''
:* Datação: [http://books.google.com.br/books?id=WBUTAAAAYAAJ '''1864''']
{{-subs-}}
'''ja.ní.ci.pe''' ''2 gêneros''
# [[nome]] [[dar|dado]] [[por]] [[w:Étienne Geoffroy Saint-Hilaire|Geoffroy]] [[aos]] [[monstro|monstros]] [[que]] [[ter|têm]] [[dois]] [[corpo|corpos]] [[intimamente]] [[unido|unidos]] [[por]] [[cima]] [[do]] [[umbigo]] [[comum]], [[e]] [[uma]] [[cabeça]] [[duplo|dupla]] [[com]] [[duas]] [[face|faces]] [[diretamente]] [[oposto|opostas]]; [[janicípite]]; [[janicéfalo]]
:: '''Nota''': também se usa o ''plural'', '''''janícipes'''''&lt;/small&gt;
::: &lt;font color=&quot;#004408&quot;&gt;''Ex.: o monstro janícipes''&lt;/font&gt;
=={{-ref-}}==
{{verTambém.Ini}}
* [http://www.dicio.com.br/janicipe/ ''janícipe'' no Dicionário Online de Português do Brasil]
{{Aulete}}
{{Michaelis}}
* [http://www.portaldalinguaportuguesa.org/index.php?action=lemma&amp;lemma=99947 ''janícipe'' na MorDebe]
* CANTO, Manuel do; VALDEZ, Castro Mascarenhas. [http://books.google.com.br/books?id=WBUTAAAAYAAJ '''Diccionario español-portugués''', Tomo Segundo.] Lisboa: Imprenta nacional, 1864.
* [[w:Antônio_Houaiss|HOUAISS, Antônio]]. [http://books.google.com.br/books?id=M0iAAAAACAAJ '''Dicionário eletrônico Houaiss da língua portuguesa'''.] Editora Objetiva, 2001.
* [http://books.google.com.br/books?id=Tt8EAAAAYAAJ&amp;pgis=1 '''Grande enciclopédia portuguesa e brasileira'''.] Editorial Enciclopédia, 1950.
* [http://books.google.com.br/books?id=mOZiAAAAMAAJ '''Nôvo dicionário brasileiro ilustrado'''.] Edições Melhoramentos, 1961.
{{verTambém.Fim}}
[[Categoria:Substantivo (Português)]][[Categoria:Plural (Português)]][[Categoria:Vocábulo com datação (Português)]][[Categoria:Século XIX (Português)]][[Categoria:Vocábulo com etimologia (Português)]][[Categoria:Polissílabo (Português)]][[Categoria:Proparoxítona (Português)]]</text>
<sha1>cxjjlmgtxako0cgzm5xha3b4ib7rfxw</sha1>
</revision>
<revision>
<id>501440</id>
<parentid>496793</parentid>
<timestamp>2009-07-28T15:01:57Z</timestamp>
<contributor>
<username>Dicionarista</username>
<id>6964</id>
</contributor>
<model>wikitext</model>
<format>text/x-wiki</format>
<text bytes="1863" xml:space="preserve">=Português=
=={{etimologia}}[[Categoria:Vocábulo com etimologia (Português)]]==
: De ''[[Jano]]'' + ''[[-i-]]'' + ''[[-cipe]]''.
:* Datação: [http://books.google.com.br/books?id=WBUTAAAAYAAJ '''1864'''][[Categoria:Século XIX (Português)]]
::*Grafia: 1864 ''Janicipes''[[Categoria:Plural (Português)]]
{{-subs-}}
'''ja.ní.ci.pe''' ''2 gêneros''[[Categoria:Polissílabo (Português)]][[Categoria:Proparoxítona (Português)]]
# [[nome]] [[dar|dado]] [[por]] [[w:Étienne Geoffroy Saint-Hilaire|Geoffroy]] [[aos]] [[monstro|monstros]] [[que]] [[ter|têm]] [[dois]] [[corpo|corpos]] [[intimamente]] [[unido|unidos]] [[por]] [[cima]] [[do]] [[umbigo]] [[comum]], [[e]] [[uma]] [[cabeça]] [[duplo|dupla]] [[com]] [[duas]] [[face|faces]] [[diretamente]] [[oposto|opostas]]; [[janicípite]]; [[janicéfalo]]
:: '''Nota''': também se usa o ''plural'', '''''janícipes'''''&lt;/small&gt;
::: &lt;font color=&quot;#004408&quot;&gt;''Ex.: o monstro janícipes''&lt;/font&gt;
=={{-ref-}}==
{{verTambém.Ini}}
* [http://www.dicio.com.br/janicipe/ ''janícipe'' no Dicionário Online de Português do Brasil]
{{Aulete}}
{{Michaelis}}
* [http://www.portaldalinguaportuguesa.org/index.php?action=lemma&amp;lemma=99947 ''janícipe'' na MorDebe]
* CANTO, Manuel do; VALDEZ, Castro Mascarenhas. [http://books.google.com.br/books?id=WBUTAAAAYAAJ '''Diccionario español-portugués''', Tomo Segundo.] Lisboa: Imprenta nacional, 1864.
* [[w:Antônio_Houaiss|HOUAISS, Antônio]]. [http://books.google.com.br/books?id=M0iAAAAACAAJ '''Dicionário eletrônico Houaiss da língua portuguesa'''.] Editora Objetiva, 2001.
* [http://books.google.com.br/books?id=Tt8EAAAAYAAJ&amp;pgis=1 '''Grande enciclopédia portuguesa e brasileira'''.] Editorial Enciclopédia, 1950.
* [http://books.google.com.br/books?id=mOZiAAAAMAAJ '''Nôvo dicionário brasileiro ilustrado'''.] Edições Melhoramentos, 1961.
{{verTambém.Fim}}</text>
<sha1>alubfr0l5l8cnd0w67t5y74mhgjgq4w</sha1>
</revision>
<revision>
<id>501458</id>
<parentid>501440</parentid>
<timestamp>2009-07-28T15:47:12Z</timestamp>
<contributor>
<username>Dicionarista</username>
<id>6964</id>
</contributor>
<model>wikitext</model>
<format>text/x-wiki</format>
<text bytes="2636" xml:space="preserve">=Português=
=={{etimologia}}[[Categoria:Vocábulo com etimologia (Português)]]==
: De ''[[Jano]]'' + ''[[-i-]]'' + ''[[-cipe]]''.
:* Datação: [http://books.google.com.br/books?id=WBUTAAAAYAAJ '''1864'''][[Categoria:Século XIX (Português)]]
::*Grafia: 1864 ''Janicipes''[[Categoria:Plural (Português)]]
{{-subs-}}
'''ja.ní.ci.pe''' ''2 gêneros''[[Categoria:Polissílabo (Português)]][[Categoria:Proparoxítona (Português)]]
# [[nome]] [[dar|dado]] [[por]] [[w:Étienne Geoffroy Saint-Hilaire|Geoffroy]] [[aos]] [[monstro|monstros]] [[que]] [[ter|têm]] [[dois]] [[corpo|corpos]] [[intimamente]] [[unido|unidos]] [[por]] [[cima]] [[do]] [[umbigo]] [[comum]], [[e]] [[uma]] [[cabeça]] [[duplo|dupla]] [[com]] [[duas]] [[face|faces]] [[diretamente]] [[oposto|opostas]]; [[janicípite]]; [[janicéfalo]]
:: '''Nota''': também se usa o ''plural'', '''''janícipes'''''&lt;/small&gt;
::: &lt;font color=&quot;#004408&quot;&gt;''Ex.: o monstro janícipes''&lt;/font&gt;
=={{-ref-}}==
{{verTambém.Ini}}
* [http://www.dicio.com.br/janicipe/ ''janícipe'' no Dicionário Online de Português do Brasil]
{{Aulete}}
{{Michaelis}}
* [http://www.portaldalinguaportuguesa.org/index.php?action=lemma&amp;lemma=99947 ''janícipe'' na MorDebe]
* CANTO, Manuel do; VALDEZ, Castro Mascarenhas. [http://books.google.com.br/books?id=WBUTAAAAYAAJ '''Diccionario español-portugués''', Tomo Segundo.] Lisboa: Imprenta nacional, 1864.
* [[w:Antônio_Houaiss|HOUAISS, Antônio]]. [http://books.google.com.br/books?id=M0iAAAAACAAJ '''Dicionário eletrônico Houaiss da língua portuguesa'''.] Editora Objetiva, 2001.
* [http://books.google.com.br/books?id=Tt8EAAAAYAAJ&amp;pgis=1 '''Grande enciclopédia portuguesa e brasileira'''.] Editorial Enciclopédia, 1950.
* [http://books.google.com.br/books?id=mOZiAAAAMAAJ '''Nôvo dicionário brasileiro ilustrado'''.] Edições Melhoramentos, 1961.
{{verTambém.Fim}}

=Espanhol=
=={{etimologia}}==
:*Datação: [http://books.google.com.br/books?id=Yk9JObeAh78C '''1852'''][[Categoria:Século XIX (Espanhol)]]
::*Grafia: 1852 ''janiceps'', [http://books.google.com.br/books?id=WBUTAAAAYAAJ 1864] ''janícipe''
==[[Ficheiro:Open_book_01.svg|22px]] Substantivo [[Categoria:Substantivo (Espanhol)]]==
'''janícipe''' ''masculino''
# [[janícipe#Português|janícipe]]
=={{-ref-}}==
{{verTambém.Ini}}
* CANTO, Manuel do; VALDEZ, Castro Mascarenhas. [http://books.google.com.br/books?id=WBUTAAAAYAAJ '''Diccionario español-portugués'''.] Imprenta nacional, 1864.
* DOMÍNGUEZ, R. J. [http://books.google.com.br/books?id=Yk9JObeAh78C '''Compendio del Diccionario Nacional de la lengua española'''] Tip. de P. Mellado, 1852.
{{verTambém.Fim}}</text>
<sha1>jwtxih6cd27yv5d7luvr1o3s9auim7o</sha1>
</revision>
<revision>
<id>635067</id>
<parentid>501458</parentid>
<timestamp>2009-12-03T00:50:55Z</timestamp>
<contributor>
<username>Jesielt-bot</username>
<id>10876</id>
</contributor>
<comment>clean up, Replaced: {{-subs-}} → ==Substantivo==, utilizando [[Project:AutoWikiBrowser|AWB]]</comment>
<model>wikitext</model>
<format>text/x-wiki</format>
<text bytes="2641" xml:space="preserve">=Português=
=={{etimologia}}[[Categoria:Vocábulo com etimologia (Português)]]==
: De ''[[Jano]]'' + ''[[-i-]]'' + ''[[-cipe]]''.
:* Datação: [http://books.google.com.br/books?id=WBUTAAAAYAAJ '''1864'''][[Categoria:Século XIX (Português)]]
::*Grafia: 1864 ''Janicipes''[[Categoria:Plural (Português)]]
==Substantivo==
'''ja.ní.ci.pe''' ''2 gêneros''[[Categoria:Polissílabo (Português)]][[Categoria:Proparoxítona (Português)]]
# [[nome]] [[dar|dado]] [[por]] [[w:Étienne Geoffroy Saint-Hilaire|Geoffroy]] [[aos]] [[monstro|monstros]] [[que]] [[ter|têm]] [[dois]] [[corpo|corpos]] [[intimamente]] [[unido|unidos]] [[por]] [[cima]] [[do]] [[umbigo]] [[comum]], [[e]] [[uma]] [[cabeça]] [[duplo|dupla]] [[com]] [[duas]] [[face|faces]] [[diretamente]] [[oposto|opostas]]; [[janicípite]]; [[janicéfalo]]
:: '''Nota''': também se usa o ''plural'', '''''janícipes'''''&lt;/small&gt;
::: &lt;font color=&quot;#004408&quot;&gt;''Ex.: o monstro janícipes''&lt;/font&gt;
=={{-ref-}}==
{{verTambém.Ini}}
* [http://www.dicio.com.br/janicipe/ ''janícipe'' no Dicionário Online de Português do Brasil]
{{Aulete}}
{{Michaelis}}
* [http://www.portaldalinguaportuguesa.org/index.php?action=lemma&amp;lemma=99947 ''janícipe'' na MorDebe]
* CANTO, Manuel do; VALDEZ, Castro Mascarenhas. [http://books.google.com.br/books?id=WBUTAAAAYAAJ '''Diccionario español-portugués''', Tomo Segundo.] Lisboa: Imprenta nacional, 1864.
* [[w:Antônio_Houaiss|HOUAISS, Antônio]]. [http://books.google.com.br/books?id=M0iAAAAACAAJ '''Dicionário eletrônico Houaiss da língua portuguesa'''.] Editora Objetiva, 2001.
* [http://books.google.com.br/books?id=Tt8EAAAAYAAJ&amp;pgis=1 '''Grande enciclopédia portuguesa e brasileira'''.] Editorial Enciclopédia, 1950.
* [http://books.google.com.br/books?id=mOZiAAAAMAAJ '''Nôvo dicionário brasileiro ilustrado'''.] Edições Melhoramentos, 1961.
{{verTambém.Fim}}

=Espanhol=
=={{etimologia}}==
:*Datação: [http://books.google.com.br/books?id=Yk9JObeAh78C '''1852'''][[Categoria:Século XIX (Espanhol)]]
::*Grafia: 1852 ''janiceps'', [http://books.google.com.br/books?id=WBUTAAAAYAAJ 1864] ''janícipe''
==[[Ficheiro:Open_book_01.svg|22px]] Substantivo [[Categoria:Substantivo (Espanhol)]]==
'''janícipe''' ''masculino''
# [[janícipe#Português|janícipe]]
=={{-ref-}}==
{{verTambém.Ini}}
* CANTO, Manuel do; VALDEZ, Castro Mascarenhas. [http://books.google.com.br/books?id=WBUTAAAAYAAJ '''Diccionario español-portugués'''.] Imprenta nacional, 1864.
* DOMÍNGUEZ, R. J. [http://books.google.com.br/books?id=Yk9JObeAh78C '''Compendio del Diccionario Nacional de la lengua española'''] Tip. de P. Mellado, 1852.
{{verTambém.Fim}}</text>
<sha1>iubbpnwew9omvp3toxbchxjece98vv9</sha1>
</revision>
<revision>
<id>1210570</id>
<parentid>635067</parentid>
<timestamp>2011-07-10T13:10:35Z</timestamp>
<contributor>
<username>MalafayaBot</username>
<id>628</id>
</contributor>
<minor />
<comment>Robô: Substituição de texto automática (-^\=\s?Português\s?\= +={{-pt-}}= &amp; -^\=\s?\{\{pt\}\}\s?\= +={{-pt-}}=)</comment>
<model>wikitext</model>
<format>text/x-wiki</format>
<text bytes="2639" xml:space="preserve">={{-pt-}}=
=={{etimologia}}[[Categoria:Vocábulo com etimologia (Português)]]==
: De ''[[Jano]]'' + ''[[-i-]]'' + ''[[-cipe]]''.
:* Datação: [http://books.google.com.br/books?id=WBUTAAAAYAAJ '''1864'''][[Categoria:Século XIX (Português)]]
::*Grafia: 1864 ''Janicipes''[[Categoria:Plural (Português)]]
==Substantivo==
'''ja.ní.ci.pe''' ''2 gêneros''[[Categoria:Polissílabo (Português)]][[Categoria:Proparoxítona (Português)]]
# [[nome]] [[dar|dado]] [[por]] [[w:Étienne Geoffroy Saint-Hilaire|Geoffroy]] [[aos]] [[monstro|monstros]] [[que]] [[ter|têm]] [[dois]] [[corpo|corpos]] [[intimamente]] [[unido|unidos]] [[por]] [[cima]] [[do]] [[umbigo]] [[comum]], [[e]] [[uma]] [[cabeça]] [[duplo|dupla]] [[com]] [[duas]] [[face|faces]] [[diretamente]] [[oposto|opostas]]; [[janicípite]]; [[janicéfalo]]
:: '''Nota''': também se usa o ''plural'', '''''janícipes'''''&lt;/small&gt;
::: &lt;font color=&quot;#004408&quot;&gt;''Ex.: o monstro janícipes''&lt;/font&gt;
=={{-ref-}}==
{{verTambém.Ini}}
* [http://www.dicio.com.br/janicipe/ ''janícipe'' no Dicionário Online de Português do Brasil]
{{Aulete}}
{{Michaelis}}
* [http://www.portaldalinguaportuguesa.org/index.php?action=lemma&amp;lemma=99947 ''janícipe'' na MorDebe]
* CANTO, Manuel do; VALDEZ, Castro Mascarenhas. [http://books.google.com.br/books?id=WBUTAAAAYAAJ '''Diccionario español-portugués''', Tomo Segundo.] Lisboa: Imprenta nacional, 1864.
* [[w:Antônio_Houaiss|HOUAISS, Antônio]]. [http://books.google.com.br/books?id=M0iAAAAACAAJ '''Dicionário eletrônico Houaiss da língua portuguesa'''.] Editora Objetiva, 2001.
* [http://books.google.com.br/books?id=Tt8EAAAAYAAJ&amp;pgis=1 '''Grande enciclopédia portuguesa e brasileira'''.] Editorial Enciclopédia, 1950.
* [http://books.google.com.br/books?id=mOZiAAAAMAAJ '''Nôvo dicionário brasileiro ilustrado'''.] Edições Melhoramentos, 1961.
{{verTambém.Fim}}

=Espanhol=
=={{etimologia}}==
:*Datação: [http://books.google.com.br/books?id=Yk9JObeAh78C '''1852'''][[Categoria:Século XIX (Espanhol)]]
::*Grafia: 1852 ''janiceps'', [http://books.google.com.br/books?id=WBUTAAAAYAAJ 1864] ''janícipe''
==[[Ficheiro:Open_book_01.svg|22px]] Substantivo [[Categoria:Substantivo (Espanhol)]]==
'''janícipe''' ''masculino''
# [[janícipe#Português|janícipe]]
=={{-ref-}}==
{{verTambém.Ini}}
* CANTO, Manuel do; VALDEZ, Castro Mascarenhas. [http://books.google.com.br/books?id=WBUTAAAAYAAJ '''Diccionario español-portugués'''.] Imprenta nacional, 1864.
* DOMÍNGUEZ, R. J. [http://books.google.com.br/books?id=Yk9JObeAh78C '''Compendio del Diccionario Nacional de la lengua española'''] Tip. de P. Mellado, 1852.
{{verTambém.Fim}}</text>
<sha1>5a1dhk38vjt5g8igctp7ypymvppvvs7</sha1>
</revision>
<revision>
<id>1227886</id>
<parentid>1210570</parentid>
<timestamp>2011-07-17T19:05:28Z</timestamp>
<contributor>
<username>MalafayaBot</username>
<id>628</id>
</contributor>
<minor />
<comment>Robô: Substituição de texto automática (-=(\s*?)Espanhol(\s*?)= +={{-es-}}=, -=(\s*?)\{\{es\}\}(\s*?)= +={{-es-}}=)</comment>
<model>wikitext</model>
<format>text/x-wiki</format>
<text bytes="2639" xml:space="preserve">={{-pt-}}=
=={{etimologia}}[[Categoria:Vocábulo com etimologia (Português)]]==
: De ''[[Jano]]'' + ''[[-i-]]'' + ''[[-cipe]]''.
:* Datação: [http://books.google.com.br/books?id=WBUTAAAAYAAJ '''1864'''][[Categoria:Século XIX (Português)]]
::*Grafia: 1864 ''Janicipes''[[Categoria:Plural (Português)]]
==Substantivo==
'''ja.ní.ci.pe''' ''2 gêneros''[[Categoria:Polissílabo (Português)]][[Categoria:Proparoxítona (Português)]]
# [[nome]] [[dar|dado]] [[por]] [[w:Étienne Geoffroy Saint-Hilaire|Geoffroy]] [[aos]] [[monstro|monstros]] [[que]] [[ter|têm]] [[dois]] [[corpo|corpos]] [[intimamente]] [[unido|unidos]] [[por]] [[cima]] [[do]] [[umbigo]] [[comum]], [[e]] [[uma]] [[cabeça]] [[duplo|dupla]] [[com]] [[duas]] [[face|faces]] [[diretamente]] [[oposto|opostas]]; [[janicípite]]; [[janicéfalo]]
:: '''Nota''': também se usa o ''plural'', '''''janícipes'''''&lt;/small&gt;
::: &lt;font color=&quot;#004408&quot;&gt;''Ex.: o monstro janícipes''&lt;/font&gt;
=={{-ref-}}==
{{verTambém.Ini}}
* [http://www.dicio.com.br/janicipe/ ''janícipe'' no Dicionário Online de Português do Brasil]
{{Aulete}}
{{Michaelis}}
* [http://www.portaldalinguaportuguesa.org/index.php?action=lemma&amp;lemma=99947 ''janícipe'' na MorDebe]
* CANTO, Manuel do; VALDEZ, Castro Mascarenhas. [http://books.google.com.br/books?id=WBUTAAAAYAAJ '''Diccionario español-portugués''', Tomo Segundo.] Lisboa: Imprenta nacional, 1864.
* [[w:Antônio_Houaiss|HOUAISS, Antônio]]. [http://books.google.com.br/books?id=M0iAAAAACAAJ '''Dicionário eletrônico Houaiss da língua portuguesa'''.] Editora Objetiva, 2001.
* [http://books.google.com.br/books?id=Tt8EAAAAYAAJ&amp;pgis=1 '''Grande enciclopédia portuguesa e brasileira'''.] Editorial Enciclopédia, 1950.
* [http://books.google.com.br/books?id=mOZiAAAAMAAJ '''Nôvo dicionário brasileiro ilustrado'''.] Edições Melhoramentos, 1961.
{{verTambém.Fim}}

={{-es-}}=
=={{etimologia}}==
:*Datação: [http://books.google.com.br/books?id=Yk9JObeAh78C '''1852'''][[Categoria:Século XIX (Espanhol)]]
::*Grafia: 1852 ''janiceps'', [http://books.google.com.br/books?id=WBUTAAAAYAAJ 1864] ''janícipe''
==[[Ficheiro:Open_book_01.svg|22px]] Substantivo [[Categoria:Substantivo (Espanhol)]]==
'''janícipe''' ''masculino''
# [[janícipe#Português|janícipe]]
=={{-ref-}}==
{{verTambém.Ini}}
* CANTO, Manuel do; VALDEZ, Castro Mascarenhas. [http://books.google.com.br/books?id=WBUTAAAAYAAJ '''Diccionario español-portugués'''.] Imprenta nacional, 1864.
* DOMÍNGUEZ, R. J. [http://books.google.com.br/books?id=Yk9JObeAh78C '''Compendio del Diccionario Nacional de la lengua española'''] Tip. de P. Mellado, 1852.
{{verTambém.Fim}}</text>
<sha1>jlkyvcsta7cqt9x9tppcylbzsk17jdm</sha1>
</revision>
<revision>
<id>1315492</id>
<parentid>1227886</parentid>
<timestamp>2011-12-02T12:21:50Z</timestamp>
<contributor>
<username>Malafaya</username>
<id>313</id>
</contributor>
<minor />
<comment>removeu [[Categoria:Plural (Português)]] usando [[Wikcionário:Software/Scripts/HotCat|HotCat]]</comment>
<model>wikitext</model>
<format>text/x-wiki</format>
<text bytes="2606" xml:space="preserve">={{-pt-}}=
=={{etimologia}}[[Categoria:Vocábulo com etimologia (Português)]]==
: De ''[[Jano]]'' + ''[[-i-]]'' + ''[[-cipe]]''.
:* Datação: [http://books.google.com.br/books?id=WBUTAAAAYAAJ '''1864'''][[Categoria:Século XIX (Português)]]
::*Grafia: 1864 ''Janicipes''
==Substantivo==
'''ja.ní.ci.pe''' ''2 gêneros''[[Categoria:Polissílabo (Português)]][[Categoria:Proparoxítona (Português)]]
# [[nome]] [[dar|dado]] [[por]] [[w:Étienne Geoffroy Saint-Hilaire|Geoffroy]] [[aos]] [[monstro|monstros]] [[que]] [[ter|têm]] [[dois]] [[corpo|corpos]] [[intimamente]] [[unido|unidos]] [[por]] [[cima]] [[do]] [[umbigo]] [[comum]], [[e]] [[uma]] [[cabeça]] [[duplo|dupla]] [[com]] [[duas]] [[face|faces]] [[diretamente]] [[oposto|opostas]]; [[janicípite]]; [[janicéfalo]]
:: '''Nota''': também se usa o ''plural'', '''''janícipes'''''&lt;/small&gt;
::: &lt;font color=&quot;#004408&quot;&gt;''Ex.: o monstro janícipes''&lt;/font&gt;
=={{-ref-}}==
{{verTambém.Ini}}
* [http://www.dicio.com.br/janicipe/ ''janícipe'' no Dicionário Online de Português do Brasil]
{{Aulete}}
{{Michaelis}}
* [http://www.portaldalinguaportuguesa.org/index.php?action=lemma&amp;lemma=99947 ''janícipe'' na MorDebe]
* CANTO, Manuel do; VALDEZ, Castro Mascarenhas. [http://books.google.com.br/books?id=WBUTAAAAYAAJ '''Diccionario español-portugués''', Tomo Segundo.] Lisboa: Imprenta nacional, 1864.
* [[w:Antônio_Houaiss|HOUAISS, Antônio]]. [http://books.google.com.br/books?id=M0iAAAAACAAJ '''Dicionário eletrônico Houaiss da língua portuguesa'''.] Editora Objetiva, 2001.
* [http://books.google.com.br/books?id=Tt8EAAAAYAAJ&amp;pgis=1 '''Grande enciclopédia portuguesa e brasileira'''.] Editorial Enciclopédia, 1950.
* [http://books.google.com.br/books?id=mOZiAAAAMAAJ '''Nôvo dicionário brasileiro ilustrado'''.] Edições Melhoramentos, 1961.
{{verTambém.Fim}}

={{-es-}}=
=={{etimologia}}==
:*Datação: [http://books.google.com.br/books?id=Yk9JObeAh78C '''1852'''][[Categoria:Século XIX (Espanhol)]]
::*Grafia: 1852 ''janiceps'', [http://books.google.com.br/books?id=WBUTAAAAYAAJ 1864] ''janícipe''
==[[Ficheiro:Open_book_01.svg|22px]] Substantivo [[Categoria:Substantivo (Espanhol)]]==
'''janícipe''' ''masculino''
# [[janícipe#Português|janícipe]]
=={{-ref-}}==
{{verTambém.Ini}}
* CANTO, Manuel do; VALDEZ, Castro Mascarenhas. [http://books.google.com.br/books?id=WBUTAAAAYAAJ '''Diccionario español-portugués'''.] Imprenta nacional, 1864.
* DOMÍNGUEZ, R. J. [http://books.google.com.br/books?id=Yk9JObeAh78C '''Compendio del Diccionario Nacional de la lengua española'''] Tip. de P. Mellado, 1852.
{{verTambém.Fim}}</text>
<sha1>4eee1jgymu10a4te40b1fmhi7cghwt3</sha1>
</revision>
<revision>
<id>1411852</id>
<parentid>1315492</parentid>
<timestamp>2012-05-15T13:58:31Z</timestamp>
<contributor>
<username>Dicionarista</username>
<id>6964</id>
</contributor>
<model>wikitext</model>
<format>text/x-wiki</format>
<text bytes="2596" xml:space="preserve">={{-pt-}}=
==Substantivo==
{{proparoxítona|ja|ní|ci|pe}} {{2g}}
# [[nome]] [[dar|dado]] [[por]] [[w:Étienne Geoffroy Saint-Hilaire|Geoffroy]] [[aos]] [[monstro|monstros]] [[que]] [[ter|têm]] [[dois]] [[corpo|corpos]] [[intimamente]] [[unido|unidos]] [[por]] [[cima]] [[do]] [[umbigo]] [[comum]], [[e]] [[uma]] [[cabeça]] [[duplo|dupla]] [[com]] [[duas]] [[face|faces]] [[diretamente]] [[oposto|opostas]]; [[janicípite]]; [[janicéfalo]]
#: '''Nota''': também se usa o ''plural'', '''''[[janícipes]]'''''
#:: ''e.g. o monstro &lt;u&gt;janícipes&lt;/u&gt;''
==Etimologia==
: de ''[[Jano]]'' + ''[[-i-]]'' + ''[[-cipe]]''
:: Datação: [http://books.google.com.br/books?id=WBUTAAAAYAAJ '''1864'''] [ ocorrência: ''Janicipes'' ]
==Ver também==
==={{-ref-}}===
{{verTambém.Ini}}
* [http://www.dicio.com.br/janicipe/ ''janícipe'' no Dicionário Online de Português do Brasil]
{{Aulete}}
{{Michaelis}}
* [http://www.portaldalinguaportuguesa.org/index.php?action=lemma&amp;lemma=99947 ''janícipe'' na MorDebe]
* CANTO, Manuel do; VALDEZ, Castro Mascarenhas. [http://books.google.com.br/books?id=WBUTAAAAYAAJ '''Diccionario español-portugués''', Tomo Segundo.] Lisboa: Imprenta nacional, 1864.
* [[w:Antônio_Houaiss|HOUAISS, Antônio]]. [http://books.google.com.br/books?id=M0iAAAAACAAJ '''Dicionário eletrônico Houaiss da língua portuguesa'''.] Editora Objetiva, 2001.
* [http://books.google.com.br/books?id=Tt8EAAAAYAAJ&amp;pgis=1 '''Grande enciclopédia portuguesa e brasileira'''.] Editorial Enciclopédia, 1950.
* [http://books.google.com.br/books?id=mOZiAAAAMAAJ '''Nôvo dicionário brasileiro ilustrado'''.] Edições Melhoramentos, 1961.
{{verTambém.Fim}}

[[Categoria:Substantivo (Português)]]
[[Categoria:Vocábulo com etimologia (Português)]]
[[Categoria:Século XIX (Português)]]

={{-es-}}=
==Substantivo==
'''janícipe''' ''masculino''
# [[janícipe#Português|janícipe]]
==Etimologia==
: Datação: [http://books.google.com.br/books?id=Yk9JObeAh78C '''1852'''] [ ocorrência: ''janiceps'' ]
:: [http://books.google.com.br/books?id=WBUTAAAAYAAJ 1864] ''janícipe''
==Ver também==
==={{-ref-}}===
{{verTambém.Ini}}
* CANTO, Manuel do; VALDEZ, Castro Mascarenhas. [http://books.google.com.br/books?id=WBUTAAAAYAAJ Diccionario español-portugués] [[w:Lisboa|Lisboa]]: Imprenta nacional, [[w:1864|1864]].
* DOMÍNGUEZ, R. J. [http://books.google.com.br/books?id=Yk9JObeAh78C Compendio del Diccionario Nacional de la lengua española] [[w:Madrid|Madrid]]: Tip. de P. Mellado, [[w:1852|1852]].
{{verTambém.Fim}}

[[Categoria:Substantivo (Espanhol)]]
[[Categoria:Século XIX (Espanhol)]]</text>
<sha1>3h2v44oo2s4ds2ub02b7w3698b63kee</sha1>
</revision>
<revision>
<id>1411858</id>
<parentid>1411852</parentid>
<timestamp>2012-05-15T14:10:49Z</timestamp>
<contributor>
<username>Dicionarista</username>
<id>6964</id>
</contributor>
<model>wikitext</model>
<format>text/x-wiki</format>
<text bytes="2805" xml:space="preserve">={{-pt-}}=
==Substantivo==
{{proparoxítona|ja|ní|ci|pe}} {{2g}}
# {{escopoCatLang|Medicina|pt}} [[nome]] [[dar|dado]] [[por]] [[w:Étienne Geoffroy Saint-Hilaire|Geoffroy]] [[aos]] [[monstro|monstros]] [[que]] [[ter|têm]] [[dois]] [[corpo|corpos]] [[intimamente]] [[unido|unidos]] [[por]] [[cima]] [[do]] [[umbigo]] [[comum]], [[e]] [[uma]] [[cabeça]] [[duplo|dupla]] [[com]] [[duas]] [[face|faces]] [[diretamente]] [[oposto|opostas]]; [[janicípite]]; [[janicéfalo]]
#: '''Nota''': também se usa o ''plural'', '''''[[janícipes]]'''''
#:: ''e.g. o monstro &lt;u&gt;janícipes&lt;/u&gt;''
==Etimologia==
: de ''[[Jano]]'' + ''[[-i-]]'' + ''[[-cipe]]''
:: Datação: [http://books.google.com.br/books?id=WBUTAAAAYAAJ '''1864'''] [ ocorrência: ''Janicipes'' ]
==Ver também==
==={{-ref-}}===
{{verTambém.Ini}}
* CANTO, Manuel do; VALDEZ, Castro Mascarenhas. [http://books.google.com.br/books?id=WBUTAAAAYAAJ Diccionario español-portugués, Tomo Segundo] [[w:Lisboa|Lisboa]]: Imprenta nacional, [[w:1864|1864]].
* [[w:Dicionário_Houaiss_da_Língua_Portuguesa|Dicionário Houaiss da Língua Portuguesa]].
* [http://books.google.com.br/books?id=Tt8EAAAAYAAJ&amp;pgis=1 Grande enciclopédia portuguesa e brasileira] Editorial Enciclopédia, [[w:1950|1950]].
* [http://aulete.uol.com.br/site.php?mdl=aulete_digital&amp;op=loadVerbete&amp;pesquisa=1&amp;palavra=jan%EDcipe iDicionário Aulete]
* [http://michaelis.uol.com.br/moderno/portugues/index.php?lingua=portugues-portugues&amp;palavra=jan%EDcipe Michaelis Moderno Dicionário da Língua Portuguesa]
* [http://books.google.com.br/books?id=mOZiAAAAMAAJ Nôvo dicionário brasileiro ilustrado] [[w:Editora_Melhoramentos|Melhoramentos]], [[w:1961|1961]].
* [http://www.portaldalinguaportuguesa.org/simplesearch.php?sel=exact&amp;action=simplesearch&amp;base=form&amp;sel=exact&amp;query=jan%C3%ADcipe Portal da Língua Portuguesa (MorDebe)]
{{verTambém.Fim}}

[[Categoria:Substantivo (Português)]]
[[Categoria:Vocábulo com etimologia (Português)]]
[[Categoria:Século XIX (Português)]]

={{-es-}}=
==Substantivo==
'''janícipe''' ''masculino''
# [[janícipe#Português|janícipe]]
==Etimologia==
: Datação: [http://books.google.com.br/books?id=Yk9JObeAh78C '''1852'''] [ ocorrência: ''janiceps'' ]
:: [http://books.google.com.br/books?id=WBUTAAAAYAAJ 1864] ''janícipe''
==Ver também==
==={{-ref-}}===
{{verTambém.Ini}}
* CANTO, Manuel do; VALDEZ, Castro Mascarenhas. [http://books.google.com.br/books?id=WBUTAAAAYAAJ Diccionario español-portugués] [[w:Lisboa|Lisboa]]: Imprenta nacional, [[w:1864|1864]].
* DOMÍNGUEZ, R. J. [http://books.google.com.br/books?id=Yk9JObeAh78C Compendio del Diccionario Nacional de la lengua española] [[w:Madrid|Madrid]]: Tip. de P. Mellado, [[w:1852|1852]].
{{verTambém.Fim}}

[[Categoria:Substantivo (Espanhol)]]
[[Categoria:Século XIX (Espanhol)]]</text>
<sha1>1toivtjo9if9yr07eoibqwxw32o3i2c</sha1>
</revision>
<revision>
<id>1411876</id>
<parentid>1411858</parentid>
<timestamp>2012-05-15T14:33:39Z</timestamp>
<contributor>
<username>Dicionarista</username>
<id>6964</id>
</contributor>
<comment>/* {{-ref-}} */</comment>
<model>wikitext</model>
<format>text/x-wiki</format>
<text bytes="2506" xml:space="preserve">={{-pt-}}=
==Substantivo==
{{proparoxítona|ja|ní|ci|pe}} {{2g}}
# {{escopoCatLang|Medicina|pt}} [[nome]] [[dar|dado]] [[por]] [[w:Étienne Geoffroy Saint-Hilaire|Geoffroy]] [[aos]] [[monstro|monstros]] [[que]] [[ter|têm]] [[dois]] [[corpo|corpos]] [[intimamente]] [[unido|unidos]] [[por]] [[cima]] [[do]] [[umbigo]] [[comum]], [[e]] [[uma]] [[cabeça]] [[duplo|dupla]] [[com]] [[duas]] [[face|faces]] [[diretamente]] [[oposto|opostas]]; [[janicípite]]; [[janicéfalo]]
#: '''Nota''': também se usa o ''plural'', '''''[[janícipes]]'''''
#:: ''e.g. o monstro &lt;u&gt;janícipes&lt;/u&gt;''
==Etimologia==
: de ''[[Jano]]'' + ''[[-i-]]'' + ''[[-cipe]]''
:: Datação: [http://books.google.com.br/books?id=WBUTAAAAYAAJ '''1864'''] [ ocorrência: ''Janicipes'' ]
==Ver também==
==={{-ref-}}===
{{verTambém.Ini}}
* CANTO, Manuel do; VALDEZ, Castro Mascarenhas. [http://books.google.com.br/books?id=WBUTAAAAYAAJ Diccionario español-portugués, Tomo Segundo] [[w:Lisboa|Lisboa]]: Imprenta nacional, [[w:1864|1864]].
* [[w:Dicionário_Houaiss_da_Língua_Portuguesa|Dicionário Houaiss da Língua Portuguesa]].
* [http://aulete.uol.com.br/site.php?mdl=aulete_digital&amp;op=loadVerbete&amp;pesquisa=1&amp;palavra=jan%EDcipe iDicionário Aulete]
* [http://michaelis.uol.com.br/moderno/portugues/index.php?lingua=portugues-portugues&amp;palavra=jan%EDcipe Michaelis Moderno Dicionário da Língua Portuguesa]
* [http://www.portaldalinguaportuguesa.org/simplesearch.php?sel=exact&amp;action=simplesearch&amp;base=form&amp;sel=exact&amp;query=jan%C3%ADcipe Portal da Língua Portuguesa (MorDebe)]
{{verTambém.Fim}}

[[Categoria:Substantivo (Português)]]
[[Categoria:Vocábulo com etimologia (Português)]]
[[Categoria:Século XIX (Português)]]

={{-es-}}=
==Substantivo==
'''janícipe''' ''masculino''
# [[janícipe#Português|janícipe]]
==Etimologia==
: Datação: [http://books.google.com.br/books?id=Yk9JObeAh78C '''1852'''] [ ocorrência: ''janiceps'' ]
:: [http://books.google.com.br/books?id=WBUTAAAAYAAJ 1864] ''janícipe''
==Ver também==
==={{-ref-}}===
{{verTambém.Ini}}
* CANTO, Manuel do; VALDEZ, Castro Mascarenhas. [http://books.google.com.br/books?id=WBUTAAAAYAAJ Diccionario español-portugués] [[w:Lisboa|Lisboa]]: Imprenta nacional, [[w:1864|1864]].
* DOMÍNGUEZ, R. J. [http://books.google.com.br/books?id=Yk9JObeAh78C Compendio del Diccionario Nacional de la lengua española] [[w:Madrid|Madrid]]: Tip. de P. Mellado, [[w:1852|1852]].
{{verTambém.Fim}}

[[Categoria:Substantivo (Espanhol)]]
[[Categoria:Século XIX (Espanhol)]]</text>
<sha1>blvem4evik25qy6pigxp1zkcg7e6xtz</sha1>
</revision>
<revision>
<id>1411879</id>
<parentid>1411876</parentid>
<timestamp>2012-05-15T14:43:09Z</timestamp>
<contributor>
<username>Dicionarista</username>
<id>6964</id>
</contributor>
<model>wikitext</model>
<format>text/x-wiki</format>
<text bytes="2508" xml:space="preserve">={{-pt-}}=
==Substantivo==
{{proparoxítona|ja|ní|ci|pe}} {{2g}}
# {{escopoCatLang|Fisiologia|pt}} [[nome]] [[dar|dado]] [[por]] [[w:Étienne Geoffroy Saint-Hilaire|Geoffroy]] [[aos]] [[monstro|monstros]] [[que]] [[ter|têm]] [[dois]] [[corpo|corpos]] [[intimamente]] [[unido|unidos]] [[por]] [[cima]] [[do]] [[umbigo]] [[comum]], [[e]] [[uma]] [[cabeça]] [[duplo|dupla]] [[com]] [[duas]] [[face|faces]] [[diretamente]] [[oposto|opostas]]; [[janicípite]]; [[janicéfalo]]
#: '''Nota''': também se usa o ''plural'', '''''[[janícipes]]'''''
#:: ''e.g. o monstro &lt;u&gt;janícipes&lt;/u&gt;''
==Etimologia==
: de ''[[Jano]]'' + ''[[-i-]]'' + ''[[-cipe]]''
:: Datação: [http://books.google.com.br/books?id=WBUTAAAAYAAJ '''1864'''] [ ocorrência: ''Janicipes'' ]
==Ver também==
==={{-ref-}}===
{{verTambém.Ini}}
* CANTO, Manuel do; VALDEZ, Castro Mascarenhas. [http://books.google.com.br/books?id=WBUTAAAAYAAJ Diccionario español-portugués, Tomo Segundo] [[w:Lisboa|Lisboa]]: Imprenta nacional, [[w:1864|1864]].
* [[w:Dicionário_Houaiss_da_Língua_Portuguesa|Dicionário Houaiss da Língua Portuguesa]].
* [http://aulete.uol.com.br/site.php?mdl=aulete_digital&amp;op=loadVerbete&amp;pesquisa=1&amp;palavra=jan%EDcipe iDicionário Aulete]
* [http://michaelis.uol.com.br/moderno/portugues/index.php?lingua=portugues-portugues&amp;palavra=jan%EDcipe Michaelis Moderno Dicionário da Língua Portuguesa]
* [http://www.portaldalinguaportuguesa.org/simplesearch.php?sel=exact&amp;action=simplesearch&amp;base=form&amp;sel=exact&amp;query=jan%C3%ADcipe Portal da Língua Portuguesa (MorDebe)]
{{verTambém.Fim}}

[[Categoria:Substantivo (Português)]]
[[Categoria:Vocábulo com etimologia (Português)]]
[[Categoria:Século XIX (Português)]]

={{-es-}}=
==Substantivo==
'''janícipe''' ''masculino''
# [[janícipe#Português|janícipe]]
==Etimologia==
: Datação: [http://books.google.com.br/books?id=Yk9JObeAh78C '''1852'''] [ ocorrência: ''janiceps'' ]
:: [http://books.google.com.br/books?id=WBUTAAAAYAAJ 1864] ''janícipe''
==Ver também==
==={{-ref-}}===
{{verTambém.Ini}}
* CANTO, Manuel do; VALDEZ, Castro Mascarenhas. [http://books.google.com.br/books?id=WBUTAAAAYAAJ Diccionario español-portugués] [[w:Lisboa|Lisboa]]: Imprenta nacional, [[w:1864|1864]].
* DOMÍNGUEZ, R. J. [http://books.google.com.br/books?id=Yk9JObeAh78C Compendio del Diccionario Nacional de la lengua española] [[w:Madrid|Madrid]]: Tip. de P. Mellado, [[w:1852|1852]].
{{verTambém.Fim}}

[[Categoria:Substantivo (Espanhol)]]
[[Categoria:Século XIX (Espanhol)]]</text>
<sha1>szx6oj0enfszt4nkb0ly85ps9pc78vc</sha1>
</revision>
<revision>
<id>1412047</id>
<parentid>1411879</parentid>
<timestamp>2012-05-15T19:05:39Z</timestamp>
<contributor>
<username>Dicionarista</username>
<id>6964</id>
</contributor>
<model>wikitext</model>
<format>text/x-wiki</format>
<text bytes="2509" xml:space="preserve">={{-pt-}}=
==Substantivo==
{{proparoxítona|ja|ní|ci|pe}} {{2g}}
# {{escopoCatLang|Teratologia|pt}} [[nome]] [[dar|dado]] [[por]] [[w:Étienne Geoffroy Saint-Hilaire|Geoffroy]] [[aos]] [[monstro|monstros]] [[que]] [[ter|têm]] [[dois]] [[corpo|corpos]] [[intimamente]] [[unido|unidos]] [[por]] [[cima]] [[do]] [[umbigo]] [[comum]], [[e]] [[uma]] [[cabeça]] [[duplo|dupla]] [[com]] [[duas]] [[face|faces]] [[diretamente]] [[oposto|opostas]]; [[janicípite]]; [[janicéfalo]]
#: '''Nota''': também se usa o ''plural'', '''''[[janícipes]]'''''
#:: ''e.g. o monstro &lt;u&gt;janícipes&lt;/u&gt;''
==Etimologia==
: de ''[[Jano]]'' + ''[[-i-]]'' + ''[[-cipe]]''
:: Datação: [http://books.google.com.br/books?id=WBUTAAAAYAAJ '''1864'''] [ ocorrência: ''Janicipes'' ]
==Ver também==
==={{-ref-}}===
{{verTambém.Ini}}
* CANTO, Manuel do; VALDEZ, Castro Mascarenhas. [http://books.google.com.br/books?id=WBUTAAAAYAAJ Diccionario español-portugués, Tomo Segundo] [[w:Lisboa|Lisboa]]: Imprenta nacional, [[w:1864|1864]].
* [[w:Dicionário_Houaiss_da_Língua_Portuguesa|Dicionário Houaiss da Língua Portuguesa]].
* [http://aulete.uol.com.br/site.php?mdl=aulete_digital&amp;op=loadVerbete&amp;pesquisa=1&amp;palavra=jan%EDcipe iDicionário Aulete]
* [http://michaelis.uol.com.br/moderno/portugues/index.php?lingua=portugues-portugues&amp;palavra=jan%EDcipe Michaelis Moderno Dicionário da Língua Portuguesa]
* [http://www.portaldalinguaportuguesa.org/simplesearch.php?sel=exact&amp;action=simplesearch&amp;base=form&amp;sel=exact&amp;query=jan%C3%ADcipe Portal da Língua Portuguesa (MorDebe)]
{{verTambém.Fim}}

[[Categoria:Substantivo (Português)]]
[[Categoria:Vocábulo com etimologia (Português)]]
[[Categoria:Século XIX (Português)]]

={{-es-}}=
==Substantivo==
'''janícipe''' ''masculino''
# [[janícipe#Português|janícipe]]
==Etimologia==
: Datação: [http://books.google.com.br/books?id=Yk9JObeAh78C '''1852'''] [ ocorrência: ''janiceps'' ]
:: [http://books.google.com.br/books?id=WBUTAAAAYAAJ 1864] ''janícipe''
==Ver também==
==={{-ref-}}===
{{verTambém.Ini}}
* CANTO, Manuel do; VALDEZ, Castro Mascarenhas. [http://books.google.com.br/books?id=WBUTAAAAYAAJ Diccionario español-portugués] [[w:Lisboa|Lisboa]]: Imprenta nacional, [[w:1864|1864]].
* DOMÍNGUEZ, R. J. [http://books.google.com.br/books?id=Yk9JObeAh78C Compendio del Diccionario Nacional de la lengua española] [[w:Madrid|Madrid]]: Tip. de P. Mellado, [[w:1852|1852]].
{{verTambém.Fim}}

[[Categoria:Substantivo (Espanhol)]]
[[Categoria:Século XIX (Espanhol)]]</text>
<sha1>8qcdhyv4kcrmgrotw7sgs1l57gp7ful</sha1>
</revision>
<revision>
<id>1412066</id>
<parentid>1412047</parentid>
<timestamp>2012-05-15T20:06:37Z</timestamp>
<contributor>
<username>Dicionarista</username>
<id>6964</id>
</contributor>
<model>wikitext</model>
<format>text/x-wiki</format>
<text bytes="2542" xml:space="preserve">={{-pt-}}=
==Substantivo==
{{proparoxítona|ja|ní|ci|pe}} {{2g}}
# {{escopoCatLang|Teratologia|pt}} [[nome]] [[dar|dado]] [[por]] [[w:Étienne Geoffroy Saint-Hilaire|Geoffroy]] [[aos]] [[monstro|monstros]] [[que]] [[ter|têm]] [[dois]] [[corpo|corpos]] [[intimamente]] [[unido|unidos]] [[por]] [[cima]] [[do]] [[umbigo]] [[comum]], [[e]] [[uma]] [[cabeça]] [[duplo|dupla]] [[com]] [[duas]] [[face|faces]] [[diretamente]] [[oposto|opostas]]; [[janicípite]]; [[janicéfalo]]
#: '''Nota''': também se usa o ''plural'', '''''[[janícipes]]'''''
#:: ''e.g. o monstro &lt;u&gt;janícipes&lt;/u&gt;''
==Etimologia==
: de ''[[Jano]]'' + ''[[-i-]]'' + ''[[-cipe]]''
:: Datação: [http://books.google.com.br/books?id=WBUTAAAAYAAJ '''1864'''] [ ocorrência: ''Janicipes'' ]
==Ver também==
==={{-ref-}}===
{{verTambém.Ini}}
* CANTO, Manuel do; VALDEZ, Castro Mascarenhas. [http://books.google.com.br/books?id=WBUTAAAAYAAJ Diccionario español-portugués, Tomo Segundo] [[w:Lisboa|Lisboa]]: Imprenta nacional, [[w:1864|1864]].
* [[w:Dicionário_Houaiss_da_Língua_Portuguesa|Dicionário Houaiss da Língua Portuguesa]].
* [http://aulete.uol.com.br/site.php?mdl=aulete_digital&amp;op=loadVerbete&amp;pesquisa=1&amp;palavra=jan%EDcipe iDicionário Aulete]
* [http://michaelis.uol.com.br/moderno/portugues/index.php?lingua=portugues-portugues&amp;palavra=jan%EDcipe Michaelis Moderno Dicionário da Língua Portuguesa]
* [http://www.portaldalinguaportuguesa.org/simplesearch.php?sel=exact&amp;action=simplesearch&amp;base=form&amp;sel=exact&amp;query=jan%C3%ADcipe Portal da Língua Portuguesa (MorDebe)]
{{verTambém.Fim}}

[[Categoria:Substantivo (Português)]]
[[Categoria:Vocábulo com etimologia (Português)]]
[[Categoria:Século XIX (Português)]]

={{-es-}}=
==Substantivo==
'''janícipe''' ''masculino''
# {{escopoCatLang|Teratologia|es}} [[janícipe#Português|janícipe]]
==Etimologia==
: Datação: [http://books.google.com.br/books?id=Yk9JObeAh78C '''1852'''] [ ocorrência: ''janiceps'' ]
:: [http://books.google.com.br/books?id=WBUTAAAAYAAJ 1864] ''janícipe''
==Ver também==
==={{-ref-}}===
{{verTambém.Ini}}
* CANTO, Manuel do; VALDEZ, Castro Mascarenhas. [http://books.google.com.br/books?id=WBUTAAAAYAAJ Diccionario español-portugués] [[w:Lisboa|Lisboa]]: Imprenta nacional, [[w:1864|1864]].
* DOMÍNGUEZ, R. J. [http://books.google.com.br/books?id=Yk9JObeAh78C Compendio del Diccionario Nacional de la lengua española] [[w:Madrid|Madrid]]: Tip. de P. Mellado, [[w:1852|1852]].
{{verTambém.Fim}}

[[Categoria:Substantivo (Espanhol)]]
[[Categoria:Século XIX (Espanhol)]]</text>
<sha1>82ku4q4nfkpopzhu9z2bzzr61g92tta</sha1>
</revision>
<revision>
<id>1419035</id>
<parentid>1412066</parentid>
<timestamp>2012-06-09T22:38:36Z</timestamp>
<contributor>
<username>Dicionarista</username>
<id>6964</id>
</contributor>
<comment>/* Ver também */</comment>
<model>wikitext</model>
<format>text/x-wiki</format>
<text bytes="2684" xml:space="preserve">={{-pt-}}=
==Substantivo==
{{proparoxítona|ja|ní|ci|pe}} {{2g}}
# {{escopoCatLang|Teratologia|pt}} [[nome]] [[dar|dado]] [[por]] [[w:Étienne Geoffroy Saint-Hilaire|Geoffroy]] [[aos]] [[monstro|monstros]] [[que]] [[ter|têm]] [[dois]] [[corpo|corpos]] [[intimamente]] [[unido|unidos]] [[por]] [[cima]] [[do]] [[umbigo]] [[comum]], [[e]] [[uma]] [[cabeça]] [[duplo|dupla]] [[com]] [[duas]] [[face|faces]] [[diretamente]] [[oposto|opostas]]; [[janicípite]]; [[janicéfalo]]
#: '''Nota''': também se usa o ''plural'', '''''[[janícipes]]'''''
#:: ''e.g. o monstro &lt;u&gt;janícipes&lt;/u&gt;''
==Etimologia==
: de ''[[Jano]]'' + ''[[-i-]]'' + ''[[-cipe]]''
:: Datação: [http://books.google.com.br/books?id=WBUTAAAAYAAJ '''1864'''] [ ocorrência: ''Janicipes'' ]
==Ver também==
==={{-ref-}}===
{{verTambém.Ini}}
* CANTO, Manuel do; VALDEZ, Castro Mascarenhas. [http://books.google.com.br/books?id=WBUTAAAAYAAJ Diccionario español-portugués, Tomo Segundo] [[w:Lisboa|Lisboa]]: Imprenta nacional, [[w:1864|1864]].
* [[w:Dicionário_Houaiss_da_Língua_Portuguesa|Dicionário Houaiss da Língua Portuguesa]].
* [http://aulete.uol.com.br/site.php?mdl=aulete_digital&amp;op=loadVerbete&amp;pesquisa=1&amp;palavra=jan%EDcipe iDicionário Aulete]
* [http://michaelis.uol.com.br/moderno/portugues/index.php?lingua=portugues-portugues&amp;palavra=jan%EDcipe Michaelis Moderno Dicionário da Língua Portuguesa]
* [http://www.portaldalinguaportuguesa.org/simplesearch.php?sel=exact&amp;action=simplesearch&amp;base=form&amp;sel=exact&amp;query=jan%C3%ADcipe Portal da Língua Portuguesa (MorDebe)]
{{verTambém.Fim}}
===Ligações externas===
{{verTambém.Ini}}
* [http://pt.forvo.com/word/jan%C3%ADcipe/#pt Forvo: pronúncia de janícipe]
{{verTambém.Fim}}

[[Categoria:Substantivo (Português)]]
[[Categoria:Vocábulo com etimologia (Português)]]
[[Categoria:Século XIX (Português)]]

={{-es-}}=
==Substantivo==
'''janícipe''' ''masculino''
# {{escopoCatLang|Teratologia|es}} [[janícipe#Português|janícipe]]
==Etimologia==
: Datação: [http://books.google.com.br/books?id=Yk9JObeAh78C '''1852'''] [ ocorrência: ''janiceps'' ]
:: [http://books.google.com.br/books?id=WBUTAAAAYAAJ 1864] ''janícipe''
==Ver também==
==={{-ref-}}===
{{verTambém.Ini}}
* CANTO, Manuel do; VALDEZ, Castro Mascarenhas. [http://books.google.com.br/books?id=WBUTAAAAYAAJ Diccionario español-portugués] [[w:Lisboa|Lisboa]]: Imprenta nacional, [[w:1864|1864]].
* DOMÍNGUEZ, R. J. [http://books.google.com.br/books?id=Yk9JObeAh78C Compendio del Diccionario Nacional de la lengua española] [[w:Madrid|Madrid]]: Tip. de P. Mellado, [[w:1852|1852]].
{{verTambém.Fim}}

[[Categoria:Substantivo (Espanhol)]]
[[Categoria:Século XIX (Espanhol)]]</text>
<sha1>djghk7y48g4h00r15udxzztmvnyhrmn</sha1>
</revision>
<revision>
<id>1529598</id>
<parentid>1419035</parentid>
<timestamp>2012-11-28T12:17:49Z</timestamp>
<contributor>
<username>VJBot</username>
<id>33673</id>
</contributor>
<minor />
<comment>Robô: Substituição de texto automática  (-{{-ref-}} +Referências)</comment>
<model>wikitext</model>
<format>text/x-wiki</format>
<text bytes="2690" xml:space="preserve">={{-pt-}}=
==Substantivo==
{{proparoxítona|ja|ní|ci|pe}} {{2g}}
# {{escopoCatLang|Teratologia|pt}} [[nome]] [[dar|dado]] [[por]] [[w:Étienne Geoffroy Saint-Hilaire|Geoffroy]] [[aos]] [[monstro|monstros]] [[que]] [[ter|têm]] [[dois]] [[corpo|corpos]] [[intimamente]] [[unido|unidos]] [[por]] [[cima]] [[do]] [[umbigo]] [[comum]], [[e]] [[uma]] [[cabeça]] [[duplo|dupla]] [[com]] [[duas]] [[face|faces]] [[diretamente]] [[oposto|opostas]]; [[janicípite]]; [[janicéfalo]]
#: '''Nota''': também se usa o ''plural'', '''''[[janícipes]]'''''
#:: ''e.g. o monstro &lt;u&gt;janícipes&lt;/u&gt;''
==Etimologia==
: de ''[[Jano]]'' + ''[[-i-]]'' + ''[[-cipe]]''
:: Datação: [http://books.google.com.br/books?id=WBUTAAAAYAAJ '''1864'''] [ ocorrência: ''Janicipes'' ]
==Ver também==
===Referências===
{{verTambém.Ini}}
* CANTO, Manuel do; VALDEZ, Castro Mascarenhas. [http://books.google.com.br/books?id=WBUTAAAAYAAJ Diccionario español-portugués, Tomo Segundo] [[w:Lisboa|Lisboa]]: Imprenta nacional, [[w:1864|1864]].
* [[w:Dicionário_Houaiss_da_Língua_Portuguesa|Dicionário Houaiss da Língua Portuguesa]].
* [http://aulete.uol.com.br/site.php?mdl=aulete_digital&amp;op=loadVerbete&amp;pesquisa=1&amp;palavra=jan%EDcipe iDicionário Aulete]
* [http://michaelis.uol.com.br/moderno/portugues/index.php?lingua=portugues-portugues&amp;palavra=jan%EDcipe Michaelis Moderno Dicionário da Língua Portuguesa]
* [http://www.portaldalinguaportuguesa.org/simplesearch.php?sel=exact&amp;action=simplesearch&amp;base=form&amp;sel=exact&amp;query=jan%C3%ADcipe Portal da Língua Portuguesa (MorDebe)]
{{verTambém.Fim}}
===Ligações externas===
{{verTambém.Ini}}
* [http://pt.forvo.com/word/jan%C3%ADcipe/#pt Forvo: pronúncia de janícipe]
{{verTambém.Fim}}

[[Categoria:Substantivo (Português)]]
[[Categoria:Vocábulo com etimologia (Português)]]
[[Categoria:Século XIX (Português)]]

={{-es-}}=
==Substantivo==
'''janícipe''' ''masculino''
# {{escopoCatLang|Teratologia|es}} [[janícipe#Português|janícipe]]
==Etimologia==
: Datação: [http://books.google.com.br/books?id=Yk9JObeAh78C '''1852'''] [ ocorrência: ''janiceps'' ]
:: [http://books.google.com.br/books?id=WBUTAAAAYAAJ 1864] ''janícipe''
==Ver também==
===Referências===
{{verTambém.Ini}}
* CANTO, Manuel do; VALDEZ, Castro Mascarenhas. [http://books.google.com.br/books?id=WBUTAAAAYAAJ Diccionario español-portugués] [[w:Lisboa|Lisboa]]: Imprenta nacional, [[w:1864|1864]].
* DOMÍNGUEZ, R. J. [http://books.google.com.br/books?id=Yk9JObeAh78C Compendio del Diccionario Nacional de la lengua española] [[w:Madrid|Madrid]]: Tip. de P. Mellado, [[w:1852|1852]].
{{verTambém.Fim}}

[[Categoria:Substantivo (Espanhol)]]
[[Categoria:Século XIX (Espanhol)]]</text>
<sha1>00f6mqcnrtc0xytlzr7qe7vpmc7vb0v</sha1>
</revision>
<revision>
<id>1601142</id>
<parentid>1529598</parentid>
<timestamp>2013-01-19T16:11:02Z</timestamp>
<contributor>
<username>MalafayaBot</username>
<id>628</id>
</contributor>
<minor />
<comment>Robô: A modificar Categoria:Vocábulo com etimologia (Português) para Categoria:Entrada com etimologia (Português)</comment>
<model>wikitext</model>
<format>text/x-wiki</format>
<text bytes="2688" xml:space="preserve">={{-pt-}}=
==Substantivo==
{{proparoxítona|ja|ní|ci|pe}} {{2g}}
# {{escopoCatLang|Teratologia|pt}} [[nome]] [[dar|dado]] [[por]] [[w:Étienne Geoffroy Saint-Hilaire|Geoffroy]] [[aos]] [[monstro|monstros]] [[que]] [[ter|têm]] [[dois]] [[corpo|corpos]] [[intimamente]] [[unido|unidos]] [[por]] [[cima]] [[do]] [[umbigo]] [[comum]], [[e]] [[uma]] [[cabeça]] [[duplo|dupla]] [[com]] [[duas]] [[face|faces]] [[diretamente]] [[oposto|opostas]]; [[janicípite]]; [[janicéfalo]]
#: '''Nota''': também se usa o ''plural'', '''''[[janícipes]]'''''
#:: ''e.g. o monstro &lt;u&gt;janícipes&lt;/u&gt;''
==Etimologia==
: de ''[[Jano]]'' + ''[[-i-]]'' + ''[[-cipe]]''
:: Datação: [http://books.google.com.br/books?id=WBUTAAAAYAAJ '''1864'''] [ ocorrência: ''Janicipes'' ]
==Ver também==
===Referências===
{{verTambém.Ini}}
* CANTO, Manuel do; VALDEZ, Castro Mascarenhas. [http://books.google.com.br/books?id=WBUTAAAAYAAJ Diccionario español-portugués, Tomo Segundo] [[w:Lisboa|Lisboa]]: Imprenta nacional, [[w:1864|1864]].
* [[w:Dicionário_Houaiss_da_Língua_Portuguesa|Dicionário Houaiss da Língua Portuguesa]].
* [http://aulete.uol.com.br/site.php?mdl=aulete_digital&amp;op=loadVerbete&amp;pesquisa=1&amp;palavra=jan%EDcipe iDicionário Aulete]
* [http://michaelis.uol.com.br/moderno/portugues/index.php?lingua=portugues-portugues&amp;palavra=jan%EDcipe Michaelis Moderno Dicionário da Língua Portuguesa]
* [http://www.portaldalinguaportuguesa.org/simplesearch.php?sel=exact&amp;action=simplesearch&amp;base=form&amp;sel=exact&amp;query=jan%C3%ADcipe Portal da Língua Portuguesa (MorDebe)]
{{verTambém.Fim}}
===Ligações externas===
{{verTambém.Ini}}
* [http://pt.forvo.com/word/jan%C3%ADcipe/#pt Forvo: pronúncia de janícipe]
{{verTambém.Fim}}

[[Categoria:Substantivo (Português)]]
[[Categoria:Entrada com etimologia (Português)]]
[[Categoria:Século XIX (Português)]]

={{-es-}}=
==Substantivo==
'''janícipe''' ''masculino''
# {{escopoCatLang|Teratologia|es}} [[janícipe#Português|janícipe]]
==Etimologia==
: Datação: [http://books.google.com.br/books?id=Yk9JObeAh78C '''1852'''] [ ocorrência: ''janiceps'' ]
:: [http://books.google.com.br/books?id=WBUTAAAAYAAJ 1864] ''janícipe''
==Ver também==
===Referências===
{{verTambém.Ini}}
* CANTO, Manuel do; VALDEZ, Castro Mascarenhas. [http://books.google.com.br/books?id=WBUTAAAAYAAJ Diccionario español-portugués] [[w:Lisboa|Lisboa]]: Imprenta nacional, [[w:1864|1864]].
* DOMÍNGUEZ, R. J. [http://books.google.com.br/books?id=Yk9JObeAh78C Compendio del Diccionario Nacional de la lengua española] [[w:Madrid|Madrid]]: Tip. de P. Mellado, [[w:1852|1852]].
{{verTambém.Fim}}

[[Categoria:Substantivo (Espanhol)]]
[[Categoria:Século XIX (Espanhol)]]</text>
<sha1>tcmzkllbabfkxniqcxutc09az8txqyh</sha1>
</revision>
<revision>
<id>1817027</id>
<parentid>1601142</parentid>
<timestamp>2014-03-31T13:35:06Z</timestamp>
<contributor>
<username>AlchemistOfJoy</username>
<id>33226</id>
</contributor>
<minor />
<comment>Cat. (escopoCatLang) desnecessária removida; +escopoCatLang|Medicina; excesso de ligações corrigido</comment>
<model>wikitext</model>
<format>text/x-wiki</format>
<text bytes="2630" xml:space="preserve">={{-pt-}}=
==Substantivo==
{{proparoxítona|ja|ní|ci|pe}} {{2g}}
# {{escopo|Teratologia}}, {{escopoCatLang|Medicina|pt}} [[nome]] dado por [[w:Étienne Geoffroy Saint-Hilaire|Geoffroy]] aos [[monstro|monstros]] que têm [[dois]] corpos [[intimamente]] unidos por [[cima]] do [[umbigo]] [[comum]], e uma cabeça [[duplo|dupla]] com duas faces diretamente opostas; [[janicípite]]; [[janicéfalo]]
#: '''Nota''': também se usa o ''plural'', '''''[[janícipes]]'''''
#:: ''e.g. o monstro &lt;u&gt;janícipes&lt;/u&gt;''
==Etimologia==
: de ''[[Jano]]'' + ''[[-i-]]'' + ''[[-cipe]]''
:: Datação: [http://books.google.com.br/books?id=WBUTAAAAYAAJ '''1864'''] [ ocorrência: ''Janicipes'' ]
==Ver também==
===Referências===
{{verTambém.Ini}}
* CANTO, Manuel do; VALDEZ, Castro Mascarenhas. [http://books.google.com.br/books?id=WBUTAAAAYAAJ Diccionario español-portugués, Tomo Segundo] [[w:Lisboa|Lisboa]]: Imprenta nacional, [[w:1864|1864]].
* [[w:Dicionário_Houaiss_da_Língua_Portuguesa|Dicionário Houaiss da Língua Portuguesa]].
* [http://aulete.uol.com.br/site.php?mdl=aulete_digital&amp;op=loadVerbete&amp;pesquisa=1&amp;palavra=jan%EDcipe iDicionário Aulete]
* [http://michaelis.uol.com.br/moderno/portugues/index.php?lingua=portugues-portugues&amp;palavra=jan%EDcipe Michaelis Moderno Dicionário da Língua Portuguesa]
* [http://www.portaldalinguaportuguesa.org/simplesearch.php?sel=exact&amp;action=simplesearch&amp;base=form&amp;sel=exact&amp;query=jan%C3%ADcipe Portal da Língua Portuguesa (MorDebe)]
{{verTambém.Fim}}
===Ligações externas===
{{verTambém.Ini}}
* [http://pt.forvo.com/word/jan%C3%ADcipe/#pt Forvo: pronúncia de janícipe]
{{verTambém.Fim}}

[[Categoria:Substantivo (Português)]]
[[Categoria:Entrada com etimologia (Português)]]
[[Categoria:Século XIX (Português)]]

={{-es-}}=
==Substantivo==
'''janícipe''' ''masculino''
# {{escopo|Teratologia}}, {{escopoCatLang|Medicina|es}} [[janícipe#Português|janícipe]]
==Etimologia==
: Datação: [http://books.google.com.br/books?id=Yk9JObeAh78C '''1852'''] [ ocorrência: ''janiceps'' ]
:: [http://books.google.com.br/books?id=WBUTAAAAYAAJ 1864] ''janícipe''
==Ver também==
===Referências===
{{verTambém.Ini}}
* CANTO, Manuel do; VALDEZ, Castro Mascarenhas. [http://books.google.com.br/books?id=WBUTAAAAYAAJ Diccionario español-portugués] [[w:Lisboa|Lisboa]]: Imprenta nacional, [[w:1864|1864]].
* DOMÍNGUEZ, R. J. [http://books.google.com.br/books?id=Yk9JObeAh78C Compendio del Diccionario Nacional de la lengua española] [[w:Madrid|Madrid]]: Tip. de P. Mellado, [[w:1852|1852]].
{{verTambém.Fim}}

[[Categoria:Substantivo (Espanhol)]]
[[Categoria:Século XIX (Espanhol)]]</text>
<sha1>4iodoby5daadr1eggvd9dzsawvr0ps4</sha1>
</revision>
<revision>
<id>1817036</id>
<parentid>1817027</parentid>
<timestamp>2014-03-31T13:58:14Z</timestamp>
<contributor>
<username>AlchemistOfJoy</username>
<id>33226</id>
</contributor>
<minor />
<comment>datações remanejadas</comment>
<model>wikitext</model>
<format>text/x-wiki</format>
<text bytes="2724" xml:space="preserve">={{-pt-}}=
==Substantivo==
{{proparoxítona|ja|ní|ci|pe}}, {{2g}}, {{datação|1898}}&lt;ref&gt;Datação: [http://books.google.com.br/books?id=WBUTAAAAYAAJ '''1864''']&lt;/ref&gt;
# {{escopo|Teratologia}}, {{escopoCatLang|Medicina|pt}} [[nome]] dado por [[w:Étienne Geoffroy Saint-Hilaire|Geoffroy]] aos [[monstro|monstros]] que têm [[dois]] corpos [[intimamente]] unidos por [[cima]] do [[umbigo]] [[comum]], e uma cabeça [[duplo|dupla]] com duas faces diretamente opostas; [[janicípite]]; [[janicéfalo]]
#: '''Nota''': também se usa o ''plural'', '''''[[janícipes]]'''''
#:: ''e.g. o monstro &lt;u&gt;janícipes&lt;/u&gt;''

==Etimologia==
: de ''[[Jano]]'' + ''[[-i-]]'' + ''[[-cipe]].'' (Ocorrência: ''Janicipes'')

==Ligações externas==
{{verTambém.Ini}}
* CANTO, Manuel do; VALDEZ, Castro Mascarenhas. [http://books.google.com.br/books?id=WBUTAAAAYAAJ Diccionario español-portugués, Tomo Segundo] [[w:Lisboa|Lisboa]]: Imprenta nacional, [[w:1864|1864]].
* [[w:Dicionário_Houaiss_da_Língua_Portuguesa|Dicionário Houaiss da Língua Portuguesa]].
* [http://aulete.uol.com.br/site.php?mdl=aulete_digital&amp;op=loadVerbete&amp;pesquisa=1&amp;palavra=jan%EDcipe iDicionário Aulete]
&lt;!-- {{verTambém.NovaColuna}} --&gt;
* [http://michaelis.uol.com.br/moderno/portugues/index.php?lingua=portugues-portugues&amp;palavra=jan%EDcipe Michaelis Moderno Dicionário da Língua Portuguesa]
* [http://www.portaldalinguaportuguesa.org/simplesearch.php?sel=exact&amp;action=simplesearch&amp;base=form&amp;sel=exact&amp;query=jan%C3%ADcipe Portal da Língua Portuguesa (MorDebe)]
* [http://pt.forvo.com/word/jan%C3%ADcipe/#pt Forvo: pronúncia de janícipe]
{{verTambém.Fim}}

{{Referências}}

[[Categoria:Substantivo (Português)]]
[[Categoria:Entrada com etimologia (Português)]]
[[Categoria:Século XIX (Português)]]

={{-es-}}=
==Substantivo==
'''janícipe''', ''masculino'', [''Datação:'' [[w:1852|1852]],&lt;ref&gt;Datação: [http://books.google.com.br/books?id=Yk9JObeAh78C '''1852''']&lt;/ref&gt; [[w:1864|1864]]&lt;ref&gt;Datação: [http://books.google.com.br/books?id=WBUTAAAAYAAJ 1864]&lt;/ref&gt;]

# {{escopo|Teratologia}}, {{escopoCatLang|Medicina|es}} [[janícipe#Português|janícipe]]

==Etimologia==
: Ocorrência: ''janiceps.''

==Ligações externas==
{{verTambém.Ini}}
* CANTO, Manuel do; VALDEZ, Castro Mascarenhas. [http://books.google.com.br/books?id=WBUTAAAAYAAJ Diccionario español-portugués] [[w:Lisboa|Lisboa]]: Imprenta nacional, [[w:1864|1864]].
* DOMÍNGUEZ, R. J. [http://books.google.com.br/books?id=Yk9JObeAh78C Compendio del Diccionario Nacional de la lengua española] [[w:Madrid|Madrid]]: Tip. de P. Mellado, [[w:1852|1852]].
{{verTambém.Fim}}

==Referências==
&lt;references/&gt;

[[Categoria:Substantivo (Espanhol)]]
[[Categoria:Século XIX (Espanhol)]]</text>
<sha1>9hviddsv2q8lx0jmw93s17kfukc1xe0</sha1>
</revision>
<revision>
<id>2045900</id>
<parentid>1817036</parentid>
<timestamp>2015-12-08T13:53:33Z</timestamp>
<contributor>
<username>ValJor</username>
<id>1358</id>
</contributor>
<comment>Melhorando a apresentação do verbete</comment>
<model>wikitext</model>
<format>text/x-wiki</format>
<text bytes="2540" xml:space="preserve">={{-pt-}}=
==Substantivo==
{{proparoxítona|ja|ní|ci|pe}}, {{c2g}}, {{datação|1898}}&lt;ref&gt;Datação: [http://books.google.com.br/books?id=WBUTAAAAYAAJ '''1864''']&lt;/ref&gt;
# {{escopo|Teratologia}}, {{escopoCatLang|Medicina|pt}} [[nome]] dado por [[w:Étienne Geoffroy Saint-Hilaire|Geoffroy]] aos [[monstro]]s que têm [[dois]] corpos intimamente unidos por cima do [[umbigo]] [[comum]], e uma cabeça [[duplo|dupla]] com duas faces diretamente opostas; [[janicípite]]; [[janicéfalo]]
#: '''Nota''': também se usa o ''plural'', '''''[[janícipes]]'''''
#:: ''e.g. o monstro &lt;u&gt;janícipes&lt;/u&gt;''

=={{etimologia|pt}}==
: {{escopo|Morfologia}} ''[[Jano]]'' + ''[[-i-]]'' + ''[[-cipe]].'' (Ocorrência: ''Janicipes'')

==Ligações externas==
{{verTambém.Ini}}
* CANTO, Manuel do; VALDEZ, Castro Mascarenhas. [http://books.google.com.br/books?id=WBUTAAAAYAAJ Diccionario español-portugués, Tomo Segundo] [[w:Lisboa|Lisboa]]: Imprenta nacional, [[w:1864|1864]].
* [[w:Dicionário_Houaiss_da_Língua_Portuguesa|Dicionário Houaiss da Língua Portuguesa]].
* [http://www.aulete.com.br/jan%C3%ADcipe iDicionário Aulete]
* [http://michaelis.uol.com.br/moderno/portugues/index.php?lingua=portugues-portugues&amp;palavra=jan%EDcipe Michaelis Moderno Dicionário da Língua Portuguesa]
* [http://www.portaldalinguaportuguesa.org/simplesearch.php?sel=exact&amp;action=simplesearch&amp;base=form&amp;sel=exact&amp;query=jan%C3%ADcipe Portal da Língua Portuguesa (MorDebe)]
* [http://pt.forvo.com/word/jan%C3%ADcipe/#pt Forvo: pronúncia de janícipe]
{{verTambém.Fim}}

{{Referências}}

[[Categoria:Substantivo (Português)]]
[[Categoria:Século XIX (Português)]]


={{-es-}}=
==Substantivo==
'''janícipe''', ''{{m}}, [''Datação:'' [[w:1852|1852]],&lt;ref&gt;Datação: [http://books.google.com.br/books?id=Yk9JObeAh78C '''1852''']&lt;/ref&gt; [[w:1864|1864]]&lt;ref&gt;Datação: [http://books.google.com.br/books?id=WBUTAAAAYAAJ 1864]&lt;/ref&gt;]
# {{escopo|Teratologia}}, {{escopoCatLang|Medicina|es}} [[janícipe#Português|janícipe]]

==Ligações externas==
{{verTambém.Ini}}
* CANTO, Manuel do; VALDEZ, Castro Mascarenhas. [http://books.google.com.br/books?id=WBUTAAAAYAAJ Diccionario español-portugués] [[w:Lisboa|Lisboa]]: Imprenta nacional, [[w:1864|1864]].
* DOMÍNGUEZ, R. J. [http://books.google.com.br/books?id=Yk9JObeAh78C Compendio del Diccionario Nacional de la lengua española] [[w:Madrid|Madrid]]: Tip. de P. Mellado, [[w:1852|1852]].
{{verTambém.Fim}}

==Referências==
&lt;references/&gt;

[[Categoria:Substantivo (Espanhol)]]
[[Categoria:Século XIX (Espanhol)]]</text>
<sha1>4h2zbwlaovp40snu4zxmt4yi94sojmz</sha1>
</revision>
<revision>
<id>2191663</id>
<parentid>2045900</parentid>
<timestamp>2016-10-30T16:26:16Z</timestamp>
<contributor>
<username>Luan</username>
<id>1279</id>
</contributor>
<model>wikitext</model>
<format>text/x-wiki</format>
<text bytes="2490" xml:space="preserve">={{-pt-}}=
==Substantivo==
{{proparoxítona|ja|ní|ci|pe}}, {{gramática|c2g}}
# {{escopo|pt|Medicina}} [[nome]] dado por [[w:Étienne Geoffroy Saint-Hilaire|Geoffroy]] aos [[monstro]]s que têm [[dois]] corpos intimamente unidos por cima do [[umbigo]] [[comum]], e uma cabeça [[duplo|dupla]] com duas faces diretamente opostas;
#: ''o monstro '''janícipe'''''
===Sinônimos===
* [[janícipes]], [[janicípite]], [[janicéfalo]]
=={{etimologia|pt}}==
: {{escopo|Morfologia}} ''[[Jano]]'' + ''[[-i-]]'' + ''[[-cipe]].'' (Ocorrência: ''Janicipes'')
: {{datação|1898}}&lt;ref&gt;Datação: [http://books.google.com.br/books?id=WBUTAAAAYAAJ '''1864''']&lt;/ref&gt;
==Ver também==
* [[teratologia]]
==Ligações externas==
{{verTambém.Ini}}
* CANTO, Manuel do; VALDEZ, Castro Mascarenhas. [http://books.google.com.br/books?id=WBUTAAAAYAAJ Diccionario español-portugués, Tomo Segundo] [[w:Lisboa|Lisboa]]: Imprenta nacional, [[w:1864|1864]].
* [[w:Dicionário_Houaiss_da_Língua_Portuguesa|Dicionário Houaiss da Língua Portuguesa]].
* [http://www.aulete.com.br/jan%C3%ADcipe iDicionário Aulete]
* [http://michaelis.uol.com.br/moderno/portugues/index.php?lingua=portugues-portugues&amp;palavra=jan%EDcipe Michaelis Moderno Dicionário da Língua Portuguesa]
* [http://www.portaldalinguaportuguesa.org/simplesearch.php?sel=exact&amp;action=simplesearch&amp;base=form&amp;sel=exact&amp;query=jan%C3%ADcipe Portal da Língua Portuguesa (MorDebe)]
* [http://pt.forvo.com/word/jan%C3%ADcipe/#pt Forvo: pronúncia de janícipe]
{{verTambém.Fim}}

{{Referências}}

[[Categoria:Substantivo (Português)]]
[[Categoria:Século XIX (Português)]]


={{-es-}}=
==Substantivo==
'''janícipe''', {{gramática|m}}, [''Datação:'' [[w:1852|1852]],&lt;ref&gt;Datação: [http://books.google.com.br/books?id=Yk9JObeAh78C '''1852''']&lt;/ref&gt; [[w:1864|1864]]&lt;ref&gt;Datação: [http://books.google.com.br/books?id=WBUTAAAAYAAJ 1864]&lt;/ref&gt;]
# {{escopo|es|Medicina}} [[janícipe#Português|janícipe]]

==Ligações externas==
{{verTambém.Ini}}
* CANTO, Manuel do; VALDEZ, Castro Mascarenhas. [http://books.google.com.br/books?id=WBUTAAAAYAAJ Diccionario español-portugués] [[w:Lisboa|Lisboa]]: Imprenta nacional, [[w:1864|1864]].
* DOMÍNGUEZ, R. J. [http://books.google.com.br/books?id=Yk9JObeAh78C Compendio del Diccionario Nacional de la lengua española] [[w:Madrid|Madrid]]: Tip. de P. Mellado, [[w:1852|1852]].
{{verTambém.Fim}}

==Referências==
&lt;references/&gt;

[[Categoria:Substantivo (Espanhol)]]
[[Categoria:Século XIX (Espanhol)]]</text>
<sha1>b7ma1kdkik41yfiypa40ymac6wkfkso</sha1>
</revision>
</page>
