<title>japanititut</title>
<ns>0</ns>
<id>262872</id>
<revision>
<id>1043622</id>
<timestamp>2011-03-12T19:44:46Z</timestamp>
<contributor>
<username>Jesielt</username>
<id>6680</id>
</contributor>
<comment>Novo.</comment>
<model>wikitext</model>
<format>text/x-wiki</format>
<text bytes="169" xml:space="preserve">={{iu}}=
==Substantivo==
'''japanititut'''
#[[transliteração]] de '''[[ᔭᐸᓂᑎᑐᑦ]]'''

[[Categoria:Substantivo (Inuktitut)]]
[[Categoria:Língua (Inuktitut)]]</text>
<sha1>f2nx61rabllnge8eyvqv47ajs437qxx</sha1>
</revision>
<revision>
<id>1379286</id>
<parentid>1043622</parentid>
<timestamp>2012-02-20T16:52:24Z</timestamp>
<contributor>
<username>MalafayaBot</username>
<id>628</id>
</contributor>
<minor />
<comment>Robô: Substituição de texto automática  (-^\=(\s*?)(\{\{iu\}\}|Inuktitut)(\s*?)\= +={{-iu-}}=)</comment>
<model>wikitext</model>
<format>text/x-wiki</format>
<text bytes="171" xml:space="preserve">={{-iu-}}=
==Substantivo==
'''japanititut'''
#[[transliteração]] de '''[[ᔭᐸᓂᑎᑐᑦ]]'''

[[Categoria:Substantivo (Inuktitut)]]
[[Categoria:Língua (Inuktitut)]]</text>
<sha1>ke1ahvy3gbaffoioakrisn3eaxvik4f</sha1>
</revision>
</page>
