<title>japacanim</title>
<ns>0</ns>
<id>75003</id>
<revision>
<id>293248</id>
<timestamp>2007-08-24T16:53:00Z</timestamp>
<contributor>
<username>RoTiV-</username>
<id>1473</id>
</contributor>
<comment>[[Ajuda:Menus e funções/Sumário de edição#Sumário de edição automático|→]] nova página: =Português= ==Substantivo== '''ja.pa.ca.nim''' ''masculino'' # {{Escopo|ornitologia}} (Regionalis...</comment>
<model>wikitext</model>
<format>text/x-wiki</format>
<text bytes="1138" xml:space="preserve">=Português=
==Substantivo==
'''ja.pa.ca.nim''' ''masculino''
# {{Escopo|ornitologia}} (Regionalismo: Brasil)) [[ave]] passeriforme (''Donacobius atricapillus''), paludícola, da família dos trogloditídeos e de ampla distribuição tropical brasileira e sul-americana; com cerca de 18 cm de comprimento, plumagem com as partes superiores inteiramente negras e as inferiores amarelas, olho amarelo vivo, cauda negra marginada de branco, bastante longa e graduada
#: Obs.: forma não preferencial: ''[[japacani]]''

===Sinônimos===
* [[agami]]
* [[agaú]]
* [[angaú]]
* [[angu]]
* [[assobia-cachorro]]
* [[assobiador]]
* [[batuquira]]
* [[casaca-de-coiro]]
* [[casaca-de-couro]]
* [[catinga-de-cachorro]]
* [[churé]]
* [[gaturamo-do-brejo]]
* [[japacani]]
* [[japacanim-do-brejo]]
* [[melro-de-pescoço-amarelo]]
* [[pássaro-angu]]
* [[pintassilgo-do-brejo]]
* [[sabiá-cachorro]]
* [[sabiá-do-brejo]]
* [[sabiá-do-piri]]
* [[sabiá-guaçu]]
* [[saci-do-brejo]]
* [[uirá-angu]]
* [[viola]]

=={{Etimologia}}==
: Do [[tupi]] ''yapaka'ni''

[[Categoria: Substantivo (Português)]]
[[Categoria: Vocábulo com etimologia (Português)]]</text>
<sha1>0mzrz57tlt27bmb4pkagna7pfmtyand</sha1>
</revision>
<revision>
<id>1213588</id>
<parentid>293248</parentid>
<timestamp>2011-07-10T16:50:28Z</timestamp>
<contributor>
<username>MalafayaBot</username>
<id>628</id>
</contributor>
<minor />
<comment>Robô: Substituição de texto automática (-^\=\s?Português\s?\= +={{-pt-}}= &amp; -^\=\s?\{\{pt\}\}\s?\= +={{-pt-}}=)</comment>
<model>wikitext</model>
<format>text/x-wiki</format>
<text bytes="1136" xml:space="preserve">={{-pt-}}=
==Substantivo==
'''ja.pa.ca.nim''' ''masculino''
# {{Escopo|ornitologia}} (Regionalismo: Brasil)) [[ave]] passeriforme (''Donacobius atricapillus''), paludícola, da família dos trogloditídeos e de ampla distribuição tropical brasileira e sul-americana; com cerca de 18 cm de comprimento, plumagem com as partes superiores inteiramente negras e as inferiores amarelas, olho amarelo vivo, cauda negra marginada de branco, bastante longa e graduada
#: Obs.: forma não preferencial: ''[[japacani]]''

===Sinônimos===
* [[agami]]
* [[agaú]]
* [[angaú]]
* [[angu]]
* [[assobia-cachorro]]
* [[assobiador]]
* [[batuquira]]
* [[casaca-de-coiro]]
* [[casaca-de-couro]]
* [[catinga-de-cachorro]]
* [[churé]]
* [[gaturamo-do-brejo]]
* [[japacani]]
* [[japacanim-do-brejo]]
* [[melro-de-pescoço-amarelo]]
* [[pássaro-angu]]
* [[pintassilgo-do-brejo]]
* [[sabiá-cachorro]]
* [[sabiá-do-brejo]]
* [[sabiá-do-piri]]
* [[sabiá-guaçu]]
* [[saci-do-brejo]]
* [[uirá-angu]]
* [[viola]]

=={{Etimologia}}==
: Do [[tupi]] ''yapaka'ni''

[[Categoria: Substantivo (Português)]]
[[Categoria: Vocábulo com etimologia (Português)]]</text>
<sha1>088qby30844mikt1ckd97svk8vtlotd</sha1>
</revision>
<revision>
<id>1371695</id>
<parentid>1213588</parentid>
<timestamp>2012-01-31T16:44:26Z</timestamp>
<contributor>
<username>ValJor</username>
<id>1358</id>
</contributor>
<comment>Desfazendo link para [[Predefinição:Escopo]] para poder deletar o redirecionamento para minúscula</comment>
<model>wikitext</model>
<format>text/x-wiki</format>
<text bytes="1284" xml:space="preserve">={{-pt-}}=
==Substantivo==
{{flex.pt|ms=japacanim|mp=japacanins}}
{{oxítona|ja|pa|ca|nim}}
# {{escopo|Ornitologia}} (Regionalismo: Brasil)) [[ave]] passeriforme (''Donacobius atricapillus''), paludícola, da família dos trogloditídeos e de ampla distribuição tropical brasileira e sul-americana; com cerca de 18 cm de comprimento, plumagem com as partes superiores inteiramente negras e as inferiores amarelas, olho amarelo vivo, cauda negra marginada de branco, bastante longa e graduada

===Sinônimos===
{{verTambém.Ini}}
* [[agami]]
* [[agaú]]
* [[angaú]]
* [[angu]]
* [[assobia-cachorro]]
* [[assobiador]]
{{verTambém.NovaColuna}}
* [[batuquira]]
* [[casaca-de-coiro]]
* [[casaca-de-couro]]
* [[catinga-de-cachorro]]
* [[churé]]
* [[gaturamo-do-brejo]]
{{verTambém.NovaColuna}}
* [[japacani]]
* [[japacanim-do-brejo]]
* [[melro-de-pescoço-amarelo]]
* [[pássaro-angu]]
* [[pintassilgo-do-brejo]]
* [[sabiá-cachorro]]
{{verTambém.NovaColuna}}
* [[sabiá-do-brejo]]
* [[sabiá-do-piri]]
* [[sabiá-guaçu]]
* [[saci-do-brejo]]
* [[uirá-angu]]
* [[viola]]
{{verTambém.Fim}}

==={{-varort-}}===
* {{escopo|forma não preferencial}} [[japacani]]

=={{etimologia|pt}}==
: Do [[tupi]] ''yapaka'ni''.

[[Categoria:Substantivo (Português)]]
[[Categoria:Ave (Português)]]</text>
<sha1>sugbknhuuf9f2at7bh8sqomynfkisp2</sha1>
</revision>
</page>
