<title>japerienses</title>
<ns>0</ns>
<id>415221</id>
<revision>
<id>2560479</id>
<timestamp>2019-11-07T08:17:50Z</timestamp>
<contributor>
<username>MIL973</username>
<id>41339</id>
</contributor>
<comment>[[Ajuda:Guia de edição/Menus e ferramentas/Sumário de edição|→]] nova página: ={{-pt-}}= ==Forma de adjetivo== {{paroxítona|ja|pe|ri|en|se}}, {{gramática|c2gp}} # plural de itatiaiens...</comment>
<model>wikitext</model>
<format>text/x-wiki</format>
<text bytes="341" xml:space="preserve">={{-pt-}}=
==Forma de adjetivo==
{{paroxítona|ja|pe|ri|en|se}}, {{gramática|c2gp}}
# plural de [[itatiaiense]]

==Forma de substantivo==
{{paroxítona|ja|pe|ri|en|se}}, {{gramática|c2gp}}
# plural de [[itatiaiense]]

{{avi-for-fle|itatiaiense}}

[[Categoria:Forma de adjetivo (Português)]]
[[Categoria:Forma de substantivo (Português)]]</text>
<sha1>sq7yi8kn2f13psbt5mc9e1jutmgxr8x</sha1>
</revision>
<revision>
<id>2560480</id>
<parentid>2560479</parentid>
<timestamp>2019-11-07T08:18:10Z</timestamp>
<contributor>
<username>MIL973</username>
<id>41339</id>
</contributor>
<model>wikitext</model>
<format>text/x-wiki</format>
<text bytes="341" xml:space="preserve">={{-pt-}}=
==Forma de adjetivo==
{{paroxítona|ja|pe|ri|en|ses}}, {{gramática|c2gp}}
# plural de [[japeriense]]

==Forma de substantivo==
{{paroxítona|ja|pe|ri|en|se}}, {{gramática|c2gp}}
# plural de [[itatiaiense]]

{{avi-for-fle|itatiaiense}}

[[Categoria:Forma de adjetivo (Português)]]
[[Categoria:Forma de substantivo (Português)]]</text>
<sha1>mtgq8nb7kxnpuhnmkgt6ysm7tgeqnlh</sha1>
</revision>
<revision>
<id>2560481</id>
<parentid>2560480</parentid>
<timestamp>2019-11-07T08:18:28Z</timestamp>
<contributor>
<username>MIL973</username>
<id>41339</id>
</contributor>
<model>wikitext</model>
<format>text/x-wiki</format>
<text bytes="341" xml:space="preserve">={{-pt-}}=
==Forma de adjetivo==
{{paroxítona|ja|pe|ri|en|ses}}, {{gramática|c2gp}}
# plural de [[japeriense]]

==Forma de substantivo==
{{paroxítona|ja|pe|ri|en|ses}}, {{gramática|c2gp}}
# plural de [[japeriense]]

{{avi-for-fle|itatiaiense}}

[[Categoria:Forma de adjetivo (Português)]]
[[Categoria:Forma de substantivo (Português)]]</text>
<sha1>h3at056mnhwf814c4x40p360p8s8aun</sha1>
</revision>
<revision>
<id>2560482</id>
<parentid>2560481</parentid>
<timestamp>2019-11-07T08:19:52Z</timestamp>
<contributor>
<username>MIL973</username>
<id>41339</id>
</contributor>
<model>wikitext</model>
<format>text/x-wiki</format>
<text bytes="340" xml:space="preserve">={{-pt-}}=
==Forma de adjetivo==
{{paroxítona|ja|pe|ri|en|ses}}, {{gramática|c2gp}}
# plural de [[japeriense]]

==Forma de substantivo==
{{paroxítona|ja|pe|ri|en|ses}}, {{gramática|c2gp}}
# plural de [[japeriense]]

{{avi-for-fle|japeriense}}

[[Categoria:Forma de adjetivo (Português)]]
[[Categoria:Forma de substantivo (Português)]]</text>
<sha1>se99jz3uorayh08di5re6kqq3cjkq1s</sha1>
</revision>
</page>
