<title>japoa</title>
<ns>0</ns>
<id>437803</id>
<revision>
<id>2649481</id>
<timestamp>2021-10-01T12:32:34Z</timestamp>
<contributor>
<username>Ydiutg</username>
<id>83668</id>
</contributor>
<comment>[[Ajuda:Guia de edição/Menus e ferramentas/Sumário de edição|→]] nova página: ={{-pt-}}= ==Forma de substantivo== {{flex.pt|ms=japoa|fp=japoas}} {{paroxítona|ja|po|a}} # feminino de japão (japonês)  [[Categoria:Forma de substantivo (Português)]]</comment>
<model>wikitext</model>
<format>text/x-wiki</format>
<text bytes="171" xml:space="preserve">={{-pt-}}=
==Forma de substantivo==
{{flex.pt|ms=japoa|fp=japoas}}
{{paroxítona|ja|po|a}}
# feminino de japão (japonês)

[[Categoria:Forma de substantivo (Português)]]</text>
<sha1>jfm7sr6pybn6xrlkjdv7f0utisu0kqb</sha1>
</revision>
</page>
