<title>japona</title>
<ns>0</ns>
<id>47767</id>
<revision>
<id>186175</id>
<timestamp>2006-10-26T21:42:45Z</timestamp>
<contributor>
<username>Diabo e Santo</username>
<id>1867</id>
</contributor>
<model>wikitext</model>
<format>text/x-wiki</format>
<text bytes="583" xml:space="preserve">&lt;div class=&quot;noprint&quot; style=&quot;clear: right; border: solid #aaa 1px; margin: 0 0 1em 1em; font-size: 90%; background:
#f9f9f9; width: 250px; padding: 4px; spacing: 0px; text-align: left; float: right;&quot;&gt;
&lt;div style=&quot;float: left;&quot;&gt;[[Image:Wikisource-logo.svg|50px|none|&lt;nowiki&gt;&lt;/nowiki&gt;]]&lt;/div&gt;
&lt;div style=&quot;margin-left: 60px;&quot;&gt;No '''Wikisource''' pode ver exemplo do uso de:
'''[[:s:Outro Soneto ao França|{{PAGENAME}}]]'''.&lt;/div&gt;
&lt;/div&gt;
[[Categoria:Substantivo (Português)]]
= Português =
==Substantivo==
'''ja.po.na''' ''substantivo feminino ''
# feminino de [[japão]]
# jaquetão</text>
<sha1>fhl8e1bu2ifcobof9gghjs7h8429xj5</sha1>
</revision>
<revision>
<id>392469</id>
<parentid>186175</parentid>
<timestamp>2008-11-04T16:18:37Z</timestamp>
<contributor>
<username>Minzinho~ptwiktionary</username>
<id>4925</id>
</contributor>
<model>wikitext</model>
<format>text/x-wiki</format>
<text bytes="1211" xml:space="preserve">&lt;div class=&quot;noprint&quot; style=&quot;clear: right; border: solid #aaa 1px; margin: 0 0 1em 1em; font-size: 90%; background:
#f9f9f9; width: 250px; padding: 4px; spacing: 0px; text-align: left; float: right;&quot;&gt;
&lt;div style=&quot;float: left;&quot;&gt;[[Image:Wikisource-logo.svg|50px|none|&lt;nowiki&gt;&lt;/nowiki&gt;]]&lt;/div&gt;
&lt;div style=&quot;margin-left: 60px;&quot;&gt;No '''Wikisource''' pode ver exemplo do uso de:
'''[[:s:Outro Soneto ao França|{{PAGENAME}}]]'''.&lt;/div&gt;
&lt;/div&gt;
[[Categoria:Substantivo (Português)]]
= Português =
==Substantivo==
'''ja.po.na''' ''substantivo feminino ''
# feminino de [[japão]]
# jaquetão
# ''Marinha: '' Abrigo de frio, curto, espécie de jaquetão em geral de pano azul-ferrete, usado por oficiais e praças por cima do uniforme
# Casaco esportivo, de lã grossa, inspirado no modelo da japona (1), e adotado na indumentária masculina e feminina.
# ''[[Brasileirismo]]:'' Alcunha dada aos portugueses, ver [[galego]] (4)

=={{etimologia}}==
: De Japão
==Ver também==
===No Wikcionário===
{{verTambém.Ini}}
* [[Japão]]
{{verTambém.NovaColuna}}
* [[japonês]]
{{verTambém.Fim}}

[[Categoria:Trissílabo (Português)]]
[[Categoria:Paroxítona (Português)]]
[[Categoria:Vocábulo com etimologia (Português)]]</text>
<sha1>7ekntidrlfjj4p2paandm56m19dlx9z</sha1>
</revision>
<revision>
<id>511949</id>
<parentid>392469</parentid>
<timestamp>2009-08-15T22:53:57Z</timestamp>
<contributor>
<username>Jesielt-bot</username>
<id>10876</id>
</contributor>
<minor />
<comment>clean up, Replaced: {{PAGENAME}} → {{subst:PAGENAME}}, utilizando [[Project:AutoWikiBrowser|AWB]]</comment>
<model>wikitext</model>
<format>text/x-wiki</format>
<text bytes="1206" xml:space="preserve">&lt;div class=&quot;noprint&quot; style=&quot;clear: right; border: solid #aaa 1px; margin: 0 0 1em 1em; font-size: 90%; background:
#f9f9f9; width: 250px; padding: 4px; spacing: 0px; text-align: left; float: right;&quot;&gt;
&lt;div style=&quot;float: left;&quot;&gt;[[Image:Wikisource-logo.svg|50px|none|&lt;nowiki&gt;&lt;/nowiki&gt;]]&lt;/div&gt;
&lt;div style=&quot;margin-left: 60px;&quot;&gt;No '''Wikisource''' pode ver exemplo do uso de:
'''[[:s:Outro Soneto ao França|japona]]'''.&lt;/div&gt;
&lt;/div&gt;

= Português =
==Substantivo==
'''ja.po.na''' ''substantivo feminino ''
# feminino de [[japão]]
# jaquetão
# ''Marinha: '' Abrigo de frio, curto, espécie de jaquetão em geral de pano azul-ferrete, usado por oficiais e praças por cima do uniforme
# Casaco esportivo, de lã grossa, inspirado no modelo da japona (1), e adotado na indumentária masculina e feminina.
# ''[[Brasileirismo]]:'' Alcunha dada aos portugueses, ver [[galego]] (4)

=={{etimologia}}==
: De Japão
==Ver também==
===No Wikcionário===
{{verTambém.Ini}}
* [[Japão]]
{{verTambém.NovaColuna}}
* [[japonês]]
{{verTambém.Fim}}

[[Categoria:Substantivo (Português)]]
[[Categoria:Trissílabo (Português)]]
[[Categoria:Paroxítona (Português)]]
[[Categoria:Vocábulo com etimologia (Português)]]</text>
<sha1>ryv4k3yiscdh5q9scgb470w3bz6vr6v</sha1>
</revision>
<revision>
<id>1084340</id>
<parentid>511949</parentid>
<timestamp>2011-06-02T20:56:21Z</timestamp>
<contributor>
<username>CasperBraske</username>
<id>5091</id>
</contributor>
<comment>Não há qualquer referência desse significado em lugar algum.</comment>
<model>wikitext</model>
<format>text/x-wiki</format>
<text bytes="1132" xml:space="preserve">&lt;div class=&quot;noprint&quot; style=&quot;clear: right; border: solid #aaa 1px; margin: 0 0 1em 1em; font-size: 90%; background:
#f9f9f9; width: 250px; padding: 4px; spacing: 0px; text-align: left; float: right;&quot;&gt;
&lt;div style=&quot;float: left;&quot;&gt;[[Image:Wikisource-logo.svg|50px|none|&lt;nowiki&gt;&lt;/nowiki&gt;]]&lt;/div&gt;
&lt;div style=&quot;margin-left: 60px;&quot;&gt;No '''Wikisource''' pode ver exemplo do uso de:
'''[[:s:Outro Soneto ao França|japona]]'''.&lt;/div&gt;
&lt;/div&gt;

= Português =
==Substantivo==
'''ja.po.na''' ''substantivo feminino ''
# feminino de [[japão]]
# jaquetão
# ''Marinha: '' Abrigo de frio, curto, espécie de jaquetão em geral de pano azul-ferrete, usado por oficiais e praças por cima do uniforme
# Casaco esportivo, de lã grossa, inspirado no modelo da japona (1), e adotado na indumentária masculina e feminina.

=={{etimologia}}==
: De Japão
==Ver também==
===No Wikcionário===
{{verTambém.Ini}}
* [[Japão]]
{{verTambém.NovaColuna}}
* [[japonês]]
{{verTambém.Fim}}

[[Categoria:Substantivo (Português)]]
[[Categoria:Trissílabo (Português)]]
[[Categoria:Paroxítona (Português)]]
[[Categoria:Vocábulo com etimologia (Português)]]</text>
<sha1>gt2knvk5xd3hwnoyl4p2go9lcdv5gaj</sha1>
</revision>
<revision>
<id>1207851</id>
<parentid>1084340</parentid>
<timestamp>2011-07-10T03:47:57Z</timestamp>
<contributor>
<username>MalafayaBot</username>
<id>628</id>
</contributor>
<minor />
<comment>Robô: Substituição de texto automática (-^\=\s?Português\s?\= +={{-pt-}}= &amp; -^\=\s?\{\{pt\}\}\s?\= +={{-pt-}}=)</comment>
<model>wikitext</model>
<format>text/x-wiki</format>
<text bytes="1128" xml:space="preserve">&lt;div class=&quot;noprint&quot; style=&quot;clear: right; border: solid #aaa 1px; margin: 0 0 1em 1em; font-size: 90%; background:
#f9f9f9; width: 250px; padding: 4px; spacing: 0px; text-align: left; float: right;&quot;&gt;
&lt;div style=&quot;float: left;&quot;&gt;[[Image:Wikisource-logo.svg|50px|none|&lt;nowiki&gt;&lt;/nowiki&gt;]]&lt;/div&gt;
&lt;div style=&quot;margin-left: 60px;&quot;&gt;No '''Wikisource''' pode ver exemplo do uso de:
'''[[:s:Outro Soneto ao França|japona]]'''.&lt;/div&gt;
&lt;/div&gt;

={{-pt-}}=
==Substantivo==
'''ja.po.na''' ''substantivo feminino ''
# feminino de [[japão]]
# jaquetão
# ''Marinha: '' Abrigo de frio, curto, espécie de jaquetão em geral de pano azul-ferrete, usado por oficiais e praças por cima do uniforme
# Casaco esportivo, de lã grossa, inspirado no modelo da japona (1), e adotado na indumentária masculina e feminina.

=={{etimologia}}==
: De Japão
==Ver também==
===No Wikcionário===
{{verTambém.Ini}}
* [[Japão]]
{{verTambém.NovaColuna}}
* [[japonês]]
{{verTambém.Fim}}

[[Categoria:Substantivo (Português)]]
[[Categoria:Trissílabo (Português)]]
[[Categoria:Paroxítona (Português)]]
[[Categoria:Vocábulo com etimologia (Português)]]</text>
<sha1>21qbclvq8ocit4fxvx70nn3pdjfuzrl</sha1>
</revision>
<revision>
<id>1257800</id>
<parentid>1207851</parentid>
<timestamp>2011-10-16T23:30:54Z</timestamp>
<contributor>
<ip>189.79.73.205</ip>
</contributor>
<comment>/* Substantivo */</comment>
<model>wikitext</model>
<format>text/x-wiki</format>
<text bytes="1138" xml:space="preserve">&lt;div class=&quot;noprint&quot; style=&quot;clear: right; border: solid #aaa 1px; margin: 0 0 1em 1em; font-size: 90%; background:
#f9f9f9; width: 250px; padding: 4px; spacing: 0px; text-align: left; float: right;&quot;&gt;
&lt;div style=&quot;float: left;&quot;&gt;[[Image:Wikisource-logo.svg|50px|none|&lt;nowiki&gt;&lt;/nowiki&gt;]]&lt;/div&gt;
&lt;div style=&quot;margin-left: 60px;&quot;&gt;No '''Wikisource''' pode ver exemplo do uso de:
'''[[:s:Outro Soneto ao França|japona]]'''.&lt;/div&gt;
&lt;/div&gt;

={{-pt-}}=
==Substantivo==
'''ja.po.na''' ''substantivo feminino ''
# feminino de [[japão]]
# jaquetão
# ''Marinha: '' Abrigo de frio, curto, espécie de jaquetão em geral de pano azul-ferrete, usado por oficiais e praças por cima do uniforme
# Casaco street ou esportivo, de lã grossa, inspirado no modelo da japona (1), e adotado na indumentária masculina e feminina.

=={{etimologia}}==
: De Japão
==Ver também==
===No Wikcionário===
{{verTambém.Ini}}
* [[Japão]]
{{verTambém.NovaColuna}}
* [[japonês]]
{{verTambém.Fim}}

[[Categoria:Substantivo (Português)]]
[[Categoria:Trissílabo (Português)]]
[[Categoria:Paroxítona (Português)]]
[[Categoria:Vocábulo com etimologia (Português)]]</text>
<sha1>re72gbe7p08xvto4fbh4ocvu57zak6n</sha1>
</revision>
<revision>
<id>1282445</id>
<parentid>1257800</parentid>
<timestamp>2011-11-17T08:53:18Z</timestamp>
<contributor>
<username>ValJor</username>
<id>1358</id>
</contributor>
<comment>Melhorando a apresentação do verbete</comment>
<model>wikitext</model>
<format>text/x-wiki</format>
<text bytes="679" xml:space="preserve">{{wikisource|Outro Soneto ao França}}

={{-pt-}}=
==Substantivo==
{{flex.pt|fs=japona|fp=japonas}}
{{paroxítona|ja|po|na}}
# feminino de [[japão]]
# jaquetão
# {{escopo|Marinha}} abrigo de frio, curto, espécie de jaquetão em geral de pano azul-ferrete, usado por oficiais e praças por cima do uniforme
# casaco esportivo, de lã grossa, inspirado no modelo da japona&lt;sup&gt;1&lt;/sup&gt;, e adotado na indumentária masculina e feminina

=={{etimologia|pt}}==
: De Japão.

==Ver também==
===No Wikcionário===
{{verTambém.Ini}}
* [[Japão]]
{{verTambém.NovaColuna}}
* [[japonês]]
{{verTambém.Fim}}

[[Categoria:Substantivo (Português)]]
[[Categoria:Vestuário (Português)]]</text>
<sha1>bxwi70ln8kvd6yxo4663reruvqf49me</sha1>
</revision>
<revision>
<id>1476206</id>
<parentid>1282445</parentid>
<timestamp>2012-10-16T01:08:53Z</timestamp>
<contributor>
<username>VJBot</username>
<id>33673</id>
</contributor>
<minor />
<comment>Robô: Substituição de texto automática  (-{{wikisource| +{{Wikisource|)</comment>
<model>wikitext</model>
<format>text/x-wiki</format>
<text bytes="679" xml:space="preserve">{{Wikisource|Outro Soneto ao França}}

={{-pt-}}=
==Substantivo==
{{flex.pt|fs=japona|fp=japonas}}
{{paroxítona|ja|po|na}}
# feminino de [[japão]]
# jaquetão
# {{escopo|Marinha}} abrigo de frio, curto, espécie de jaquetão em geral de pano azul-ferrete, usado por oficiais e praças por cima do uniforme
# casaco esportivo, de lã grossa, inspirado no modelo da japona&lt;sup&gt;1&lt;/sup&gt;, e adotado na indumentária masculina e feminina

=={{etimologia|pt}}==
: De Japão.

==Ver também==
===No Wikcionário===
{{verTambém.Ini}}
* [[Japão]]
{{verTambém.NovaColuna}}
* [[japonês]]
{{verTambém.Fim}}

[[Categoria:Substantivo (Português)]]
[[Categoria:Vestuário (Português)]]</text>
<sha1>2yzp8nsid5qmsfhv34gq6zauhqwf4mh</sha1>
</revision>
<revision>
<id>1851452</id>
<parentid>1476206</parentid>
<timestamp>2014-08-26T17:25:00Z</timestamp>
<contributor>
<ip>205.170.235.246</ip>
</contributor>
<comment>/* {{-pt-}} */</comment>
<model>wikitext</model>
<format>text/x-wiki</format>
<text bytes="852" xml:space="preserve">{{Wikisource|Outro Soneto ao França}}

={{-pt-}}=
==Substantivo==
{{flex.pt|fs=japona|fp=japonas}}
{{paroxítona|ja|po|na}}
# feminino de [[japão]]
# jaquetão
# {{escopo|Marinha}} abrigo de frio, curto, espécie de jaquetão em geral de pano azul-ferrete, usado por oficiais e praças por cima do uniforme
# casaco esportivo, de lã grossa, inspirado no modelo da japona&lt;sup&gt;1&lt;/sup&gt;, e adotado na indumentária masculina e feminina

=={{etimologia|pt}}==
: De Japão.

==Ver também==
===No Wikcionário===
{{verTambém.Ini}}
* [[Japão]]
{{verTambém.NovaColuna}}
* [[japonês]]
{{verTambém.Fim}}

[[Categoria:Substantivo (Português)]]
[[Categoria:Vestuário (Português)]]
Estilizado por Sung W. Kim (DARUMA Ltda) nos anos 70 e popularizado pelo estilo leve para o inverno Brasiliero. Inicialmente caracterizado em cores Azul e Branco sem capuz.</text>
<sha1>ojjg8ad3s5s12b05lp7msufyk8e3znz</sha1>
</revision>
<revision>
<id>1856068</id>
<parentid>1851452</parentid>
<timestamp>2014-09-09T10:56:09Z</timestamp>
<contributor>
<username>ValJor</username>
<id>1358</id>
</contributor>
<minor />
<comment>Revertidas edições por [[Especial:Contribuições/205.170.235.246|205.170.235.246]] para a última versão por [[Especial:Contribuições/VJBot|VJBot]]</comment>
<model>wikitext</model>
<format>text/x-wiki</format>
<text bytes="679" xml:space="preserve">{{Wikisource|Outro Soneto ao França}}

={{-pt-}}=
==Substantivo==
{{flex.pt|fs=japona|fp=japonas}}
{{paroxítona|ja|po|na}}
# feminino de [[japão]]
# jaquetão
# {{escopo|Marinha}} abrigo de frio, curto, espécie de jaquetão em geral de pano azul-ferrete, usado por oficiais e praças por cima do uniforme
# casaco esportivo, de lã grossa, inspirado no modelo da japona&lt;sup&gt;1&lt;/sup&gt;, e adotado na indumentária masculina e feminina

=={{etimologia|pt}}==
: De Japão.

==Ver também==
===No Wikcionário===
{{verTambém.Ini}}
* [[Japão]]
{{verTambém.NovaColuna}}
* [[japonês]]
{{verTambém.Fim}}

[[Categoria:Substantivo (Português)]]
[[Categoria:Vestuário (Português)]]</text>
<sha1>2yzp8nsid5qmsfhv34gq6zauhqwf4mh</sha1>
</revision>
<revision>
<id>1942887</id>
<parentid>1856068</parentid>
<timestamp>2015-06-16T16:53:17Z</timestamp>
<contributor>
<ip>200.134.18.34</ip>
</contributor>
<comment>/* Etimologia */Todas</comment>
<model>wikitext</model>
<format>text/x-wiki</format>
<text bytes="679" xml:space="preserve">{{Wikisource|Outro Soneto ao França}}

={{-pt-}}=
==Substantivo==
{{flex.pt|fs=japona|fp=japonas}}
{{paroxítona|ja|po|na}}
# feminino de [[japão]]
# jaquetão
# {{escopo|Marinha}} abrigo de frio, curto, espécie de jaquetão em geral de pano azul-ferrete, usado por oficiais e praças por cima do uniforme
# casaco esportivo, de lã grossa, inspirado no modelo da japona&lt;sup&gt;1&lt;/sup&gt;, e adotado na indumentária masculina e feminina

=={{etimologia|pt}}==
: do Japão.

==Ver também==
===No Wikcionário===
{{verTambém.Ini}}
* [[Japão]]
{{verTambém.NovaColuna}}
* [[japonês]]
{{verTambém.Fim}}

[[Categoria:Substantivo (Português)]]
[[Categoria:Vestuário (Português)]]</text>
<sha1>ozuh696q1oexo8kcf01ibzye737v0al</sha1>
</revision>
<revision>
<id>1942900</id>
<parentid>1942887</parentid>
<timestamp>2015-06-16T17:20:12Z</timestamp>
<contributor>
<username>Lichiki</username>
<id>49629</id>
</contributor>
<comment>Desfeita a edição 1942887 de 200.134.18.34 ([[Utilizador Discussão:200.134.18.34|discussão]] | [[Special:Contributions/200.134.18.34|contribuições]])</comment>
<model>wikitext</model>
<format>text/x-wiki</format>
<text bytes="679" xml:space="preserve">{{Wikisource|Outro Soneto ao França}}

={{-pt-}}=
==Substantivo==
{{flex.pt|fs=japona|fp=japonas}}
{{paroxítona|ja|po|na}}
# feminino de [[japão]]
# jaquetão
# {{escopo|Marinha}} abrigo de frio, curto, espécie de jaquetão em geral de pano azul-ferrete, usado por oficiais e praças por cima do uniforme
# casaco esportivo, de lã grossa, inspirado no modelo da japona&lt;sup&gt;1&lt;/sup&gt;, e adotado na indumentária masculina e feminina

=={{etimologia|pt}}==
: De Japão.

==Ver também==
===No Wikcionário===
{{verTambém.Ini}}
* [[Japão]]
{{verTambém.NovaColuna}}
* [[japonês]]
{{verTambém.Fim}}

[[Categoria:Substantivo (Português)]]
[[Categoria:Vestuário (Português)]]</text>
<sha1>2yzp8nsid5qmsfhv34gq6zauhqwf4mh</sha1>
</revision>
<revision>
<id>2018721</id>
<parentid>1942900</parentid>
<timestamp>2015-10-18T16:24:43Z</timestamp>
<contributor>
<username>HydrizBot</username>
<id>29590</id>
</contributor>
<minor />
<comment>Robô: A adicionar: en, es, hy, mg</comment>
<model>wikitext</model>
<format>text/x-wiki</format>
<text bytes="736" xml:space="preserve">{{Wikisource|Outro Soneto ao França}}

={{-pt-}}=
==Substantivo==
{{flex.pt|fs=japona|fp=japonas}}
{{paroxítona|ja|po|na}}
# feminino de [[japão]]
# jaquetão
# {{escopo|Marinha}} abrigo de frio, curto, espécie de jaquetão em geral de pano azul-ferrete, usado por oficiais e praças por cima do uniforme
# casaco esportivo, de lã grossa, inspirado no modelo da japona&lt;sup&gt;1&lt;/sup&gt;, e adotado na indumentária masculina e feminina

=={{etimologia|pt}}==
: De Japão.

==Ver também==
===No Wikcionário===
{{verTambém.Ini}}
* [[Japão]]
{{verTambém.NovaColuna}}
* [[japonês]]
{{verTambém.Fim}}

[[Categoria:Substantivo (Português)]]
[[Categoria:Vestuário (Português)]]

[[en:japona]]
[[es:japona]]
[[hy:japona]]
[[mg:japona]]</text>
<sha1>c8nk9cq4d36j3cu51jd7bq45gbe19ka</sha1>
</revision>
<revision>
<id>2364667</id>
<parentid>2018721</parentid>
<timestamp>2017-05-03T15:43:42Z</timestamp>
<contributor>
<username>HydrizBot</username>
<id>29590</id>
</contributor>
<minor />
<comment>Robô: A limpar links interwikis antigos</comment>
<model>wikitext</model>
<format>text/x-wiki</format>
<text bytes="679" xml:space="preserve">{{Wikisource|Outro Soneto ao França}}

={{-pt-}}=
==Substantivo==
{{flex.pt|fs=japona|fp=japonas}}
{{paroxítona|ja|po|na}}
# feminino de [[japão]]
# jaquetão
# {{escopo|Marinha}} abrigo de frio, curto, espécie de jaquetão em geral de pano azul-ferrete, usado por oficiais e praças por cima do uniforme
# casaco esportivo, de lã grossa, inspirado no modelo da japona&lt;sup&gt;1&lt;/sup&gt;, e adotado na indumentária masculina e feminina

=={{etimologia|pt}}==
: De Japão.

==Ver também==
===No Wikcionário===
{{verTambém.Ini}}
* [[Japão]]
{{verTambém.NovaColuna}}
* [[japonês]]
{{verTambém.Fim}}

[[Categoria:Substantivo (Português)]]
[[Categoria:Vestuário (Português)]]</text>
<sha1>2yzp8nsid5qmsfhv34gq6zauhqwf4mh</sha1>
</revision>
<revision>
<id>2413141</id>
<parentid>2364667</parentid>
<timestamp>2017-05-18T16:10:36Z</timestamp>
<contributor>
<ip>177.200.221.66</ip>
</contributor>
<model>wikitext</model>
<format>text/x-wiki</format>
<text bytes="718" xml:space="preserve">{{Wikisource|Outro Soneto ao França}}

={{-pt-}}=
==Substantivo==
{{flex.pt|fs=japona|fp=japonas}}
{{paroxítona|ja|po|na}}
# feminino de [[japão]]
# jaquetão USADO PELO FERNANDO CABELO PENTEADINHO
# {{escopo|Marinha}} abrigo de frio, curto, espécie de jaquetão em geral de pano azul-ferrete, usado por oficiais e praças por cima do uniforme
# casaco esportivo, de lã grossa, inspirado no modelo da japona&lt;sup&gt;1&lt;/sup&gt;, e adotado na indumentária masculina e feminina

=={{etimologia|pt}}==
: De Japão.

==Ver também==
===No Wikcionário===
{{verTambém.Ini}}
* [[Japão]]
{{verTambém.NovaColuna}}
* [[japonês]]
{{verTambém.Fim}}

[[Categoria:Substantivo (Português)]]
[[Categoria:Vestuário (Português)]]</text>
<sha1>lsj30tz7qlxp8qu6dvjl2cu3sc5967t</sha1>
</revision>
<revision>
<id>2413142</id>
<parentid>2413141</parentid>
<timestamp>2017-05-18T16:11:53Z</timestamp>
<contributor>
<ip>177.200.221.66</ip>
</contributor>
<model>wikitext</model>
<format>text/x-wiki</format>
<text bytes="679" xml:space="preserve">{{Wikisource|Outro Soneto ao França}}

={{-pt-}}=
==Substantivo==
{{flex.pt|fs=japona|fp=japonas}}
{{paroxítona|ja|po|na}}
# feminino de [[japão]]
# jaquetão
# {{escopo|Marinha}} abrigo de frio, curto, espécie de jaquetão em geral de pano azul-ferrete, usado por oficiais e praças por cima do uniforme
# casaco esportivo, de lã grossa, inspirado no modelo da japona&lt;sup&gt;1&lt;/sup&gt;, e adotado na indumentária masculina e feminina

=={{etimologia|pt}}==
: De Japão.

==Ver também==
===No Wikcionário===
{{verTambém.Ini}}
* [[Japão]]
{{verTambém.NovaColuna}}
* [[japonês]]
{{verTambém.Fim}}

[[Categoria:Substantivo (Português)]]
[[Categoria:Vestuário (Português)]]</text>
<sha1>2yzp8nsid5qmsfhv34gq6zauhqwf4mh</sha1>
</revision>
<revision>
<id>2438667</id>
<parentid>2413142</parentid>
<timestamp>2017-07-18T19:37:41Z</timestamp>
<contributor>
<ip>201.54.185.238</ip>
</contributor>
<comment>/* Substantivo */</comment>
<model>wikitext</model>
<format>text/x-wiki</format>
<text bytes="757" xml:space="preserve">{{Wikisource|Outro Soneto ao França}}

={{-pt-}}=
==Substantivo==
Originada na cidade de Recife, município brasileiro do estado de Pernambuco.
{{flex.pt|fs=japona|fp=japonas}}
{{paroxítona|ja|po|na}}
# feminino de [[japão]]
# jaquetão
# {{escopo|Marinha}} abrigo de frio, curto, espécie de jaquetão em geral de pano azul-ferrete, usado por oficiais e praças por cima do uniforme
# casaco esportivo, de lã grossa, inspirado no modelo da japona&lt;sup&gt;1&lt;/sup&gt;, e adotado na indumentária masculina e feminina

=={{etimologia|pt}}==
: De Japão.

==Ver também==
===No Wikcionário===
{{verTambém.Ini}}
* [[Japão]]
{{verTambém.NovaColuna}}
* [[japonês]]
{{verTambém.Fim}}

[[Categoria:Substantivo (Português)]]
[[Categoria:Vestuário (Português)]]</text>
<sha1>gafye6u10nu9e7w64azh96utiif9rig</sha1>
</revision>
<revision>
<id>2438680</id>
<parentid>2438667</parentid>
<timestamp>2017-07-18T20:19:31Z</timestamp>
<contributor>
<username>ValJor</username>
<id>1358</id>
</contributor>
<minor />
<comment>Revertidas edições por [[Especial:Contribuições/201.54.185.238|201.54.185.238]] para a última versão por [[Especial:Contribuições/177.200.221.66|177.200.221.66]]</comment>
<model>wikitext</model>
<format>text/x-wiki</format>
<text bytes="679" xml:space="preserve">{{Wikisource|Outro Soneto ao França}}

={{-pt-}}=
==Substantivo==
{{flex.pt|fs=japona|fp=japonas}}
{{paroxítona|ja|po|na}}
# feminino de [[japão]]
# jaquetão
# {{escopo|Marinha}} abrigo de frio, curto, espécie de jaquetão em geral de pano azul-ferrete, usado por oficiais e praças por cima do uniforme
# casaco esportivo, de lã grossa, inspirado no modelo da japona&lt;sup&gt;1&lt;/sup&gt;, e adotado na indumentária masculina e feminina

=={{etimologia|pt}}==
: De Japão.

==Ver também==
===No Wikcionário===
{{verTambém.Ini}}
* [[Japão]]
{{verTambém.NovaColuna}}
* [[japonês]]
{{verTambém.Fim}}

[[Categoria:Substantivo (Português)]]
[[Categoria:Vestuário (Português)]]</text>
<sha1>2yzp8nsid5qmsfhv34gq6zauhqwf4mh</sha1>
</revision>
<revision>
<id>2684112</id>
<parentid>2438680</parentid>
<timestamp>2022-07-21T01:07:18Z</timestamp>
<contributor>
<username>Itleda</username>
<id>86989</id>
</contributor>
<model>wikitext</model>
<format>text/x-wiki</format>
<text bytes="1083" xml:space="preserve">{{Wikisource|Outro Soneto ao França}}

={{-pt-}}=
==Substantivo1==
{{flex.pt|fs=japona|fp=japonas}}
{{paroxítona|ja|po|na}}
# feminino de [[japão]]
# jaquetão
# {{escopo|Marinha}} abrigo de frio, curto, espécie de jaquetão em geral de pano azul-ferrete, usado por oficiais e praças por cima do uniforme
# casaco esportivo, de lã grossa, inspirado no modelo da japona&lt;sup&gt;1&lt;/sup&gt;, e adotado na indumentária masculina e feminina

==Substantivo2==
{{flex.pt|s=japona|p=japonas}}
{{paroxítona|ja|po|na}}, {{g|mf}}
# {{escopo|pt|pejorativo|insulto racial}} [[japonês]]
#* ''Pra encurtar a estória, liquidei o '''japona''' no segundo assalto — e ensaiou o desfecho do combate —: fiz que soltava a canhota, o olho rasgado acreditou e abriu a guarda'' livro: Pra onde vão os ciganos?, por José Ribamar Garcia · 2022, pag: ''?''

=={{etimologia|pt}}==
: De Japão.

==Ver também==
===No Wikcionário===
{{verTambém.Ini}}
* [[Japão]]
{{verTambém.NovaColuna}}
* [[japonês]]
{{verTambém.Fim}}

[[Categoria:Substantivo (Português)]]
[[Categoria:Vestuário (Português)]]</text>
<sha1>9qs8m37vyv6vueitfwdhxf0k6mcahvj</sha1>
</revision>
<revision>
<id>2684113</id>
<parentid>2684112</parentid>
<timestamp>2022-07-21T01:08:31Z</timestamp>
<contributor>
<username>Itleda</username>
<id>86989</id>
</contributor>
<model>wikitext</model>
<format>text/x-wiki</format>
<text bytes="1084" xml:space="preserve">{{Wikisource|Outro Soneto ao França}}

={{-pt-}}=
==Substantivo1==
{{flex.pt|fs=japona|fp=japonas}}
{{paroxítona|ja|po|na}}
# feminino de [[japão]]
# jaquetão
# {{escopo|Marinha}} abrigo de frio, curto, espécie de jaquetão em geral de pano azul-ferrete, usado por oficiais e praças por cima do uniforme
# casaco esportivo, de lã grossa, inspirado no modelo da japona&lt;sup&gt;1&lt;/sup&gt;, e adotado na indumentária masculina e feminina

==Substantivo2==
{{flex.pt|s=japona|p=japonas}}
{{paroxítona|ja|po|na}}, {{g|mf}}
# {{escopo|pt|pejorativo|insulto étnico}} [[japonês]]
#* ''Pra encurtar a estória, liquidei o '''japona''' no segundo assalto — e ensaiou o desfecho do combate —: fiz que soltava a canhota, o olho rasgado acreditou e abriu a guarda'' livro: Pra onde vão os ciganos?, por José Ribamar Garcia · 2022, pag: ''?''

=={{etimologia|pt}}==
: De Japão.

==Ver também==
===No Wikcionário===
{{verTambém.Ini}}
* [[Japão]]
{{verTambém.NovaColuna}}
* [[japonês]]
{{verTambém.Fim}}

[[Categoria:Substantivo (Português)]]
[[Categoria:Vestuário (Português)]]</text>
<sha1>jhar29f8w9za0sc4hqiirhgr9sxr4qv</sha1>
</revision>
</page>
