<title>japuíra</title>
<ns>0</ns>
<id>116012</id>
<revision>
<id>487640</id>
<timestamp>2009-06-28T23:43:30Z</timestamp>
<contributor>
<ip>189.103.68.18</ip>
</contributor>
<comment>[[Ajuda:Menus e funções/Sumário de edição#Sumário de edição automático|→]] nova página: Japuira - pássaro de coloração preta com parte amarelada em sua cauda e asas, bico amarelo esbr...</comment>
<model>wikitext</model>
<format>text/x-wiki</format>
<text bytes="211" xml:space="preserve">Japuira - pássaro de coloração preta com parte amarelada em sua cauda e asas, bico amarelo esbranquiçado, emite sons maviosos nas matas. Vivem em bandos e seus ninhos são longos, chegando perto de um metro.</text>
<sha1>9zhammp1ccqs0ik41dxgib0upc6y91n</sha1>
</revision>
<revision>
<id>489935</id>
<parentid>487640</parentid>
<timestamp>2009-07-04T08:42:26Z</timestamp>
<contributor>
<username>ValJor</username>
<id>1358</id>
</contributor>
<minor />
<comment>[[Japuira]] movido para [[japuíra]]: Passando para inicial minúscula: substantivo comum.</comment>
<model>wikitext</model>
<format>text/x-wiki</format>
<text bytes="211" xml:space="preserve">Japuira - pássaro de coloração preta com parte amarelada em sua cauda e asas, bico amarelo esbranquiçado, emite sons maviosos nas matas. Vivem em bandos e seus ninhos são longos, chegando perto de um metro.</text>
<sha1>9zhammp1ccqs0ik41dxgib0upc6y91n</sha1>
</revision>
<revision>
<id>679015</id>
<parentid>489935</parentid>
<timestamp>2010-01-01T13:06:42Z</timestamp>
<contributor>
<username>ValJor</username>
<id>1358</id>
</contributor>
<comment>Por um [[Especial:Deadendpages|wikcionário com saídas]]!</comment>
<model>wikitext</model>
<format>text/x-wiki</format>
<text bytes="633" xml:space="preserve">=Português=
==Substantivo==
{{flex.pt|ms=japuíra|mp=japuíras}}
{{paroxítona|ja|pu|í|ra}}
# [[pássaro]] de [[coloração]] [[preto|preta]] com parte [[amarelado|amarelada]] em sua [[cauda]] e [[asa]]s, [[bico]] [[amarelo]] [[esbranquiçado]], emite [[som|sons]] [[mavioso]]s nas [[mata]]s; vivem em bandos e seus ninhos são longos, chegando perto de um metro

===Sinônimos===
{{verTambém.Ini}}
* [[guaxe]]
{{verTambém.NovaColuna}}
* [[japim-da-mata]]
{{verTambém.NovaColuna}}
* [[japira]]
{{verTambém.NovaColuna}}
* [[xexéu-bauá]]
{{verTambém.Fim}}

[[Categoria:Substantivo (Português)]]
[[Categoria:Ave (Português)]]</text>
<sha1>pwt6x44ngm99bikna4vwedj91gcg298</sha1>
</revision>
<revision>
<id>1192085</id>
<parentid>679015</parentid>
<timestamp>2011-07-08T20:40:59Z</timestamp>
<contributor>
<username>MalafayaBot</username>
<id>628</id>
</contributor>
<minor />
<comment>Robô: Substituição de texto automática (-^\=\s?Português\s?\= +={{-pt-}}= &amp; -^\=\s?\{\{pt\}\}\s?\= +={{-pt-}}=)</comment>
<model>wikitext</model>
<format>text/x-wiki</format>
<text bytes="631" xml:space="preserve">={{-pt-}}=
==Substantivo==
{{flex.pt|ms=japuíra|mp=japuíras}}
{{paroxítona|ja|pu|í|ra}}
# [[pássaro]] de [[coloração]] [[preto|preta]] com parte [[amarelado|amarelada]] em sua [[cauda]] e [[asa]]s, [[bico]] [[amarelo]] [[esbranquiçado]], emite [[som|sons]] [[mavioso]]s nas [[mata]]s; vivem em bandos e seus ninhos são longos, chegando perto de um metro

===Sinônimos===
{{verTambém.Ini}}
* [[guaxe]]
{{verTambém.NovaColuna}}
* [[japim-da-mata]]
{{verTambém.NovaColuna}}
* [[japira]]
{{verTambém.NovaColuna}}
* [[xexéu-bauá]]
{{verTambém.Fim}}

[[Categoria:Substantivo (Português)]]
[[Categoria:Ave (Português)]]</text>
<sha1>h9nvyd5s8qjd87ldv8b1rx3qz0mgete</sha1>
</revision>
</page>
