<title>japá</title>
<ns>0</ns>
<id>80151</id>
<revision>
<id>309817</id>
<timestamp>2007-11-04T18:58:21Z</timestamp>
<contributor>
<username>Marcot</username>
<id>3079</id>
</contributor>
<comment>[[Ajuda:Menus e funções/Sumário de edição#Sumário de edição automático|→]] nova página: =Português= ==Substantivo== '''ja.&lt;u&gt;pá&lt;/u&gt;''' ''masculino'' # [[esteira]] [[feita]] com [[folha...</comment>
<model>wikitext</model>
<format>text/x-wiki</format>
<text bytes="481" xml:space="preserve">=Português=
==Substantivo==
'''ja.&lt;u&gt;pá&lt;/u&gt;''' ''masculino''
# [[esteira]] [[feita]] com [[folha]]s de [[palmeira]]s
#* '''1976'''.  SALDANHA, Carlos.  Capitão Grogojó.  In: HOLLANDA, Heloisa Buarque de.  ''26 poetas hoje''.  Rio de Janeiro: Aeroplano Editora, 2007.  p. 38.
#*: O capitão, vestido de malhó
#*: borrifa as hortaliças
#*: debaixo do '''japá''',

[[Categoria:Substantivo (Português)]]
[[Categoria:Dissílabo (Português)]]
[[Categoria:Oxítona (Português)]]</text>
<sha1>gcrmkwhnzuc81c6ekvvrd5az5cvyv1v</sha1>
</revision>
<revision>
<id>1202118</id>
<parentid>309817</parentid>
<timestamp>2011-07-09T15:31:10Z</timestamp>
<contributor>
<username>MalafayaBot</username>
<id>628</id>
</contributor>
<minor />
<comment>Robô: Substituição de texto automática (-^\=\s?Português\s?\= +={{-pt-}}= &amp; -^\=\s?\{\{pt\}\}\s?\= +={{-pt-}}=)</comment>
<model>wikitext</model>
<format>text/x-wiki</format>
<text bytes="479" xml:space="preserve">={{-pt-}}=
==Substantivo==
'''ja.&lt;u&gt;pá&lt;/u&gt;''' ''masculino''
# [[esteira]] [[feita]] com [[folha]]s de [[palmeira]]s
#* '''1976'''.  SALDANHA, Carlos.  Capitão Grogojó.  In: HOLLANDA, Heloisa Buarque de.  ''26 poetas hoje''.  Rio de Janeiro: Aeroplano Editora, 2007.  p. 38.
#*: O capitão, vestido de malhó
#*: borrifa as hortaliças
#*: debaixo do '''japá''',

[[Categoria:Substantivo (Português)]]
[[Categoria:Dissílabo (Português)]]
[[Categoria:Oxítona (Português)]]</text>
<sha1>h53wm9ohl0hxw0y4xxq58vmtw7niyn4</sha1>
</revision>
</page>
