<title>japão</title>
<ns>0</ns>
<id>301137</id>
<revision>
<id>1516584</id>
<timestamp>2012-11-05T22:15:07Z</timestamp>
<contributor>
<username>Dicionarista</username>
<id>6964</id>
</contributor>
<comment>[[Ajuda:Guia de edição/Menus e ferramentas/Sumário de edição|→]] nova página: ={{-pt-}}= ==Substantivo== {{oxítona|ja|pão}} {{m}} # o mesmo que '''[[japonês]]''' # redução de '''pa...</comment>
<model>wikitext</model>
<format>text/x-wiki</format>
<text bytes="741" xml:space="preserve">={{-pt-}}=
==Substantivo==
{{oxítona|ja|pão}} {{m}}
# o mesmo que '''[[japonês]]'''
# redução de '''[[papel do Japão]]'''
# {{escopo|Brasil}} japim grande
# {{escopoCatLang|Botânica|pt}} o mesmo que '''[[sapão]]'''
==Adjetivo==
{{oxítona|ja|pão}} {{m}}
# o mesmo que '''[[japonês]]'''
==Ver também==
===Referências===
* [http://aulete.uol.com.br/jap%C3%A3o Dicionário Aberto]
* [[w:Dicionário_Houaiss_da_Língua_Portuguesa|Dicionário Houaiss da Língua Portuguesa]]
* [http://www.priberam.pt/dlpo/default.aspx?pal=jap%C3%A3o Dicionário Priberam da Língua Portuguesa]
* [http://aulete.uol.com.br/jap%C3%A3o iDicionário Aulete]

[[Categoria:Substantivo (Português)]]
[[Categoria:Adjetivo (Português)]]
[[Categoria:Brasil]]</text>
<sha1>sx2ebylg0r6h9mlahcieurfcm9urr31</sha1>
</revision>
<revision>
<id>1516586</id>
<parentid>1516584</parentid>
<timestamp>2012-11-05T22:16:57Z</timestamp>
<contributor>
<username>Dicionarista</username>
<id>6964</id>
</contributor>
<model>wikitext</model>
<format>text/x-wiki</format>
<text bytes="764" xml:space="preserve">{{ver também|Japão}}
={{-pt-}}=
==Substantivo==
{{oxítona|ja|pão}} {{m}}
# o mesmo que '''[[japonês]]'''
# redução de '''[[papel do Japão]]'''
# {{escopo|Brasil}} japim grande
# {{escopoCatLang|Botânica|pt}} o mesmo que '''[[sapão]]'''
==Adjetivo==
{{oxítona|ja|pão}} {{m}}
# o mesmo que '''[[japonês]]'''
==Ver também==
===Referências===
* [http://aulete.uol.com.br/jap%C3%A3o Dicionário Aberto]
* [[w:Dicionário_Houaiss_da_Língua_Portuguesa|Dicionário Houaiss da Língua Portuguesa]]
* [http://www.priberam.pt/dlpo/default.aspx?pal=jap%C3%A3o Dicionário Priberam da Língua Portuguesa]
* [http://aulete.uol.com.br/jap%C3%A3o iDicionário Aulete]

[[Categoria:Substantivo (Português)]]
[[Categoria:Adjetivo (Português)]]
[[Categoria:Brasil]]</text>
<sha1>pleh8wfa4d39oicojsawvjxjeca4d1h</sha1>
</revision>
<revision>
<id>2587060</id>
<parentid>1516586</parentid>
<timestamp>2020-05-03T13:47:53Z</timestamp>
<contributor>
<username>ValJor</username>
<id>1358</id>
</contributor>
<comment>Este verbete havia sido colocado indevidamente na categoria Brasil.</comment>
<model>wikitext</model>
<format>text/x-wiki</format>
<text bytes="561" xml:space="preserve">{{ver também|Japão}}

={{-pt-}}=
==Adjetivo==
{{oxítona|ja|pão}}
# o mesmo que '''[[japonês]]'''

==Substantivo==
{{flex.pt|ms=japão|mp=japões}}
{{oxítona|ja|pão}}, {{gramática|m}}
# o mesmo que '''[[japonês]]'''
# redução de '''[[papel do Japão]]'''
# {{escopo|pt|Brasil}} japim grande
# {{escopo|pt|Botânica}} o mesmo que '''[[sapão]]'''

==Ligações externas==
* {{Aulete}}
* {{Michaelis|japao}}
* {{DicioAberto}}
* {{DPLP}}
* {{Infopédia}}
* {{PLP}}
* {{VOLPABL}}

[[Categoria:Adjetivo (Português)]]
[[Categoria:Substantivo (Português)]]</text>
<sha1>bx81ubkz9gh5cd4c9n6rie1343n34jb</sha1>
</revision>
</page>
