<title>japônico</title>
<ns>0</ns>
<id>319187</id>
<revision>
<id>1734050</id>
<timestamp>2013-09-21T09:50:59Z</timestamp>
<contributor>
<ip>70.40.220.108</ip>
</contributor>
<comment>O bloqueio do IP 217.129.4.134 é indefinido. Já não há administradores !</comment>
<model>wikitext</model>
<format>text/x-wiki</format>
<text bytes="37" xml:space="preserve">{{esboço}}

{{grafiaPbpb|japónico}}</text>
<sha1>j34vw7kot6pzcro37i3flso9t3tzbh2</sha1>
</revision>
<revision>
<id>1734153</id>
<parentid>1734050</parentid>
<timestamp>2013-09-21T12:13:02Z</timestamp>
<contributor>
<ip>2001:41D0:52:A00:0:0:0:2B</ip>
</contributor>
<comment>O bloqueio do IP 217.129.4.134 é indefinido. Já não há administradores!</comment>
<model>wikitext</model>
<format>text/x-wiki</format>
<text bytes="37" xml:space="preserve">{{esboço}}

{{grafiaPtbr|japónico}}</text>
<sha1>oz19e65jst5fj19qgpesffydyxde4ds</sha1>
</revision>
<revision>
<id>1753111</id>
<parentid>1734153</parentid>
<timestamp>2013-10-14T23:08:43Z</timestamp>
<contributor>
<username>Defender</username>
<id>15952</id>
</contributor>
<model>wikitext</model>
<format>text/x-wiki</format>
<text bytes="391" xml:space="preserve">{{grafiaPt{{#switch:{{PAGENAME}}|japônico=br|japónico=pt}}|jap{{#switch:{{PAGENAME}}|japônico=ó|japónico=ô}}nico}}
={{-pt-}}=
==Adjetivo==
{{proparoxítona|ja|p{{#switch:{{PAGENAME}}|japônico=ô|japónico=ó}}|ni|co}}
# que diz respeito ou pertence ao [[Japão]] ou aos [[japonês|japoneses]]
=={{etimologia|pt}}==
:De [[Japão]] (topônimo) + [[-ico]].
{{categorias|{{pt}}|Adjetivo}}</text>
<sha1>3fwa9mz6qggbzfxbj3uwqut7v2n0ido</sha1>
</revision>
</page>
