<title>japónico</title>
<ns>0</ns>
<id>319186</id>
<revision>
<id>1734036</id>
<timestamp>2013-09-21T09:30:49Z</timestamp>
<contributor>
<ip>88.208.201.9</ip>
</contributor>
<comment>O bloqueio do IP 217.129.4.134 é indefinido. Já não há administradores!</comment>
<model>wikitext</model>
<format>text/x-wiki</format>
<text bytes="36" xml:space="preserve">{{esboço}}
{{grafiaPtpt|japônico}}</text>
<sha1>gr6zu2x82ezjx51f39eikefggq8apnq</sha1>
</revision>
<revision>
<id>1734262</id>
<parentid>1734036</parentid>
<timestamp>2013-09-21T16:45:40Z</timestamp>
<contributor>
<ip>75.127.14.147</ip>
</contributor>
<comment>Os portugueses em Portugal são tão sacanas, tão sacanas, que até só falam a língua dos brasileiros</comment>
<model>wikitext</model>
<format>text/x-wiki</format>
<text bytes="46" xml:space="preserve">{{esboço}}
----
{{grafiaPtpt|japônico}}
----</text>
<sha1>ki67nprlzbdkmxdm7v5g9x9wqd7wxkr</sha1>
</revision>
<revision>
<id>1753112</id>
<parentid>1734262</parentid>
<timestamp>2013-10-14T23:09:14Z</timestamp>
<contributor>
<username>Defender</username>
<id>15952</id>
</contributor>
<model>wikitext</model>
<format>text/x-wiki</format>
<text bytes="14" xml:space="preserve">{{:japônico}}</text>
<sha1>fzh3k6adhch3ts7zthecotxdxcspkmn</sha1>
</revision>
<revision>
<id>2049001</id>
<parentid>1753112</parentid>
<timestamp>2015-12-18T10:34:03Z</timestamp>
<contributor>
<username>ValJor</username>
<id>1358</id>
</contributor>
<comment>Melhorando a apresentação do verbete usando a [[:predefinição:cria-entrada]]</comment>
<model>wikitext</model>
<format>text/x-wiki</format>
<text bytes="329" xml:space="preserve">{{grafiaPtpt|japônico}}

={{-pt-}}=
==Adjetivo==
{{flex.pt|ms=japónico|mp=japónicos|fs=japónica|fp=japónicas}}
{{proparoxítona|ja|pó|ni|co}}
# que diz respeito ou pertence ao [[Japão]] ou aos [[japonês|japoneses]]

=={{etimologia|pt}}==
: {{escopo|Morfologia}} [[Japão]] + [[-ico]].

[[Categoria:Adjetivo (Português)]]</text>
<sha1>dp5vp04otqa26pywjwe4gs5sfqytod8</sha1>
</revision>
</page>
