<title>jaqué</title>
<ns>0</ns>
<id>295824</id>
<revision>
<id>1442090</id>
<timestamp>2012-08-12T10:23:21Z</timestamp>
<contributor>
<ip>217.129.5.168</ip>
</contributor>
<comment>[[Ajuda:Guia de edição/Menus e ferramentas/Sumário de edição|→]] nova página: jaqué - s.m. - # [[casaco]] curto de mulher # [[colete]] de homem</comment>
<model>wikitext</model>
<format>text/x-wiki</format>
<text bytes="66" xml:space="preserve">jaqué - s.m. -
# [[casaco]] curto de mulher
# [[colete]] de homem</text>
<sha1>nb82c6pmp0cvp1gug5ddmg9pp5hnnxb</sha1>
</revision>
<revision>
<id>1444190</id>
<parentid>1442090</parentid>
<timestamp>2012-08-15T20:01:51Z</timestamp>
<contributor>
<username>ValJor</username>
<id>1358</id>
</contributor>
<comment>Retirando da [[Especial:Uncategorizedpages|página de verbetes sem categoria]]</comment>
<model>wikitext</model>
<format>text/x-wiki</format>
<text bytes="221" xml:space="preserve">={{-pt-}}=
==Substantivo==
{{flex.pt|ms=jaqué|mp=jaqués}}
{{oxítona|ja|qué}}
# [[casaco]] [[curto]] de [[mulher]]
# [[colete]] de [[homem]]

[[Categoria:Substantivo (Português)]]
[[Categoria:Vestuário (Português)]]</text>
<sha1>1d922n0s1o6foaolzicgr9o5hextiir</sha1>
</revision>
</page>
