<title>jaque</title>
<ns>0</ns>
<id>369623</id>
<revision>
<id>2204786</id>
<timestamp>2016-12-01T14:34:07Z</timestamp>
<contributor>
<username>Jéssica S. Ciqueira</username>
<id>53180</id>
</contributor>
<comment>[[Ajuda:Guia de edição/Menus e ferramentas/Sumário de edição|→]] nova página: ={{-pt-}}= ==Substantivo== {{flex.pt|ms=jaque|mp=jaques}} {{paroxítona|ja|que}}, {{gramática|m}} # {{escopo...</comment>
<model>wikitext</model>
<format>text/x-wiki</format>
<text bytes="339" xml:space="preserve">={{-pt-}}=
==Substantivo==
{{flex.pt|ms=jaque|mp=jaques}}
{{paroxítona|ja|que}}, {{gramática|m}}
# {{escopo|pt|Náutica}} bandeirola que asteada em embarcação sinaliza pedido de socorro
# {{escopo|pt|Náutica}} bandeirola asteada à proa de embarcação é-lha identificante de sua nacionalidade

[[Categoria:Substantivo (Português)]]</text>
<sha1>czz1ix1mnp21patntqyipd87v9hbmx5</sha1>
</revision>
<revision>
<id>2204791</id>
<parentid>2204786</parentid>
<timestamp>2016-12-01T14:40:02Z</timestamp>
<contributor>
<username>Jéssica S. Ciqueira</username>
<id>53180</id>
</contributor>
<model>wikitext</model>
<format>text/x-wiki</format>
<text bytes="343" xml:space="preserve">={{-pt-}}=
==Substantivo==
{{flex.pt|ms=jaque|mp=jaques}}
{{paroxítona|ja|que}}, {{gramática|m}}
# {{escopo|pt|Náutica}} bandeirola que asteada em embarcação sinaliza pedido de socorro
# {{escopo|pt|Náutica}} bandeirola asteada à proa de embarcação que é-lha identificante de sua nacionalidade

[[Categoria:Substantivo (Português)]]</text>
<sha1>3vwuh8lfd3zphm3duf9709wq477cjly</sha1>
</revision>
<revision>
<id>2204802</id>
<parentid>2204791</parentid>
<timestamp>2016-12-01T14:59:24Z</timestamp>
<contributor>
<username>RobokoBot</username>
<id>56179</id>
</contributor>
<minor />
<comment>Robô: A adicionar: chr, en, es, fi, fr, io, ko, mg, nl, pl, ru</comment>
<model>wikitext</model>
<format>text/x-wiki</format>
<text bytes="488" xml:space="preserve">={{-pt-}}=
==Substantivo==
{{flex.pt|ms=jaque|mp=jaques}}
{{paroxítona|ja|que}}, {{gramática|m}}
# {{escopo|pt|Náutica}} bandeirola que asteada em embarcação sinaliza pedido de socorro
# {{escopo|pt|Náutica}} bandeirola asteada à proa de embarcação que é-lha identificante de sua nacionalidade

[[Categoria:Substantivo (Português)]]

[[chr:jaque]]
[[en:jaque]]
[[es:jaque]]
[[fi:jaque]]
[[fr:jaque]]
[[io:jaque]]
[[ko:jaque]]
[[mg:jaque]]
[[nl:jaque]]
[[pl:jaque]]
[[ru:jaque]]</text>
<sha1>eoh8zg6iwun7j341y02v675er98jop1</sha1>
</revision>
<revision>
<id>2235532</id>
<parentid>2204802</parentid>
<timestamp>2017-02-10T04:17:37Z</timestamp>
<contributor>
<username>UT-interwiki-Bot</username>
<id>56129</id>
</contributor>
<minor />
<comment>Robô: A adicionar: [[eo:jaque]]</comment>
<model>wikitext</model>
<format>text/x-wiki</format>
<text bytes="501" xml:space="preserve">={{-pt-}}=
==Substantivo==
{{flex.pt|ms=jaque|mp=jaques}}
{{paroxítona|ja|que}}, {{gramática|m}}
# {{escopo|pt|Náutica}} bandeirola que asteada em embarcação sinaliza pedido de socorro
# {{escopo|pt|Náutica}} bandeirola asteada à proa de embarcação que é-lha identificante de sua nacionalidade

[[Categoria:Substantivo (Português)]]

[[chr:jaque]]
[[en:jaque]]
[[eo:jaque]]
[[es:jaque]]
[[fi:jaque]]
[[fr:jaque]]
[[io:jaque]]
[[ko:jaque]]
[[mg:jaque]]
[[nl:jaque]]
[[pl:jaque]]
[[ru:jaque]]</text>
<sha1>5blh9ouo4w17qw7dcqqlzii1sbtvzof</sha1>
</revision>
<revision>
<id>2364672</id>
<parentid>2235532</parentid>
<timestamp>2017-05-03T15:43:59Z</timestamp>
<contributor>
<username>HydrizBot</username>
<id>29590</id>
</contributor>
<minor />
<comment>Robô: A limpar links interwikis antigos</comment>
<model>wikitext</model>
<format>text/x-wiki</format>
<text bytes="343" xml:space="preserve">={{-pt-}}=
==Substantivo==
{{flex.pt|ms=jaque|mp=jaques}}
{{paroxítona|ja|que}}, {{gramática|m}}
# {{escopo|pt|Náutica}} bandeirola que asteada em embarcação sinaliza pedido de socorro
# {{escopo|pt|Náutica}} bandeirola asteada à proa de embarcação que é-lha identificante de sua nacionalidade

[[Categoria:Substantivo (Português)]]</text>
<sha1>3vwuh8lfd3zphm3duf9709wq477cjly</sha1>
</revision>
<revision>
<id>2470869</id>
<parentid>2364672</parentid>
<timestamp>2017-12-15T19:47:39Z</timestamp>
<contributor>
<username>Askekamo</username>
<id>60711</id>
</contributor>
<model>wikitext</model>
<format>text/x-wiki</format>
<text bytes="387" xml:space="preserve">={{-pt-}}=
==Substantivo==
{{flex.pt|ms=jaque|mp=jaques}}
{{paroxítona|ja|que}}, {{gramática|m}}
# {{escopo|pt|Náutica}} bandeirola que asteada em embarcação sinaliza pedido de socorro
# {{escopo|pt|Náutica}} bandeirola asteada à proa de embarcação que é-lha identificante de sua nacionalidade

=={{etimologia|en}}==
{{llietimo|en|jack}}

[[Categoria:Substantivo (Português)]]</text>
<sha1>h4dms7k48vzhnz6pdryhs8qzpimh8ml</sha1>
</revision>
<revision>
<id>2470873</id>
<parentid>2470869</parentid>
<timestamp>2017-12-15T19:50:10Z</timestamp>
<contributor>
<username>Askekamo</username>
<id>60711</id>
</contributor>
<model>wikitext</model>
<format>text/x-wiki</format>
<text bytes="390" xml:space="preserve">={{-pt-}}=
==Substantivo==
{{flex.pt|ms=jaque|mp=jaques}}
{{paroxítona|ja|que}}, {{gramática|m}}
# {{escopo|pt|Náutica}} bandeirola que asteada em embarcação sinaliza pedido de socorro
# {{escopo|pt|Náutica}} bandeirola asteada à proa de embarcação que é-lha identificante de sua nacionalidade

=={{etimologia|en}}==
{{llietimo|en|jack|pt}}

[[Categoria:Substantivo (Português)]]</text>
<sha1>pohj0f1wspozx8aq0b0j3rzgj5w6yux</sha1>
</revision>
<revision>
<id>2687844</id>
<parentid>2470873</parentid>
<timestamp>2022-09-05T00:23:29Z</timestamp>
<contributor>
<username>M. C. Escher is best MC</username>
<id>65000</id>
</contributor>
<minor />
<comment>/* {{-pt-}} */</comment>
<model>wikitext</model>
<format>text/x-wiki</format>
<text bytes="392" xml:space="preserve">={{-pt-}}=
==Substantivo==
{{flex.pt|ms=jaque|mp=jaques}}
{{paroxítona|ja|que}}, {{gramática|m}}
# {{escopo|pt|Náutica}} bandeirola que hasteada em embarcação sinaliza pedido de socorro
# {{escopo|pt|Náutica}} bandeirola hasteada à proa de embarcação que é-lha identificante de sua nacionalidade

=={{etimologia|en}}==
{{llietimo|en|jack|pt}}

[[Categoria:Substantivo (Português)]]</text>
<sha1>hlhnmh15171u7xofjlrp39p5a6acs6u</sha1>
</revision>
</page>
