<title>jar</title>
<ns>0</ns>
<id>236208</id>
<revision>
<id>891679</id>
<timestamp>2010-06-03T01:02:37Z</timestamp>
<contributor>
<username>MalafayaBot</username>
<id>628</id>
</contributor>
<comment>Criada automaticamente a partir das traduções em [[primavera]]</comment>
<model>wikitext</model>
<format>text/x-wiki</format>
<text bytes="152" xml:space="preserve">={{-sk-}}=
==Substantivo==
'''jar'''
# [[primavera]] (de '''1''')

{{página-automática|junho|2010|primavera|sk}}

[[Categoria:Substantivo (Eslovaco)]]</text>
<sha1>32ghcmiu733hr6bjydxodqq0ba5wfkr</sha1>
</revision>
<revision>
<id>893992</id>
<parentid>891679</parentid>
<timestamp>2010-06-07T09:51:45Z</timestamp>
<contributor>
<username>Interwicket</username>
<id>6868</id>
</contributor>
<minor />
<comment>iwiki +[[:af:jar]], [[:ar:jar]], [[:bg:jar]], [[:cs:jar]], [[:de:jar]], el, en, fa, fi, fr, hu, io, it, kn, ku, lo, lt, my, pl, ro, ru, simple, sv, ta, te, th, tk, tr, vi, wo, zh</comment>
<model>wikitext</model>
<format>text/x-wiki</format>
<text bytes="498" xml:space="preserve">={{-sk-}}=
==Substantivo==
'''jar'''
# [[primavera]] (de '''1''')

{{página-automática|junho|2010|primavera|sk}}

[[Categoria:Substantivo (Eslovaco)]]

[[af:jar]]
[[ar:jar]]
[[bg:jar]]
[[cs:jar]]
[[de:jar]]
[[el:jar]]
[[en:jar]]
[[fa:jar]]
[[fi:jar]]
[[fr:jar]]
[[hu:jar]]
[[io:jar]]
[[it:jar]]
[[kn:jar]]
[[ku:jar]]
[[lo:jar]]
[[lt:jar]]
[[my:jar]]
[[pl:jar]]
[[ro:jar]]
[[ru:jar]]
[[simple:jar]]
[[sv:jar]]
[[ta:jar]]
[[te:jar]]
[[th:jar]]
[[tk:jar]]
[[tr:jar]]
[[vi:jar]]
[[wo:jar]]
[[zh:jar]]</text>
<sha1>4p766i38amgv79k384ia4d583140jzo</sha1>
</revision>
<revision>
<id>914353</id>
<parentid>893992</parentid>
<timestamp>2010-07-09T02:43:27Z</timestamp>
<contributor>
<username>Interwicket</username>
<id>6868</id>
</contributor>
<minor />
<comment>iwiki +[[:ko:jar]]</comment>
<model>wikitext</model>
<format>text/x-wiki</format>
<text bytes="509" xml:space="preserve">={{-sk-}}=
==Substantivo==
'''jar'''
# [[primavera]] (de '''1''')

{{página-automática|junho|2010|primavera|sk}}

[[Categoria:Substantivo (Eslovaco)]]

[[af:jar]]
[[ar:jar]]
[[bg:jar]]
[[cs:jar]]
[[de:jar]]
[[el:jar]]
[[en:jar]]
[[fa:jar]]
[[fi:jar]]
[[fr:jar]]
[[hu:jar]]
[[io:jar]]
[[it:jar]]
[[kn:jar]]
[[ko:jar]]
[[ku:jar]]
[[lo:jar]]
[[lt:jar]]
[[my:jar]]
[[pl:jar]]
[[ro:jar]]
[[ru:jar]]
[[simple:jar]]
[[sv:jar]]
[[ta:jar]]
[[te:jar]]
[[th:jar]]
[[tk:jar]]
[[tr:jar]]
[[vi:jar]]
[[wo:jar]]
[[zh:jar]]</text>
<sha1>lmsodao5hpm4yf1f1wc3jqjjnzmazvh</sha1>
</revision>
<revision>
<id>985901</id>
<parentid>914353</parentid>
<timestamp>2010-11-26T04:24:22Z</timestamp>
<contributor>
<username>ArthurBot</username>
<id>13550</id>
</contributor>
<minor />
<comment>[r2.6.4] Bot: Adicionando: [[sh:jar]]</comment>
<model>wikitext</model>
<format>text/x-wiki</format>
<text bytes="520" xml:space="preserve">={{-sk-}}=
==Substantivo==
'''jar'''
# [[primavera]] (de '''1''')

{{página-automática|junho|2010|primavera|sk}}

[[Categoria:Substantivo (Eslovaco)]]

[[af:jar]]
[[ar:jar]]
[[bg:jar]]
[[cs:jar]]
[[de:jar]]
[[el:jar]]
[[en:jar]]
[[fa:jar]]
[[fi:jar]]
[[fr:jar]]
[[hu:jar]]
[[io:jar]]
[[it:jar]]
[[kn:jar]]
[[ko:jar]]
[[ku:jar]]
[[lo:jar]]
[[lt:jar]]
[[my:jar]]
[[pl:jar]]
[[ro:jar]]
[[ru:jar]]
[[sh:jar]]
[[simple:jar]]
[[sv:jar]]
[[ta:jar]]
[[te:jar]]
[[th:jar]]
[[tk:jar]]
[[tr:jar]]
[[vi:jar]]
[[wo:jar]]
[[zh:jar]]</text>
<sha1>cg15nvlpq58s71iwzag6v23min38uiq</sha1>
</revision>
<revision>
<id>996437</id>
<parentid>985901</parentid>
<timestamp>2010-12-15T02:05:29Z</timestamp>
<contributor>
<username>Luckas-bot</username>
<id>5986</id>
</contributor>
<minor />
<comment>r2.6.2) (Bot: Adicionando: [[et:jar]]</comment>
<model>wikitext</model>
<format>text/x-wiki</format>
<text bytes="531" xml:space="preserve">={{-sk-}}=
==Substantivo==
'''jar'''
# [[primavera]] (de '''1''')

{{página-automática|junho|2010|primavera|sk}}

[[Categoria:Substantivo (Eslovaco)]]

[[af:jar]]
[[ar:jar]]
[[bg:jar]]
[[cs:jar]]
[[de:jar]]
[[el:jar]]
[[en:jar]]
[[et:jar]]
[[fa:jar]]
[[fi:jar]]
[[fr:jar]]
[[hu:jar]]
[[io:jar]]
[[it:jar]]
[[kn:jar]]
[[ko:jar]]
[[ku:jar]]
[[lo:jar]]
[[lt:jar]]
[[my:jar]]
[[pl:jar]]
[[ro:jar]]
[[ru:jar]]
[[sh:jar]]
[[simple:jar]]
[[sv:jar]]
[[ta:jar]]
[[te:jar]]
[[th:jar]]
[[tk:jar]]
[[tr:jar]]
[[vi:jar]]
[[wo:jar]]
[[zh:jar]]</text>
<sha1>gbqx8qcxg77yrx4dr2p4epiuhf3h8ms</sha1>
</revision>
<revision>
<id>1074025</id>
<parentid>996437</parentid>
<timestamp>2011-05-03T18:39:12Z</timestamp>
<contributor>
<username>Luckas-bot</username>
<id>5986</id>
</contributor>
<minor />
<comment>r2.6.2) (Bot: Adicionando: [[eo:jar]]</comment>
<model>wikitext</model>
<format>text/x-wiki</format>
<text bytes="542" xml:space="preserve">={{-sk-}}=
==Substantivo==
'''jar'''
# [[primavera]] (de '''1''')

{{página-automática|junho|2010|primavera|sk}}

[[Categoria:Substantivo (Eslovaco)]]

[[af:jar]]
[[ar:jar]]
[[bg:jar]]
[[cs:jar]]
[[de:jar]]
[[el:jar]]
[[en:jar]]
[[eo:jar]]
[[et:jar]]
[[fa:jar]]
[[fi:jar]]
[[fr:jar]]
[[hu:jar]]
[[io:jar]]
[[it:jar]]
[[kn:jar]]
[[ko:jar]]
[[ku:jar]]
[[lo:jar]]
[[lt:jar]]
[[my:jar]]
[[pl:jar]]
[[ro:jar]]
[[ru:jar]]
[[sh:jar]]
[[simple:jar]]
[[sv:jar]]
[[ta:jar]]
[[te:jar]]
[[th:jar]]
[[tk:jar]]
[[tr:jar]]
[[vi:jar]]
[[wo:jar]]
[[zh:jar]]</text>
<sha1>oih4kn2r3ngjcoijq0wo4q9tgbtyqud</sha1>
</revision>
<revision>
<id>1271690</id>
<parentid>1074025</parentid>
<timestamp>2011-11-02T09:37:36Z</timestamp>
<contributor>
<username>JAnDbot</username>
<id>25083</id>
</contributor>
<minor />
<comment>r2.5.2) (Robô: A adicionar: [[mg:jar]]</comment>
<model>wikitext</model>
<format>text/x-wiki</format>
<text bytes="553" xml:space="preserve">={{-sk-}}=
==Substantivo==
'''jar'''
# [[primavera]] (de '''1''')

{{página-automática|junho|2010|primavera|sk}}

[[Categoria:Substantivo (Eslovaco)]]

[[af:jar]]
[[ar:jar]]
[[bg:jar]]
[[cs:jar]]
[[de:jar]]
[[el:jar]]
[[en:jar]]
[[eo:jar]]
[[et:jar]]
[[fa:jar]]
[[fi:jar]]
[[fr:jar]]
[[hu:jar]]
[[io:jar]]
[[it:jar]]
[[kn:jar]]
[[ko:jar]]
[[ku:jar]]
[[lo:jar]]
[[lt:jar]]
[[mg:jar]]
[[my:jar]]
[[pl:jar]]
[[ro:jar]]
[[ru:jar]]
[[sh:jar]]
[[simple:jar]]
[[sv:jar]]
[[ta:jar]]
[[te:jar]]
[[th:jar]]
[[tk:jar]]
[[tr:jar]]
[[vi:jar]]
[[wo:jar]]
[[zh:jar]]</text>
<sha1>dbwop4oe51bbysn89w0gtj6k81kibpy</sha1>
</revision>
<revision>
<id>1328261</id>
<parentid>1271690</parentid>
<timestamp>2011-12-10T16:56:26Z</timestamp>
<contributor>
<username>KamikazeBot</username>
<id>23176</id>
</contributor>
<minor />
<comment>r2.7.1) (Robô: A adicionar: [[tl:jar]]</comment>
<model>wikitext</model>
<format>text/x-wiki</format>
<text bytes="564" xml:space="preserve">={{-sk-}}=
==Substantivo==
'''jar'''
# [[primavera]] (de '''1''')

{{página-automática|junho|2010|primavera|sk}}

[[Categoria:Substantivo (Eslovaco)]]

[[af:jar]]
[[ar:jar]]
[[bg:jar]]
[[cs:jar]]
[[de:jar]]
[[el:jar]]
[[en:jar]]
[[eo:jar]]
[[et:jar]]
[[fa:jar]]
[[fi:jar]]
[[fr:jar]]
[[hu:jar]]
[[io:jar]]
[[it:jar]]
[[kn:jar]]
[[ko:jar]]
[[ku:jar]]
[[lo:jar]]
[[lt:jar]]
[[mg:jar]]
[[my:jar]]
[[pl:jar]]
[[ro:jar]]
[[ru:jar]]
[[sh:jar]]
[[simple:jar]]
[[sv:jar]]
[[ta:jar]]
[[te:jar]]
[[th:jar]]
[[tk:jar]]
[[tl:jar]]
[[tr:jar]]
[[vi:jar]]
[[wo:jar]]
[[zh:jar]]</text>
<sha1>pm7bfl0xfe6adsyxnh9kut8wnbaacxj</sha1>
</revision>
<revision>
<id>1416490</id>
<parentid>1328261</parentid>
<timestamp>2012-06-01T06:07:13Z</timestamp>
<contributor>
<username>HydrizBot</username>
<id>29590</id>
</contributor>
<minor />
<comment>r2.7.3) (Robô: A adicionar: [[eu:jar]]</comment>
<model>wikitext</model>
<format>text/x-wiki</format>
<text bytes="575" xml:space="preserve">={{-sk-}}=
==Substantivo==
'''jar'''
# [[primavera]] (de '''1''')

{{página-automática|junho|2010|primavera|sk}}

[[Categoria:Substantivo (Eslovaco)]]

[[af:jar]]
[[ar:jar]]
[[bg:jar]]
[[cs:jar]]
[[de:jar]]
[[el:jar]]
[[en:jar]]
[[eo:jar]]
[[et:jar]]
[[eu:jar]]
[[fa:jar]]
[[fi:jar]]
[[fr:jar]]
[[hu:jar]]
[[io:jar]]
[[it:jar]]
[[kn:jar]]
[[ko:jar]]
[[ku:jar]]
[[lo:jar]]
[[lt:jar]]
[[mg:jar]]
[[my:jar]]
[[pl:jar]]
[[ro:jar]]
[[ru:jar]]
[[sh:jar]]
[[simple:jar]]
[[sv:jar]]
[[ta:jar]]
[[te:jar]]
[[th:jar]]
[[tk:jar]]
[[tl:jar]]
[[tr:jar]]
[[vi:jar]]
[[wo:jar]]
[[zh:jar]]</text>
<sha1>bzij81fyt317pmh6c3fqrmo3p2nkl2j</sha1>
</revision>
<revision>
<id>1715069</id>
<parentid>1416490</parentid>
<timestamp>2013-08-19T07:10:04Z</timestamp>
<contributor>
<username>HydrizBot</username>
<id>29590</id>
</contributor>
<minor />
<comment>r2.7.3) (Robô: A adicionar: [[chr:jar]]</comment>
<model>wikitext</model>
<format>text/x-wiki</format>
<text bytes="587" xml:space="preserve">={{-sk-}}=
==Substantivo==
'''jar'''
# [[primavera]] (de '''1''')

{{página-automática|junho|2010|primavera|sk}}

[[Categoria:Substantivo (Eslovaco)]]

[[af:jar]]
[[ar:jar]]
[[bg:jar]]
[[chr:jar]]
[[cs:jar]]
[[de:jar]]
[[el:jar]]
[[en:jar]]
[[eo:jar]]
[[et:jar]]
[[eu:jar]]
[[fa:jar]]
[[fi:jar]]
[[fr:jar]]
[[hu:jar]]
[[io:jar]]
[[it:jar]]
[[kn:jar]]
[[ko:jar]]
[[ku:jar]]
[[lo:jar]]
[[lt:jar]]
[[mg:jar]]
[[my:jar]]
[[pl:jar]]
[[ro:jar]]
[[ru:jar]]
[[sh:jar]]
[[simple:jar]]
[[sv:jar]]
[[ta:jar]]
[[te:jar]]
[[th:jar]]
[[tk:jar]]
[[tl:jar]]
[[tr:jar]]
[[vi:jar]]
[[wo:jar]]
[[zh:jar]]</text>
<sha1>dpr8nzdc9k4nyr4xrdgtbf4pgvo5j7h</sha1>
</revision>
<revision>
<id>1811241</id>
<parentid>1715069</parentid>
<timestamp>2014-02-16T17:02:26Z</timestamp>
<contributor>
<username>JAnDbot</username>
<id>25083</id>
</contributor>
<minor />
<comment>r2.7.6) (Robô: A adicionar: [[hy:jar]]</comment>
<model>wikitext</model>
<format>text/x-wiki</format>
<text bytes="598" xml:space="preserve">={{-sk-}}=
==Substantivo==
'''jar'''
# [[primavera]] (de '''1''')

{{página-automática|junho|2010|primavera|sk}}

[[Categoria:Substantivo (Eslovaco)]]

[[af:jar]]
[[ar:jar]]
[[bg:jar]]
[[chr:jar]]
[[cs:jar]]
[[de:jar]]
[[el:jar]]
[[en:jar]]
[[eo:jar]]
[[et:jar]]
[[eu:jar]]
[[fa:jar]]
[[fi:jar]]
[[fr:jar]]
[[hu:jar]]
[[hy:jar]]
[[io:jar]]
[[it:jar]]
[[kn:jar]]
[[ko:jar]]
[[ku:jar]]
[[lo:jar]]
[[lt:jar]]
[[mg:jar]]
[[my:jar]]
[[pl:jar]]
[[ro:jar]]
[[ru:jar]]
[[sh:jar]]
[[simple:jar]]
[[sv:jar]]
[[ta:jar]]
[[te:jar]]
[[th:jar]]
[[tk:jar]]
[[tl:jar]]
[[tr:jar]]
[[vi:jar]]
[[wo:jar]]
[[zh:jar]]</text>
<sha1>4b2izkdbefknxuh58l3e18kue2sqgnm</sha1>
</revision>
<revision>
<id>1851059</id>
<parentid>1811241</parentid>
<timestamp>2014-08-25T20:27:21Z</timestamp>
<contributor>
<username>JAnDbot</username>
<id>25083</id>
</contributor>
<minor />
<comment>r2.7.3) (Robô: A adicionar: [[wa:jar]]</comment>
<model>wikitext</model>
<format>text/x-wiki</format>
<text bytes="609" xml:space="preserve">={{-sk-}}=
==Substantivo==
'''jar'''
# [[primavera]] (de '''1''')

{{página-automática|junho|2010|primavera|sk}}

[[Categoria:Substantivo (Eslovaco)]]

[[af:jar]]
[[ar:jar]]
[[bg:jar]]
[[chr:jar]]
[[cs:jar]]
[[de:jar]]
[[el:jar]]
[[en:jar]]
[[eo:jar]]
[[et:jar]]
[[eu:jar]]
[[fa:jar]]
[[fi:jar]]
[[fr:jar]]
[[hu:jar]]
[[hy:jar]]
[[io:jar]]
[[it:jar]]
[[kn:jar]]
[[ko:jar]]
[[ku:jar]]
[[lo:jar]]
[[lt:jar]]
[[mg:jar]]
[[my:jar]]
[[pl:jar]]
[[ro:jar]]
[[ru:jar]]
[[sh:jar]]
[[simple:jar]]
[[sv:jar]]
[[ta:jar]]
[[te:jar]]
[[th:jar]]
[[tk:jar]]
[[tl:jar]]
[[tr:jar]]
[[vi:jar]]
[[wa:jar]]
[[wo:jar]]
[[zh:jar]]</text>
<sha1>660xpw6ghfsvxiuiuzs46vsat5fhzu3</sha1>
</revision>
<revision>
<id>1860797</id>
<parentid>1851059</parentid>
<timestamp>2014-09-21T06:25:56Z</timestamp>
<contributor>
<username>JAnDbot</username>
<id>25083</id>
</contributor>
<minor />
<comment>r2.7.3) (Robô: A adicionar: [[da:jar]]</comment>
<model>wikitext</model>
<format>text/x-wiki</format>
<text bytes="620" xml:space="preserve">={{-sk-}}=
==Substantivo==
'''jar'''
# [[primavera]] (de '''1''')

{{página-automática|junho|2010|primavera|sk}}

[[Categoria:Substantivo (Eslovaco)]]

[[af:jar]]
[[ar:jar]]
[[bg:jar]]
[[chr:jar]]
[[cs:jar]]
[[da:jar]]
[[de:jar]]
[[el:jar]]
[[en:jar]]
[[eo:jar]]
[[et:jar]]
[[eu:jar]]
[[fa:jar]]
[[fi:jar]]
[[fr:jar]]
[[hu:jar]]
[[hy:jar]]
[[io:jar]]
[[it:jar]]
[[kn:jar]]
[[ko:jar]]
[[ku:jar]]
[[lo:jar]]
[[lt:jar]]
[[mg:jar]]
[[my:jar]]
[[pl:jar]]
[[ro:jar]]
[[ru:jar]]
[[sh:jar]]
[[simple:jar]]
[[sv:jar]]
[[ta:jar]]
[[te:jar]]
[[th:jar]]
[[tk:jar]]
[[tl:jar]]
[[tr:jar]]
[[vi:jar]]
[[wa:jar]]
[[wo:jar]]
[[zh:jar]]</text>
<sha1>49y7pnj6wtdfvuuv0vjclxjr4paehg8</sha1>
</revision>
<revision>
<id>1866654</id>
<parentid>1860797</parentid>
<timestamp>2014-10-13T18:22:40Z</timestamp>
<contributor>
<username>JAnDbot</username>
<id>25083</id>
</contributor>
<minor />
<comment>r2.7.3) (Robô: A adicionar: [[uz:jar]]</comment>
<model>wikitext</model>
<format>text/x-wiki</format>
<text bytes="631" xml:space="preserve">={{-sk-}}=
==Substantivo==
'''jar'''
# [[primavera]] (de '''1''')

{{página-automática|junho|2010|primavera|sk}}

[[Categoria:Substantivo (Eslovaco)]]

[[af:jar]]
[[ar:jar]]
[[bg:jar]]
[[chr:jar]]
[[cs:jar]]
[[da:jar]]
[[de:jar]]
[[el:jar]]
[[en:jar]]
[[eo:jar]]
[[et:jar]]
[[eu:jar]]
[[fa:jar]]
[[fi:jar]]
[[fr:jar]]
[[hu:jar]]
[[hy:jar]]
[[io:jar]]
[[it:jar]]
[[kn:jar]]
[[ko:jar]]
[[ku:jar]]
[[lo:jar]]
[[lt:jar]]
[[mg:jar]]
[[my:jar]]
[[pl:jar]]
[[ro:jar]]
[[ru:jar]]
[[sh:jar]]
[[simple:jar]]
[[sv:jar]]
[[ta:jar]]
[[te:jar]]
[[th:jar]]
[[tk:jar]]
[[tl:jar]]
[[tr:jar]]
[[uz:jar]]
[[vi:jar]]
[[wa:jar]]
[[wo:jar]]
[[zh:jar]]</text>
<sha1>2f31h7n5hzvxhqcwywcrphvo9yheb6j</sha1>
</revision>
<revision>
<id>1883274</id>
<parentid>1866654</parentid>
<timestamp>2015-01-01T05:41:41Z</timestamp>
<contributor>
<username>HydrizBot</username>
<id>29590</id>
</contributor>
<minor />
<comment>r2.7.3) (Robô: A adicionar: [[sq:jar]], [[sr:jar]]</comment>
<model>wikitext</model>
<format>text/x-wiki</format>
<text bytes="653" xml:space="preserve">={{-sk-}}=
==Substantivo==
'''jar'''
# [[primavera]] (de '''1''')

{{página-automática|junho|2010|primavera|sk}}

[[Categoria:Substantivo (Eslovaco)]]

[[af:jar]]
[[ar:jar]]
[[bg:jar]]
[[chr:jar]]
[[cs:jar]]
[[da:jar]]
[[de:jar]]
[[el:jar]]
[[en:jar]]
[[eo:jar]]
[[et:jar]]
[[eu:jar]]
[[fa:jar]]
[[fi:jar]]
[[fr:jar]]
[[hu:jar]]
[[hy:jar]]
[[io:jar]]
[[it:jar]]
[[kn:jar]]
[[ko:jar]]
[[ku:jar]]
[[lo:jar]]
[[lt:jar]]
[[mg:jar]]
[[my:jar]]
[[pl:jar]]
[[ro:jar]]
[[ru:jar]]
[[sh:jar]]
[[simple:jar]]
[[sq:jar]]
[[sr:jar]]
[[sv:jar]]
[[ta:jar]]
[[te:jar]]
[[th:jar]]
[[tk:jar]]
[[tl:jar]]
[[tr:jar]]
[[uz:jar]]
[[vi:jar]]
[[wa:jar]]
[[wo:jar]]
[[zh:jar]]</text>
<sha1>10coy52obpad4kq4kvma30ggix2jgwx</sha1>
</revision>
<revision>
<id>1911883</id>
<parentid>1883274</parentid>
<timestamp>2015-04-14T18:49:12Z</timestamp>
<contributor>
<username>HydrizBot</username>
<id>29590</id>
</contributor>
<minor />
<comment>r2.7.3) (Robô: A adicionar: [[lv:jar]]</comment>
<model>wikitext</model>
<format>text/x-wiki</format>
<text bytes="664" xml:space="preserve">={{-sk-}}=
==Substantivo==
'''jar'''
# [[primavera]] (de '''1''')

{{página-automática|junho|2010|primavera|sk}}

[[Categoria:Substantivo (Eslovaco)]]

[[af:jar]]
[[ar:jar]]
[[bg:jar]]
[[chr:jar]]
[[cs:jar]]
[[da:jar]]
[[de:jar]]
[[el:jar]]
[[en:jar]]
[[eo:jar]]
[[et:jar]]
[[eu:jar]]
[[fa:jar]]
[[fi:jar]]
[[fr:jar]]
[[hu:jar]]
[[hy:jar]]
[[io:jar]]
[[it:jar]]
[[kn:jar]]
[[ko:jar]]
[[ku:jar]]
[[lo:jar]]
[[lt:jar]]
[[lv:jar]]
[[mg:jar]]
[[my:jar]]
[[pl:jar]]
[[ro:jar]]
[[ru:jar]]
[[sh:jar]]
[[simple:jar]]
[[sq:jar]]
[[sr:jar]]
[[sv:jar]]
[[ta:jar]]
[[te:jar]]
[[th:jar]]
[[tk:jar]]
[[tl:jar]]
[[tr:jar]]
[[uz:jar]]
[[vi:jar]]
[[wa:jar]]
[[wo:jar]]
[[zh:jar]]</text>
<sha1>1yh0ha7qxsxasmihmbkox5gvqeuvjce</sha1>
</revision>
<revision>
<id>2010745</id>
<parentid>1911883</parentid>
<timestamp>2015-10-06T03:08:04Z</timestamp>
<contributor>
<ip>200.149.30.137</ip>
</contributor>
<model>wikitext</model>
<format>text/x-wiki</format>
<text bytes="762" xml:space="preserve">={{-en-}}=
==Substantivo==
'''jar'''

# [[jarro]], [[vaso]]

[[Categoria:Substantivo (Inglês)]]
={{-sk-}}=

==Substantivo==
'''jar'''
# [[primavera]] (de '''1''')

{{página-automática|junho|2010|primavera|sk}}

[[Categoria:Substantivo (Eslovaco)]]

[[af:jar]]
[[ar:jar]]
[[bg:jar]]
[[chr:jar]]
[[cs:jar]]
[[da:jar]]
[[de:jar]]
[[el:jar]]
[[en:jar]]
[[eo:jar]]
[[et:jar]]
[[eu:jar]]
[[fa:jar]]
[[fi:jar]]
[[fr:jar]]
[[hu:jar]]
[[hy:jar]]
[[io:jar]]
[[it:jar]]
[[kn:jar]]
[[ko:jar]]
[[ku:jar]]
[[lo:jar]]
[[lt:jar]]
[[lv:jar]]
[[mg:jar]]
[[my:jar]]
[[pl:jar]]
[[ro:jar]]
[[ru:jar]]
[[sh:jar]]
[[simple:jar]]
[[sq:jar]]
[[sr:jar]]
[[sv:jar]]
[[ta:jar]]
[[te:jar]]
[[th:jar]]
[[tk:jar]]
[[tl:jar]]
[[tr:jar]]
[[uz:jar]]
[[vi:jar]]
[[wa:jar]]
[[wo:jar]]
[[zh:jar]]</text>
<sha1>7mrjyq9nuwmen2i2vak1x0e2pihf7x4</sha1>
</revision>
<revision>
<id>2022608</id>
<parentid>2010745</parentid>
<timestamp>2015-10-24T16:36:50Z</timestamp>
<contributor>
<username>JAnDbot</username>
<id>25083</id>
</contributor>
<minor />
<comment>r2.7.3) (Robô: A adicionar: [[scn:jar]]</comment>
<model>wikitext</model>
<format>text/x-wiki</format>
<text bytes="774" xml:space="preserve">={{-en-}}=
==Substantivo==
'''jar'''

# [[jarro]], [[vaso]]

[[Categoria:Substantivo (Inglês)]]
={{-sk-}}=

==Substantivo==
'''jar'''
# [[primavera]] (de '''1''')

{{página-automática|junho|2010|primavera|sk}}

[[Categoria:Substantivo (Eslovaco)]]

[[af:jar]]
[[ar:jar]]
[[bg:jar]]
[[chr:jar]]
[[cs:jar]]
[[da:jar]]
[[de:jar]]
[[el:jar]]
[[en:jar]]
[[eo:jar]]
[[et:jar]]
[[eu:jar]]
[[fa:jar]]
[[fi:jar]]
[[fr:jar]]
[[hu:jar]]
[[hy:jar]]
[[io:jar]]
[[it:jar]]
[[kn:jar]]
[[ko:jar]]
[[ku:jar]]
[[lo:jar]]
[[lt:jar]]
[[lv:jar]]
[[mg:jar]]
[[my:jar]]
[[pl:jar]]
[[ro:jar]]
[[ru:jar]]
[[scn:jar]]
[[sh:jar]]
[[simple:jar]]
[[sq:jar]]
[[sr:jar]]
[[sv:jar]]
[[ta:jar]]
[[te:jar]]
[[th:jar]]
[[tk:jar]]
[[tl:jar]]
[[tr:jar]]
[[uz:jar]]
[[vi:jar]]
[[wa:jar]]
[[wo:jar]]
[[zh:jar]]</text>
<sha1>s8nwujnrp17xuwz2t8e4fp3xce56307</sha1>
</revision>
<revision>
<id>2154074</id>
<parentid>2022608</parentid>
<timestamp>2016-07-29T12:05:45Z</timestamp>
<contributor>
<username>JAnDbot</username>
<id>25083</id>
</contributor>
<minor />
<comment>Robô: A adicionar: [[sk:jar]]</comment>
<model>wikitext</model>
<format>text/x-wiki</format>
<text bytes="785" xml:space="preserve">={{-en-}}=
==Substantivo==
'''jar'''

# [[jarro]], [[vaso]]

[[Categoria:Substantivo (Inglês)]]
={{-sk-}}=

==Substantivo==
'''jar'''
# [[primavera]] (de '''1''')

{{página-automática|junho|2010|primavera|sk}}

[[Categoria:Substantivo (Eslovaco)]]

[[af:jar]]
[[ar:jar]]
[[bg:jar]]
[[chr:jar]]
[[cs:jar]]
[[da:jar]]
[[de:jar]]
[[el:jar]]
[[en:jar]]
[[eo:jar]]
[[et:jar]]
[[eu:jar]]
[[fa:jar]]
[[fi:jar]]
[[fr:jar]]
[[hu:jar]]
[[hy:jar]]
[[io:jar]]
[[it:jar]]
[[kn:jar]]
[[ko:jar]]
[[ku:jar]]
[[lo:jar]]
[[lt:jar]]
[[lv:jar]]
[[mg:jar]]
[[my:jar]]
[[pl:jar]]
[[ro:jar]]
[[ru:jar]]
[[scn:jar]]
[[sh:jar]]
[[simple:jar]]
[[sk:jar]]
[[sq:jar]]
[[sr:jar]]
[[sv:jar]]
[[ta:jar]]
[[te:jar]]
[[th:jar]]
[[tk:jar]]
[[tl:jar]]
[[tr:jar]]
[[uz:jar]]
[[vi:jar]]
[[wa:jar]]
[[wo:jar]]
[[zh:jar]]</text>
<sha1>6uiy9wwvz259mz1ympkgn8xk6bzkjw7</sha1>
</revision>
<revision>
<id>2255777</id>
<parentid>2154074</parentid>
<timestamp>2017-03-25T02:33:26Z</timestamp>
<contributor>
<username>OctraBot</username>
<id>56948</id>
</contributor>
<minor />
<comment>Robô: A adicionar: [[es:jar]]</comment>
<model>wikitext</model>
<format>text/x-wiki</format>
<text bytes="796" xml:space="preserve">={{-en-}}=
==Substantivo==
'''jar'''

# [[jarro]], [[vaso]]

[[Categoria:Substantivo (Inglês)]]
={{-sk-}}=

==Substantivo==
'''jar'''
# [[primavera]] (de '''1''')

{{página-automática|junho|2010|primavera|sk}}

[[Categoria:Substantivo (Eslovaco)]]

[[af:jar]]
[[ar:jar]]
[[bg:jar]]
[[chr:jar]]
[[cs:jar]]
[[da:jar]]
[[de:jar]]
[[el:jar]]
[[en:jar]]
[[eo:jar]]
[[es:jar]]
[[et:jar]]
[[eu:jar]]
[[fa:jar]]
[[fi:jar]]
[[fr:jar]]
[[hu:jar]]
[[hy:jar]]
[[io:jar]]
[[it:jar]]
[[kn:jar]]
[[ko:jar]]
[[ku:jar]]
[[lo:jar]]
[[lt:jar]]
[[lv:jar]]
[[mg:jar]]
[[my:jar]]
[[pl:jar]]
[[ro:jar]]
[[ru:jar]]
[[scn:jar]]
[[sh:jar]]
[[simple:jar]]
[[sk:jar]]
[[sq:jar]]
[[sr:jar]]
[[sv:jar]]
[[ta:jar]]
[[te:jar]]
[[th:jar]]
[[tk:jar]]
[[tl:jar]]
[[tr:jar]]
[[uz:jar]]
[[vi:jar]]
[[wa:jar]]
[[wo:jar]]
[[zh:jar]]</text>
<sha1>atjbj0lwwosawk5z2gew50ts3i67vym</sha1>
</revision>
<revision>
<id>2364675</id>
<parentid>2255777</parentid>
<timestamp>2017-05-03T15:44:14Z</timestamp>
<contributor>
<username>HydrizBot</username>
<id>29590</id>
</contributor>
<minor />
<comment>Robô: A limpar links interwikis antigos</comment>
<model>wikitext</model>
<format>text/x-wiki</format>
<text bytes="250" xml:space="preserve">={{-en-}}=
==Substantivo==
'''jar'''

# [[jarro]], [[vaso]]

[[Categoria:Substantivo (Inglês)]]
={{-sk-}}=

==Substantivo==
'''jar'''
# [[primavera]] (de '''1''')

{{página-automática|junho|2010|primavera|sk}}

[[Categoria:Substantivo (Eslovaco)]]</text>
<sha1>1tibah32q7fatmhm79qk4ee2djvmyjg</sha1>
</revision>
</page>
