<title>jaramugo</title>
<ns>0</ns>
<id>373780</id>
<revision>
<id>2233596</id>
<timestamp>2017-02-06T09:17:32Z</timestamp>
<contributor>
<username>Cpls</username>
<id>20608</id>
</contributor>
<comment>[[Ajuda:Guia de edição/Menus e ferramentas/Sumário de edição|→]] nova página: ={{-gl-}}= ==Substantivo== {{flex.gl|ms=jaramugo|mp=jaramugos}} {{paroxítona|lang=gl|ja|ra|mu|go}}, {{g|m|la...</comment>
<model>wikitext</model>
<format>text/x-wiki</format>
<text bytes="409" xml:space="preserve">={{-gl-}}=
==Substantivo==
{{flex.gl|ms=jaramugo|mp=jaramugos}}
{{paroxítona|lang=gl|ja|ra|mu|go}}, {{g|m|lang=gl}}
# {{escopo|gl|Peixe}} peixe pequeno; peixinho que é usado para [[engodo]]

==={{-varort-}}===
* [[samarugo#{{gl}}|samarugo]]

=={{etimologia|gl}}==
: Confronte-se com [[saramuga]] e ''[[jamardo#{{gl}}|jamardo]]''. Cognato do leonês {{etimo|ast|jamarugo}}

[[Categoria:Substantivo (Galego)]]</text>
<sha1>isi4geifdnq37u2eq5ji3y8tf0lmzm5</sha1>
</revision>
</page>
