<title>jarabou</title>
<ns>0</ns>
<id>404792</id>
<revision>
<id>2531347</id>
<timestamp>2019-01-04T17:55:08Z</timestamp>
<contributor>
<username>Cpls</username>
<id>20608</id>
</contributor>
<comment>[[Ajuda:Guia de edição/Menus e ferramentas/Sumário de edição|→]] nova página: ={{-gl-}}= ==Adjetivo== {{flex.gl|s=jarabou|p=jarabous}} {{paroxítona|ja|ra|bou|lang=gl}}, {{g|c2g|lang=gl}}...</comment>
<model>wikitext</model>
<format>text/x-wiki</format>
<text bytes="440" xml:space="preserve">={{-gl-}}=
==Adjetivo==
{{flex.gl|s=jarabou|p=jarabous}}
{{paroxítona|ja|ra|bou|lang=gl}}, {{g|c2g|lang=gl}}
# [[esquivo]], [[irritável]], pouco sociável, arisco
# qualifica a uma mulher bruta, {{o/a|suj}}, descuidada no vestir

===Sinónimos===
* Vide em [[jarouto#{{gl}}|jarouto]]

=={{etimologia|gl}}==
: Confronte-se com ''[[jarabeliar#{{gl}}|jarabeliar]]'' e ''[[xaraboutar#{{gl}}|xaraboutar]]''.

[[Categoria:Substantivo (Galego)]]</text>
<sha1>1q0gp7itovyggeadpumet9guq1b5mbr</sha1>
</revision>
</page>
