<title>jarada</title>
<ns>0</ns>
<id>442109</id>
<revision>
<id>2668993</id>
<timestamp>2022-03-28T20:27:37Z</timestamp>
<contributor>
<username>Cpls</username>
<id>20608</id>
</contributor>
<comment>[[Ajuda:Guia de edição/Menus e ferramentas/Sumário de edição|→]] nova página: ={{-gl-}}= {{ga-in}} ==Substantivo== {{flex.gl|fs=jarada|fp=jaradas}} {{paroxítona|ja|ra|da|lang=gl}}, {{g|f}} # [[fogueira]], lume  =={{etimologia|gl}}== : {{escopo|Morfologia}} De ''[[jara#{{gl}}|jara]]'' + ''[[-ada#{{gl}}|-ada]]''.  ==Ligação externa== * {{Estraviz}}  [[Categoria:Substantivo (Galego)]]</comment>
<model>wikitext</model>
<format>text/x-wiki</format>
<text bytes="309" xml:space="preserve">={{-gl-}}=
{{ga-in}}
==Substantivo==
{{flex.gl|fs=jarada|fp=jaradas}}
{{paroxítona|ja|ra|da|lang=gl}}, {{g|f}}
# [[fogueira]], lume

=={{etimologia|gl}}==
: {{escopo|Morfologia}} De ''[[jara#{{gl}}|jara]]'' + ''[[-ada#{{gl}}|-ada]]''.

==Ligação externa==
* {{Estraviz}}

[[Categoria:Substantivo (Galego)]]</text>
<sha1>4h6ussgd68x6a0si4pp413zgrdgy239</sha1>
</revision>
</page>
