<title>jaraqui</title>
<ns>0</ns>
<id>251928</id>
<revision>
<id>961172</id>
<timestamp>2010-09-28T19:03:19Z</timestamp>
<contributor>
<username>Virna~ptwiktionary</username>
<id>21470</id>
</contributor>
<comment>Jaraqui</comment>
<model>wikitext</model>
<format>text/x-wiki</format>
<text bytes="546" xml:space="preserve">'''JARAQUI'''

Substantivo Masculino

{| class=&quot;sortable&quot;
|-
| || Singular|| Plural
|-
| substantivo|| jaraqui ||jaraquis
|}

definição 1. Significado de Jaraqui
1. Peixe de água doce (Prochilodus taeniatus), talvez o mais conhecido no baixo Amazonas. Certo peixe do rio Uruguai (Prochilodus lineatus)
&quot;José pescou um grande jaraqui para o almoço.&quot;

Expressões: 1. Apego a localidade, amor, gosto pelas coisas de determinado lugar.

&quot;Quem come jaraqui, nunca mais sai daqui.&quot;</text>
<sha1>5uo5sh85drqigak5dsjis3zlpo5n9m1</sha1>
</revision>
<revision>
<id>965252</id>
<parentid>961172</parentid>
<timestamp>2010-10-04T22:29:54Z</timestamp>
<contributor>
<ip>109.169.41.20</ip>
</contributor>
<model>wikitext</model>
<format>text/x-wiki</format>
<text bytes="182" xml:space="preserve">'''JARAQUI'''

# peixe podre de que se alimenta Valdir

Expressões: 1. Apego a localidade, amor, gosto pelas coisas de determinado lugar.

&quot;Quem come jaraqui, nunca mais sai daqui.&quot;</text>
<sha1>n52so4y2c43vi5um9nn1k3ef3r22sjz</sha1>
</revision>
<revision>
<id>965303</id>
<parentid>965252</parentid>
<timestamp>2010-10-05T01:03:20Z</timestamp>
<contributor>
<username>ValJor</username>
<id>1358</id>
</contributor>
<minor />
<comment>Revertido para a última das edições de Virna</comment>
<model>wikitext</model>
<format>text/x-wiki</format>
<text bytes="546" xml:space="preserve">'''JARAQUI'''

Substantivo Masculino

{| class=&quot;sortable&quot;
|-
| || Singular|| Plural
|-
| substantivo|| jaraqui ||jaraquis
|}

definição 1. Significado de Jaraqui
1. Peixe de água doce (Prochilodus taeniatus), talvez o mais conhecido no baixo Amazonas. Certo peixe do rio Uruguai (Prochilodus lineatus)
&quot;José pescou um grande jaraqui para o almoço.&quot;

Expressões: 1. Apego a localidade, amor, gosto pelas coisas de determinado lugar.

&quot;Quem come jaraqui, nunca mais sai daqui.&quot;</text>
<sha1>5uo5sh85drqigak5dsjis3zlpo5n9m1</sha1>
</revision>
<revision>
<id>965754</id>
<parentid>965303</parentid>
<timestamp>2010-10-06T10:25:21Z</timestamp>
<contributor>
<username>ValJor</username>
<id>1358</id>
</contributor>
<comment>Por um [[Especial:Deadendpages|wikcionário com saídas]]!</comment>
<model>wikitext</model>
<format>text/x-wiki</format>
<text bytes="374" xml:space="preserve">{{wikipedia}}

=Português=
==Substantivo==
{{flex.pt|ms=jaraqui|mp=jaraquis}}
{{oxítona|ja|ra|qui}}
# [[peixe]] de [[água]] [[doce]] (''Prochilodus taeniatus''), talvez o mais conhecido no baixo [[Amazonas]]
# certo peixe do rio [[Uruguai]] (''Prochilodus lineatus'')

===Sinônimo===
* [[jeraqui]]

[[Categoria:Substantivo (Português)]]
[[Categoria:Peixe (Português)]]</text>
<sha1>bqef73qa59mokaqy5j57pyd8n2uznv5</sha1>
</revision>
<revision>
<id>988253</id>
<parentid>965754</parentid>
<timestamp>2010-12-01T20:58:49Z</timestamp>
<contributor>
<username>ValJor</username>
<id>1358</id>
</contributor>
<minor />
<comment>Eliminando link quebrado para a wikipedia</comment>
<model>wikitext</model>
<format>text/x-wiki</format>
<text bytes="359" xml:space="preserve">=Português=
==Substantivo==
{{flex.pt|ms=jaraqui|mp=jaraquis}}
{{oxítona|ja|ra|qui}}
# [[peixe]] de [[água]] [[doce]] (''Prochilodus taeniatus''), talvez o mais conhecido no baixo [[Amazonas]]
# certo peixe do rio [[Uruguai]] (''Prochilodus lineatus'')

===Sinônimo===
* [[jeraqui]]

[[Categoria:Substantivo (Português)]]
[[Categoria:Peixe (Português)]]</text>
<sha1>11rlmnloaw8rjv70u9sylh6hmjimwyd</sha1>
</revision>
<revision>
<id>1192394</id>
<parentid>988253</parentid>
<timestamp>2011-07-08T21:57:45Z</timestamp>
<contributor>
<username>MalafayaBot</username>
<id>628</id>
</contributor>
<minor />
<comment>Robô: Substituição de texto automática (-^\=\s?Português\s?\= +={{-pt-}}= &amp; -^\=\s?\{\{pt\}\}\s?\= +={{-pt-}}=)</comment>
<model>wikitext</model>
<format>text/x-wiki</format>
<text bytes="357" xml:space="preserve">={{-pt-}}=
==Substantivo==
{{flex.pt|ms=jaraqui|mp=jaraquis}}
{{oxítona|ja|ra|qui}}
# [[peixe]] de [[água]] [[doce]] (''Prochilodus taeniatus''), talvez o mais conhecido no baixo [[Amazonas]]
# certo peixe do rio [[Uruguai]] (''Prochilodus lineatus'')

===Sinônimo===
* [[jeraqui]]

[[Categoria:Substantivo (Português)]]
[[Categoria:Peixe (Português)]]</text>
<sha1>5gdempphvgtr7z3godn4k77cyzfjmdr</sha1>
</revision>
</page>
