<title>jardinámos</title>
<ns>0</ns>
<id>308915</id>
<revision>
<id>1645124</id>
<timestamp>2013-02-03T00:10:41Z</timestamp>
<contributor>
<ip>217.129.4.92</ip>
</contributor>
<comment>[[Ajuda:Guia de edição/Menus e ferramentas/Sumário de edição|→]] nova página: ={{-pt-}}= ==Forma verbal== {{paroxítona|jar|di|ná|mos}} #{{escopo|grafia lusitana}} [[primeira pessoa]] do...</comment>
<model>wikitext</model>
<format>text/x-wiki</format>
<text bytes="264" xml:space="preserve">={{-pt-}}=
==Forma verbal==
{{paroxítona|jar|di|ná|mos}}
#{{escopo|grafia lusitana}} [[primeira pessoa]] do [[plural]] do [[pretérito perfeito]] do [[modo indicativo]] do verbo '''[[jardinar]]'''
[[Categoria:Forma verbal (Português)]]
[[Categoria:Lusitanismo]]</text>
<sha1>qpdj50cv3anmvjx29erhocxgz50fgqq</sha1>
</revision>
<revision>
<id>2127985</id>
<parentid>1645124</parentid>
<timestamp>2016-06-07T18:06:05Z</timestamp>
<contributor>
<username>UT-interwiki-Bot</username>
<id>56129</id>
</contributor>
<minor />
<comment>Robô: A adicionar: [[en:jardinámos]]</comment>
<model>wikitext</model>
<format>text/x-wiki</format>
<text bytes="284" xml:space="preserve">={{-pt-}}=
==Forma verbal==
{{paroxítona|jar|di|ná|mos}}
#{{escopo|grafia lusitana}} [[primeira pessoa]] do [[plural]] do [[pretérito perfeito]] do [[modo indicativo]] do verbo '''[[jardinar]]'''
[[Categoria:Forma verbal (Português)]]
[[Categoria:Lusitanismo]]

[[en:jardinámos]]</text>
<sha1>pt8khg4raaaa6dqoee141f5fj4tmrzu</sha1>
</revision>
<revision>
<id>2260710</id>
<parentid>2127985</parentid>
<timestamp>2017-04-14T18:55:28Z</timestamp>
<contributor>
<username>Defender</username>
<id>15952</id>
</contributor>
<comment>Trocando predefinição escopo por escopo2</comment>
<model>wikitext</model>
<format>text/x-wiki</format>
<text bytes="310" xml:space="preserve">={{-pt-}}=
==Forma verbal==
{{paroxítona|jar|di|ná|mos}}
#{{escopo2|grafia lusitana}} [[primeira pessoa]] do [[plural]] do [[pretérito perfeito]] do [[modo indicativo]] do verbo '''[[jardinar]]'''
{{avi-for-fle|jardinar}}
[[Categoria:Forma verbal (Português)]]
[[Categoria:Lusitanismo]]

[[en:jardinámos]]</text>
<sha1>3h9rf49etcvk353r0k4l0tbnaay4wip</sha1>
</revision>
<revision>
<id>2364686</id>
<parentid>2260710</parentid>
<timestamp>2017-05-03T15:44:58Z</timestamp>
<contributor>
<username>HydrizBot</username>
<id>29590</id>
</contributor>
<minor />
<comment>Robô: A limpar links interwikis antigos</comment>
<model>wikitext</model>
<format>text/x-wiki</format>
<text bytes="290" xml:space="preserve">={{-pt-}}=
==Forma verbal==
{{paroxítona|jar|di|ná|mos}}
#{{escopo2|grafia lusitana}} [[primeira pessoa]] do [[plural]] do [[pretérito perfeito]] do [[modo indicativo]] do verbo '''[[jardinar]]'''
{{avi-for-fle|jardinar}}
[[Categoria:Forma verbal (Português)]]
[[Categoria:Lusitanismo]]</text>
<sha1>46k3gnemve9ujia1ehxzsb53zw9sphn</sha1>
</revision>
</page>
