<title>jardinenses</title>
<ns>0</ns>
<id>341301</id>
<revision>
<id>1945020</id>
<timestamp>2015-06-22T11:42:55Z</timestamp>
<contributor>
<username>MIL973</username>
<id>41339</id>
</contributor>
<comment>[[Ajuda:Guia de edição/Menus e ferramentas/Sumário de edição|→]] nova página: ={{-pt-}}= ==Forma de adjetivo== {{paroxítona|jar|di|nen|ses}}, {{c2g}} # plural de [[jardinense]]  ==Forma...</comment>
<model>wikitext</model>
<format>text/x-wiki</format>
<text bytes="220" xml:space="preserve">={{-pt-}}=
==Forma de adjetivo==
{{paroxítona|jar|di|nen|ses}}, {{c2g}}
# plural de [[jardinense]]

==Forma de substantivo==
{{paroxítona|jar|di|nen|ses}}, {{c2g}}
# plural de [[jardinense]]

{{avi-for-fle|jardinense}}</text>
<sha1>3wcabod7gqb73u18cq9gwz9x3uh5afi</sha1>
</revision>
<revision>
<id>1945021</id>
<parentid>1945020</parentid>
<timestamp>2015-06-22T11:43:06Z</timestamp>
<contributor>
<username>MIL973</username>
<id>41339</id>
</contributor>
<minor />
<comment>adicionou [[Categoria:Forma de adjetivo (Português)]] usando [[Wikcionário:HotCat|HotCat]]</comment>
<model>wikitext</model>
<format>text/x-wiki</format>
<text bytes="266" xml:space="preserve">={{-pt-}}=
==Forma de adjetivo==
{{paroxítona|jar|di|nen|ses}}, {{c2g}}
# plural de [[jardinense]]

==Forma de substantivo==
{{paroxítona|jar|di|nen|ses}}, {{c2g}}
# plural de [[jardinense]]

{{avi-for-fle|jardinense}}

[[Categoria:Forma de adjetivo (Português)]]</text>
<sha1>3ojyrw3c0jyhfscygowojyuf9pwtkud</sha1>
</revision>
<revision>
<id>1945023</id>
<parentid>1945021</parentid>
<timestamp>2015-06-22T11:43:29Z</timestamp>
<contributor>
<username>MIL973</username>
<id>41339</id>
</contributor>
<minor />
<comment>adicionou [[Categoria:Forma de substantivo (Português)]] usando [[Wikcionário:HotCat|HotCat]]</comment>
<model>wikitext</model>
<format>text/x-wiki</format>
<text bytes="314" xml:space="preserve">={{-pt-}}=
==Forma de adjetivo==
{{paroxítona|jar|di|nen|ses}}, {{c2g}}
# plural de [[jardinense]]

==Forma de substantivo==
{{paroxítona|jar|di|nen|ses}}, {{c2g}}
# plural de [[jardinense]]

{{avi-for-fle|jardinense}}

[[Categoria:Forma de adjetivo (Português)]]
[[Categoria:Forma de substantivo (Português)]]</text>
<sha1>gmcrnbjgsngw2teff5gd5i1vlwn8djw</sha1>
</revision>
<revision>
<id>2438568</id>
<parentid>1945023</parentid>
<timestamp>2017-07-18T01:05:56Z</timestamp>
<contributor>
<username>MIL973</username>
<id>41339</id>
</contributor>
<model>wikitext</model>
<format>text/x-wiki</format>
<text bytes="338" xml:space="preserve">={{-pt-}}=
==Forma de adjetivo==
{{paroxítona|jar|di|nen|ses}}, {{gramática|c2gp}}
# plural de [[jardinense]]

==Forma de substantivo==
{{paroxítona|jar|di|nen|ses}}, {{gramática|c2gp}}
# plural de [[jardinense]]

{{avi-for-fle|jardinense}}

[[Categoria:Forma de adjetivo (Português)]]
[[Categoria:Forma de substantivo (Português)]]</text>
<sha1>o5590zj79mn0xufysvasqp5bjhlpwqd</sha1>
</revision>
</page>
