<title>jardinense</title>
<ns>0</ns>
<id>341300</id>
<revision>
<id>1945007</id>
<timestamp>2015-06-22T11:41:13Z</timestamp>
<contributor>
<username>MIL973</username>
<id>41339</id>
</contributor>
<comment>[[Ajuda:Guia de edição/Menus e ferramentas/Sumário de edição|→]] nova página: ={{-pt-}}= ==Adjetivo== {{flex.pt|s=jardinense|p=jardinenses}} {{paroxítona|jar|di|nen|se}}, {{c2g}} # das c...</comment>
<model>wikitext</model>
<format>text/x-wiki</format>
<text bytes="977" xml:space="preserve">={{-pt-}}=
==Adjetivo==
{{flex.pt|s=jardinense|p=jardinenses}}
{{paroxítona|jar|di|nen|se}}, {{c2g}}
# das cidades de nome [[Jardim]], no Ceará e em Mato Grosso do Sul, de [[Jardim do Seridó]] (Rio Grande do Norte), de [[Santo Antônio do Jardim]] (São Paulo), de [[Jardim Alegre]] (Paraná) ou de [[Jardim de Piranhas]] (Rio Grande do Norte)

===Sinônimos===
{{verTambém.Ini}}
* [[jardim-alegrense]] (Jardim Alegre)
{{verTambém.NovaColuna}}
* [[piranhense]] (Jardim de Piranhas)
{{verTambém.Fim}}

==Substantivo==
{{flex.pt|s=jardinense|p=jardinenses}}
{{paroxítona|jar|di|nen|se}}, {{c2g}}
# natural ou habitante destas seis cidades

===Sinônimos===
{{verTambém.Ini}}
* [[jardim-alegrense]] (Jardim Alegre)
{{verTambém.NovaColuna}}
* [[piranhense]] (Jardim de Piranhas)
{{verTambém.Fim}}

=={{etimologia|pt}}==
: {{escopo|Morfologia}} [[Jardim]] + [[-ense]].

==Ligações externas==
* [http://www.aulete.com.br/jardinense '''Jardinense''' no Dicionário Aulete]</text>
<sha1>nrhszw0yvc3leuul2unmkwxpcw5n11t</sha1>
</revision>
<revision>
<id>1945008</id>
<parentid>1945007</parentid>
<timestamp>2015-06-22T11:41:28Z</timestamp>
<contributor>
<username>MIL973</username>
<id>41339</id>
</contributor>
<minor />
<comment>adicionou [[Categoria:Adjetivo (Português)]] usando [[Wikcionário:HotCat|HotCat]]</comment>
<model>wikitext</model>
<format>text/x-wiki</format>
<text bytes="1014" xml:space="preserve">={{-pt-}}=
==Adjetivo==
{{flex.pt|s=jardinense|p=jardinenses}}
{{paroxítona|jar|di|nen|se}}, {{c2g}}
# das cidades de nome [[Jardim]], no Ceará e em Mato Grosso do Sul, de [[Jardim do Seridó]] (Rio Grande do Norte), de [[Santo Antônio do Jardim]] (São Paulo), de [[Jardim Alegre]] (Paraná) ou de [[Jardim de Piranhas]] (Rio Grande do Norte)

===Sinônimos===
{{verTambém.Ini}}
* [[jardim-alegrense]] (Jardim Alegre)
{{verTambém.NovaColuna}}
* [[piranhense]] (Jardim de Piranhas)
{{verTambém.Fim}}

==Substantivo==
{{flex.pt|s=jardinense|p=jardinenses}}
{{paroxítona|jar|di|nen|se}}, {{c2g}}
# natural ou habitante destas seis cidades

===Sinônimos===
{{verTambém.Ini}}
* [[jardim-alegrense]] (Jardim Alegre)
{{verTambém.NovaColuna}}
* [[piranhense]] (Jardim de Piranhas)
{{verTambém.Fim}}

=={{etimologia|pt}}==
: {{escopo|Morfologia}} [[Jardim]] + [[-ense]].

==Ligações externas==
* [http://www.aulete.com.br/jardinense '''Jardinense''' no Dicionário Aulete]

[[Categoria:Adjetivo (Português)]]</text>
<sha1>6m5q7aa3ggmuw9dw8omqbdoqcjbnnnv</sha1>
</revision>
<revision>
<id>1945014</id>
<parentid>1945008</parentid>
<timestamp>2015-06-22T11:41:42Z</timestamp>
<contributor>
<username>MIL973</username>
<id>41339</id>
</contributor>
<minor />
<comment>adicionou [[Categoria:Substantivo (Português)]] usando [[Wikcionário:HotCat|HotCat]]</comment>
<model>wikitext</model>
<format>text/x-wiki</format>
<text bytes="1053" xml:space="preserve">={{-pt-}}=
==Adjetivo==
{{flex.pt|s=jardinense|p=jardinenses}}
{{paroxítona|jar|di|nen|se}}, {{c2g}}
# das cidades de nome [[Jardim]], no Ceará e em Mato Grosso do Sul, de [[Jardim do Seridó]] (Rio Grande do Norte), de [[Santo Antônio do Jardim]] (São Paulo), de [[Jardim Alegre]] (Paraná) ou de [[Jardim de Piranhas]] (Rio Grande do Norte)

===Sinônimos===
{{verTambém.Ini}}
* [[jardim-alegrense]] (Jardim Alegre)
{{verTambém.NovaColuna}}
* [[piranhense]] (Jardim de Piranhas)
{{verTambém.Fim}}

==Substantivo==
{{flex.pt|s=jardinense|p=jardinenses}}
{{paroxítona|jar|di|nen|se}}, {{c2g}}
# natural ou habitante destas seis cidades

===Sinônimos===
{{verTambém.Ini}}
* [[jardim-alegrense]] (Jardim Alegre)
{{verTambém.NovaColuna}}
* [[piranhense]] (Jardim de Piranhas)
{{verTambém.Fim}}

=={{etimologia|pt}}==
: {{escopo|Morfologia}} [[Jardim]] + [[-ense]].

==Ligações externas==
* [http://www.aulete.com.br/jardinense '''Jardinense''' no Dicionário Aulete]

[[Categoria:Adjetivo (Português)]]
[[Categoria:Substantivo (Português)]]</text>
<sha1>e0vbl3vuu73alqk4v11hzr5v1vak9dg</sha1>
</revision>
<revision>
<id>1945015</id>
<parentid>1945014</parentid>
<timestamp>2015-06-22T11:41:55Z</timestamp>
<contributor>
<username>MIL973</username>
<id>41339</id>
</contributor>
<minor />
<comment>adicionou [[Categoria:Gentílico (Português)]] usando [[Wikcionário:HotCat|HotCat]]</comment>
<model>wikitext</model>
<format>text/x-wiki</format>
<text bytes="1091" xml:space="preserve">={{-pt-}}=
==Adjetivo==
{{flex.pt|s=jardinense|p=jardinenses}}
{{paroxítona|jar|di|nen|se}}, {{c2g}}
# das cidades de nome [[Jardim]], no Ceará e em Mato Grosso do Sul, de [[Jardim do Seridó]] (Rio Grande do Norte), de [[Santo Antônio do Jardim]] (São Paulo), de [[Jardim Alegre]] (Paraná) ou de [[Jardim de Piranhas]] (Rio Grande do Norte)

===Sinônimos===
{{verTambém.Ini}}
* [[jardim-alegrense]] (Jardim Alegre)
{{verTambém.NovaColuna}}
* [[piranhense]] (Jardim de Piranhas)
{{verTambém.Fim}}

==Substantivo==
{{flex.pt|s=jardinense|p=jardinenses}}
{{paroxítona|jar|di|nen|se}}, {{c2g}}
# natural ou habitante destas seis cidades

===Sinônimos===
{{verTambém.Ini}}
* [[jardim-alegrense]] (Jardim Alegre)
{{verTambém.NovaColuna}}
* [[piranhense]] (Jardim de Piranhas)
{{verTambém.Fim}}

=={{etimologia|pt}}==
: {{escopo|Morfologia}} [[Jardim]] + [[-ense]].

==Ligações externas==
* [http://www.aulete.com.br/jardinense '''Jardinense''' no Dicionário Aulete]

[[Categoria:Adjetivo (Português)]]
[[Categoria:Substantivo (Português)]]
[[Categoria:Gentílico (Português)]]</text>
<sha1>hqwnn7hhdt3sjmhbuzx6vyji5vtanx7</sha1>
</revision>
<revision>
<id>1945038</id>
<parentid>1945015</parentid>
<timestamp>2015-06-22T11:57:24Z</timestamp>
<contributor>
<username>MIL973</username>
<id>41339</id>
</contributor>
<model>wikitext</model>
<format>text/x-wiki</format>
<text bytes="1091" xml:space="preserve">={{-pt-}}=
==Adjetivo==
{{flex.pt|s=jardinense|p=jardinenses}}
{{paroxítona|jar|di|nen|se}}, {{c2g}}
# das cidades de nome [[Jardim]], no Ceará e em Mato Grosso do Sul, de [[Jardim Alegre]] (Paraná), de [[Jardim de Piranhas]] (Rio Grande do Norte), de [[Jardim do Seridó]] (Rio Grande do Norte) ou de [[Santo Antônio do Jardim]] (São Paulo)

===Sinônimos===
{{verTambém.Ini}}
* [[jardim-alegrense]] (Jardim Alegre)
{{verTambém.NovaColuna}}
* [[piranhense]] (Jardim de Piranhas)
{{verTambém.Fim}}

==Substantivo==
{{flex.pt|s=jardinense|p=jardinenses}}
{{paroxítona|jar|di|nen|se}}, {{c2g}}
# natural ou habitante destas seis cidades

===Sinônimos===
{{verTambém.Ini}}
* [[jardim-alegrense]] (Jardim Alegre)
{{verTambém.NovaColuna}}
* [[piranhense]] (Jardim de Piranhas)
{{verTambém.Fim}}

=={{etimologia|pt}}==
: {{escopo|Morfologia}} [[Jardim]] + [[-ense]].

==Ligações externas==
* [http://www.aulete.com.br/jardinense '''Jardinense''' no Dicionário Aulete]

[[Categoria:Adjetivo (Português)]]
[[Categoria:Substantivo (Português)]]
[[Categoria:Gentílico (Português)]]</text>
<sha1>c08fb5515c3ovjnpvly7pl2ah8oujfb</sha1>
</revision>
<revision>
<id>2019264</id>
<parentid>1945038</parentid>
<timestamp>2015-10-19T10:35:02Z</timestamp>
<contributor>
<username>MIL973</username>
<id>41339</id>
</contributor>
<model>wikitext</model>
<format>text/x-wiki</format>
<text bytes="1025" xml:space="preserve">={{-pt-}}=
==Adjetivo==
{{flex.pt|s=jardinense|p=jardinenses}}
{{paroxítona|jar|di|nen|se}}, {{c2g}}
# das cidades de nome [[Jardim]], no Ceará e em Mato Grosso do Sul, de [[Jardim Alegre]] (Paraná), de [[Jardim de Piranhas]] (Rio Grande do Norte), de [[Jardim do Seridó]] (Rio Grande do Norte) ou de [[Santo Antônio do Jardim]] (São Paulo)

===Sinônimos===
{{verTambém.Ini}}
* [[jardim-alegrense]] (Jardim Alegre)
{{verTambém.NovaColuna}}
* [[piranhense]] (Jardim de Piranhas)
{{verTambém.Fim}}

==Substantivo==
{{flex.pt|s=jardinense|p=jardinenses}}
{{paroxítona|jar|di|nen|se}}, {{c2g}}
# natural ou habitante destas seis cidades

===Sinônimos===
{{verTambém.Ini}}
* [[jardim-alegrense]] (Jardim Alegre)
{{verTambém.NovaColuna}}
* [[piranhense]] (Jardim de Piranhas)
{{verTambém.Fim}}

=={{etimologia|pt}}==
: {{escopo|Morfologia}} [[Jardim]] + [[-ense]].

==Ligações externas==
* {{Aulete}}

[[Categoria:Adjetivo (Português)]]
[[Categoria:Substantivo (Português)]]
[[Categoria:Gentílico (Português)]]</text>
<sha1>1seudekzwlbzn1g8rux5nu0l81l26vt</sha1>
</revision>
<revision>
<id>2438567</id>
<parentid>2019264</parentid>
<timestamp>2017-07-18T01:05:28Z</timestamp>
<contributor>
<username>MIL973</username>
<id>41339</id>
</contributor>
<model>wikitext</model>
<format>text/x-wiki</format>
<text bytes="983" xml:space="preserve">={{-pt-}}=
==Adjetivo==
{{flex.pt|s=jardinense|p=jardinenses}}
{{paroxítona|jar|di|nen|se}}, {{gramática|c2g}}
# das cidades de nome [[Jardim]], no Ceará e em Mato Grosso do Sul, de [[Jardim Alegre]] (Paraná), de [[Jardim de Piranhas]] (Rio Grande do Norte), de [[Jardim do Seridó]] (Rio Grande do Norte) ou de [[Santo Antônio do Jardim]] (São Paulo)

===Sinônimos===
{{colunas|2}}
* [[jardim-alegrense]] (Jardim Alegre)
* [[piranhense]] (Jardim de Piranhas)
{{colunas/fim}}

==Substantivo==
{{flex.pt|s=jardinense|p=jardinenses}}
{{paroxítona|jar|di|nen|se}}, {{gramática|c2g}}
# natural destas seis cidades ou seu habitante

===Sinônimos===
{{colunas|2}}
* [[jardim-alegrense]] (Jardim Alegre)
* [[piranhense]] (Jardim de Piranhas)
{{colunas/fim}}

=={{etimologia|pt}}==
: {{escopo|Morfologia}} [[Jardim]] + [[-ense]].

==Ligações externas==
* {{Aulete}}

[[Categoria:Adjetivo (Português)]]
[[Categoria:Substantivo (Português)]]
[[Categoria:Gentílico (Português)]]</text>
<sha1>7usy80j8j53cl013p122e300msapu2p</sha1>
</revision>
<revision>
<id>2488129</id>
<parentid>2438567</parentid>
<timestamp>2018-03-07T12:44:50Z</timestamp>
<contributor>
<username>MIL973</username>
<id>41339</id>
</contributor>
<model>wikitext</model>
<format>text/x-wiki</format>
<text bytes="995" xml:space="preserve">={{-pt-}}=
==Adjetivo==
{{flex.pt|s=jardinense|p=jardinenses}}
{{paroxítona|jar|di|nen|se}}, {{gramática|c2g}}
# {{escopo|pt|Gentílico}} das cidades de nome [[Jardim]], no Ceará e em Mato Grosso do Sul, de [[Jardim Alegre]] (Paraná), de [[Jardim de Piranhas]] (Rio Grande do Norte), de [[Jardim do Seridó]] (Rio Grande do Norte) ou de [[Santo Antônio do Jardim]] (São Paulo)

===Sinônimos===
{{colunas|2}}
* [[jardim-alegrense]] (Jardim Alegre)
* [[piranhense]] (Jardim de Piranhas)
{{colunas/fim}}

==Substantivo==
{{flex.pt|s=jardinense|p=jardinenses}}
{{paroxítona|jar|di|nen|se}}, {{gramática|c2g}}
# {{escopo|pt|Gentílico}} natural destas seis cidades ou seu habitante

===Sinônimos===
{{colunas|2}}
* [[jardim-alegrense]] (Jardim Alegre)
* [[piranhense]] (Jardim de Piranhas)
{{colunas/fim}}

=={{etimologia|pt}}==
: {{escopo|Morfologia}} [[Jardim]] + [[-ense]].

==Ligações externas==
* {{Aulete}}

[[Categoria:Adjetivo (Português)]]
[[Categoria:Substantivo (Português)]]</text>
<sha1>9g8mfkf8jv7jyih2d2sl43ls4c9fqkv</sha1>
</revision>
<revision>
<id>2491798</id>
<parentid>2488129</parentid>
<timestamp>2018-03-29T03:02:20Z</timestamp>
<contributor>
<username>MIL973</username>
<id>41339</id>
</contributor>
<model>wikitext</model>
<format>text/x-wiki</format>
<text bytes="998" xml:space="preserve">={{-pt-}}=
==Adjetivo==
{{flex.pt|s=jardinense|p=jardinenses}}
{{paroxítona|jar|di|nen|se}}, {{gramática|c2g}}
# {{escopo|pt|Gentílico}} das cidades de nome [[Jardim]], no Ceará e em Mato Grosso do Sul, de [[Jardim Alegre]] (Paraná), de [[Jardim de Piranhas]] (Rio Grande do Norte), de [[Jardim do Seridó]] (Rio Grande do Norte) ou de [[Santo Antônio do Jardim]] (São Paulo)

===Sinônimos===
{{colunas|2}}
* [[jardim-alegrense]] (Jardim Alegre)
* [[piranhense]] (Jardim de Piranhas)
{{colunas/fim}}

==Substantivo==
{{flex.pt|s=jardinense|p=jardinenses}}
{{paroxítona|jar|di|nen|se}}, {{gramática|c2g}}
# {{escopo|pt|Gentílico}} natural destas seis cidades ou seu habitante

===Sinônimos===
{{colunas|2}}
* [[jardim-alegrense]] (Jardim Alegre)
* [[piranhense]] (Jardim de Piranhas)
{{colunas/fim}}

=={{etimologia|pt}}==
: {{escopo|Morfologia}} De [[Jardim]] + [[-ense]].

==Ligações externas==
* {{Aulete}}

[[Categoria:Adjetivo (Português)]]
[[Categoria:Substantivo (Português)]]</text>
<sha1>dd2j6l4o6zf2q0rpuk92lsnvzmtehkr</sha1>
</revision>
</page>
