<title>jardinagem</title>
<ns>0</ns>
<id>92028</id>
<revision>
<id>359736</id>
<timestamp>2008-06-08T12:02:59Z</timestamp>
<contributor>
<username>ValJor</username>
<id>1358</id>
</contributor>
<comment>Criação do verbete a partir da [[Especial:Wantedpages|lista de verbetes procurados]]</comment>
<model>wikitext</model>
<format>text/x-wiki</format>
<text bytes="1353" xml:space="preserve">{{wikipedia}}
=Português=
==Substantivo==
{{flex.pt.feminino|s=jardinagem|p=jardinagens}}
'''jar.di.&lt;u&gt;na&lt;/u&gt;.gem'''
# a [[arte]] de [[cuidar]] de [[jardim|jardins]]
#* ''Primeiro, publicaram-se cartas de leitores e artigos sobre '''jardinagem''' no lugar das notícias proibidas.'' {{OESP|2006|junho|05}}
===Tradução===
{{tradini}}
* {{trad|sq|kopshtari}}
* {{trad|de|Gartenbau|Gartenarbeit}}
* {{trad|ar|بستنة}}
* {{trad|ca|jardinera}}
* {{trad|cs|zahradnictví}}
* {{trad|da|havebrug}}
* {{trad|sk|záhradkárstvo}}
* {{trad|es|jardinería}}
* {{trad|eo|ĝardenistiko}}
* {{trad|fi|puutarhanhoito}}
* {{trad|fr|jardinage}}
* {{trad|gl|xardineira}}
* {{trad|el|κηπουρική}}
* {{trad|nl|tuinieren}}
{{tradmeio}}
* {{trad|hu|kertészet}}
* {{trad|id|berkebun}}
* {{trad|en|gardening}}
* {{trad|ga|garraiodacht}}
* {{trad|it|giardinaggio}}
* {{trad|lv|darznieciba}}
* {{trad|mr|बागकाम}}
* {{trad|no|hagearbeid}}
* {{trad|fa|باغبانی}}
* {{trad|pl|ogrodnictwo}}
* {{trad|ro|gradinarit}}
* {{trad|sa|उद्यानकरणं}}
* {{trad|sv|trädgårdsskötsel}}
* {{trad|val|jardineria}}
{{tradfim}}
=={{etimologia}}==
: De [[jardim]] + [[-agem]].
[[Categoria:Substantivo (Português)]]
[[Categoria:Polissílabo (Português)]]
[[Categoria:Paroxítona (Português)]]
[[Categoria:Vocábulo com etimologia (Português)]]</text>
<sha1>8rh5yhvxcgiibjwczbqhgvuye7kk0a7</sha1>
</revision>
<revision>
<id>996433</id>
<parentid>359736</parentid>
<timestamp>2010-12-15T02:04:51Z</timestamp>
<contributor>
<username>Luckas-bot</username>
<id>5986</id>
</contributor>
<minor />
<comment>r2.6.2) (Bot: Adicionando: [[zh:jardinagem]]</comment>
<model>wikitext</model>
<format>text/x-wiki</format>
<text bytes="1372" xml:space="preserve">{{wikipedia}}
=Português=
==Substantivo==
{{flex.pt.feminino|s=jardinagem|p=jardinagens}}
'''jar.di.&lt;u&gt;na&lt;/u&gt;.gem'''
# a [[arte]] de [[cuidar]] de [[jardim|jardins]]
#* ''Primeiro, publicaram-se cartas de leitores e artigos sobre '''jardinagem''' no lugar das notícias proibidas.'' {{OESP|2006|junho|05}}
===Tradução===
{{tradini}}
* {{trad|sq|kopshtari}}
* {{trad|de|Gartenbau|Gartenarbeit}}
* {{trad|ar|بستنة}}
* {{trad|ca|jardinera}}
* {{trad|cs|zahradnictví}}
* {{trad|da|havebrug}}
* {{trad|sk|záhradkárstvo}}
* {{trad|es|jardinería}}
* {{trad|eo|ĝardenistiko}}
* {{trad|fi|puutarhanhoito}}
* {{trad|fr|jardinage}}
* {{trad|gl|xardineira}}
* {{trad|el|κηπουρική}}
* {{trad|nl|tuinieren}}
{{tradmeio}}
* {{trad|hu|kertészet}}
* {{trad|id|berkebun}}
* {{trad|en|gardening}}
* {{trad|ga|garraiodacht}}
* {{trad|it|giardinaggio}}
* {{trad|lv|darznieciba}}
* {{trad|mr|बागकाम}}
* {{trad|no|hagearbeid}}
* {{trad|fa|باغبانی}}
* {{trad|pl|ogrodnictwo}}
* {{trad|ro|gradinarit}}
* {{trad|sa|उद्यानकरणं}}
* {{trad|sv|trädgårdsskötsel}}
* {{trad|val|jardineria}}
{{tradfim}}
=={{etimologia}}==
: De [[jardim]] + [[-agem]].
[[Categoria:Substantivo (Português)]]
[[Categoria:Polissílabo (Português)]]
[[Categoria:Paroxítona (Português)]]
[[Categoria:Vocábulo com etimologia (Português)]]

[[zh:jardinagem]]</text>
<sha1>ddfn7tpggmpobw7n9pivok5lmab39gg</sha1>
</revision>
<revision>
<id>1207853</id>
<parentid>996433</parentid>
<timestamp>2011-07-10T03:48:03Z</timestamp>
<contributor>
<username>MalafayaBot</username>
<id>628</id>
</contributor>
<minor />
<comment>Robô: Substituição de texto automática (-^\=\s?Português\s?\= +={{-pt-}}= &amp; -^\=\s?\{\{pt\}\}\s?\= +={{-pt-}}=)</comment>
<model>wikitext</model>
<format>text/x-wiki</format>
<text bytes="1370" xml:space="preserve">{{wikipedia}}
={{-pt-}}=
==Substantivo==
{{flex.pt.feminino|s=jardinagem|p=jardinagens}}
'''jar.di.&lt;u&gt;na&lt;/u&gt;.gem'''
# a [[arte]] de [[cuidar]] de [[jardim|jardins]]
#* ''Primeiro, publicaram-se cartas de leitores e artigos sobre '''jardinagem''' no lugar das notícias proibidas.'' {{OESP|2006|junho|05}}
===Tradução===
{{tradini}}
* {{trad|sq|kopshtari}}
* {{trad|de|Gartenbau|Gartenarbeit}}
* {{trad|ar|بستنة}}
* {{trad|ca|jardinera}}
* {{trad|cs|zahradnictví}}
* {{trad|da|havebrug}}
* {{trad|sk|záhradkárstvo}}
* {{trad|es|jardinería}}
* {{trad|eo|ĝardenistiko}}
* {{trad|fi|puutarhanhoito}}
* {{trad|fr|jardinage}}
* {{trad|gl|xardineira}}
* {{trad|el|κηπουρική}}
* {{trad|nl|tuinieren}}
{{tradmeio}}
* {{trad|hu|kertészet}}
* {{trad|id|berkebun}}
* {{trad|en|gardening}}
* {{trad|ga|garraiodacht}}
* {{trad|it|giardinaggio}}
* {{trad|lv|darznieciba}}
* {{trad|mr|बागकाम}}
* {{trad|no|hagearbeid}}
* {{trad|fa|باغبانی}}
* {{trad|pl|ogrodnictwo}}
* {{trad|ro|gradinarit}}
* {{trad|sa|उद्यानकरणं}}
* {{trad|sv|trädgårdsskötsel}}
* {{trad|val|jardineria}}
{{tradfim}}
=={{etimologia}}==
: De [[jardim]] + [[-agem]].
[[Categoria:Substantivo (Português)]]
[[Categoria:Polissílabo (Português)]]
[[Categoria:Paroxítona (Português)]]
[[Categoria:Vocábulo com etimologia (Português)]]

[[zh:jardinagem]]</text>
<sha1>ixr0tx5sjmlt3tge084dcdhrlkg6lvy</sha1>
</revision>
<revision>
<id>1489420</id>
<parentid>1207853</parentid>
<timestamp>2012-10-21T16:02:06Z</timestamp>
<contributor>
<username>VJBot</username>
<id>33673</id>
</contributor>
<minor />
<comment>Robô: Substituição de texto automática  (-{{wikipedia}} +{{Wikipédia}})</comment>
<model>wikitext</model>
<format>text/x-wiki</format>
<text bytes="1371" xml:space="preserve">{{Wikipédia}}
={{-pt-}}=
==Substantivo==
{{flex.pt.feminino|s=jardinagem|p=jardinagens}}
'''jar.di.&lt;u&gt;na&lt;/u&gt;.gem'''
# a [[arte]] de [[cuidar]] de [[jardim|jardins]]
#* ''Primeiro, publicaram-se cartas de leitores e artigos sobre '''jardinagem''' no lugar das notícias proibidas.'' {{OESP|2006|junho|05}}
===Tradução===
{{tradini}}
* {{trad|sq|kopshtari}}
* {{trad|de|Gartenbau|Gartenarbeit}}
* {{trad|ar|بستنة}}
* {{trad|ca|jardinera}}
* {{trad|cs|zahradnictví}}
* {{trad|da|havebrug}}
* {{trad|sk|záhradkárstvo}}
* {{trad|es|jardinería}}
* {{trad|eo|ĝardenistiko}}
* {{trad|fi|puutarhanhoito}}
* {{trad|fr|jardinage}}
* {{trad|gl|xardineira}}
* {{trad|el|κηπουρική}}
* {{trad|nl|tuinieren}}
{{tradmeio}}
* {{trad|hu|kertészet}}
* {{trad|id|berkebun}}
* {{trad|en|gardening}}
* {{trad|ga|garraiodacht}}
* {{trad|it|giardinaggio}}
* {{trad|lv|darznieciba}}
* {{trad|mr|बागकाम}}
* {{trad|no|hagearbeid}}
* {{trad|fa|باغبانی}}
* {{trad|pl|ogrodnictwo}}
* {{trad|ro|gradinarit}}
* {{trad|sa|उद्यानकरणं}}
* {{trad|sv|trädgårdsskötsel}}
* {{trad|val|jardineria}}
{{tradfim}}
=={{etimologia}}==
: De [[jardim]] + [[-agem]].
[[Categoria:Substantivo (Português)]]
[[Categoria:Polissílabo (Português)]]
[[Categoria:Paroxítona (Português)]]
[[Categoria:Vocábulo com etimologia (Português)]]

[[zh:jardinagem]]</text>
<sha1>3somdy55scnuq8cnyoimav0644z2ft8</sha1>
</revision>
<revision>
<id>1601151</id>
<parentid>1489420</parentid>
<timestamp>2013-01-19T16:11:35Z</timestamp>
<contributor>
<username>MalafayaBot</username>
<id>628</id>
</contributor>
<minor />
<comment>Robô: A modificar Categoria:Vocábulo com etimologia (Português) para Categoria:Entrada com etimologia (Português)</comment>
<model>wikitext</model>
<format>text/x-wiki</format>
<text bytes="1369" xml:space="preserve">{{Wikipédia}}
={{-pt-}}=
==Substantivo==
{{flex.pt.feminino|s=jardinagem|p=jardinagens}}
'''jar.di.&lt;u&gt;na&lt;/u&gt;.gem'''
# a [[arte]] de [[cuidar]] de [[jardim|jardins]]
#* ''Primeiro, publicaram-se cartas de leitores e artigos sobre '''jardinagem''' no lugar das notícias proibidas.'' {{OESP|2006|junho|05}}
===Tradução===
{{tradini}}
* {{trad|sq|kopshtari}}
* {{trad|de|Gartenbau|Gartenarbeit}}
* {{trad|ar|بستنة}}
* {{trad|ca|jardinera}}
* {{trad|cs|zahradnictví}}
* {{trad|da|havebrug}}
* {{trad|sk|záhradkárstvo}}
* {{trad|es|jardinería}}
* {{trad|eo|ĝardenistiko}}
* {{trad|fi|puutarhanhoito}}
* {{trad|fr|jardinage}}
* {{trad|gl|xardineira}}
* {{trad|el|κηπουρική}}
* {{trad|nl|tuinieren}}
{{tradmeio}}
* {{trad|hu|kertészet}}
* {{trad|id|berkebun}}
* {{trad|en|gardening}}
* {{trad|ga|garraiodacht}}
* {{trad|it|giardinaggio}}
* {{trad|lv|darznieciba}}
* {{trad|mr|बागकाम}}
* {{trad|no|hagearbeid}}
* {{trad|fa|باغبانی}}
* {{trad|pl|ogrodnictwo}}
* {{trad|ro|gradinarit}}
* {{trad|sa|उद्यानकरणं}}
* {{trad|sv|trädgårdsskötsel}}
* {{trad|val|jardineria}}
{{tradfim}}
=={{etimologia}}==
: De [[jardim]] + [[-agem]].
[[Categoria:Substantivo (Português)]]
[[Categoria:Polissílabo (Português)]]
[[Categoria:Paroxítona (Português)]]
[[Categoria:Entrada com etimologia (Português)]]

[[zh:jardinagem]]</text>
<sha1>5p97d1ka9li1vsxyr4u9lk0inphvmw1</sha1>
</revision>
<revision>
<id>1775627</id>
<parentid>1601151</parentid>
<timestamp>2013-11-26T23:43:01Z</timestamp>
<contributor>
<username>MalafayaBot</username>
<id>628</id>
</contributor>
<minor />
<comment>r2.7.5) (Robô: A adicionar: [[en:jardinagem]]</comment>
<model>wikitext</model>
<format>text/x-wiki</format>
<text bytes="1387" xml:space="preserve">{{Wikipédia}}
={{-pt-}}=
==Substantivo==
{{flex.pt.feminino|s=jardinagem|p=jardinagens}}
'''jar.di.&lt;u&gt;na&lt;/u&gt;.gem'''
# a [[arte]] de [[cuidar]] de [[jardim|jardins]]
#* ''Primeiro, publicaram-se cartas de leitores e artigos sobre '''jardinagem''' no lugar das notícias proibidas.'' {{OESP|2006|junho|05}}
===Tradução===
{{tradini}}
* {{trad|sq|kopshtari}}
* {{trad|de|Gartenbau|Gartenarbeit}}
* {{trad|ar|بستنة}}
* {{trad|ca|jardinera}}
* {{trad|cs|zahradnictví}}
* {{trad|da|havebrug}}
* {{trad|sk|záhradkárstvo}}
* {{trad|es|jardinería}}
* {{trad|eo|ĝardenistiko}}
* {{trad|fi|puutarhanhoito}}
* {{trad|fr|jardinage}}
* {{trad|gl|xardineira}}
* {{trad|el|κηπουρική}}
* {{trad|nl|tuinieren}}
{{tradmeio}}
* {{trad|hu|kertészet}}
* {{trad|id|berkebun}}
* {{trad|en|gardening}}
* {{trad|ga|garraiodacht}}
* {{trad|it|giardinaggio}}
* {{trad|lv|darznieciba}}
* {{trad|mr|बागकाम}}
* {{trad|no|hagearbeid}}
* {{trad|fa|باغبانی}}
* {{trad|pl|ogrodnictwo}}
* {{trad|ro|gradinarit}}
* {{trad|sa|उद्यानकरणं}}
* {{trad|sv|trädgårdsskötsel}}
* {{trad|val|jardineria}}
{{tradfim}}
=={{etimologia}}==
: De [[jardim]] + [[-agem]].
[[Categoria:Substantivo (Português)]]
[[Categoria:Polissílabo (Português)]]
[[Categoria:Paroxítona (Português)]]
[[Categoria:Entrada com etimologia (Português)]]

[[en:jardinagem]]
[[zh:jardinagem]]</text>
<sha1>paxny6jn4d9bi128s670jnk43qnagtr</sha1>
</revision>
<revision>
<id>2077993</id>
<parentid>1775627</parentid>
<timestamp>2016-03-29T17:09:36Z</timestamp>
<contributor>
<username>Defender</username>
<id>15952</id>
</contributor>
<comment>Um verbete a menos usando a [[Predefinição:flex.pt.feminino|predefinição flex.pt.feminino]]</comment>
<model>wikitext</model>
<format>text/x-wiki</format>
<text bytes="1290" xml:space="preserve">{{Wikipédia}}
={{-pt-}}=
==Substantivo==
{{flex.pt|fs=jardinagem|fp=jardinagens}}
{{paroxítona|jar|di|na|gem}}, {{gênero|f}}
# a [[arte]] de [[cuidar]] de [[jardim|jardins]]
#* ''Primeiro, publicaram-se cartas de leitores e artigos sobre '''jardinagem''' no lugar das notícias proibidas.'' {{OESP|2006|junho|05}}
===Tradução===
{{tradini}}
* {{trad|sq|kopshtari}}
* {{trad|de|Gartenbau|Gartenarbeit}}
* {{trad|ar|بستنة}}
* {{trad|ca|jardinera}}
* {{trad|cs|zahradnictví}}
* {{trad|da|havebrug}}
* {{trad|sk|záhradkárstvo}}
* {{trad|es|jardinería}}
* {{trad|eo|ĝardenistiko}}
* {{trad|fi|puutarhanhoito}}
* {{trad|fr|jardinage}}
* {{trad|gl|xardineira}}
* {{trad|el|κηπουρική}}
* {{trad|nl|tuinieren}}
{{tradmeio}}
* {{trad|hu|kertészet}}
* {{trad|id|berkebun}}
* {{trad|en|gardening}}
* {{trad|ga|garraiodacht}}
* {{trad|it|giardinaggio}}
* {{trad|lv|darznieciba}}
* {{trad|mr|बागकाम}}
* {{trad|no|hagearbeid}}
* {{trad|fa|باغبانی}}
* {{trad|pl|ogrodnictwo}}
* {{trad|ro|gradinarit}}
* {{trad|sa|उद्यानकरणं}}
* {{trad|sv|trädgårdsskötsel}}
* {{trad|val|jardineria}}
{{tradfim}}
=={{etimologia|pt}}==
:{{escopo|Morfologia}} [[jardim]] + [[-agem]].
[[Categoria:Substantivo (Português)]]

[[en:jardinagem]]
[[zh:jardinagem]]</text>
<sha1>ccvd5sgvczbnf739fynziybsr7661vf</sha1>
</revision>
<revision>
<id>2364681</id>
<parentid>2077993</parentid>
<timestamp>2017-05-03T15:44:43Z</timestamp>
<contributor>
<username>HydrizBot</username>
<id>29590</id>
</contributor>
<minor />
<comment>Robô: A limpar links interwikis antigos</comment>
<model>wikitext</model>
<format>text/x-wiki</format>
<text bytes="1253" xml:space="preserve">{{Wikipédia}}
={{-pt-}}=
==Substantivo==
{{flex.pt|fs=jardinagem|fp=jardinagens}}
{{paroxítona|jar|di|na|gem}}, {{gênero|f}}
# a [[arte]] de [[cuidar]] de [[jardim|jardins]]
#* ''Primeiro, publicaram-se cartas de leitores e artigos sobre '''jardinagem''' no lugar das notícias proibidas.'' {{OESP|2006|junho|05}}
===Tradução===
{{tradini}}
* {{trad|sq|kopshtari}}
* {{trad|de|Gartenbau|Gartenarbeit}}
* {{trad|ar|بستنة}}
* {{trad|ca|jardinera}}
* {{trad|cs|zahradnictví}}
* {{trad|da|havebrug}}
* {{trad|sk|záhradkárstvo}}
* {{trad|es|jardinería}}
* {{trad|eo|ĝardenistiko}}
* {{trad|fi|puutarhanhoito}}
* {{trad|fr|jardinage}}
* {{trad|gl|xardineira}}
* {{trad|el|κηπουρική}}
* {{trad|nl|tuinieren}}
{{tradmeio}}
* {{trad|hu|kertészet}}
* {{trad|id|berkebun}}
* {{trad|en|gardening}}
* {{trad|ga|garraiodacht}}
* {{trad|it|giardinaggio}}
* {{trad|lv|darznieciba}}
* {{trad|mr|बागकाम}}
* {{trad|no|hagearbeid}}
* {{trad|fa|باغبانی}}
* {{trad|pl|ogrodnictwo}}
* {{trad|ro|gradinarit}}
* {{trad|sa|उद्यानकरणं}}
* {{trad|sv|trädgårdsskötsel}}
* {{trad|val|jardineria}}
{{tradfim}}
=={{etimologia|pt}}==
:{{escopo|Morfologia}} [[jardim]] + [[-agem]].
[[Categoria:Substantivo (Português)]]</text>
<sha1>ovgbw0h4r264hpvvhzhocx3989vo5pq</sha1>
</revision>
<revision>
<id>2661104</id>
<parentid>2364681</parentid>
<timestamp>2022-02-24T03:56:35Z</timestamp>
<contributor>
<username>Calq</username>
<id>27699</id>
</contributor>
<comment>/* Tradução */</comment>
<model>wikitext</model>
<format>text/x-wiki</format>
<text bytes="1253" xml:space="preserve">{{Wikipédia}}
={{-pt-}}=
==Substantivo==
{{flex.pt|fs=jardinagem|fp=jardinagens}}
{{paroxítona|jar|di|na|gem}}, {{gênero|f}}
# a [[arte]] de [[cuidar]] de [[jardim|jardins]]
#* ''Primeiro, publicaram-se cartas de leitores e artigos sobre '''jardinagem''' no lugar das notícias proibidas.'' {{OESP|2006|junho|05}}
===Tradução===
{{tradini}}
* {{trad|sq|kopshtari}}
* {{trad|de|Gartenbau|Gartenarbeit}}
* {{trad|ar|بستنة}}
* {{trad|ca|jardinera}}
* {{trad|cs|zahradnictví}}
* {{trad|da|havebrug}}
* {{trad|sk|záhradkárstvo}}
* {{trad|es|jardinería}}
* {{trad|eo|ĝardenistiko}}
* {{trad|fi|puutarhanhoito}}
* {{trad|fr|jardinage}}
* {{trad|gl|xardinaxe}}
* {{trad|el|κηπουρική}}
* {{trad|nl|tuinieren}}
{{tradmeio}}
* {{trad|hu|kertészet}}
* {{trad|id|berkebun}}
* {{trad|en|gardening}}
* {{trad|ga|garraiodacht}}
* {{trad|it|giardinaggio}}
* {{trad|lv|darznieciba}}
* {{trad|mr|बागकाम}}
* {{trad|no|hagearbeid}}
* {{trad|fa|باغبانی}}
* {{trad|pl|ogrodnictwo}}
* {{trad|ro|gradinarit}}
* {{trad|sa|उद्यानकरणं}}
* {{trad|sv|trädgårdsskötsel}}
* {{trad|val|jardineria}}
{{tradfim}}

=={{etimologia|pt}}==
:{{escopo|Morfologia}} [[jardim]] + [[-agem]].
[[Categoria:Substantivo (Português)]]</text>
<sha1>tshovaaruv29vk95uff7mb3xd7str05</sha1>
</revision>
</page>
