<title>jardineiro</title>
<ns>0</ns>
<id>113820</id>
<revision>
<id>470672</id>
<timestamp>2009-05-27T11:11:20Z</timestamp>
<contributor>
<ip>189.109.40.26</ip>
</contributor>
<comment>[[Ajuda:Menus e funções/Sumário de edição#Sumário de edição automático|→]] nova página: Jardineiro sao pessoas que cuidam diariamente da parte de jardinagem de um determinado lugar.</comment>
<model>wikitext</model>
<format>text/x-wiki</format>
<text bytes="93" xml:space="preserve">Jardineiro sao pessoas que cuidam diariamente da parte de jardinagem de um determinado lugar.</text>
<sha1>5fsk8eqlsepk6wyq7j5s98b7ddphb0f</sha1>
</revision>
<revision>
<id>470677</id>
<parentid>470672</parentid>
<timestamp>2009-05-27T11:14:11Z</timestamp>
<contributor>
<ip>189.109.40.26</ip>
</contributor>
<model>wikitext</model>
<format>text/x-wiki</format>
<text bytes="94" xml:space="preserve">Jardineiro são pessoas que cuidam diariamente da parte de jardinagem de um determinado lugar.</text>
<sha1>7luep59n5d8vng1p2juwjn58pwsei5k</sha1>
</revision>
<revision>
<id>470711</id>
<parentid>470677</parentid>
<timestamp>2009-05-27T12:42:36Z</timestamp>
<contributor>
<username>Interwicket</username>
<id>6868</id>
</contributor>
<minor />
<comment>iwiki +[[:fr:jardineiro]], [[:pl:jardineiro]]</comment>
<model>wikitext</model>
<format>text/x-wiki</format>
<text bytes="131" xml:space="preserve">Jardineiro são pessoas que cuidam diariamente da parte de jardinagem de um determinado lugar.

[[fr:jardineiro]]
[[pl:jardineiro]]</text>
<sha1>3ynqoa0jct8ijhkih188djn04mfr9m4</sha1>
</revision>
<revision>
<id>479787</id>
<parentid>470711</parentid>
<timestamp>2009-06-14T11:52:32Z</timestamp>
<contributor>
<username>ValJor</username>
<id>1358</id>
</contributor>
<comment>Retirando da [[Especial:Uncategorizedpages|página de verbetes sem categoria]]</comment>
<model>wikitext</model>
<format>text/x-wiki</format>
<text bytes="890" xml:space="preserve">=Português=
==Substantivo==
{{flex.pt|ms=jardineiro|mp=jardineiros|fs=jardineira|fp=jardineiras}}
{{paroxítona|jar|di|nei|ro}}
# pessoa que cuida da [[jardinagem]] de um determinado lugar
#* ''Adriana conseguiu a cooperação de mais quatro voluntários - um advogado, um engenheiro agrônomo, uma doméstica e um '''jardineiro'''.'' {{OESP|2008|outubro|27}}
===Tradução===
{{tradini}}
* {{trad|zh|園丁}} (yuan2 ding1)
* {{trad|fr|jardinier}}
* {{trad|en|gardener}}
* {{trad|la|topiarius}}
{{tradmeio}}
* {{trad|pl|ogrodnik}}
* {{trad|ru|садовник}}
* {{trad|tr|bahçıvan}}
* {{trad|uz|bog'bon}}
{{tradfim}}
=={{etimologia}}==
: De [[jardim]] + [[-eiro]].
==Ver também==
===No Wikcionário===
* [[profissão]]
[[Categoria:Substantivo (Português)]]
[[Categoria:Vocábulo com etimologia (Português)]]
[[Categoria:Profissão (Português)]]

[[fr:jardineiro]]
[[pl:jardineiro]]</text>
<sha1>nu08j47rx8eeiyxq2k929n6wnw2av8x</sha1>
</revision>
<revision>
<id>642117</id>
<parentid>479787</parentid>
<timestamp>2009-12-09T15:45:00Z</timestamp>
<contributor>
<username>Interwicket</username>
<id>6868</id>
</contributor>
<minor />
<comment>iwiki +[[:en:jardineiro]]</comment>
<model>wikitext</model>
<format>text/x-wiki</format>
<text bytes="908" xml:space="preserve">=Português=
==Substantivo==
{{flex.pt|ms=jardineiro|mp=jardineiros|fs=jardineira|fp=jardineiras}}
{{paroxítona|jar|di|nei|ro}}
# pessoa que cuida da [[jardinagem]] de um determinado lugar
#* ''Adriana conseguiu a cooperação de mais quatro voluntários - um advogado, um engenheiro agrônomo, uma doméstica e um '''jardineiro'''.'' {{OESP|2008|outubro|27}}
===Tradução===
{{tradini}}
* {{trad|zh|園丁}} (yuan2 ding1)
* {{trad|fr|jardinier}}
* {{trad|en|gardener}}
* {{trad|la|topiarius}}
{{tradmeio}}
* {{trad|pl|ogrodnik}}
* {{trad|ru|садовник}}
* {{trad|tr|bahçıvan}}
* {{trad|uz|bog'bon}}
{{tradfim}}
=={{etimologia}}==
: De [[jardim]] + [[-eiro]].
==Ver também==
===No Wikcionário===
* [[profissão]]
[[Categoria:Substantivo (Português)]]
[[Categoria:Vocábulo com etimologia (Português)]]
[[Categoria:Profissão (Português)]]

[[en:jardineiro]]
[[fr:jardineiro]]
[[pl:jardineiro]]</text>
<sha1>om110xvlj0y4wtxch2oelsffc0izcg9</sha1>
</revision>
<revision>
<id>947916</id>
<parentid>642117</parentid>
<timestamp>2010-08-31T22:32:55Z</timestamp>
<contributor>
<username>Interwicket</username>
<id>6868</id>
</contributor>
<minor />
<comment>iwiki +[[:hu:jardineiro]]</comment>
<model>wikitext</model>
<format>text/x-wiki</format>
<text bytes="926" xml:space="preserve">=Português=
==Substantivo==
{{flex.pt|ms=jardineiro|mp=jardineiros|fs=jardineira|fp=jardineiras}}
{{paroxítona|jar|di|nei|ro}}
# pessoa que cuida da [[jardinagem]] de um determinado lugar
#* ''Adriana conseguiu a cooperação de mais quatro voluntários - um advogado, um engenheiro agrônomo, uma doméstica e um '''jardineiro'''.'' {{OESP|2008|outubro|27}}
===Tradução===
{{tradini}}
* {{trad|zh|園丁}} (yuan2 ding1)
* {{trad|fr|jardinier}}
* {{trad|en|gardener}}
* {{trad|la|topiarius}}
{{tradmeio}}
* {{trad|pl|ogrodnik}}
* {{trad|ru|садовник}}
* {{trad|tr|bahçıvan}}
* {{trad|uz|bog'bon}}
{{tradfim}}
=={{etimologia}}==
: De [[jardim]] + [[-eiro]].
==Ver também==
===No Wikcionário===
* [[profissão]]
[[Categoria:Substantivo (Português)]]
[[Categoria:Vocábulo com etimologia (Português)]]
[[Categoria:Profissão (Português)]]

[[en:jardineiro]]
[[fr:jardineiro]]
[[hu:jardineiro]]
[[pl:jardineiro]]</text>
<sha1>a551lq7ogx36hyzu1sbm04e12m6im6f</sha1>
</revision>
<revision>
<id>996432</id>
<parentid>947916</parentid>
<timestamp>2010-12-15T02:04:44Z</timestamp>
<contributor>
<username>Luckas-bot</username>
<id>5986</id>
</contributor>
<minor />
<comment>r2.6.2) (Bot: Adicionando: [[eo:jardineiro]], [[zh:jardineiro]]</comment>
<model>wikitext</model>
<format>text/x-wiki</format>
<text bytes="962" xml:space="preserve">=Português=
==Substantivo==
{{flex.pt|ms=jardineiro|mp=jardineiros|fs=jardineira|fp=jardineiras}}
{{paroxítona|jar|di|nei|ro}}
# pessoa que cuida da [[jardinagem]] de um determinado lugar
#* ''Adriana conseguiu a cooperação de mais quatro voluntários - um advogado, um engenheiro agrônomo, uma doméstica e um '''jardineiro'''.'' {{OESP|2008|outubro|27}}
===Tradução===
{{tradini}}
* {{trad|zh|園丁}} (yuan2 ding1)
* {{trad|fr|jardinier}}
* {{trad|en|gardener}}
* {{trad|la|topiarius}}
{{tradmeio}}
* {{trad|pl|ogrodnik}}
* {{trad|ru|садовник}}
* {{trad|tr|bahçıvan}}
* {{trad|uz|bog'bon}}
{{tradfim}}
=={{etimologia}}==
: De [[jardim]] + [[-eiro]].
==Ver também==
===No Wikcionário===
* [[profissão]]
[[Categoria:Substantivo (Português)]]
[[Categoria:Vocábulo com etimologia (Português)]]
[[Categoria:Profissão (Português)]]

[[en:jardineiro]]
[[eo:jardineiro]]
[[fr:jardineiro]]
[[hu:jardineiro]]
[[pl:jardineiro]]
[[zh:jardineiro]]</text>
<sha1>0j9zeefuw9ntv5ue8xs1rga5wb3pw69</sha1>
</revision>
<revision>
<id>1207855</id>
<parentid>996432</parentid>
<timestamp>2011-07-10T03:48:06Z</timestamp>
<contributor>
<username>MalafayaBot</username>
<id>628</id>
</contributor>
<minor />
<comment>Robô: Substituição de texto automática (-^\=\s?Português\s?\= +={{-pt-}}= &amp; -^\=\s?\{\{pt\}\}\s?\= +={{-pt-}}=)</comment>
<model>wikitext</model>
<format>text/x-wiki</format>
<text bytes="960" xml:space="preserve">={{-pt-}}=
==Substantivo==
{{flex.pt|ms=jardineiro|mp=jardineiros|fs=jardineira|fp=jardineiras}}
{{paroxítona|jar|di|nei|ro}}
# pessoa que cuida da [[jardinagem]] de um determinado lugar
#* ''Adriana conseguiu a cooperação de mais quatro voluntários - um advogado, um engenheiro agrônomo, uma doméstica e um '''jardineiro'''.'' {{OESP|2008|outubro|27}}
===Tradução===
{{tradini}}
* {{trad|zh|園丁}} (yuan2 ding1)
* {{trad|fr|jardinier}}
* {{trad|en|gardener}}
* {{trad|la|topiarius}}
{{tradmeio}}
* {{trad|pl|ogrodnik}}
* {{trad|ru|садовник}}
* {{trad|tr|bahçıvan}}
* {{trad|uz|bog'bon}}
{{tradfim}}
=={{etimologia}}==
: De [[jardim]] + [[-eiro]].
==Ver também==
===No Wikcionário===
* [[profissão]]
[[Categoria:Substantivo (Português)]]
[[Categoria:Vocábulo com etimologia (Português)]]
[[Categoria:Profissão (Português)]]

[[en:jardineiro]]
[[eo:jardineiro]]
[[fr:jardineiro]]
[[hu:jardineiro]]
[[pl:jardineiro]]
[[zh:jardineiro]]</text>
<sha1>kt72545vvicrrytjrf22jrmxdgshc1g</sha1>
</revision>
<revision>
<id>1393387</id>
<parentid>1207855</parentid>
<timestamp>2012-03-29T09:31:25Z</timestamp>
<contributor>
<username>JAnDbot</username>
<id>25083</id>
</contributor>
<minor />
<comment>r2.7.2) (Robô: A adicionar: [[eu:jardineiro]]</comment>
<model>wikitext</model>
<format>text/x-wiki</format>
<text bytes="978" xml:space="preserve">={{-pt-}}=
==Substantivo==
{{flex.pt|ms=jardineiro|mp=jardineiros|fs=jardineira|fp=jardineiras}}
{{paroxítona|jar|di|nei|ro}}
# pessoa que cuida da [[jardinagem]] de um determinado lugar
#* ''Adriana conseguiu a cooperação de mais quatro voluntários - um advogado, um engenheiro agrônomo, uma doméstica e um '''jardineiro'''.'' {{OESP|2008|outubro|27}}
===Tradução===
{{tradini}}
* {{trad|zh|園丁}} (yuan2 ding1)
* {{trad|fr|jardinier}}
* {{trad|en|gardener}}
* {{trad|la|topiarius}}
{{tradmeio}}
* {{trad|pl|ogrodnik}}
* {{trad|ru|садовник}}
* {{trad|tr|bahçıvan}}
* {{trad|uz|bog'bon}}
{{tradfim}}
=={{etimologia}}==
: De [[jardim]] + [[-eiro]].
==Ver também==
===No Wikcionário===
* [[profissão]]
[[Categoria:Substantivo (Português)]]
[[Categoria:Vocábulo com etimologia (Português)]]
[[Categoria:Profissão (Português)]]

[[en:jardineiro]]
[[eo:jardineiro]]
[[eu:jardineiro]]
[[fr:jardineiro]]
[[hu:jardineiro]]
[[pl:jardineiro]]
[[zh:jardineiro]]</text>
<sha1>mzwj27v1hn2sq1t5jlz55dcy2bskkuv</sha1>
</revision>
<revision>
<id>1601153</id>
<parentid>1393387</parentid>
<timestamp>2013-01-19T16:11:38Z</timestamp>
<contributor>
<username>MalafayaBot</username>
<id>628</id>
</contributor>
<minor />
<comment>Robô: A modificar Categoria:Vocábulo com etimologia (Português) para Categoria:Entrada com etimologia (Português)</comment>
<model>wikitext</model>
<format>text/x-wiki</format>
<text bytes="976" xml:space="preserve">={{-pt-}}=
==Substantivo==
{{flex.pt|ms=jardineiro|mp=jardineiros|fs=jardineira|fp=jardineiras}}
{{paroxítona|jar|di|nei|ro}}
# pessoa que cuida da [[jardinagem]] de um determinado lugar
#* ''Adriana conseguiu a cooperação de mais quatro voluntários - um advogado, um engenheiro agrônomo, uma doméstica e um '''jardineiro'''.'' {{OESP|2008|outubro|27}}
===Tradução===
{{tradini}}
* {{trad|zh|園丁}} (yuan2 ding1)
* {{trad|fr|jardinier}}
* {{trad|en|gardener}}
* {{trad|la|topiarius}}
{{tradmeio}}
* {{trad|pl|ogrodnik}}
* {{trad|ru|садовник}}
* {{trad|tr|bahçıvan}}
* {{trad|uz|bog'bon}}
{{tradfim}}
=={{etimologia}}==
: De [[jardim]] + [[-eiro]].
==Ver também==
===No Wikcionário===
* [[profissão]]
[[Categoria:Substantivo (Português)]]
[[Categoria:Entrada com etimologia (Português)]]
[[Categoria:Profissão (Português)]]

[[en:jardineiro]]
[[eo:jardineiro]]
[[eu:jardineiro]]
[[fr:jardineiro]]
[[hu:jardineiro]]
[[pl:jardineiro]]
[[zh:jardineiro]]</text>
<sha1>pkmgog0urh7xqydcti6xyc71t3mivfx</sha1>
</revision>
<revision>
<id>1860802</id>
<parentid>1601153</parentid>
<timestamp>2014-09-21T06:49:32Z</timestamp>
<contributor>
<username>JAnDbot</username>
<id>25083</id>
</contributor>
<minor />
<comment>r2.7.3) (Robô: A adicionar: [[es:jardineiro]]</comment>
<model>wikitext</model>
<format>text/x-wiki</format>
<text bytes="994" xml:space="preserve">={{-pt-}}=
==Substantivo==
{{flex.pt|ms=jardineiro|mp=jardineiros|fs=jardineira|fp=jardineiras}}
{{paroxítona|jar|di|nei|ro}}
# pessoa que cuida da [[jardinagem]] de um determinado lugar
#* ''Adriana conseguiu a cooperação de mais quatro voluntários - um advogado, um engenheiro agrônomo, uma doméstica e um '''jardineiro'''.'' {{OESP|2008|outubro|27}}
===Tradução===
{{tradini}}
* {{trad|zh|園丁}} (yuan2 ding1)
* {{trad|fr|jardinier}}
* {{trad|en|gardener}}
* {{trad|la|topiarius}}
{{tradmeio}}
* {{trad|pl|ogrodnik}}
* {{trad|ru|садовник}}
* {{trad|tr|bahçıvan}}
* {{trad|uz|bog'bon}}
{{tradfim}}
=={{etimologia}}==
: De [[jardim]] + [[-eiro]].
==Ver também==
===No Wikcionário===
* [[profissão]]
[[Categoria:Substantivo (Português)]]
[[Categoria:Entrada com etimologia (Português)]]
[[Categoria:Profissão (Português)]]

[[en:jardineiro]]
[[eo:jardineiro]]
[[es:jardineiro]]
[[eu:jardineiro]]
[[fr:jardineiro]]
[[hu:jardineiro]]
[[pl:jardineiro]]
[[zh:jardineiro]]</text>
<sha1>cmbxob5bme3issuquhul23i4zfvigv9</sha1>
</revision>
<revision>
<id>2160385</id>
<parentid>1860802</parentid>
<timestamp>2016-08-18T21:06:04Z</timestamp>
<contributor>
<username>UT-interwiki-Bot</username>
<id>56129</id>
</contributor>
<minor />
<comment>Robô: A adicionar: [[de:jardineiro]]</comment>
<model>wikitext</model>
<format>text/x-wiki</format>
<text bytes="1012" xml:space="preserve">={{-pt-}}=
==Substantivo==
{{flex.pt|ms=jardineiro|mp=jardineiros|fs=jardineira|fp=jardineiras}}
{{paroxítona|jar|di|nei|ro}}
# pessoa que cuida da [[jardinagem]] de um determinado lugar
#* ''Adriana conseguiu a cooperação de mais quatro voluntários - um advogado, um engenheiro agrônomo, uma doméstica e um '''jardineiro'''.'' {{OESP|2008|outubro|27}}
===Tradução===
{{tradini}}
* {{trad|zh|園丁}} (yuan2 ding1)
* {{trad|fr|jardinier}}
* {{trad|en|gardener}}
* {{trad|la|topiarius}}
{{tradmeio}}
* {{trad|pl|ogrodnik}}
* {{trad|ru|садовник}}
* {{trad|tr|bahçıvan}}
* {{trad|uz|bog'bon}}
{{tradfim}}
=={{etimologia}}==
: De [[jardim]] + [[-eiro]].
==Ver também==
===No Wikcionário===
* [[profissão]]
[[Categoria:Substantivo (Português)]]
[[Categoria:Entrada com etimologia (Português)]]
[[Categoria:Profissão (Português)]]

[[de:jardineiro]]
[[en:jardineiro]]
[[eo:jardineiro]]
[[es:jardineiro]]
[[eu:jardineiro]]
[[fr:jardineiro]]
[[hu:jardineiro]]
[[pl:jardineiro]]
[[zh:jardineiro]]</text>
<sha1>cy1e7xhx3efdmqkytnaex6sdsxwxdwb</sha1>
</revision>
<revision>
<id>2180143</id>
<parentid>2160385</parentid>
<timestamp>2016-10-07T14:02:22Z</timestamp>
<contributor>
<username>UT-interwiki-Bot</username>
<id>56129</id>
</contributor>
<minor />
<comment>Robô: A adicionar: [[ru:jardineiro]]</comment>
<model>wikitext</model>
<format>text/x-wiki</format>
<text bytes="1030" xml:space="preserve">={{-pt-}}=
==Substantivo==
{{flex.pt|ms=jardineiro|mp=jardineiros|fs=jardineira|fp=jardineiras}}
{{paroxítona|jar|di|nei|ro}}
# pessoa que cuida da [[jardinagem]] de um determinado lugar
#* ''Adriana conseguiu a cooperação de mais quatro voluntários - um advogado, um engenheiro agrônomo, uma doméstica e um '''jardineiro'''.'' {{OESP|2008|outubro|27}}
===Tradução===
{{tradini}}
* {{trad|zh|園丁}} (yuan2 ding1)
* {{trad|fr|jardinier}}
* {{trad|en|gardener}}
* {{trad|la|topiarius}}
{{tradmeio}}
* {{trad|pl|ogrodnik}}
* {{trad|ru|садовник}}
* {{trad|tr|bahçıvan}}
* {{trad|uz|bog'bon}}
{{tradfim}}
=={{etimologia}}==
: De [[jardim]] + [[-eiro]].
==Ver também==
===No Wikcionário===
* [[profissão]]
[[Categoria:Substantivo (Português)]]
[[Categoria:Entrada com etimologia (Português)]]
[[Categoria:Profissão (Português)]]

[[de:jardineiro]]
[[en:jardineiro]]
[[eo:jardineiro]]
[[es:jardineiro]]
[[eu:jardineiro]]
[[fr:jardineiro]]
[[hu:jardineiro]]
[[pl:jardineiro]]
[[ru:jardineiro]]
[[zh:jardineiro]]</text>
<sha1>4a99kjnf7k0ymxfw9cw0j2gbaw656sv</sha1>
</revision>
<revision>
<id>2364684</id>
<parentid>2180143</parentid>
<timestamp>2017-05-03T15:44:53Z</timestamp>
<contributor>
<username>HydrizBot</username>
<id>29590</id>
</contributor>
<minor />
<comment>Robô: A limpar links interwikis antigos</comment>
<model>wikitext</model>
<format>text/x-wiki</format>
<text bytes="849" xml:space="preserve">={{-pt-}}=
==Substantivo==
{{flex.pt|ms=jardineiro|mp=jardineiros|fs=jardineira|fp=jardineiras}}
{{paroxítona|jar|di|nei|ro}}
# pessoa que cuida da [[jardinagem]] de um determinado lugar
#* ''Adriana conseguiu a cooperação de mais quatro voluntários - um advogado, um engenheiro agrônomo, uma doméstica e um '''jardineiro'''.'' {{OESP|2008|outubro|27}}
===Tradução===
{{tradini}}
* {{trad|zh|園丁}} (yuan2 ding1)
* {{trad|fr|jardinier}}
* {{trad|en|gardener}}
* {{trad|la|topiarius}}
{{tradmeio}}
* {{trad|pl|ogrodnik}}
* {{trad|ru|садовник}}
* {{trad|tr|bahçıvan}}
* {{trad|uz|bog'bon}}
{{tradfim}}
=={{etimologia}}==
: De [[jardim]] + [[-eiro]].
==Ver também==
===No Wikcionário===
* [[profissão]]
[[Categoria:Substantivo (Português)]]
[[Categoria:Entrada com etimologia (Português)]]
[[Categoria:Profissão (Português)]]</text>
<sha1>ao6lrfackwgeaan8in9o4rqqeh6966l</sha1>
</revision>
<revision>
<id>2475491</id>
<parentid>2364684</parentid>
<timestamp>2018-01-07T21:31:22Z</timestamp>
<contributor>
<username>Imivorn</username>
<id>64513</id>
</contributor>
<model>wikitext</model>
<format>text/x-wiki</format>
<text bytes="1218" xml:space="preserve">={{-pt-}}=
==Substantivo==
{{flex.pt|ms=jardineiro|mp=jardineiros|fs=jardineira|fp=jardineiras}}
{{paroxítona|jar|di|nei|ro}}
# pessoa que cuida da [[jardinagem]] de um determinado lugar
#* ''Adriana conseguiu a cooperação de mais quatro voluntários - um advogado, um engenheiro agrônomo, uma doméstica e um '''jardineiro'''.'' {{OESP|2008|outubro|27}}
===Tradução===
{{tradini}}
* {{trad|zh|園丁}} (yuan2 ding1)
* {{trad|fr|jardinier}}
* {{trad|en|gardener}}
* {{trad|la|topiarius}}
* {{trad|la|jardineiro}}
{{tradmeio}}
* {{trad|pl|ogrodnik}}
* {{trad|ru|садовник}}
* {{trad|tr|bahçıvan}}
* {{trad|uz|bog'bon}}
{{tradfim}}
=={{etimologia}}==
: De [[jardim]] + [[-eiro]].
==Ver também==
===No Wikcionário===
* [[profissão]]
[[Categoria:Substantivo (Português)]]
[[Categoria:Entrada com etimologia (Português)]]
[[Categoria:Profissão (Português)]]


={{-mwl-}}=
==Substantivo==
{{flex.mwl|ms=jardineiro|mp=jardineiros|fs=jardineira|fp=jardineiras}}
{{paroxítona|jar|di|nei|ro|língua=mwl}}, {{m}}
# {{escopo|mwl|Profissão}} [[jardineiro#Português|jardineiro]]

==Ver também==
===No Wikcionário===
{{verTambém.Ini}}
* [[jardin]]
{{verTambém.Fim}}

[[Categoria:Substantivo (Mirandês)]]</text>
<sha1>dktwgjao05ozm99irfv6fzwp1p8qe4p</sha1>
</revision>
<revision>
<id>2552240</id>
<parentid>2475491</parentid>
<timestamp>2019-08-30T15:56:23Z</timestamp>
<contributor>
<username>ValJor</username>
<id>1358</id>
</contributor>
<comment>Verbete [[:Categoria:!Página com idioma não informado em Predefinição:etimologia|sem indicação do idioma na seção de etimologia]]</comment>
<model>wikitext</model>
<format>text/x-wiki</format>
<text bytes="1223" xml:space="preserve">={{-pt-}}=
==Substantivo==
{{flex.pt|ms=jardineiro|mp=jardineiros|fs=jardineira|fp=jardineiras}}
{{paroxítona|jar|di|nei|ro}}, {{gramática|m}}
# pessoa que cuida da [[jardinagem]] de um determinado lugar
#* ''Adriana conseguiu a cooperação de mais quatro voluntários - um advogado, um engenheiro agrônomo, uma doméstica e um '''jardineiro'''.'' {{OESP|2008|outubro|27}}

===Tradução===
{{tradini}}
* {{trad|zh|園丁}} (yuan2 ding1)
* {{trad|fr|jardinier}}
* {{trad|en|gardener}}
* {{trad|la|topiarius}}
* {{trad|la|jardineiro}}
{{tradmeio}}
* {{trad|pl|ogrodnik}}
* {{trad|ru|садовник}}
* {{trad|tr|bahçıvan}}
* {{trad|uz|bog'bon}}
{{tradfim}}

=={{etimologia|pt}}==
: {{escopo|Morfologia}} [[jardim]] + [[-eiro]].

==Ver também==
===No Wikcionário===
* [[profissão]]

[[Categoria:Substantivo (Português)]]
[[Categoria:Profissão (Português)]]


={{-mwl-}}=
==Substantivo==
{{flex.mwl|ms=jardineiro|mp=jardineiros|fs=jardineira|fp=jardineiras}}
{{paroxítona|jar|di|nei|ro|língua=mwl}}, {{gramática|m}}
# {{escopo|mwl|Profissão}} [[jardineiro#Português|jardineiro]]

==Ver também==
===No Wikcionário===
{{verTambém.Ini}}
* [[jardin]]
{{verTambém.Fim}}

[[Categoria:Substantivo (Mirandês)]]</text>
<sha1>la3smslam379ggtnc01tgfxypuokbzi</sha1>
</revision>
<revision>
<id>2618773</id>
<parentid>2552240</parentid>
<timestamp>2021-02-01T16:51:57Z</timestamp>
<contributor>
<username>MarxavBot</username>
<id>80155</id>
</contributor>
<minor />
<comment>AFI Portugal</comment>
<model>wikitext</model>
<format>text/x-wiki</format>
<text bytes="1299" xml:space="preserve">={{-pt-}}=
==Substantivo==
{{flex.pt|ms=jardineiro|mp=jardineiros|fs=jardineira|fp=jardineiras}}
{{paroxítona|jar|di|nei|ro}}, {{gramática|m}}
# pessoa que cuida da [[jardinagem]] de um determinado lugar
#* ''Adriana conseguiu a cooperação de mais quatro voluntários - um advogado, um engenheiro agrônomo, uma doméstica e um '''jardineiro'''.'' {{OESP|2008|outubro|27}}

===Tradução===
{{tradini}}
* {{trad|zh|園丁}} (yuan2 ding1)
* {{trad|fr|jardinier}}
* {{trad|en|gardener}}
* {{trad|la|topiarius}}
* {{trad|la|jardineiro}}
{{tradmeio}}
* {{trad|pl|ogrodnik}}
* {{trad|ru|садовник}}
* {{trad|tr|bahçıvan}}
* {{trad|uz|bog'bon}}
{{tradfim}}

=={{etimologia|pt}}==
: {{escopo|Morfologia}} [[jardim]] + [[-eiro]].

=={{pronúncia|pt}}==
===Portugal===
* AFI: {{AFI|/ʒɐɾ.di.ˈnɐj.ɾu/}}

==Ver também==
===No Wikcionário===
* [[profissão]]

[[Categoria:Substantivo (Português)]]
[[Categoria:Profissão (Português)]]


={{-mwl-}}=
==Substantivo==
{{flex.mwl|ms=jardineiro|mp=jardineiros|fs=jardineira|fp=jardineiras}}
{{paroxítona|jar|di|nei|ro|língua=mwl}}, {{gramática|m}}
# {{escopo|mwl|Profissão}} [[jardineiro#Português|jardineiro]]

==Ver também==
===No Wikcionário===
{{verTambém.Ini}}
* [[jardin]]
{{verTambém.Fim}}

[[Categoria:Substantivo (Mirandês)]]</text>
<sha1>fb0lu0e1pisbumkt1kw1clguwls8txe</sha1>
</revision>
<revision>
<id>2687595</id>
<parentid>2618773</parentid>
<timestamp>2022-08-31T13:08:30Z</timestamp>
<contributor>
<ip>177.195.24.66</ip>
</contributor>
<comment>Pé</comment>
<model>wikitext</model>
<format>text/x-wiki</format>
<text bytes="1303" xml:space="preserve">pé
={{-pt-}}=
==Substantivo==
{{flex.pt|ms=jardineiro|mp=jardineiros|fs=jardineira|fp=jardineiras}}
{{paroxítona|jar|di|nei|ro}}, {{gramática|m}}
# pessoa que cuida da [[jardinagem]] de um determinado lugar
#* ''Adriana conseguiu a cooperação de mais quatro voluntários - um advogado, um engenheiro agrônomo, uma doméstica e um '''jardineiro'''.'' {{OESP|2008|outubro|27}}

===Tradução===
{{tradini}}
* {{trad|zh|園丁}} (yuan2 ding1)
* {{trad|fr|jardinier}}
* {{trad|en|gardener}}
* {{trad|la|topiarius}}
* {{trad|la|jardineiro}}
{{tradmeio}}
* {{trad|pl|ogrodnik}}
* {{trad|ru|садовник}}
* {{trad|tr|bahçıvan}}
* {{trad|uz|bog'bon}}
{{tradfim}}

=={{etimologia|pt}}==
: {{escopo|Morfologia}} [[jardim]] + [[-eiro]].

=={{pronúncia|pt}}==
===Portugal===
* AFI: {{AFI|/ʒɐɾ.di.ˈnɐj.ɾu/}}

==Ver também==
===No Wikcionário===
* [[profissão]]

[[Categoria:Substantivo (Português)]]
[[Categoria:Profissão (Português)]]


={{-mwl-}}=
==Substantivo==
{{flex.mwl|ms=jardineiro|mp=jardineiros|fs=jardineira|fp=jardineiras}}
{{paroxítona|jar|di|nei|ro|língua=mwl}}, {{gramática|m}}
# {{escopo|mwl|Profissão}} [[jardineiro#Português|jardineiro]]

==Ver também==
===No Wikcionário===
{{verTambém.Ini}}
* [[jardin]]
{{verTambém.Fim}}

[[Categoria:Substantivo (Mirandês)]]</text>
<sha1>d5v2i25fimwyfis0bzsubnvxnnkcr14</sha1>
</revision>
<revision>
<id>2687596</id>
<parentid>2687595</parentid>
<timestamp>2022-08-31T14:45:52Z</timestamp>
<contributor>
<username>ValJor</username>
<id>1358</id>
</contributor>
<minor />
<comment>Revertidas edições por [[Especial:Contribuições/177.195.24.66|177.195.24.66]] para a última versão por [[Especial:Contribuições/MarxavBot|MarxavBot]]</comment>
<model>wikitext</model>
<format>text/x-wiki</format>
<text bytes="1299" xml:space="preserve">={{-pt-}}=
==Substantivo==
{{flex.pt|ms=jardineiro|mp=jardineiros|fs=jardineira|fp=jardineiras}}
{{paroxítona|jar|di|nei|ro}}, {{gramática|m}}
# pessoa que cuida da [[jardinagem]] de um determinado lugar
#* ''Adriana conseguiu a cooperação de mais quatro voluntários - um advogado, um engenheiro agrônomo, uma doméstica e um '''jardineiro'''.'' {{OESP|2008|outubro|27}}

===Tradução===
{{tradini}}
* {{trad|zh|園丁}} (yuan2 ding1)
* {{trad|fr|jardinier}}
* {{trad|en|gardener}}
* {{trad|la|topiarius}}
* {{trad|la|jardineiro}}
{{tradmeio}}
* {{trad|pl|ogrodnik}}
* {{trad|ru|садовник}}
* {{trad|tr|bahçıvan}}
* {{trad|uz|bog'bon}}
{{tradfim}}

=={{etimologia|pt}}==
: {{escopo|Morfologia}} [[jardim]] + [[-eiro]].

=={{pronúncia|pt}}==
===Portugal===
* AFI: {{AFI|/ʒɐɾ.di.ˈnɐj.ɾu/}}

==Ver também==
===No Wikcionário===
* [[profissão]]

[[Categoria:Substantivo (Português)]]
[[Categoria:Profissão (Português)]]


={{-mwl-}}=
==Substantivo==
{{flex.mwl|ms=jardineiro|mp=jardineiros|fs=jardineira|fp=jardineiras}}
{{paroxítona|jar|di|nei|ro|língua=mwl}}, {{gramática|m}}
# {{escopo|mwl|Profissão}} [[jardineiro#Português|jardineiro]]

==Ver também==
===No Wikcionário===
{{verTambém.Ini}}
* [[jardin]]
{{verTambém.Fim}}

[[Categoria:Substantivo (Mirandês)]]</text>
<sha1>fb0lu0e1pisbumkt1kw1clguwls8txe</sha1>
</revision>
</page>
