<title>jardinopolitanos</title>
<ns>0</ns>
<id>393515</id>
<revision>
<id>2488154</id>
<timestamp>2018-03-07T13:08:02Z</timestamp>
<contributor>
<username>MIL973</username>
<id>41339</id>
</contributor>
<comment>[[Ajuda:Guia de edição/Menus e ferramentas/Sumário de edição|→]] nova página: ={{-pt-}}= ==Forma de adjetivo== {{paroxítona|jar|di|no|po|li|ta|nas}}, {{gramática|fp}} # feminino plural...</comment>
<model>wikitext</model>
<format>text/x-wiki</format>
<text bytes="383" xml:space="preserve">={{-pt-}}=
==Forma de adjetivo==
{{paroxítona|jar|di|no|po|li|ta|nas}}, {{gramática|fp}}
# feminino plural de [[jardinopolitano]]

==Forma de substantivo==
{{paroxítona|jar|di|no|po|li|ta|nas}}, {{gramática|fp}}
# feminino plural de [[jardinopolitano]]

{{avi-for-fle|jardinopolitano}}

[[Categoria:Forma de adjetivo (Português)]]
[[Categoria:Forma de substantivo (Português)]]</text>
<sha1>kk4iiy52bwpbs68l0o4dbg6qjso7o85</sha1>
</revision>
<revision>
<id>2488155</id>
<parentid>2488154</parentid>
<timestamp>2018-03-07T13:08:24Z</timestamp>
<contributor>
<username>MIL973</username>
<id>41339</id>
</contributor>
<model>wikitext</model>
<format>text/x-wiki</format>
<text bytes="365" xml:space="preserve">={{-pt-}}=
==Forma de adjetivo==
{{paroxítona|jar|di|no|po|li|ta|nos}}, {{gramática|mp}}
# plural de [[jardinopolitano]]

==Forma de substantivo==
{{paroxítona|jar|di|no|po|li|ta|nos}}, {{gramática|mp}}
# plural de [[jardinopolitano]]

{{avi-for-fle|jardinopolitano}}

[[Categoria:Forma de adjetivo (Português)]]
[[Categoria:Forma de substantivo (Português)]]</text>
<sha1>f66537labt3v2wgzo8ksbmdrk7dnn6k</sha1>
</revision>
</page>
