<title>jardin</title>
<ns>0</ns>
<id>390061</id>
<revision>
<id>2475498</id>
<timestamp>2018-01-07T21:40:43Z</timestamp>
<contributor>
<username>Imivorn</username>
<id>64513</id>
</contributor>
<comment>[[Ajuda:Guia de edição/Menus e ferramentas/Sumário de edição|→]] nova página: [[Imagem:Pieskowa_Ska%C5%82a_ogr%C3%B3d_zamkowy.jpg|thumb|260px|&lt;center&gt;jardin&lt;/center&gt;]]   ={{-mwl-}}= ==Sub...</comment>
<model>wikitext</model>
<format>text/x-wiki</format>
<text bytes="291" xml:space="preserve">[[Imagem:Pieskowa_Ska%C5%82a_ogr%C3%B3d_zamkowy.jpg|thumb|260px|&lt;center&gt;jardin&lt;/center&gt;]]


={{-mwl-}}=
==Substantivo==
{{flex.mwl|ms=jardin|mp=jardines}}
{{oxítona|jar|din|língua=mwl}}, {{m}}
# [[jardim]]

[[Categoria:Substantivo (Mirandês)]]
[[Categoria:Entrada com imagem (Mirandês)]]</text>
<sha1>j8p2xz8iuqpuqhu7h08y8aa9jbege0s</sha1>
</revision>
</page>
