<title>jardinar</title>
<ns>0</ns>
<id>277140</id>
<revision>
<id>1252076</id>
<timestamp>2011-09-28T21:31:28Z</timestamp>
<contributor>
<ip>95.92.50.75</ip>
</contributor>
<comment>[[Ajuda:Menus e funções/Sumário de edição#Sumário de edição automático|→]] nova página: ==Verbo== '''jar.di.nar'''  # acto de cometer erros sem que o autor se aperceba # acto de ser inco...</comment>
<model>wikitext</model>
<format>text/x-wiki</format>
<text bytes="122" xml:space="preserve">==Verbo==
'''jar.di.nar'''
# acto de cometer erros sem que o autor se aperceba
# acto de ser incompetente
[[nl:jardinar]]</text>
<sha1>opqugjamfgwfxoygmninm8xeng4rb44</sha1>
</revision>
<revision>
<id>1252080</id>
<parentid>1252076</parentid>
<timestamp>2011-09-28T21:44:01Z</timestamp>
<contributor>
<username>Luckas-bot</username>
<id>5986</id>
</contributor>
<minor />
<comment>r2.7.1) (Robô: A adicionar: [[pl:jardinar]], [[ru:jardinar]]</comment>
<model>wikitext</model>
<format>text/x-wiki</format>
<text bytes="155" xml:space="preserve">==Verbo==
'''jar.di.nar'''
# acto de cometer erros sem que o autor se aperceba
# acto de ser incompetente

[[nl:jardinar]]
[[pl:jardinar]]
[[ru:jardinar]]</text>
<sha1>571snj5mpyyp838bdg5p28z9f91na3w</sha1>
</revision>
<revision>
<id>1252943</id>
<parentid>1252080</parentid>
<timestamp>2011-10-01T09:03:15Z</timestamp>
<contributor>
<username>ValJor</username>
<id>1358</id>
</contributor>
<comment>Retirando da [[Especial:Uncategorizedpages|página de verbetes sem categoria]]</comment>
<model>wikitext</model>
<format>text/x-wiki</format>
<text bytes="487" xml:space="preserve">={{-pt-}}=
==Verbo==
{{oxítona|jar|di|nar}}
# [[cultivar]] um [[jardim]]

===Conjugação===
{{conj/pt|jardin|ar}}

===Tradução===
{{tradini}}
* {{trad|fr|jardiner}}
{{tradmeio}}
* {{trad|en|garden}}
{{tradfim}}

=={{etimologia|pt}}==
: {{escopo|Morfologia}} [[jardim]] + [[-ar]].

==Ver também==
===No Wikcionário===
{{verTambém.Ini}}
* [[jardineira]]
{{verTambém.NovaColuna}}
* [[jardineiro]]
{{verTambém.Fim}}

[[Categoria:Verbo (Português)]]

[[pl:jardinar]]
[[ru:jardinar]]</text>
<sha1>5xbvu2dxuu8hi9670qvf56ejimt6txg</sha1>
</revision>
<revision>
<id>1775626</id>
<parentid>1252943</parentid>
<timestamp>2013-11-26T23:42:58Z</timestamp>
<contributor>
<username>MalafayaBot</username>
<id>628</id>
</contributor>
<minor />
<comment>r2.7.5) (Robô: A adicionar: [[chr:jardinar]], [[mg:jardinar]]</comment>
<model>wikitext</model>
<format>text/x-wiki</format>
<text bytes="520" xml:space="preserve">={{-pt-}}=
==Verbo==
{{oxítona|jar|di|nar}}
# [[cultivar]] um [[jardim]]

===Conjugação===
{{conj/pt|jardin|ar}}

===Tradução===
{{tradini}}
* {{trad|fr|jardiner}}
{{tradmeio}}
* {{trad|en|garden}}
{{tradfim}}

=={{etimologia|pt}}==
: {{escopo|Morfologia}} [[jardim]] + [[-ar]].

==Ver também==
===No Wikcionário===
{{verTambém.Ini}}
* [[jardineira]]
{{verTambém.NovaColuna}}
* [[jardineiro]]
{{verTambém.Fim}}

[[Categoria:Verbo (Português)]]

[[chr:jardinar]]
[[mg:jardinar]]
[[pl:jardinar]]
[[ru:jardinar]]</text>
<sha1>t51bm3fdpr1mp603xpxhjgp25nsmsy7</sha1>
</revision>
<revision>
<id>2127971</id>
<parentid>1775626</parentid>
<timestamp>2016-06-07T18:01:36Z</timestamp>
<contributor>
<username>UT-interwiki-Bot</username>
<id>56129</id>
</contributor>
<minor />
<comment>Robô: A adicionar: [[en:jardinar]]</comment>
<model>wikitext</model>
<format>text/x-wiki</format>
<text bytes="536" xml:space="preserve">={{-pt-}}=
==Verbo==
{{oxítona|jar|di|nar}}
# [[cultivar]] um [[jardim]]

===Conjugação===
{{conj/pt|jardin|ar}}

===Tradução===
{{tradini}}
* {{trad|fr|jardiner}}
{{tradmeio}}
* {{trad|en|garden}}
{{tradfim}}

=={{etimologia|pt}}==
: {{escopo|Morfologia}} [[jardim]] + [[-ar]].

==Ver também==
===No Wikcionário===
{{verTambém.Ini}}
* [[jardineira]]
{{verTambém.NovaColuna}}
* [[jardineiro]]
{{verTambém.Fim}}

[[Categoria:Verbo (Português)]]

[[chr:jardinar]]
[[en:jardinar]]
[[mg:jardinar]]
[[pl:jardinar]]
[[ru:jardinar]]</text>
<sha1>h62vaski8elf07rkuz9tuc4hill5283</sha1>
</revision>
<revision>
<id>2364682</id>
<parentid>2127971</parentid>
<timestamp>2017-05-03T15:44:45Z</timestamp>
<contributor>
<username>HydrizBot</username>
<id>29590</id>
</contributor>
<minor />
<comment>Robô: A limpar links interwikis antigos</comment>
<model>wikitext</model>
<format>text/x-wiki</format>
<text bytes="454" xml:space="preserve">={{-pt-}}=
==Verbo==
{{oxítona|jar|di|nar}}
# [[cultivar]] um [[jardim]]

===Conjugação===
{{conj/pt|jardin|ar}}

===Tradução===
{{tradini}}
* {{trad|fr|jardiner}}
{{tradmeio}}
* {{trad|en|garden}}
{{tradfim}}

=={{etimologia|pt}}==
: {{escopo|Morfologia}} [[jardim]] + [[-ar]].

==Ver também==
===No Wikcionário===
{{verTambém.Ini}}
* [[jardineira]]
{{verTambém.NovaColuna}}
* [[jardineiro]]
{{verTambém.Fim}}

[[Categoria:Verbo (Português)]]</text>
<sha1>78t16y089tb6ygqdhbiowxs9qm9xxxu</sha1>
</revision>
<revision>
<id>2614074</id>
<parentid>2364682</parentid>
<timestamp>2021-01-31T16:34:02Z</timestamp>
<contributor>
<username>Marxav</username>
<id>73271</id>
</contributor>
<minor />
<comment>AFI Portugal</comment>
<model>wikitext</model>
<format>text/x-wiki</format>
<text bytes="526" xml:space="preserve">={{-pt-}}=
==Verbo==
{{oxítona|jar|di|nar}}
# [[cultivar]] um [[jardim]]

===Conjugação===
{{conj/pt|jardin|ar}}

===Tradução===
{{tradini}}
* {{trad|fr|jardiner}}
{{tradmeio}}
* {{trad|en|garden}}
{{tradfim}}

=={{etimologia|pt}}==
: {{escopo|Morfologia}} [[jardim]] + [[-ar]].

=={{pronúncia|pt}}==
===Portugal===
* AFI: {{AFI|/ʒɐɾ.di.ˈnaɾ/}}

==Ver também==
===No Wikcionário===
{{verTambém.Ini}}
* [[jardineira]]
{{verTambém.NovaColuna}}
* [[jardineiro]]
{{verTambém.Fim}}

[[Categoria:Verbo (Português)]]</text>
<sha1>1wegg1mh9dw54f8nk8tc2qvfy1fpl96</sha1>
</revision>
</page>
