<title>jardinopolitano</title>
<ns>0</ns>
<id>393513</id>
<revision>
<id>2488150</id>
<timestamp>2018-03-07T13:05:17Z</timestamp>
<contributor>
<username>MIL973</username>
<id>41339</id>
</contributor>
<comment>[[Ajuda:Guia de edição/Menus e ferramentas/Sumário de edição|→]] nova página: ={{-pt-}}= ==Adjetivo== {{flex.pt|ms=jardinopolitano|mp=jardinopolitanos|fs=jardinopolitana|fp=jardinopolitan...</comment>
<model>wikitext</model>
<format>text/x-wiki</format>
<text bytes="789" xml:space="preserve">={{-pt-}}=
==Adjetivo==
{{flex.pt|ms=jardinopolitano|mp=jardinopolitanos|fs=jardinopolitana|fp=jardinopolitanas}}
{{paroxítona|jar|di|no|po|li|ta|no}}, {{gramática|m}}
# {{escopo|pt|Gentílico}} das cidades de nome [[Jardinópolis]], em Santa Catarina e em São Paulo

===Sinônimo===
* [[jardinopolense]]

==Substantivo==
{{flex.pt|ms=jardinopolitano|mp=jardinopolitanos|fs=jardinopolitana|fp=jardinopolitanas}}
{{paroxítona|jar|di|no|po|li|ta|no}}, {{gramática|m}}
# {{escopo|pt|Gentílico}} natural destas duas cidades ou seu habitante

===Sinônimo===
* [[jardinopolense]]

=={{etimologia|pt}}==
: {{escopo|Morfologia}} [[Jardinópolis|Jardinópol(is)]] + [[-ense]].

==Ligações externas==
* {{VOLPABL}}

[[Categoria:Adjetivo (Português)]]
[[Categoria:Substantivo (Português)]]</text>
<sha1>1fhm48he05tukjs6cpvklui38j70vw9</sha1>
</revision>
<revision>
<id>2488151</id>
<parentid>2488150</parentid>
<timestamp>2018-03-07T13:05:59Z</timestamp>
<contributor>
<username>MIL973</username>
<id>41339</id>
</contributor>
<model>wikitext</model>
<format>text/x-wiki</format>
<text bytes="792" xml:space="preserve">={{-pt-}}=
==Adjetivo==
{{flex.pt|ms=jardinopolitano|mp=jardinopolitanos|fs=jardinopolitana|fp=jardinopolitanas}}
{{paroxítona|jar|di|no|po|li|ta|no}}, {{gramática|m}}
# {{escopo|pt|Gentílico}} das cidades de nome [[Jardinópolis]], em Santa Catarina e em São Paulo

===Sinônimo===
* [[jardinopolense]]

==Substantivo==
{{flex.pt|ms=jardinopolitano|mp=jardinopolitanos|fs=jardinopolitana|fp=jardinopolitanas}}
{{paroxítona|jar|di|no|po|li|ta|no}}, {{gramática|m}}
# {{escopo|pt|Gentílico}} natural destas duas cidades ou seu habitante

===Sinônimo===
* [[jardinopolense]]

=={{etimologia|pt}}==
: {{escopo|Morfologia}} [[Iracemápolis|Iracemápoli(s)]] + t + [[-ano]].

==Ligações externas==
* {{VOLPABL}}

[[Categoria:Adjetivo (Português)]]
[[Categoria:Substantivo (Português)]]</text>
<sha1>lz1m3x9juxhwfm2w96zcbyf48jzwgo5</sha1>
</revision>
<revision>
<id>2488158</id>
<parentid>2488151</parentid>
<timestamp>2018-03-07T13:11:25Z</timestamp>
<contributor>
<ip>2804:431:D701:9518:882F:28C1:D2A9:4F92</ip>
</contributor>
<model>wikitext</model>
<format>text/x-wiki</format>
<text bytes="792" xml:space="preserve">={{-pt-}}=
==Adjetivo==
{{flex.pt|ms=jardinopolitano|mp=jardinopolitanos|fs=jardinopolitana|fp=jardinopolitanas}}
{{paroxítona|jar|di|no|po|li|ta|no}}, {{gramática|m}}
# {{escopo|pt|Gentílico}} das cidades de nome [[Jardinópolis]], em Santa Catarina e em São Paulo

===Sinônimo===
* [[jardinopolense]]

==Substantivo==
{{flex.pt|ms=jardinopolitano|mp=jardinopolitanos|fs=jardinopolitana|fp=jardinopolitanas}}
{{paroxítona|jar|di|no|po|li|ta|no}}, {{gramática|m}}
# {{escopo|pt|Gentílico}} natural destas duas cidades ou seu habitante

===Sinônimo===
* [[jardinopolense]]

=={{etimologia|pt}}==
: {{escopo|Morfologia}} [[Jardinópolis|Jardinópoli(s)]] + t + [[-ano]].

==Ligações externas==
* {{VOLPABL}}

[[Categoria:Adjetivo (Português)]]
[[Categoria:Substantivo (Português)]]</text>
<sha1>skfyqwn7ubeefvudfzw56y3rhqe340r</sha1>
</revision>
<revision>
<id>2491797</id>
<parentid>2488158</parentid>
<timestamp>2018-03-29T03:01:55Z</timestamp>
<contributor>
<username>MIL973</username>
<id>41339</id>
</contributor>
<model>wikitext</model>
<format>text/x-wiki</format>
<text bytes="795" xml:space="preserve">={{-pt-}}=
==Adjetivo==
{{flex.pt|ms=jardinopolitano|mp=jardinopolitanos|fs=jardinopolitana|fp=jardinopolitanas}}
{{paroxítona|jar|di|no|po|li|ta|no}}, {{gramática|m}}
# {{escopo|pt|Gentílico}} das cidades de nome [[Jardinópolis]], em Santa Catarina e em São Paulo

===Sinônimo===
* [[jardinopolense]]

==Substantivo==
{{flex.pt|ms=jardinopolitano|mp=jardinopolitanos|fs=jardinopolitana|fp=jardinopolitanas}}
{{paroxítona|jar|di|no|po|li|ta|no}}, {{gramática|m}}
# {{escopo|pt|Gentílico}} natural destas duas cidades ou seu habitante

===Sinônimo===
* [[jardinopolense]]

=={{etimologia|pt}}==
: {{escopo|Morfologia}} De [[Jardinópolis|Jardinópoli(s)]] + t + [[-ano]].

==Ligações externas==
* {{VOLPABL}}

[[Categoria:Adjetivo (Português)]]
[[Categoria:Substantivo (Português)]]</text>
<sha1>gxq4ahldl2ydygcwhhqtfn72g8ecbgc</sha1>
</revision>
</page>
