<title>jardinopolenses</title>
<ns>0</ns>
<id>393512</id>
<revision>
<id>2488148</id>
<timestamp>2018-03-07T13:03:09Z</timestamp>
<contributor>
<username>MIL973</username>
<id>41339</id>
</contributor>
<comment>[[Ajuda:Guia de edição/Menus e ferramentas/Sumário de edição|→]] nova página: ={{-pt-}}= ==Forma de adjetivo== {{paroxítona|jar|di|no|po|len|ses}}, {{gramática|c2gp}} # plural de jard...</comment>
<model>wikitext</model>
<format>text/x-wiki</format>
<text bytes="362" xml:space="preserve">={{-pt-}}=
==Forma de adjetivo==
{{paroxítona|jar|di|no|po|len|ses}}, {{gramática|c2gp}}
# plural de [[jardinopolense]]

==Forma de substantivo==
{{paroxítona|jar|di|no|po|len|ses}}, {{gramática|c2gp}}
# plural de [[jardinopolense]]

{{avi-for-fle|iracemapolense}}

[[Categoria:Forma de adjetivo (Português)]]
[[Categoria:Forma de substantivo (Português)]]</text>
<sha1>25g90jd3gkmpakdjxjf890u6uc2w68b</sha1>
</revision>
<revision>
<id>2488149</id>
<parentid>2488148</parentid>
<timestamp>2018-03-07T13:03:20Z</timestamp>
<contributor>
<username>MIL973</username>
<id>41339</id>
</contributor>
<model>wikitext</model>
<format>text/x-wiki</format>
<text bytes="362" xml:space="preserve">={{-pt-}}=
==Forma de adjetivo==
{{paroxítona|jar|di|no|po|len|ses}}, {{gramática|c2gp}}
# plural de [[jardinopolense]]

==Forma de substantivo==
{{paroxítona|jar|di|no|po|len|ses}}, {{gramática|c2gp}}
# plural de [[jardinopolense]]

{{avi-for-fle|jardinopolense}}

[[Categoria:Forma de adjetivo (Português)]]
[[Categoria:Forma de substantivo (Português)]]</text>
<sha1>ckeyv1lutlxkocimry6clid4u5iw8ci</sha1>
</revision>
</page>
