<title>jarinuense</title>
<ns>0</ns>
<id>393487</id>
<revision>
<id>2488042</id>
<timestamp>2018-03-06T06:57:50Z</timestamp>
<contributor>
<username>MIL973</username>
<id>41339</id>
</contributor>
<comment>[[Ajuda:Guia de edição/Menus e ferramentas/Sumário de edição|→]] nova página: ={{-pt-}}= ==Adjetivo== {{flex.pt|s=jarinuense|p=jarinuenses}} {{paroxítona|ja|ri|nu|en|se}}, {{gramática|c...</comment>
<model>wikitext</model>
<format>text/x-wiki</format>
<text bytes="519" xml:space="preserve">={{-pt-}}=
==Adjetivo==
{{flex.pt|s=jarinuense|p=jarinuenses}}
{{paroxítona|ja|ri|nu|en|se}}, {{gramática|c2g}}
# {{escopo|pt|Gentílico}} de [[Jarinu]], cidade paulista

==Substantivo==
{{flex.pt|s=jalesense|p=jalesenses}}
{{paroxítona|ja|le|sen|se}}, {{gramática|c2g}}
# {{escopo|pt|Gentílico}} natural de Jales ou seu habitante

=={{etimologia|pt}}==
: {{escopo|Morfologia}} [[Jales]] + [[-ense]].

==Ligações externas==
* {{Aulete}}

[[Categoria:Adjetivo (Português)]]
[[Categoria:Substantivo (Português)]]</text>
<sha1>pgxebqc8gyffq3y4myqkox3ite77bqs</sha1>
</revision>
<revision>
<id>2488043</id>
<parentid>2488042</parentid>
<timestamp>2018-03-06T06:58:16Z</timestamp>
<contributor>
<username>MIL973</username>
<id>41339</id>
</contributor>
<model>wikitext</model>
<format>text/x-wiki</format>
<text bytes="524" xml:space="preserve">={{-pt-}}=
==Adjetivo==
{{flex.pt|s=jarinuense|p=jarinuenses}}
{{paroxítona|ja|ri|nu|en|se}}, {{gramática|c2g}}
# {{escopo|pt|Gentílico}} de [[Jarinu]], cidade paulista

==Substantivo==
{{flex.pt|s=jarinuense|p=jarinuenses}}
{{paroxítona|ja|ri|nu|en|se}}, {{gramática|c2g}}
# {{escopo|pt|Gentílico}} natural de Jarinu ou seu habitante

=={{etimologia|pt}}==
: {{escopo|Morfologia}} [[Jales]] + [[-ense]].

==Ligações externas==
* {{Aulete}}

[[Categoria:Adjetivo (Português)]]
[[Categoria:Substantivo (Português)]]</text>
<sha1>5bijn1nx9zcjptlzo4wtz19eyo17g21</sha1>
</revision>
<revision>
<id>2488044</id>
<parentid>2488043</parentid>
<timestamp>2018-03-06T06:58:28Z</timestamp>
<contributor>
<username>MIL973</username>
<id>41339</id>
</contributor>
<model>wikitext</model>
<format>text/x-wiki</format>
<text bytes="525" xml:space="preserve">={{-pt-}}=
==Adjetivo==
{{flex.pt|s=jarinuense|p=jarinuenses}}
{{paroxítona|ja|ri|nu|en|se}}, {{gramática|c2g}}
# {{escopo|pt|Gentílico}} de [[Jarinu]], cidade paulista

==Substantivo==
{{flex.pt|s=jarinuense|p=jarinuenses}}
{{paroxítona|ja|ri|nu|en|se}}, {{gramática|c2g}}
# {{escopo|pt|Gentílico}} natural de Jarinu ou seu habitante

=={{etimologia|pt}}==
: {{escopo|Morfologia}} [[Jarinu]] + [[-ense]].

==Ligações externas==
* {{Aulete}}

[[Categoria:Adjetivo (Português)]]
[[Categoria:Substantivo (Português)]]</text>
<sha1>komrou1z19agv8k53i2qhwmx9biteu3</sha1>
</revision>
<revision>
<id>2491801</id>
<parentid>2488044</parentid>
<timestamp>2018-03-29T03:04:07Z</timestamp>
<contributor>
<username>MIL973</username>
<id>41339</id>
</contributor>
<model>wikitext</model>
<format>text/x-wiki</format>
<text bytes="528" xml:space="preserve">={{-pt-}}=
==Adjetivo==
{{flex.pt|s=jarinuense|p=jarinuenses}}
{{paroxítona|ja|ri|nu|en|se}}, {{gramática|c2g}}
# {{escopo|pt|Gentílico}} de [[Jarinu]], cidade paulista

==Substantivo==
{{flex.pt|s=jarinuense|p=jarinuenses}}
{{paroxítona|ja|ri|nu|en|se}}, {{gramática|c2g}}
# {{escopo|pt|Gentílico}} natural de Jarinu ou seu habitante

=={{etimologia|pt}}==
: {{escopo|Morfologia}} De [[Jarinu]] + [[-ense]].

==Ligações externas==
* {{Aulete}}

[[Categoria:Adjetivo (Português)]]
[[Categoria:Substantivo (Português)]]</text>
<sha1>rxn2yizf8t08t2v8djqlmonunjh0c3o</sha1>
</revision>
</page>
