<title>jarmolo</title>
<ns>0</ns>
<id>425857</id>
<revision>
<id>2594848</id>
<timestamp>2020-08-23T17:36:20Z</timestamp>
<contributor>
<username>Cpls</username>
<id>20608</id>
</contributor>
<comment>[[Ajuda:Guia de edição/Menus e ferramentas/Sumário de edição|→]] nova página: ={{-gl-}}= ==Substantivo== {{flex.gl|ms=jarmolo|mp=jarmolos}} {{paroxítona|jar|mo|lo|lang=gl}}, {{gramática...</comment>
<model>wikitext</model>
<format>text/x-wiki</format>
<text bytes="391" xml:space="preserve">={{-gl-}}=
==Substantivo==
{{flex.gl|ms=jarmolo|mp=jarmolos}}
{{paroxítona|jar|mo|lo|lang=gl}}, {{gramática|m|lang=gl}}
# {{escopo|gl|Botânica}} [[broto]], germe, gomo de uma planta, de uma semente ou de uma [[batata]]

===Sinónimos===
* Vide em [[jaramolo#{{gl}}|jaramolo]]

=={{etimologia|gl}}==
: Aparentado com o {{etm|la|gl}} {{etimo|la|germen}}.

[[Categoria:Substantivo (Galego)]]</text>
<sha1>jn4g93ba7qa6lvgs9k6te131jzxv9re</sha1>
</revision>
</page>
