<title>jarovization</title>
<ns>0</ns>
<id>444935</id>
<revision>
<id>2682570</id>
<timestamp>2022-07-03T22:57:42Z</timestamp>
<contributor>
<username>Itleda</username>
<id>86989</id>
</contributor>
<comment>[[Ajuda:Guia de edição/Menus e ferramentas/Sumário de edição|→]] nova página: ={{-en-}}= ==Substantivo== '''jarovization''' # [[jarovização]]  [[Categoria:Substantivo (Português)]]</comment>
<model>wikitext</model>
<format>text/x-wiki</format>
<text bytes="105" xml:space="preserve">={{-en-}}=
==Substantivo==
'''jarovization'''
# [[jarovização]]

[[Categoria:Substantivo (Português)]]</text>
<sha1>jf5gbqb8xu3fr6r8yo4axw29fjkfs0z</sha1>
</revision>
<revision>
<id>2682579</id>
<parentid>2682570</parentid>
<timestamp>2022-07-04T00:09:48Z</timestamp>
<contributor>
<username>Itleda</username>
<id>86989</id>
</contributor>
<model>wikitext</model>
<format>text/x-wiki</format>
<text bytes="102" xml:space="preserve">={{-en-}}=
==Substantivo==
'''jarovization'''
# [[jarovização]]

[[Categoria:Substantivo (Inglês)]]</text>
<sha1>6d5w7llds5c4cnw16u93mkctnuxfzui</sha1>
</revision>
</page>
