<title>jaroj</title>
<ns>0</ns>
<id>384066</id>
<revision>
<id>2452191</id>
<timestamp>2017-09-26T04:32:47Z</timestamp>
<contributor>
<username>Alefher Andrade Cordeiro</username>
<id>52242</id>
</contributor>
<comment>={{-eo-}}=
==Forma de substantivo==
{{paroxítona|ja|roj|língua=eo}}
# plural de [[jaro]]
## [[anos]]

[[Categoria:Forma de substantivo (Esperanto)]]</comment>
<model>wikitext</model>
<format>text/x-wiki</format>
<text bytes="150" xml:space="preserve">={{-eo-}}=
==Forma de substantivo==
{{paroxítona|ja|roj|língua=eo}}
# plural de [[jaro]]
## [[anos]]

[[Categoria:Forma de substantivo (Esperanto)]]</text>
<sha1>9pkwaa2oqslsnetu2arn707gryk1bkp</sha1>
</revision>
</page>
