<title>jaron</title>
<ns>0</ns>
<id>384067</id>
<revision>
<id>2452192</id>
<timestamp>2017-09-26T04:35:28Z</timestamp>
<contributor>
<username>Alefher Andrade Cordeiro</username>
<id>52242</id>
</contributor>
<comment>[[Ajuda:Guia de edição/Menus e ferramentas/Sumário de edição|→]] nova página: ={{-eo-}}= ==Forma de substantivo== {{paroxítona|ja|ron|língua=eo}} # [[acusativo]] de [[jaron]] ## (acusat...</comment>
<model>wikitext</model>
<format>text/x-wiki</format>
<text bytes="169" xml:space="preserve">={{-eo-}}=
==Forma de substantivo==
{{paroxítona|ja|ron|língua=eo}}
# [[acusativo]] de [[jaron]]
## (acusativo) [[ano]]

[[Categoria:Forma de substantivo (Esperanto)]]</text>
<sha1>avgagxq6ssho933zm4l8tnhkg7mded7</sha1>
</revision>
<revision>
<id>2452194</id>
<parentid>2452192</parentid>
<timestamp>2017-09-26T04:41:33Z</timestamp>
<contributor>
<username>Alefher Andrade Cordeiro</username>
<id>52242</id>
</contributor>
<comment>/* Forma de substantivo */</comment>
<model>wikitext</model>
<format>text/x-wiki</format>
<text bytes="168" xml:space="preserve">={{-eo-}}=
==Forma de substantivo==
{{paroxítona|ja|ron|língua=eo}}
# [[acusativo]] de [[jaro]]
## (acusativo) [[ano]]

[[Categoria:Forma de substantivo (Esperanto)]]</text>
<sha1>lgjpefry918qdinsxzwyzy5v681da2u</sha1>
</revision>
</page>
