<title>jarretar</title>
<ns>0</ns>
<id>314688</id>
<revision>
<id>1678863</id>
<timestamp>2013-04-12T18:24:22Z</timestamp>
<contributor>
<username>ValJor</username>
<id>1358</id>
</contributor>
<comment>Por um [[Especial:Lonelypages|wikcionário sem órfãos]]: [[jarretámos]]</comment>
<model>wikitext</model>
<format>text/x-wiki</format>
<text bytes="375" xml:space="preserve">={{-pt-}}=
==Verbo==
{{oxítona|jar|re|tar}}, ''v. t.''
# [[cortar]] os [[tendão|tendões]] dos [[jarrete]]s a
# [[amputar]]
# {{escopo|Figurado}} [[tornar]] [[inábil]]; [[inutilizar]]

===Conjugação===
{{conj/pt|jarret|ar}}

=={{etimologia|pt}}==
: {{escopo|Morfologia}} [[jarrete]] + [[-ar]].

==Ligações externas==
* {{DicioAberto}}

[[Categoria:Verbo (Português)]]</text>
<sha1>7ni38bclshhlm66eymu0zeio9icxtcg</sha1>
</revision>
<revision>
<id>2018725</id>
<parentid>1678863</parentid>
<timestamp>2015-10-18T16:47:01Z</timestamp>
<contributor>
<username>HydrizBot</username>
<id>29590</id>
</contributor>
<minor />
<comment>Robô: A adicionar: [[es:jarretar]]</comment>
<model>wikitext</model>
<format>text/x-wiki</format>
<text bytes="392" xml:space="preserve">={{-pt-}}=
==Verbo==
{{oxítona|jar|re|tar}}, ''v. t.''
# [[cortar]] os [[tendão|tendões]] dos [[jarrete]]s a
# [[amputar]]
# {{escopo|Figurado}} [[tornar]] [[inábil]]; [[inutilizar]]

===Conjugação===
{{conj/pt|jarret|ar}}

=={{etimologia|pt}}==
: {{escopo|Morfologia}} [[jarrete]] + [[-ar]].

==Ligações externas==
* {{DicioAberto}}

[[Categoria:Verbo (Português)]]

[[es:jarretar]]</text>
<sha1>6qsu8dgnvtbwcramrfpxry49kr4vko4</sha1>
</revision>
<revision>
<id>2364695</id>
<parentid>2018725</parentid>
<timestamp>2017-05-03T15:45:47Z</timestamp>
<contributor>
<username>HydrizBot</username>
<id>29590</id>
</contributor>
<minor />
<comment>Robô: A limpar links interwikis antigos</comment>
<model>wikitext</model>
<format>text/x-wiki</format>
<text bytes="375" xml:space="preserve">={{-pt-}}=
==Verbo==
{{oxítona|jar|re|tar}}, ''v. t.''
# [[cortar]] os [[tendão|tendões]] dos [[jarrete]]s a
# [[amputar]]
# {{escopo|Figurado}} [[tornar]] [[inábil]]; [[inutilizar]]

===Conjugação===
{{conj/pt|jarret|ar}}

=={{etimologia|pt}}==
: {{escopo|Morfologia}} [[jarrete]] + [[-ar]].

==Ligações externas==
* {{DicioAberto}}

[[Categoria:Verbo (Português)]]</text>
<sha1>7ni38bclshhlm66eymu0zeio9icxtcg</sha1>
</revision>
</page>
