<title>jarreta</title>
<ns>0</ns>
<id>419405</id>
<revision>
<id>2572792</id>
<timestamp>2020-01-25T21:05:03Z</timestamp>
<contributor>
<username>Cpls</username>
<id>20608</id>
</contributor>
<comment>[[Ajuda:Guia de edição/Menus e ferramentas/Sumário de edição|→]] nova página: ={{-gl-}}= ==Substantivo== {{flex.gl|fs=jarreta|fp=jarretas}} {{paroxítona|jar|re|ta|lang=gl}}, {{g|f|lang=g...</comment>
<model>wikitext</model>
<format>text/x-wiki</format>
<text bytes="640" xml:space="preserve">={{-gl-}}=
==Substantivo==
{{flex.gl|fs=jarreta|fp=jarretas}}
{{paroxítona|jar|re|ta|lang=gl}}, {{g|f|lang=gl}}
# {{escopo|gl|Peixe}} [[verdelho]] (''[[species:Pollachius pollachius|Pollachius pollachius]]'')
# um tipo de [[rede]] de pesca
# no despece do animal de abate: [[nispo]] ou [[chã]]

===Sinónimos===
* De '''1''': [[curvela#{{gl}}|curvela]], [[sarreta#{{gl}}|sarreta]], [[zarreta#{{gl}}|zarreta]]
* De '''3''': [[jarrete#{{gl}}|jarrete]]

=={{etimologia|gl}}==
: Confronte-se com ''[[jarrete#{{gl}}|jarrete]]'', com o português [[jarro]] e com ''[[jarro-do-lombo#{{gl}}|jarro-do-lombo]]''.

[[Categoria:Substantivo (Galego)]]</text>
<sha1>mllr4p4b5vduhp2ufpij8ylj5kufdz6</sha1>
</revision>
<revision>
<id>2575872</id>
<parentid>2572792</parentid>
<timestamp>2020-02-07T12:46:14Z</timestamp>
<contributor>
<username>Cpls</username>
<id>20608</id>
</contributor>
<model>wikitext</model>
<format>text/x-wiki</format>
<text bytes="759" xml:space="preserve">={{-gl-}}=
==Substantivo==
{{flex.gl|fs=jarreta|fp=jarretas}}
{{paroxítona|jar|re|ta|lang=gl}}, {{g|f|lang=gl}}
# {{escopo|gl|Peixe}} [[verdelho]] (''[[species:Pollachius pollachius|Pollachius pollachius]]'')
# {{escopo|gl|Peixe}} [[bica]] (''[[species:Pagellus erythrinus|Pagellus erythrinus]]'')
# um tipo de [[rede]] de pesca
# no despece do animal de abate: [[nispo]] ou [[chã]]

===Sinónimos===
* De '''1''': [[curvela#{{gl}}|curvela]], [[sarreta#{{gl}}|sarreta]], [[zarreta#{{gl}}|zarreta]]
* De '''4''': [[jarrete#{{gl}}|jarrete]]

=={{etimologia|gl}}==
: Confronte-se com ''[[jarrete#{{gl}}|jarrete]]'', ''[[jarreu#{{gl}}|jarreu]]'', com o português [[jarro]] e com ''[[jarro-do-lombo#{{gl}}|jarro-do-lombo]]''.

[[Categoria:Substantivo (Galego)]]</text>
<sha1>rii3oa6zncenayp38ig3fxqbvw061be</sha1>
</revision>
<revision>
<id>2576540</id>
<parentid>2575872</parentid>
<timestamp>2020-02-10T16:44:36Z</timestamp>
<contributor>
<username>Cpls</username>
<id>20608</id>
</contributor>
<comment>/* {{-gl-}} */</comment>
<model>wikitext</model>
<format>text/x-wiki</format>
<text bytes="787" xml:space="preserve">={{-gl-}}=
==Substantivo==
{{flex.gl|fs=jarreta|fp=jarretas}}
{{paroxítona|jar|re|ta|lang=gl}}, {{g|f|lang=gl}}
# {{escopo|gl|Peixe}} [[verdelho]] (''[[species:Pollachius pollachius|Pollachius pollachius]]'')
# {{escopo|gl|Peixe}} [[bica]] (''[[species:Pagellus erythrinus|Pagellus erythrinus]]'')
# um tipo de [[rede]] de pesca
# no despece do animal de abate: [[nispo]] ou [[chã]]

===Sinónimos===
* De '''1''': [[cerreta#{{gl}}|cerreta]], [[curvela#{{gl}}|curvela]], [[sarreta#{{gl}}|sarreta]], [[zarreta#{{gl}}|zarreta]]
* De '''4''': [[jarrete#{{gl}}|jarrete]]

=={{etimologia|gl}}==
: Confronte-se com ''[[jarrete#{{gl}}|jarrete]]'', ''[[jarreu#{{gl}}|jarreu]]'', com o português [[jarro]] e com ''[[jarro-do-lombo#{{gl}}|jarro-do-lombo]]''.

[[Categoria:Substantivo (Galego)]]</text>
<sha1>7goe1lxyca4fiuhhyq7pqs5kz2yamzi</sha1>
</revision>
</page>
