<title>jarro</title>
<ns>0</ns>
<id>251305</id>
<revision>
<id>957693</id>
<timestamp>2010-09-20T15:02:52Z</timestamp>
<contributor>
<username>Cpls</username>
<id>20608</id>
</contributor>
<comment>[[Ajuda:Menus e funções/Sumário de edição#Sumário de edição automático|→]] nova página: =Português= ==Substantivo== {{flex.pt|ms=jarro|mp=jarros}} {{paroxítona|jarro}} # [[vasilha]] de...</comment>
<model>wikitext</model>
<format>text/x-wiki</format>
<text bytes="322" xml:space="preserve">=Português=
==Substantivo==
{{flex.pt|ms=jarro|mp=jarros}}
{{paroxítona|jarro}}
# [[vasilha]] de corpo grosso e boca larga, geralmente com uma só [[asa]]
==Ver também==
===No Wikcionário===
{{verTambém.Ini}}
* [[jerro]]
{{verTambém.NovaColuna}}
* [[jarra]]
{{verTambém.Fim}}

[[Categoria:Substantivo (Português)]]</text>
<sha1>ig5uto31dlilubstuotk6esni0qakg6</sha1>
</revision>
<revision>
<id>957695</id>
<parentid>957693</parentid>
<timestamp>2010-09-20T15:03:20Z</timestamp>
<contributor>
<username>Cpls</username>
<id>20608</id>
</contributor>
<comment>/* Português */</comment>
<model>wikitext</model>
<format>text/x-wiki</format>
<text bytes="323" xml:space="preserve">=Português=
==Substantivo==
{{flex.pt|ms=jarro|mp=jarros}}
{{paroxítona|jar|ro}}
# [[vasilha]] de corpo grosso e boca larga, geralmente com uma só [[asa]]
==Ver também==
===No Wikcionário===
{{verTambém.Ini}}
* [[jerro]]
{{verTambém.NovaColuna}}
* [[jarra]]
{{verTambém.Fim}}

[[Categoria:Substantivo (Português)]]</text>
<sha1>0jdlg2fa8arnodbudyr0eicpj3kr9o5</sha1>
</revision>
<revision>
<id>957749</id>
<parentid>957695</parentid>
<timestamp>2010-09-20T17:08:54Z</timestamp>
<contributor>
<username>Interwicket</username>
<id>6868</id>
</contributor>
<minor />
<comment>iwiki +[[:en:jarro]], [[:es:jarro]], [[:fi:jarro]], [[:fr:jarro]], [[:io:jarro]], pl</comment>
<model>wikitext</model>
<format>text/x-wiki</format>
<text bytes="402" xml:space="preserve">=Português=
==Substantivo==
{{flex.pt|ms=jarro|mp=jarros}}
{{paroxítona|jar|ro}}
# [[vasilha]] de corpo grosso e boca larga, geralmente com uma só [[asa]]
==Ver também==
===No Wikcionário===
{{verTambém.Ini}}
* [[jerro]]
{{verTambém.NovaColuna}}
* [[jarra]]
{{verTambém.Fim}}

[[Categoria:Substantivo (Português)]]

[[en:jarro]]
[[es:jarro]]
[[fi:jarro]]
[[fr:jarro]]
[[io:jarro]]
[[pl:jarro]]</text>
<sha1>nec4ho0gg2rolyn9o68ww7tqjera1hd</sha1>
</revision>
<revision>
<id>995656</id>
<parentid>957749</parentid>
<timestamp>2010-12-14T14:27:14Z</timestamp>
<contributor>
<username>Luckas-bot</username>
<id>5986</id>
</contributor>
<minor />
<comment>r2.6.2) (Bot: Adicionando: [[eo:jarro]], [[zh:jarro]]</comment>
<model>wikitext</model>
<format>text/x-wiki</format>
<text bytes="428" xml:space="preserve">=Português=
==Substantivo==
{{flex.pt|ms=jarro|mp=jarros}}
{{paroxítona|jar|ro}}
# [[vasilha]] de corpo grosso e boca larga, geralmente com uma só [[asa]]
==Ver também==
===No Wikcionário===
{{verTambém.Ini}}
* [[jerro]]
{{verTambém.NovaColuna}}
* [[jarra]]
{{verTambém.Fim}}

[[Categoria:Substantivo (Português)]]

[[en:jarro]]
[[eo:jarro]]
[[es:jarro]]
[[fi:jarro]]
[[fr:jarro]]
[[io:jarro]]
[[pl:jarro]]
[[zh:jarro]]</text>
<sha1>pleapdrzis08cgin0g3ok3h38fsiz4o</sha1>
</revision>
<revision>
<id>1202121</id>
<parentid>995656</parentid>
<timestamp>2011-07-09T15:31:20Z</timestamp>
<contributor>
<username>MalafayaBot</username>
<id>628</id>
</contributor>
<minor />
<comment>Robô: Substituição de texto automática (-^\=\s?Português\s?\= +={{-pt-}}= &amp; -^\=\s?\{\{pt\}\}\s?\= +={{-pt-}}=)</comment>
<model>wikitext</model>
<format>text/x-wiki</format>
<text bytes="426" xml:space="preserve">={{-pt-}}=
==Substantivo==
{{flex.pt|ms=jarro|mp=jarros}}
{{paroxítona|jar|ro}}
# [[vasilha]] de corpo grosso e boca larga, geralmente com uma só [[asa]]
==Ver também==
===No Wikcionário===
{{verTambém.Ini}}
* [[jerro]]
{{verTambém.NovaColuna}}
* [[jarra]]
{{verTambém.Fim}}

[[Categoria:Substantivo (Português)]]

[[en:jarro]]
[[eo:jarro]]
[[es:jarro]]
[[fi:jarro]]
[[fr:jarro]]
[[io:jarro]]
[[pl:jarro]]
[[zh:jarro]]</text>
<sha1>legqtnuci1oqfhck97t4jg2eaoi04nt</sha1>
</revision>
<revision>
<id>1337148</id>
<parentid>1202121</parentid>
<timestamp>2011-12-17T00:24:25Z</timestamp>
<contributor>
<username>Luckas-bot</username>
<id>5986</id>
</contributor>
<minor />
<comment>r2.7.2) (Robô: A adicionar: [[ko:jarro]]</comment>
<model>wikitext</model>
<format>text/x-wiki</format>
<text bytes="439" xml:space="preserve">={{-pt-}}=
==Substantivo==
{{flex.pt|ms=jarro|mp=jarros}}
{{paroxítona|jar|ro}}
# [[vasilha]] de corpo grosso e boca larga, geralmente com uma só [[asa]]
==Ver também==
===No Wikcionário===
{{verTambém.Ini}}
* [[jerro]]
{{verTambém.NovaColuna}}
* [[jarra]]
{{verTambém.Fim}}

[[Categoria:Substantivo (Português)]]

[[en:jarro]]
[[eo:jarro]]
[[es:jarro]]
[[fi:jarro]]
[[fr:jarro]]
[[io:jarro]]
[[ko:jarro]]
[[pl:jarro]]
[[zh:jarro]]</text>
<sha1>fc7leogh91zb5lgaac70jyvw593obn4</sha1>
</revision>
<revision>
<id>1450220</id>
<parentid>1337148</parentid>
<timestamp>2012-08-21T15:36:26Z</timestamp>
<contributor>
<username>HydrizBot</username>
<id>29590</id>
</contributor>
<minor />
<comment>r2.7.3) (Robô: A adicionar: [[mg:jarro]]</comment>
<model>wikitext</model>
<format>text/x-wiki</format>
<text bytes="452" xml:space="preserve">={{-pt-}}=
==Substantivo==
{{flex.pt|ms=jarro|mp=jarros}}
{{paroxítona|jar|ro}}
# [[vasilha]] de corpo grosso e boca larga, geralmente com uma só [[asa]]
==Ver também==
===No Wikcionário===
{{verTambém.Ini}}
* [[jerro]]
{{verTambém.NovaColuna}}
* [[jarra]]
{{verTambém.Fim}}

[[Categoria:Substantivo (Português)]]

[[en:jarro]]
[[eo:jarro]]
[[es:jarro]]
[[fi:jarro]]
[[fr:jarro]]
[[io:jarro]]
[[ko:jarro]]
[[mg:jarro]]
[[pl:jarro]]
[[zh:jarro]]</text>
<sha1>rb9l7s5g9d5ave6h0kqws4ws9g43z6g</sha1>
</revision>
<revision>
<id>1466457</id>
<parentid>1450220</parentid>
<timestamp>2012-09-19T21:41:05Z</timestamp>
<contributor>
<username>HydrizBot</username>
<id>29590</id>
</contributor>
<minor />
<comment>r2.7.3) (Robô: A adicionar: [[nah:jarro]]</comment>
<model>wikitext</model>
<format>text/x-wiki</format>
<text bytes="466" xml:space="preserve">={{-pt-}}=
==Substantivo==
{{flex.pt|ms=jarro|mp=jarros}}
{{paroxítona|jar|ro}}
# [[vasilha]] de corpo grosso e boca larga, geralmente com uma só [[asa]]
==Ver também==
===No Wikcionário===
{{verTambém.Ini}}
* [[jerro]]
{{verTambém.NovaColuna}}
* [[jarra]]
{{verTambém.Fim}}

[[Categoria:Substantivo (Português)]]

[[en:jarro]]
[[eo:jarro]]
[[es:jarro]]
[[fi:jarro]]
[[fr:jarro]]
[[io:jarro]]
[[ko:jarro]]
[[mg:jarro]]
[[nah:jarro]]
[[pl:jarro]]
[[zh:jarro]]</text>
<sha1>32eowe7jp2gca04qvnf24jalm43vnij</sha1>
</revision>
<revision>
<id>1775618</id>
<parentid>1466457</parentid>
<timestamp>2013-11-26T23:41:21Z</timestamp>
<contributor>
<username>MalafayaBot</username>
<id>628</id>
</contributor>
<minor />
<comment>r2.7.5) (Robô: A adicionar: [[chr:jarro]]</comment>
<model>wikitext</model>
<format>text/x-wiki</format>
<text bytes="480" xml:space="preserve">={{-pt-}}=
==Substantivo==
{{flex.pt|ms=jarro|mp=jarros}}
{{paroxítona|jar|ro}}
# [[vasilha]] de corpo grosso e boca larga, geralmente com uma só [[asa]]
==Ver também==
===No Wikcionário===
{{verTambém.Ini}}
* [[jerro]]
{{verTambém.NovaColuna}}
* [[jarra]]
{{verTambém.Fim}}

[[Categoria:Substantivo (Português)]]

[[chr:jarro]]
[[en:jarro]]
[[eo:jarro]]
[[es:jarro]]
[[fi:jarro]]
[[fr:jarro]]
[[io:jarro]]
[[ko:jarro]]
[[mg:jarro]]
[[nah:jarro]]
[[pl:jarro]]
[[zh:jarro]]</text>
<sha1>93jqhizpro71zvg2380du57hjdu7t98</sha1>
</revision>
<revision>
<id>2043628</id>
<parentid>1775618</parentid>
<timestamp>2015-12-03T03:11:11Z</timestamp>
<contributor>
<username>HydrizBot</username>
<id>29590</id>
</contributor>
<minor />
<comment>Robô: A adicionar: [[az:jarro]]</comment>
<model>wikitext</model>
<format>text/x-wiki</format>
<text bytes="493" xml:space="preserve">={{-pt-}}=
==Substantivo==
{{flex.pt|ms=jarro|mp=jarros}}
{{paroxítona|jar|ro}}
# [[vasilha]] de corpo grosso e boca larga, geralmente com uma só [[asa]]
==Ver também==
===No Wikcionário===
{{verTambém.Ini}}
* [[jerro]]
{{verTambém.NovaColuna}}
* [[jarra]]
{{verTambém.Fim}}

[[Categoria:Substantivo (Português)]]

[[az:jarro]]
[[chr:jarro]]
[[en:jarro]]
[[eo:jarro]]
[[es:jarro]]
[[fi:jarro]]
[[fr:jarro]]
[[io:jarro]]
[[ko:jarro]]
[[mg:jarro]]
[[nah:jarro]]
[[pl:jarro]]
[[zh:jarro]]</text>
<sha1>rtxfwv7ctdrzn6s7l49g7r6earudx43</sha1>
</revision>
<revision>
<id>2090356</id>
<parentid>2043628</parentid>
<timestamp>2016-04-21T13:06:08Z</timestamp>
<contributor>
<username>Cpls</username>
<id>20608</id>
</contributor>
<model>wikitext</model>
<format>text/x-wiki</format>
<text bytes="1074" xml:space="preserve">={{-pt-}}=
==Substantivo==
{{flex.pt|ms=jarro|mp=jarros}}
{{paroxítona|jar|ro}}, {{m}}
# [[vasilha]] de corpo grosso e boca larga, geralmente com uma só [[asa]]

=={{etimologia|pt}}==
: {{escopo|Morfologia}} Derivada de [[jarra]].

==Ver também==
===No Wikcionário===
{{verTambém.Ini}}
* [[jerro]]
{{verTambém.NovaColuna}}
* [[jarra]]
{{verTambém.Fim}}

[[Categoria:Substantivo (Português)]]


={{-gl-}}=
==Substantivo==
{{flex.gl|ms=jarro|mp=jarro}}
{{paroxítona|jar|ro|lang=gl}}, {{m}}
# [[#Português|jarro]], vasilha
# {{escopoCat|Botânica|gl}} [[jero]]  (''[[wikispecies:Arum italicum|Arum italicum]]'')

===Sinônimo===
{{dividir em colunas|3}}
* [[erva-das-anadas#Galego|erva-das-anadas]]
* [[jário#Galego|jário]]
* [[nabo-jário#Galego|nabo-jário]]
{{dividir em colunas.fim}}

=={{etimologia|gl}}==
: {{escopo|Morfologia}} Derivada de [[jarra]].

[[Categoria:Substantivo (Galego)]]

[[az:jarro]]
[[chr:jarro]]
[[en:jarro]]
[[eo:jarro]]
[[es:jarro]]
[[fi:jarro]]
[[fr:jarro]]
[[io:jarro]]
[[ko:jarro]]
[[mg:jarro]]
[[nah:jarro]]
[[pl:jarro]]
[[zh:jarro]]</text>
<sha1>kbd7zrq8vftso77ebcjw3020kb5z2ra</sha1>
</revision>
<revision>
<id>2364698</id>
<parentid>2090356</parentid>
<timestamp>2017-05-03T15:45:55Z</timestamp>
<contributor>
<username>HydrizBot</username>
<id>29590</id>
</contributor>
<minor />
<comment>Robô: A limpar links interwikis antigos</comment>
<model>wikitext</model>
<format>text/x-wiki</format>
<text bytes="902" xml:space="preserve">={{-pt-}}=
==Substantivo==
{{flex.pt|ms=jarro|mp=jarros}}
{{paroxítona|jar|ro}}, {{m}}
# [[vasilha]] de corpo grosso e boca larga, geralmente com uma só [[asa]]

=={{etimologia|pt}}==
: {{escopo|Morfologia}} Derivada de [[jarra]].

==Ver também==
===No Wikcionário===
{{verTambém.Ini}}
* [[jerro]]
{{verTambém.NovaColuna}}
* [[jarra]]
{{verTambém.Fim}}

[[Categoria:Substantivo (Português)]]


={{-gl-}}=
==Substantivo==
{{flex.gl|ms=jarro|mp=jarro}}
{{paroxítona|jar|ro|lang=gl}}, {{m}}
# [[#Português|jarro]], vasilha
# {{escopoCat|Botânica|gl}} [[jero]]  (''[[wikispecies:Arum italicum|Arum italicum]]'')

===Sinônimo===
{{dividir em colunas|3}}
* [[erva-das-anadas#Galego|erva-das-anadas]]
* [[jário#Galego|jário]]
* [[nabo-jário#Galego|nabo-jário]]
{{dividir em colunas.fim}}

=={{etimologia|gl}}==
: {{escopo|Morfologia}} Derivada de [[jarra]].

[[Categoria:Substantivo (Galego)]]</text>
<sha1>qtcuxjn4ch98zt2dcve0nnzrzuuzigk</sha1>
</revision>
<revision>
<id>2572788</id>
<parentid>2364698</parentid>
<timestamp>2020-01-25T21:02:08Z</timestamp>
<contributor>
<username>Cpls</username>
<id>20608</id>
</contributor>
<comment>/* {{-gl-}} */</comment>
<model>wikitext</model>
<format>text/x-wiki</format>
<text bytes="1037" xml:space="preserve">={{-pt-}}=
==Substantivo==
{{flex.pt|ms=jarro|mp=jarros}}
{{paroxítona|jar|ro}}, {{m}}
# [[vasilha]] de corpo grosso e boca larga, geralmente com uma só [[asa]]

=={{etimologia|pt}}==
: {{escopo|Morfologia}} Derivada de [[jarra]].

==Ver também==
===No Wikcionário===
{{verTambém.Ini}}
* [[jerro]]
{{verTambém.NovaColuna}}
* [[jarra]]
{{verTambém.Fim}}

[[Categoria:Substantivo (Português)]]


={{-gl-}}=
==Substantivo==
{{flex.gl|ms=jarro|mp=jarro}}
{{paroxítona|jar|ro|lang=gl}}, {{g|m}}
# [[#Português|jarro]], vasilha
# {{escopo|gl|Planta}} [[jero]]  (''[[species:Arum italicum|Arum italicum]]'')
# fileira de [[escama]]s mais duras e proemientes que tem o [[carapau]] lateralmente

===Sinônimo===
* De '''2''': [[erva-das-anadas#Galego|erva-das-anadas]], [[jário#Galego|jário]], [[nabo-jário#Galego|nabo-jário]]

=={{etimologia|gl}}==
: Derivada de ''[[jarra#{{gl}}|jarra]]''. Confronte-se com ''[[jarro-do-lombo#{{gl}}|jarro-do-lombo]]''.

===Homófono===
* [[xarro#{{gl}}|xarro]]

[[Categoria:Substantivo (Galego)]]</text>
<sha1>p1cjs3cixkuy601stdc1r5d3pu6b3sm</sha1>
</revision>
<revision>
<id>2572790</id>
<parentid>2572788</parentid>
<timestamp>2020-01-25T21:03:10Z</timestamp>
<contributor>
<username>Cpls</username>
<id>20608</id>
</contributor>
<comment>/* {{-pt-}} */</comment>
<model>wikitext</model>
<format>text/x-wiki</format>
<text bytes="1080" xml:space="preserve">={{-pt-}}=
==Substantivo==
{{flex.pt|ms=jarro|mp=jarros}}
{{paroxítona|jar|ro}}, {{g|m}}
# [[vasilha]] de corpo grosso e boca larga, geralmente com uma só [[asa]]
# {{escopo|pt|Peixe|algarve}} [[carapau]]

=={{etimologia|pt}}==
: {{escopo|Morfologia}} Derivada de [[jarra]].

==Ver também==
===No Wikcionário===
{{verTambém.Ini}}
* [[jerro]]
{{verTambém.NovaColuna}}
* [[jarra]]
{{verTambém.Fim}}

[[Categoria:Substantivo (Português)]]

={{-gl-}}=
==Substantivo==
{{flex.gl|ms=jarro|mp=jarro}}
{{paroxítona|jar|ro|lang=gl}}, {{g|m}}
# [[#Português|jarro]], vasilha
# {{escopo|gl|Planta}} [[jero]]  (''[[species:Arum italicum|Arum italicum]]'')
# fileira de [[escama]]s mais duras e proemientes que tem o [[carapau]] lateralmente

===Sinônimo===
* De '''2''': [[erva-das-anadas#Galego|erva-das-anadas]], [[jário#Galego|jário]], [[nabo-jário#Galego|nabo-jário]]

=={{etimologia|gl}}==
: Derivada de ''[[jarra#{{gl}}|jarra]]''. Confronte-se com ''[[jarro-do-lombo#{{gl}}|jarro-do-lombo]]''.

===Homófono===
* [[xarro#{{gl}}|xarro]]

[[Categoria:Substantivo (Galego)]]</text>
<sha1>fts4abel3pk213lyirah87av1iadpqr</sha1>
</revision>
<revision>
<id>2610803</id>
<parentid>2572790</parentid>
<timestamp>2021-01-30T22:15:19Z</timestamp>
<contributor>
<username>Marxav</username>
<id>73271</id>
</contributor>
<minor />
<comment>AFI Portugal</comment>
<model>wikitext</model>
<format>text/x-wiki</format>
<text bytes="1144" xml:space="preserve">={{-pt-}}=
==Substantivo==
{{flex.pt|ms=jarro|mp=jarros}}
{{paroxítona|jar|ro}}, {{g|m}}
# [[vasilha]] de corpo grosso e boca larga, geralmente com uma só [[asa]]
# {{escopo|pt|Peixe|algarve}} [[carapau]]

=={{etimologia|pt}}==
: {{escopo|Morfologia}} Derivada de [[jarra]].

=={{pronúncia|pt}}==
===Portugal===
* AFI: {{AFI|/ˈʒa.Ru/}}

==Ver também==
===No Wikcionário===
{{verTambém.Ini}}
* [[jerro]]
{{verTambém.NovaColuna}}
* [[jarra]]
{{verTambém.Fim}}

[[Categoria:Substantivo (Português)]]

={{-gl-}}=
==Substantivo==
{{flex.gl|ms=jarro|mp=jarro}}
{{paroxítona|jar|ro|lang=gl}}, {{g|m}}
# [[#Português|jarro]], vasilha
# {{escopo|gl|Planta}} [[jero]]  (''[[species:Arum italicum|Arum italicum]]'')
# fileira de [[escama]]s mais duras e proemientes que tem o [[carapau]] lateralmente

===Sinônimo===
* De '''2''': [[erva-das-anadas#Galego|erva-das-anadas]], [[jário#Galego|jário]], [[nabo-jário#Galego|nabo-jário]]

=={{etimologia|gl}}==
: Derivada de ''[[jarra#{{gl}}|jarra]]''. Confronte-se com ''[[jarro-do-lombo#{{gl}}|jarro-do-lombo]]''.

===Homófono===
* [[xarro#{{gl}}|xarro]]

[[Categoria:Substantivo (Galego)]]</text>
<sha1>thqv1832qxzodlqxvl0wonz4uodsxj0</sha1>
</revision>
</page>
