<title>jarretámos</title>
<ns>0</ns>
<id>308916</id>
<revision>
<id>1645125</id>
<timestamp>2013-02-03T00:16:45Z</timestamp>
<contributor>
<ip>217.129.4.92</ip>
</contributor>
<comment>[[Ajuda:Guia de edição/Menus e ferramentas/Sumário de edição|→]] nova página: ={{-pt-}}= ==Forma verbal== {{paroxítona|ja|rre|tá|mos}} #{{escopo|grafia lusitana}} [[primeira pessoa]] do...</comment>
<model>wikitext</model>
<format>text/x-wiki</format>
<text bytes="264" xml:space="preserve">={{-pt-}}=
==Forma verbal==
{{paroxítona|ja|rre|tá|mos}}
#{{escopo|grafia lusitana}} [[primeira pessoa]] do [[plural]] do [[pretérito perfeito]] do [[modo indicativo]] do verbo '''[[jarretar]]'''
[[Categoria:Forma verbal (Português)]]
[[Categoria:Lusitanismo]]</text>
<sha1>7ct27yao2saeof66k8mp6lai0u6et0y</sha1>
</revision>
<revision>
<id>2260711</id>
<parentid>1645125</parentid>
<timestamp>2017-04-14T18:55:45Z</timestamp>
<contributor>
<username>Defender</username>
<id>15952</id>
</contributor>
<comment>Trocando predefinição escopo por escopo2</comment>
<model>wikitext</model>
<format>text/x-wiki</format>
<text bytes="290" xml:space="preserve">={{-pt-}}=
==Forma verbal==
{{paroxítona|ja|rre|tá|mos}}
#{{escopo2|grafia lusitana}} [[primeira pessoa]] do [[plural]] do [[pretérito perfeito]] do [[modo indicativo]] do verbo '''[[jarretar]]'''
{{avi-for-fle|jarretar}}
[[Categoria:Forma verbal (Português)]]
[[Categoria:Lusitanismo]]</text>
<sha1>ss3rtvacgz3y9dtltvr671i4a98whfg</sha1>
</revision>
<revision>
<id>2260712</id>
<parentid>2260711</parentid>
<timestamp>2017-04-14T18:55:58Z</timestamp>
<contributor>
<username>Defender</username>
<id>15952</id>
</contributor>
<minor />
<model>wikitext</model>
<format>text/x-wiki</format>
<text bytes="290" xml:space="preserve">={{-pt-}}=
==Forma verbal==
{{paroxítona|jar|re|tá|mos}}
#{{escopo2|grafia lusitana}} [[primeira pessoa]] do [[plural]] do [[pretérito perfeito]] do [[modo indicativo]] do verbo '''[[jarretar]]'''
{{avi-for-fle|jarretar}}
[[Categoria:Forma verbal (Português)]]
[[Categoria:Lusitanismo]]</text>
<sha1>mjoanmdd6rh4vle1llyr6dvcocj0hv8</sha1>
</revision>
</page>
