<title>jarundo</title>
<ns>0</ns>
<id>330844</id>
<revision>
<id>1858619</id>
<timestamp>2014-09-16T08:38:46Z</timestamp>
<contributor>
<username>Cpls</username>
<id>20608</id>
</contributor>
<comment>[[Ajuda:Guia de edição/Menus e ferramentas/Sumário de edição|→]] nova página: ={{-pt-}}= ==Verbo== {{flex.pt|ms=jarundo|mp=jarundos}} {{paroxítona|ja|run|do}}, {{m}} # {{escopo|Trás-os-...</comment>
<model>wikitext</model>
<format>text/x-wiki</format>
<text bytes="331" xml:space="preserve">={{-pt-}}=
==Verbo==
{{flex.pt|ms=jarundo|mp=jarundos}}
{{paroxítona|ja|run|do}}, {{m}}
# {{escopo|Trás-os-Montes}} [[estadulho]], fueiro, [[pau]] grande, [[cacete]]

=={{etimologia|pt}}==
: {{escopo|Morfologia}} Talvez derivada de [[xara]], ([[esteva]]).

[[Categoria:Verbo (Português)]]
[[Categoria:Regionalismo (Português)]]</text>
<sha1>o0rak1x6h3wb3c223zedo1z94ufd14c</sha1>
</revision>
<revision>
<id>2669055</id>
<parentid>1858619</parentid>
<timestamp>2022-03-28T21:38:04Z</timestamp>
<contributor>
<username>Cpls</username>
<id>20608</id>
</contributor>
<model>wikitext</model>
<format>text/x-wiki</format>
<text bytes="366" xml:space="preserve">={{-pt-}}=
==Substantivo==
{{flex.pt|ms=jarundo|mp=jarundos}}
{{paroxítona|ja|run|do}}, {{g|m}}
# {{escopo|pt|Trás-os-Montes}} [[estadulho]], fueiro, [[pau]] grande, [[cacete]]

=={{etimologia|pt}}==
: {{escopo|Morfologia}} Talvez derivada de [[xara]], &quot;[[esteva]]&quot;. Confronte-se com o galego ''[[jarondo#{{gl}}|jarondo]]''.

[[Categoria:Substantivo (Português)]]</text>
<sha1>cl6hpbtlkbun2sla9wizsfmoyuon261</sha1>
</revision>
<revision>
<id>2669138</id>
<parentid>2669055</parentid>
<timestamp>2022-03-29T13:21:30Z</timestamp>
<contributor>
<username>Cpls</username>
<id>20608</id>
</contributor>
<model>wikitext</model>
<format>text/x-wiki</format>
<text bytes="425" xml:space="preserve">={{-pt-}}=
==Substantivo==
{{flex.pt|ms=jarundo|mp=jarundos}}
{{paroxítona|ja|run|do}}, {{g|m}}
# {{escopo|pt|Trás-os-Montes}} [[estadulho]], fueiro, [[pau]] grande, [[cacete]]

===Verbetes derivados===
* [[jarundadela]]
* [[jarundar]]

=={{etimologia|pt}}==
: {{escopo|Morfologia}} Talvez derivada de [[xara]], &quot;[[esteva]]&quot;. Confronte-se com o galego ''[[jarondo#{{gl}}|jarondo]]''.

[[Categoria:Substantivo (Português)]]</text>
<sha1>48atga2n2fxbujvrkz4pri5l3aw758b</sha1>
</revision>
</page>
