<title>jarundar</title>
<ns>0</ns>
<id>314687</id>
<revision>
<id>1678858</id>
<timestamp>2013-04-12T18:15:27Z</timestamp>
<contributor>
<username>ValJor</username>
<id>1358</id>
</contributor>
<comment>Por um [[Especial:Lonelypages|wikcionário sem órfãos]]: [[jarundámos]]</comment>
<model>wikitext</model>
<format>text/x-wiki</format>
<text bytes="267" xml:space="preserve">={{-pt-}}=
==Verbo==
{{oxítona|ja|run|dar}}, ''v. t.''
# {{escopo|Trás-os-Montes}} [[bater]] com [[jarundo]]; [[sovar]]

===Conjugação===
{{conj/pt|jarund|ar}}

=={{etimologia|pt}}==
: {{escopo|Morfologia}} [[jarundo]] + [[-ar]].

[[Categoria:Verbo (Português)]]</text>
<sha1>pg7tj5tvk3vhujrmqx9j6jktw0kdlw3</sha1>
</revision>
<revision>
<id>2669135</id>
<parentid>1678858</parentid>
<timestamp>2022-03-29T13:07:59Z</timestamp>
<contributor>
<username>Cpls</username>
<id>20608</id>
</contributor>
<model>wikitext</model>
<format>text/x-wiki</format>
<text bytes="270" xml:space="preserve">={{-pt-}}=
==Verbo==
{{oxítona|ja|run|dar}}, ''v. t.''
# {{escopo|pt|Trás-os-Montes}} [[bater]] com [[jarundo]]; [[sovar]]

===Conjugação===
{{conj/pt|jarund|ar}}

=={{etimologia|pt}}==
: {{escopo|Morfologia}} [[jarundo]] + [[-ar]].

[[Categoria:Verbo (Português)]]</text>
<sha1>98pgtbob19l2z4pwgha7d5irtm88kg2</sha1>
</revision>
</page>
