<title>jasmine</title>
<ns>0</ns>
<id>301835</id>
<revision>
<id>1523614</id>
<timestamp>2012-11-21T04:20:04Z</timestamp>
<contributor>
<ip>187.84.223.158</ip>
</contributor>
<comment>[[Ajuda:Guia de edição/Menus e ferramentas/Sumário de edição|→]] nova página: orkut te como?jasmine te gosta amiga muito</comment>
<model>wikitext</model>
<format>text/x-wiki</format>
<text bytes="42" xml:space="preserve">orkut te como?jasmine te gosta amiga muito</text>
<sha1>5eugpoq6gschvwwenaewawaljwv3pvc</sha1>
</revision>
<revision>
<id>1523986</id>
<parentid>1523614</parentid>
<timestamp>2012-11-21T22:24:28Z</timestamp>
<contributor>
<username>HydrizBot</username>
<id>29590</id>
</contributor>
<minor />
<comment>r2.7.3) (Robô: A adicionar: el, en, eo, et, fa, fi, fr, hu, id, io, kn, ko, ml, my, pl, simple, sw, ta, te, tr, vi, zh</comment>
<model>wikitext</model>
<format>text/x-wiki</format>
<text bytes="377" xml:space="preserve">orkut te como?jasmine te gosta amiga muito

[[el:jasmine]]
[[en:jasmine]]
[[eo:jasmine]]
[[et:jasmine]]
[[fa:jasmine]]
[[fi:jasmine]]
[[fr:jasmine]]
[[hu:jasmine]]
[[id:jasmine]]
[[io:jasmine]]
[[kn:jasmine]]
[[ko:jasmine]]
[[ml:jasmine]]
[[my:jasmine]]
[[pl:jasmine]]
[[simple:jasmine]]
[[sw:jasmine]]
[[ta:jasmine]]
[[te:jasmine]]
[[tr:jasmine]]
[[vi:jasmine]]
[[zh:jasmine]]</text>
<sha1>m5y15b8n9bd2ebcqm2oe11o9e4o9qrj</sha1>
</revision>
<revision>
<id>1524095</id>
<parentid>1523986</parentid>
<timestamp>2012-11-22T10:01:40Z</timestamp>
<contributor>
<username>ValJor</username>
<id>1358</id>
</contributor>
<comment>Por um [[Wikcionário:Listas de verbetes com problemas|wikcionário com saídas]]!</comment>
<model>wikitext</model>
<format>text/x-wiki</format>
<text bytes="478" xml:space="preserve">{{Wikipédia|lang=en}}

={{-en-}}=
==Substantivo==
'''jasmine'''
# [[jasmim]]

[[Categoria:Substantivo (Inglês)]]
[[Categoria:Flor (Inglês)]]

[[el:jasmine]]
[[en:jasmine]]
[[eo:jasmine]]
[[et:jasmine]]
[[fa:jasmine]]
[[fi:jasmine]]
[[fr:jasmine]]
[[hu:jasmine]]
[[id:jasmine]]
[[io:jasmine]]
[[kn:jasmine]]
[[ko:jasmine]]
[[ml:jasmine]]
[[my:jasmine]]
[[pl:jasmine]]
[[simple:jasmine]]
[[sw:jasmine]]
[[ta:jasmine]]
[[te:jasmine]]
[[tr:jasmine]]
[[vi:jasmine]]
[[zh:jasmine]]</text>
<sha1>69gwws6j83r9expvedhtm5kbavf6kki</sha1>
</revision>
<revision>
<id>1577450</id>
<parentid>1524095</parentid>
<timestamp>2013-01-13T22:57:17Z</timestamp>
<contributor>
<username>HydrizBot</username>
<id>29590</id>
</contributor>
<minor />
<comment>r2.7.3) (Robô: A adicionar: [[ro:jasmine]]</comment>
<model>wikitext</model>
<format>text/x-wiki</format>
<text bytes="493" xml:space="preserve">{{Wikipédia|lang=en}}

={{-en-}}=
==Substantivo==
'''jasmine'''
# [[jasmim]]

[[Categoria:Substantivo (Inglês)]]
[[Categoria:Flor (Inglês)]]

[[el:jasmine]]
[[en:jasmine]]
[[eo:jasmine]]
[[et:jasmine]]
[[fa:jasmine]]
[[fi:jasmine]]
[[fr:jasmine]]
[[hu:jasmine]]
[[id:jasmine]]
[[io:jasmine]]
[[kn:jasmine]]
[[ko:jasmine]]
[[ml:jasmine]]
[[my:jasmine]]
[[pl:jasmine]]
[[ro:jasmine]]
[[simple:jasmine]]
[[sw:jasmine]]
[[ta:jasmine]]
[[te:jasmine]]
[[tr:jasmine]]
[[vi:jasmine]]
[[zh:jasmine]]</text>
<sha1>gphx8sud3t63ycc0dq01xnzzj4lniw2</sha1>
</revision>
<revision>
<id>1671452</id>
<parentid>1577450</parentid>
<timestamp>2013-03-20T17:14:22Z</timestamp>
<contributor>
<username>JAnDbot</username>
<id>25083</id>
</contributor>
<minor />
<comment>r2.7.2) (Robô: A adicionar: [[cs:jasmine]]</comment>
<model>wikitext</model>
<format>text/x-wiki</format>
<text bytes="508" xml:space="preserve">{{Wikipédia|lang=en}}

={{-en-}}=
==Substantivo==
'''jasmine'''
# [[jasmim]]

[[Categoria:Substantivo (Inglês)]]
[[Categoria:Flor (Inglês)]]

[[cs:jasmine]]
[[el:jasmine]]
[[en:jasmine]]
[[eo:jasmine]]
[[et:jasmine]]
[[fa:jasmine]]
[[fi:jasmine]]
[[fr:jasmine]]
[[hu:jasmine]]
[[id:jasmine]]
[[io:jasmine]]
[[kn:jasmine]]
[[ko:jasmine]]
[[ml:jasmine]]
[[my:jasmine]]
[[pl:jasmine]]
[[ro:jasmine]]
[[simple:jasmine]]
[[sw:jasmine]]
[[ta:jasmine]]
[[te:jasmine]]
[[tr:jasmine]]
[[vi:jasmine]]
[[zh:jasmine]]</text>
<sha1>mb7c2mityn6flml0ee2a2pzficb88ce</sha1>
</revision>
<revision>
<id>1851057</id>
<parentid>1671452</parentid>
<timestamp>2014-08-25T20:23:13Z</timestamp>
<contributor>
<username>JAnDbot</username>
<id>25083</id>
</contributor>
<minor />
<comment>r2.7.3) (Robô: A adicionar: [[sh:jasmine]]</comment>
<model>wikitext</model>
<format>text/x-wiki</format>
<text bytes="523" xml:space="preserve">{{Wikipédia|lang=en}}

={{-en-}}=
==Substantivo==
'''jasmine'''
# [[jasmim]]

[[Categoria:Substantivo (Inglês)]]
[[Categoria:Flor (Inglês)]]

[[cs:jasmine]]
[[el:jasmine]]
[[en:jasmine]]
[[eo:jasmine]]
[[et:jasmine]]
[[fa:jasmine]]
[[fi:jasmine]]
[[fr:jasmine]]
[[hu:jasmine]]
[[id:jasmine]]
[[io:jasmine]]
[[kn:jasmine]]
[[ko:jasmine]]
[[ml:jasmine]]
[[my:jasmine]]
[[pl:jasmine]]
[[ro:jasmine]]
[[sh:jasmine]]
[[simple:jasmine]]
[[sw:jasmine]]
[[ta:jasmine]]
[[te:jasmine]]
[[tr:jasmine]]
[[vi:jasmine]]
[[zh:jasmine]]</text>
<sha1>djx7claa9ziyjc2oqk095hgrbsl4rx6</sha1>
</revision>
<revision>
<id>1866653</id>
<parentid>1851057</parentid>
<timestamp>2014-10-13T18:21:28Z</timestamp>
<contributor>
<username>JAnDbot</username>
<id>25083</id>
</contributor>
<minor />
<comment>r2.7.3) (Robô: A adicionar: [[ku:jasmine]]</comment>
<model>wikitext</model>
<format>text/x-wiki</format>
<text bytes="538" xml:space="preserve">{{Wikipédia|lang=en}}

={{-en-}}=
==Substantivo==
'''jasmine'''
# [[jasmim]]

[[Categoria:Substantivo (Inglês)]]
[[Categoria:Flor (Inglês)]]

[[cs:jasmine]]
[[el:jasmine]]
[[en:jasmine]]
[[eo:jasmine]]
[[et:jasmine]]
[[fa:jasmine]]
[[fi:jasmine]]
[[fr:jasmine]]
[[hu:jasmine]]
[[id:jasmine]]
[[io:jasmine]]
[[kn:jasmine]]
[[ko:jasmine]]
[[ku:jasmine]]
[[ml:jasmine]]
[[my:jasmine]]
[[pl:jasmine]]
[[ro:jasmine]]
[[sh:jasmine]]
[[simple:jasmine]]
[[sw:jasmine]]
[[ta:jasmine]]
[[te:jasmine]]
[[tr:jasmine]]
[[vi:jasmine]]
[[zh:jasmine]]</text>
<sha1>ms2hkc27bco50x7hzs0fpe4suhz058d</sha1>
</revision>
<revision>
<id>2364710</id>
<parentid>1866653</parentid>
<timestamp>2017-05-03T15:46:36Z</timestamp>
<contributor>
<username>HydrizBot</username>
<id>29590</id>
</contributor>
<minor />
<comment>Robô: A limpar links interwikis antigos</comment>
<model>wikitext</model>
<format>text/x-wiki</format>
<text bytes="143" xml:space="preserve">{{Wikipédia|lang=en}}

={{-en-}}=
==Substantivo==
'''jasmine'''
# [[jasmim]]

[[Categoria:Substantivo (Inglês)]]
[[Categoria:Flor (Inglês)]]</text>
<sha1>1qlfmzgy2zxrk8okvrovchh4600zu8m</sha1>
</revision>
</page>
