<title>jasnozielony</title>
<ns>0</ns>
<id>441878</id>
<revision>
<id>2668233</id>
<timestamp>2022-03-26T04:59:16Z</timestamp>
<contributor>
<username>First jumper</username>
<id>44431</id>
</contributor>
<comment>polonês</comment>
<model>wikitext</model>
<format>text/x-wiki</format>
<text bytes="420" xml:space="preserve">={{-pl-}}=
==Adjetivo==
'''jas.no.ziel.ony'''
# {{escopoCat|cor|pl}} [[verde-claro]]

===Antônimos===
* De '''1''': [[ciemnozielony]]

=={{etimologia|pl}}==
:Composição de advérbio ''[[jasno]]'' &quot;claro&quot; + adjetivo ''[[zielony]]'' &quot;verde&quot;.

=={{pronúncia|pl}}==
* [[AFI]]: {{AFI|/ˌjasnɔʑɛˈlɔ̃nɨ/}}

==Ver também==
===No Wikcionário===
{{cores/pl}}
{{categorias|{{nome categoria|pl}}|Polissílabo|Adjetivo}}</text>
<sha1>161ac69frablpvgy76iixiyrpmep3cv</sha1>
</revision>
<revision>
<id>2668236</id>
<parentid>2668233</parentid>
<timestamp>2022-03-26T05:23:48Z</timestamp>
<contributor>
<username>First jumper</username>
<id>44431</id>
</contributor>
<comment>+declinação</comment>
<model>wikitext</model>
<format>text/x-wiki</format>
<text bytes="485" xml:space="preserve">={{-pl-}}=
==Adjetivo==
'''jas.no.zie.lo.ny'''
# {{escopoCat|cor|pl}} [[verde-claro]]

===Declinação===
{{decl.pl.adj.y|cjasnozielon|jasnozieloni}}

===Antônimos===
* De '''1''': [[ciemnozielony]]

=={{etimologia|pl}}==
:Composição de advérbio ''[[jasno]]'' &quot;claro&quot; + adjetivo ''[[zielony]]'' &quot;verde&quot;.

=={{pronúncia|pl}}==
* [[AFI]]: {{AFI|/ˌjasnɔʑɛˈlɔ̃nɨ/}}

==Ver também==
===No Wikcionário===
{{cores/pl}}
{{categorias|{{nome categoria|pl}}|Polissílabo|Adjetivo}}</text>
<sha1>sjae7bulojdjyscar9af69ne9o66z0b</sha1>
</revision>
</page>
