<title>jaspe</title>
<ns>0</ns>
<id>102396</id>
<revision>
<id>399967</id>
<timestamp>2008-12-05T19:31:14Z</timestamp>
<contributor>
<username>ValJor</username>
<id>1358</id>
</contributor>
<comment>Por um [[Especial:Lonelypages|wikcionário sem órfãos]]!</comment>
<model>wikitext</model>
<format>text/x-wiki</format>
<text bytes="1646" xml:space="preserve">{{wikipedia}}
[[Imagem:ISJaspis.jpg|thumb|300px|right|&lt;center&gt;Jaspe&lt;/center&gt;]]
=Português=
==Substantivo==
{{flex.pt.masculino|s=jaspe|p=jaspes}}
{{paroxítona|jas|pe}}
#  [[variedade]] de [[quartzo]] [[opaco]], compacto, criptocristalino usualmente de cor vermelha usado em peças decorativas
===Tradução===
{{tradini}}
* {{trad|de|Jaspis}}
* {{trad|az|yəşəm}}
* {{trad|ca|jaspi}}
* {{trad|cs|jaspis}}
* {{trad|zh|賈斯珀}}
* {{trad|da|jaspis}}
* {{trad|sk|jaspis}}
* {{trad|es|jaspe}}
* {{trad|eo|jaspo}}
* {{trad|fr|jaspe}}
* {{trad|gl|xaspe}}
* {{trad|cy|iasbis}}
* {{trad|gn|itatĩpara}}
* {{trad|he|ישפה}}
{{tradmeio}}
* {{trad|nl|jaspis}}
* {{trad|en|jasper}}
* {{trad|it|diaspro}}
* {{trad|ja|碧玉}}
* {{trad|la|iaspis}}
* {{trad|lv|jašma}}
* {{trad|lt|jaspis}}
* {{trad|nah|tecpacuihcuilli}}
* {{trad|pl|jaspis}}
* {{trad|ro|jasp}}
* {{trad|ru|яшма}}
* {{trad|sv|jaspis}}
* {{trad|val|jasp}}
{{tradfim}}
=={{etimologia}}==
: Do latim ''iaspis''.
==Ver também==
===No Wikcionário===
{{verTambém.Ini}}
* [[jaspe-negro]]
{{verTambém.NovaColuna}}
* [[jaspe-sanguíneo]]
{{verTambém.Fim}}
[[Categoria:Substantivo (Português)]]
[[Categoria:Vocábulo com etimologia (Português)]]
[[Categoria:Mineral (Português)]]
[[Categoria:Figura]]

=Espanhol=
==Substantivo==
'''jaspe'''
# [[jaspe#Português|jaspe]]
[[Categoria:Substantivo (Espanhol)]]
[[Categoria:Mineral (Espanhol)]]

=Francês=
==Substantivo==
'''jaspe'''
# [[jaspe#Português|jaspe]]
[[Categoria:Substantivo (Francês)]]
[[Categoria:Mineral (Francês)]]

[[de:jaspe]]
[[el:jaspe]]
[[en:jaspe]]
[[fr:jaspe]]
[[io:jaspe]]
[[ru:jaspe]]
[[vi:jaspe]]
[[zh:jaspe]]</text>
<sha1>rpyalrf49kx5uan9ojor7ln66eojksu</sha1>
</revision>
<revision>
<id>466390</id>
<parentid>399967</parentid>
<timestamp>2009-05-20T13:41:08Z</timestamp>
<contributor>
<ip>189.16.13.2</ip>
</contributor>
<comment>/* Português */</comment>
<model>wikitext</model>
<format>text/x-wiki</format>
<text bytes="1823" xml:space="preserve">{{wikipedia}}
[[Imagem:ISJaspis.jpg|thumb|300px|right|&lt;center&gt;Jaspe&lt;/center&gt;]]

== ''Texto de cabeçalho'''''''Texto a negrito'''''''Texto em itálico''''''
'''''''' ==
=&lt;nowiki&gt;Português&lt;/nowiki&gt;&lt;math&gt;--~~~~Inserir fórmula aqui
----
--~~~~--~~~~
----

----
&lt;/math&gt;=
==Substantivo==
{{flex.pt.masculino|s=jaspe|p=jaspes}}
{{paroxítona|jas|pe}}
#  [[variedade]] de [[quartzo]] [[opaco]], compacto, criptocristalino usualmente de cor vermelha usado em peças decorativas
===Tradução===
{{tradini}}
* {{trad|de|Jaspis}}
* {{trad|az|yəşəm}}
* {{trad|ca|jaspi}}
* {{trad|cs|jaspis}}
* {{trad|zh|賈斯珀}}
* {{trad|da|jaspis}}
* {{trad|sk|jaspis}}
* {{trad|es|jaspe}}
* {{trad|eo|jaspo}}
* {{trad|fr|jaspe}}
* {{trad|gl|xaspe}}
* {{trad|cy|iasbis}}
* {{trad|gn|itatĩpara}}
* {{trad|he|ישפה}}
{{tradmeio}}
* {{trad|nl|jaspis}}
* {{trad|en|jasper}}
* {{trad|it|diaspro}}
* {{trad|ja|碧玉}}
* {{trad|la|iaspis}}
* {{trad|lv|jašma}}
* {{trad|lt|jaspis}}
* {{trad|nah|tecpacuihcuilli}}
* {{trad|pl|jaspis}}
* {{trad|ro|jasp}}
* {{trad|ru|яшма}}
* {{trad|sv|jaspis}}
* {{trad|val|jasp}}
{{tradfim}}
=={{etimologia}}==
: Do latim ''iaspis''.
==Ver também==
===No Wikcionário===
{{verTambém.Ini}}
* [[jaspe-negro]]
{{verTambém.NovaColuna}}
* [[jaspe-sanguíneo]]
{{verTambém.Fim}}
[[Categoria:Substantivo (Português)]]
[[Categoria:Vocábulo com etimologia (Português)]]
[[Categoria:Mineral (Português)]]
[[Categoria:Figura]]

=Espanhol=
==Substantivo==
'''jaspe'''
# [[jaspe#Português|jaspe]]
[[Categoria:Substantivo (Espanhol)]]
[[Categoria:Mineral (Espanhol)]]

=Francês=
==Substantivo==
'''jaspe'''
# [[jaspe#Português|jaspe]]
[[Categoria:Substantivo (Francês)]]
[[Categoria:Mineral (Francês)]]

[[de:jaspe]]
[[el:jaspe]]
[[en:jaspe]]
[[fr:jaspe]]
[[io:jaspe]]
[[ru:jaspe]]
[[vi:jaspe]]
[[zh:jaspe]]</text>
<sha1>khxdjfkumb3xdq9u8kyrtf6oohmvzy9</sha1>
</revision>
<revision>
<id>466393</id>
<parentid>466390</parentid>
<timestamp>2009-05-20T13:48:12Z</timestamp>
<contributor>
<username>ValJor</username>
<id>1358</id>
</contributor>
<minor />
<comment>Revertido para a última das edições de ValJor</comment>
<model>wikitext</model>
<format>text/x-wiki</format>
<text bytes="1646" xml:space="preserve">{{wikipedia}}
[[Imagem:ISJaspis.jpg|thumb|300px|right|&lt;center&gt;Jaspe&lt;/center&gt;]]
=Português=
==Substantivo==
{{flex.pt.masculino|s=jaspe|p=jaspes}}
{{paroxítona|jas|pe}}
#  [[variedade]] de [[quartzo]] [[opaco]], compacto, criptocristalino usualmente de cor vermelha usado em peças decorativas
===Tradução===
{{tradini}}
* {{trad|de|Jaspis}}
* {{trad|az|yəşəm}}
* {{trad|ca|jaspi}}
* {{trad|cs|jaspis}}
* {{trad|zh|賈斯珀}}
* {{trad|da|jaspis}}
* {{trad|sk|jaspis}}
* {{trad|es|jaspe}}
* {{trad|eo|jaspo}}
* {{trad|fr|jaspe}}
* {{trad|gl|xaspe}}
* {{trad|cy|iasbis}}
* {{trad|gn|itatĩpara}}
* {{trad|he|ישפה}}
{{tradmeio}}
* {{trad|nl|jaspis}}
* {{trad|en|jasper}}
* {{trad|it|diaspro}}
* {{trad|ja|碧玉}}
* {{trad|la|iaspis}}
* {{trad|lv|jašma}}
* {{trad|lt|jaspis}}
* {{trad|nah|tecpacuihcuilli}}
* {{trad|pl|jaspis}}
* {{trad|ro|jasp}}
* {{trad|ru|яшма}}
* {{trad|sv|jaspis}}
* {{trad|val|jasp}}
{{tradfim}}
=={{etimologia}}==
: Do latim ''iaspis''.
==Ver também==
===No Wikcionário===
{{verTambém.Ini}}
* [[jaspe-negro]]
{{verTambém.NovaColuna}}
* [[jaspe-sanguíneo]]
{{verTambém.Fim}}
[[Categoria:Substantivo (Português)]]
[[Categoria:Vocábulo com etimologia (Português)]]
[[Categoria:Mineral (Português)]]
[[Categoria:Figura]]

=Espanhol=
==Substantivo==
'''jaspe'''
# [[jaspe#Português|jaspe]]
[[Categoria:Substantivo (Espanhol)]]
[[Categoria:Mineral (Espanhol)]]

=Francês=
==Substantivo==
'''jaspe'''
# [[jaspe#Português|jaspe]]
[[Categoria:Substantivo (Francês)]]
[[Categoria:Mineral (Francês)]]

[[de:jaspe]]
[[el:jaspe]]
[[en:jaspe]]
[[fr:jaspe]]
[[io:jaspe]]
[[ru:jaspe]]
[[vi:jaspe]]
[[zh:jaspe]]</text>
<sha1>rpyalrf49kx5uan9ojor7ln66eojksu</sha1>
</revision>
<revision>
<id>505709</id>
<parentid>466393</parentid>
<timestamp>2009-08-04T20:58:18Z</timestamp>
<contributor>
<username>Interwicket</username>
<id>6868</id>
</contributor>
<minor />
<comment>iwiki +[[:pl:jaspe]]</comment>
<model>wikitext</model>
<format>text/x-wiki</format>
<text bytes="1659" xml:space="preserve">{{wikipedia}}
[[Imagem:ISJaspis.jpg|thumb|300px|right|&lt;center&gt;Jaspe&lt;/center&gt;]]
=Português=
==Substantivo==
{{flex.pt.masculino|s=jaspe|p=jaspes}}
{{paroxítona|jas|pe}}
#  [[variedade]] de [[quartzo]] [[opaco]], compacto, criptocristalino usualmente de cor vermelha usado em peças decorativas
===Tradução===
{{tradini}}
* {{trad|de|Jaspis}}
* {{trad|az|yəşəm}}
* {{trad|ca|jaspi}}
* {{trad|cs|jaspis}}
* {{trad|zh|賈斯珀}}
* {{trad|da|jaspis}}
* {{trad|sk|jaspis}}
* {{trad|es|jaspe}}
* {{trad|eo|jaspo}}
* {{trad|fr|jaspe}}
* {{trad|gl|xaspe}}
* {{trad|cy|iasbis}}
* {{trad|gn|itatĩpara}}
* {{trad|he|ישפה}}
{{tradmeio}}
* {{trad|nl|jaspis}}
* {{trad|en|jasper}}
* {{trad|it|diaspro}}
* {{trad|ja|碧玉}}
* {{trad|la|iaspis}}
* {{trad|lv|jašma}}
* {{trad|lt|jaspis}}
* {{trad|nah|tecpacuihcuilli}}
* {{trad|pl|jaspis}}
* {{trad|ro|jasp}}
* {{trad|ru|яшма}}
* {{trad|sv|jaspis}}
* {{trad|val|jasp}}
{{tradfim}}
=={{etimologia}}==
: Do latim ''iaspis''.
==Ver também==
===No Wikcionário===
{{verTambém.Ini}}
* [[jaspe-negro]]
{{verTambém.NovaColuna}}
* [[jaspe-sanguíneo]]
{{verTambém.Fim}}
[[Categoria:Substantivo (Português)]]
[[Categoria:Vocábulo com etimologia (Português)]]
[[Categoria:Mineral (Português)]]
[[Categoria:Figura]]

=Espanhol=
==Substantivo==
'''jaspe'''
# [[jaspe#Português|jaspe]]
[[Categoria:Substantivo (Espanhol)]]
[[Categoria:Mineral (Espanhol)]]

=Francês=
==Substantivo==
'''jaspe'''
# [[jaspe#Português|jaspe]]
[[Categoria:Substantivo (Francês)]]
[[Categoria:Mineral (Francês)]]

[[de:jaspe]]
[[el:jaspe]]
[[en:jaspe]]
[[fr:jaspe]]
[[io:jaspe]]
[[pl:jaspe]]
[[ru:jaspe]]
[[vi:jaspe]]
[[zh:jaspe]]</text>
<sha1>3wrol1ljhavqpmqtw6a58fanz2nh12t</sha1>
</revision>
<revision>
<id>972373</id>
<parentid>505709</parentid>
<timestamp>2010-10-21T18:59:11Z</timestamp>
<contributor>
<username>Interwicket</username>
<id>6868</id>
</contributor>
<minor />
<comment>iwiki +[[:ta:jaspe]]</comment>
<model>wikitext</model>
<format>text/x-wiki</format>
<text bytes="1672" xml:space="preserve">{{wikipedia}}
[[Imagem:ISJaspis.jpg|thumb|300px|right|&lt;center&gt;Jaspe&lt;/center&gt;]]
=Português=
==Substantivo==
{{flex.pt.masculino|s=jaspe|p=jaspes}}
{{paroxítona|jas|pe}}
#  [[variedade]] de [[quartzo]] [[opaco]], compacto, criptocristalino usualmente de cor vermelha usado em peças decorativas
===Tradução===
{{tradini}}
* {{trad|de|Jaspis}}
* {{trad|az|yəşəm}}
* {{trad|ca|jaspi}}
* {{trad|cs|jaspis}}
* {{trad|zh|賈斯珀}}
* {{trad|da|jaspis}}
* {{trad|sk|jaspis}}
* {{trad|es|jaspe}}
* {{trad|eo|jaspo}}
* {{trad|fr|jaspe}}
* {{trad|gl|xaspe}}
* {{trad|cy|iasbis}}
* {{trad|gn|itatĩpara}}
* {{trad|he|ישפה}}
{{tradmeio}}
* {{trad|nl|jaspis}}
* {{trad|en|jasper}}
* {{trad|it|diaspro}}
* {{trad|ja|碧玉}}
* {{trad|la|iaspis}}
* {{trad|lv|jašma}}
* {{trad|lt|jaspis}}
* {{trad|nah|tecpacuihcuilli}}
* {{trad|pl|jaspis}}
* {{trad|ro|jasp}}
* {{trad|ru|яшма}}
* {{trad|sv|jaspis}}
* {{trad|val|jasp}}
{{tradfim}}
=={{etimologia}}==
: Do latim ''iaspis''.
==Ver também==
===No Wikcionário===
{{verTambém.Ini}}
* [[jaspe-negro]]
{{verTambém.NovaColuna}}
* [[jaspe-sanguíneo]]
{{verTambém.Fim}}
[[Categoria:Substantivo (Português)]]
[[Categoria:Vocábulo com etimologia (Português)]]
[[Categoria:Mineral (Português)]]
[[Categoria:Figura]]

=Espanhol=
==Substantivo==
'''jaspe'''
# [[jaspe#Português|jaspe]]
[[Categoria:Substantivo (Espanhol)]]
[[Categoria:Mineral (Espanhol)]]

=Francês=
==Substantivo==
'''jaspe'''
# [[jaspe#Português|jaspe]]
[[Categoria:Substantivo (Francês)]]
[[Categoria:Mineral (Francês)]]

[[de:jaspe]]
[[el:jaspe]]
[[en:jaspe]]
[[fr:jaspe]]
[[io:jaspe]]
[[pl:jaspe]]
[[ru:jaspe]]
[[ta:jaspe]]
[[vi:jaspe]]
[[zh:jaspe]]</text>
<sha1>9vt2ng4312nzeu7k7weoiq3gqgm7893</sha1>
</revision>
<revision>
<id>996443</id>
<parentid>972373</parentid>
<timestamp>2010-12-15T02:12:23Z</timestamp>
<contributor>
<username>Luckas-bot</username>
<id>5986</id>
</contributor>
<minor />
<comment>r2.6.2) (Bot: Adicionando: [[eo:jaspe]]</comment>
<model>wikitext</model>
<format>text/x-wiki</format>
<text bytes="1685" xml:space="preserve">{{wikipedia}}
[[Imagem:ISJaspis.jpg|thumb|300px|right|&lt;center&gt;Jaspe&lt;/center&gt;]]
=Português=
==Substantivo==
{{flex.pt.masculino|s=jaspe|p=jaspes}}
{{paroxítona|jas|pe}}
#  [[variedade]] de [[quartzo]] [[opaco]], compacto, criptocristalino usualmente de cor vermelha usado em peças decorativas
===Tradução===
{{tradini}}
* {{trad|de|Jaspis}}
* {{trad|az|yəşəm}}
* {{trad|ca|jaspi}}
* {{trad|cs|jaspis}}
* {{trad|zh|賈斯珀}}
* {{trad|da|jaspis}}
* {{trad|sk|jaspis}}
* {{trad|es|jaspe}}
* {{trad|eo|jaspo}}
* {{trad|fr|jaspe}}
* {{trad|gl|xaspe}}
* {{trad|cy|iasbis}}
* {{trad|gn|itatĩpara}}
* {{trad|he|ישפה}}
{{tradmeio}}
* {{trad|nl|jaspis}}
* {{trad|en|jasper}}
* {{trad|it|diaspro}}
* {{trad|ja|碧玉}}
* {{trad|la|iaspis}}
* {{trad|lv|jašma}}
* {{trad|lt|jaspis}}
* {{trad|nah|tecpacuihcuilli}}
* {{trad|pl|jaspis}}
* {{trad|ro|jasp}}
* {{trad|ru|яшма}}
* {{trad|sv|jaspis}}
* {{trad|val|jasp}}
{{tradfim}}
=={{etimologia}}==
: Do latim ''iaspis''.
==Ver também==
===No Wikcionário===
{{verTambém.Ini}}
* [[jaspe-negro]]
{{verTambém.NovaColuna}}
* [[jaspe-sanguíneo]]
{{verTambém.Fim}}
[[Categoria:Substantivo (Português)]]
[[Categoria:Vocábulo com etimologia (Português)]]
[[Categoria:Mineral (Português)]]
[[Categoria:Figura]]

=Espanhol=
==Substantivo==
'''jaspe'''
# [[jaspe#Português|jaspe]]
[[Categoria:Substantivo (Espanhol)]]
[[Categoria:Mineral (Espanhol)]]

=Francês=
==Substantivo==
'''jaspe'''
# [[jaspe#Português|jaspe]]
[[Categoria:Substantivo (Francês)]]
[[Categoria:Mineral (Francês)]]

[[de:jaspe]]
[[el:jaspe]]
[[en:jaspe]]
[[eo:jaspe]]
[[fr:jaspe]]
[[io:jaspe]]
[[pl:jaspe]]
[[ru:jaspe]]
[[ta:jaspe]]
[[vi:jaspe]]
[[zh:jaspe]]</text>
<sha1>63n4xrcqwn9usbvn4h31s3rb6s6g3o9</sha1>
</revision>
<revision>
<id>999998</id>
<parentid>996443</parentid>
<timestamp>2010-12-18T08:40:22Z</timestamp>
<contributor>
<username>ArthurBot</username>
<id>13550</id>
</contributor>
<minor />
<comment>r2.6.4) (Bot: Adicionando: [[cs:jaspe]]</comment>
<model>wikitext</model>
<format>text/x-wiki</format>
<text bytes="1698" xml:space="preserve">{{wikipedia}}
[[Imagem:ISJaspis.jpg|thumb|300px|right|&lt;center&gt;Jaspe&lt;/center&gt;]]
=Português=
==Substantivo==
{{flex.pt.masculino|s=jaspe|p=jaspes}}
{{paroxítona|jas|pe}}
#  [[variedade]] de [[quartzo]] [[opaco]], compacto, criptocristalino usualmente de cor vermelha usado em peças decorativas
===Tradução===
{{tradini}}
* {{trad|de|Jaspis}}
* {{trad|az|yəşəm}}
* {{trad|ca|jaspi}}
* {{trad|cs|jaspis}}
* {{trad|zh|賈斯珀}}
* {{trad|da|jaspis}}
* {{trad|sk|jaspis}}
* {{trad|es|jaspe}}
* {{trad|eo|jaspo}}
* {{trad|fr|jaspe}}
* {{trad|gl|xaspe}}
* {{trad|cy|iasbis}}
* {{trad|gn|itatĩpara}}
* {{trad|he|ישפה}}
{{tradmeio}}
* {{trad|nl|jaspis}}
* {{trad|en|jasper}}
* {{trad|it|diaspro}}
* {{trad|ja|碧玉}}
* {{trad|la|iaspis}}
* {{trad|lv|jašma}}
* {{trad|lt|jaspis}}
* {{trad|nah|tecpacuihcuilli}}
* {{trad|pl|jaspis}}
* {{trad|ro|jasp}}
* {{trad|ru|яшма}}
* {{trad|sv|jaspis}}
* {{trad|val|jasp}}
{{tradfim}}
=={{etimologia}}==
: Do latim ''iaspis''.
==Ver também==
===No Wikcionário===
{{verTambém.Ini}}
* [[jaspe-negro]]
{{verTambém.NovaColuna}}
* [[jaspe-sanguíneo]]
{{verTambém.Fim}}
[[Categoria:Substantivo (Português)]]
[[Categoria:Vocábulo com etimologia (Português)]]
[[Categoria:Mineral (Português)]]
[[Categoria:Figura]]

=Espanhol=
==Substantivo==
'''jaspe'''
# [[jaspe#Português|jaspe]]
[[Categoria:Substantivo (Espanhol)]]
[[Categoria:Mineral (Espanhol)]]

=Francês=
==Substantivo==
'''jaspe'''
# [[jaspe#Português|jaspe]]
[[Categoria:Substantivo (Francês)]]
[[Categoria:Mineral (Francês)]]

[[cs:jaspe]]
[[de:jaspe]]
[[el:jaspe]]
[[en:jaspe]]
[[eo:jaspe]]
[[fr:jaspe]]
[[io:jaspe]]
[[pl:jaspe]]
[[ru:jaspe]]
[[ta:jaspe]]
[[vi:jaspe]]
[[zh:jaspe]]</text>
<sha1>7nqltu4txm8cxnojc75w4djv8kxoqsz</sha1>
</revision>
<revision>
<id>1202122</id>
<parentid>999998</parentid>
<timestamp>2011-07-09T15:31:23Z</timestamp>
<contributor>
<username>MalafayaBot</username>
<id>628</id>
</contributor>
<minor />
<comment>Robô: Substituição de texto automática (-^\=\s?Português\s?\= +={{-pt-}}= &amp; -^\=\s?\{\{pt\}\}\s?\= +={{-pt-}}=)</comment>
<model>wikitext</model>
<format>text/x-wiki</format>
<text bytes="1696" xml:space="preserve">{{wikipedia}}
[[Imagem:ISJaspis.jpg|thumb|300px|right|&lt;center&gt;Jaspe&lt;/center&gt;]]
={{-pt-}}=
==Substantivo==
{{flex.pt.masculino|s=jaspe|p=jaspes}}
{{paroxítona|jas|pe}}
#  [[variedade]] de [[quartzo]] [[opaco]], compacto, criptocristalino usualmente de cor vermelha usado em peças decorativas
===Tradução===
{{tradini}}
* {{trad|de|Jaspis}}
* {{trad|az|yəşəm}}
* {{trad|ca|jaspi}}
* {{trad|cs|jaspis}}
* {{trad|zh|賈斯珀}}
* {{trad|da|jaspis}}
* {{trad|sk|jaspis}}
* {{trad|es|jaspe}}
* {{trad|eo|jaspo}}
* {{trad|fr|jaspe}}
* {{trad|gl|xaspe}}
* {{trad|cy|iasbis}}
* {{trad|gn|itatĩpara}}
* {{trad|he|ישפה}}
{{tradmeio}}
* {{trad|nl|jaspis}}
* {{trad|en|jasper}}
* {{trad|it|diaspro}}
* {{trad|ja|碧玉}}
* {{trad|la|iaspis}}
* {{trad|lv|jašma}}
* {{trad|lt|jaspis}}
* {{trad|nah|tecpacuihcuilli}}
* {{trad|pl|jaspis}}
* {{trad|ro|jasp}}
* {{trad|ru|яшма}}
* {{trad|sv|jaspis}}
* {{trad|val|jasp}}
{{tradfim}}
=={{etimologia}}==
: Do latim ''iaspis''.
==Ver também==
===No Wikcionário===
{{verTambém.Ini}}
* [[jaspe-negro]]
{{verTambém.NovaColuna}}
* [[jaspe-sanguíneo]]
{{verTambém.Fim}}
[[Categoria:Substantivo (Português)]]
[[Categoria:Vocábulo com etimologia (Português)]]
[[Categoria:Mineral (Português)]]
[[Categoria:Figura]]

=Espanhol=
==Substantivo==
'''jaspe'''
# [[jaspe#Português|jaspe]]
[[Categoria:Substantivo (Espanhol)]]
[[Categoria:Mineral (Espanhol)]]

=Francês=
==Substantivo==
'''jaspe'''
# [[jaspe#Português|jaspe]]
[[Categoria:Substantivo (Francês)]]
[[Categoria:Mineral (Francês)]]

[[cs:jaspe]]
[[de:jaspe]]
[[el:jaspe]]
[[en:jaspe]]
[[eo:jaspe]]
[[fr:jaspe]]
[[io:jaspe]]
[[pl:jaspe]]
[[ru:jaspe]]
[[ta:jaspe]]
[[vi:jaspe]]
[[zh:jaspe]]</text>
<sha1>h0rtmosn78c5kd2lluuf3yb4d481t3z</sha1>
</revision>
<revision>
<id>1218953</id>
<parentid>1202122</parentid>
<timestamp>2011-07-10T23:05:27Z</timestamp>
<contributor>
<username>MalafayaBot</username>
<id>628</id>
</contributor>
<minor />
<comment>Robô: Substituição de texto automática (-^\=\s?Francês\s?\= +={{-fr-}}= &amp; -^\=\s?\[\[Francês\]\]\s?\= +={{-fr-}}= &amp; -^\=\s?\{\{fr\}\}\s?\= +={{-fr-}}=)</comment>
<model>wikitext</model>
<format>text/x-wiki</format>
<text bytes="1696" xml:space="preserve">{{wikipedia}}
[[Imagem:ISJaspis.jpg|thumb|300px|right|&lt;center&gt;Jaspe&lt;/center&gt;]]
={{-pt-}}=
==Substantivo==
{{flex.pt.masculino|s=jaspe|p=jaspes}}
{{paroxítona|jas|pe}}
#  [[variedade]] de [[quartzo]] [[opaco]], compacto, criptocristalino usualmente de cor vermelha usado em peças decorativas
===Tradução===
{{tradini}}
* {{trad|de|Jaspis}}
* {{trad|az|yəşəm}}
* {{trad|ca|jaspi}}
* {{trad|cs|jaspis}}
* {{trad|zh|賈斯珀}}
* {{trad|da|jaspis}}
* {{trad|sk|jaspis}}
* {{trad|es|jaspe}}
* {{trad|eo|jaspo}}
* {{trad|fr|jaspe}}
* {{trad|gl|xaspe}}
* {{trad|cy|iasbis}}
* {{trad|gn|itatĩpara}}
* {{trad|he|ישפה}}
{{tradmeio}}
* {{trad|nl|jaspis}}
* {{trad|en|jasper}}
* {{trad|it|diaspro}}
* {{trad|ja|碧玉}}
* {{trad|la|iaspis}}
* {{trad|lv|jašma}}
* {{trad|lt|jaspis}}
* {{trad|nah|tecpacuihcuilli}}
* {{trad|pl|jaspis}}
* {{trad|ro|jasp}}
* {{trad|ru|яшма}}
* {{trad|sv|jaspis}}
* {{trad|val|jasp}}
{{tradfim}}
=={{etimologia}}==
: Do latim ''iaspis''.
==Ver também==
===No Wikcionário===
{{verTambém.Ini}}
* [[jaspe-negro]]
{{verTambém.NovaColuna}}
* [[jaspe-sanguíneo]]
{{verTambém.Fim}}
[[Categoria:Substantivo (Português)]]
[[Categoria:Vocábulo com etimologia (Português)]]
[[Categoria:Mineral (Português)]]
[[Categoria:Figura]]

=Espanhol=
==Substantivo==
'''jaspe'''
# [[jaspe#Português|jaspe]]
[[Categoria:Substantivo (Espanhol)]]
[[Categoria:Mineral (Espanhol)]]

={{-fr-}}=
==Substantivo==
'''jaspe'''
# [[jaspe#Português|jaspe]]
[[Categoria:Substantivo (Francês)]]
[[Categoria:Mineral (Francês)]]

[[cs:jaspe]]
[[de:jaspe]]
[[el:jaspe]]
[[en:jaspe]]
[[eo:jaspe]]
[[fr:jaspe]]
[[io:jaspe]]
[[pl:jaspe]]
[[ru:jaspe]]
[[ta:jaspe]]
[[vi:jaspe]]
[[zh:jaspe]]</text>
<sha1>p1qh9teuxqee3hub943y3weuha7jw4g</sha1>
</revision>
<revision>
<id>1227887</id>
<parentid>1218953</parentid>
<timestamp>2011-07-17T19:05:32Z</timestamp>
<contributor>
<username>MalafayaBot</username>
<id>628</id>
</contributor>
<minor />
<comment>Robô: Substituição de texto automática (-=(\s*?)Espanhol(\s*?)= +={{-es-}}=, -=(\s*?)\{\{es\}\}(\s*?)= +={{-es-}}=)</comment>
<model>wikitext</model>
<format>text/x-wiki</format>
<text bytes="1696" xml:space="preserve">{{wikipedia}}
[[Imagem:ISJaspis.jpg|thumb|300px|right|&lt;center&gt;Jaspe&lt;/center&gt;]]
={{-pt-}}=
==Substantivo==
{{flex.pt.masculino|s=jaspe|p=jaspes}}
{{paroxítona|jas|pe}}
#  [[variedade]] de [[quartzo]] [[opaco]], compacto, criptocristalino usualmente de cor vermelha usado em peças decorativas
===Tradução===
{{tradini}}
* {{trad|de|Jaspis}}
* {{trad|az|yəşəm}}
* {{trad|ca|jaspi}}
* {{trad|cs|jaspis}}
* {{trad|zh|賈斯珀}}
* {{trad|da|jaspis}}
* {{trad|sk|jaspis}}
* {{trad|es|jaspe}}
* {{trad|eo|jaspo}}
* {{trad|fr|jaspe}}
* {{trad|gl|xaspe}}
* {{trad|cy|iasbis}}
* {{trad|gn|itatĩpara}}
* {{trad|he|ישפה}}
{{tradmeio}}
* {{trad|nl|jaspis}}
* {{trad|en|jasper}}
* {{trad|it|diaspro}}
* {{trad|ja|碧玉}}
* {{trad|la|iaspis}}
* {{trad|lv|jašma}}
* {{trad|lt|jaspis}}
* {{trad|nah|tecpacuihcuilli}}
* {{trad|pl|jaspis}}
* {{trad|ro|jasp}}
* {{trad|ru|яшма}}
* {{trad|sv|jaspis}}
* {{trad|val|jasp}}
{{tradfim}}
=={{etimologia}}==
: Do latim ''iaspis''.
==Ver também==
===No Wikcionário===
{{verTambém.Ini}}
* [[jaspe-negro]]
{{verTambém.NovaColuna}}
* [[jaspe-sanguíneo]]
{{verTambém.Fim}}
[[Categoria:Substantivo (Português)]]
[[Categoria:Vocábulo com etimologia (Português)]]
[[Categoria:Mineral (Português)]]
[[Categoria:Figura]]

={{-es-}}=
==Substantivo==
'''jaspe'''
# [[jaspe#Português|jaspe]]
[[Categoria:Substantivo (Espanhol)]]
[[Categoria:Mineral (Espanhol)]]

={{-fr-}}=
==Substantivo==
'''jaspe'''
# [[jaspe#Português|jaspe]]
[[Categoria:Substantivo (Francês)]]
[[Categoria:Mineral (Francês)]]

[[cs:jaspe]]
[[de:jaspe]]
[[el:jaspe]]
[[en:jaspe]]
[[eo:jaspe]]
[[fr:jaspe]]
[[io:jaspe]]
[[pl:jaspe]]
[[ru:jaspe]]
[[ta:jaspe]]
[[vi:jaspe]]
[[zh:jaspe]]</text>
<sha1>9cwpktq9of73w6zuejg02502m053iw4</sha1>
</revision>
<revision>
<id>1271712</id>
<parentid>1227887</parentid>
<timestamp>2011-11-02T10:09:34Z</timestamp>
<contributor>
<username>JAnDbot</username>
<id>25083</id>
</contributor>
<minor />
<comment>r2.5.2) (Robô: A adicionar: [[ko:jaspe]]</comment>
<model>wikitext</model>
<format>text/x-wiki</format>
<text bytes="1709" xml:space="preserve">{{wikipedia}}
[[Imagem:ISJaspis.jpg|thumb|300px|right|&lt;center&gt;Jaspe&lt;/center&gt;]]
={{-pt-}}=
==Substantivo==
{{flex.pt.masculino|s=jaspe|p=jaspes}}
{{paroxítona|jas|pe}}
#  [[variedade]] de [[quartzo]] [[opaco]], compacto, criptocristalino usualmente de cor vermelha usado em peças decorativas
===Tradução===
{{tradini}}
* {{trad|de|Jaspis}}
* {{trad|az|yəşəm}}
* {{trad|ca|jaspi}}
* {{trad|cs|jaspis}}
* {{trad|zh|賈斯珀}}
* {{trad|da|jaspis}}
* {{trad|sk|jaspis}}
* {{trad|es|jaspe}}
* {{trad|eo|jaspo}}
* {{trad|fr|jaspe}}
* {{trad|gl|xaspe}}
* {{trad|cy|iasbis}}
* {{trad|gn|itatĩpara}}
* {{trad|he|ישפה}}
{{tradmeio}}
* {{trad|nl|jaspis}}
* {{trad|en|jasper}}
* {{trad|it|diaspro}}
* {{trad|ja|碧玉}}
* {{trad|la|iaspis}}
* {{trad|lv|jašma}}
* {{trad|lt|jaspis}}
* {{trad|nah|tecpacuihcuilli}}
* {{trad|pl|jaspis}}
* {{trad|ro|jasp}}
* {{trad|ru|яшма}}
* {{trad|sv|jaspis}}
* {{trad|val|jasp}}
{{tradfim}}
=={{etimologia}}==
: Do latim ''iaspis''.
==Ver também==
===No Wikcionário===
{{verTambém.Ini}}
* [[jaspe-negro]]
{{verTambém.NovaColuna}}
* [[jaspe-sanguíneo]]
{{verTambém.Fim}}
[[Categoria:Substantivo (Português)]]
[[Categoria:Vocábulo com etimologia (Português)]]
[[Categoria:Mineral (Português)]]
[[Categoria:Figura]]

={{-es-}}=
==Substantivo==
'''jaspe'''
# [[jaspe#Português|jaspe]]
[[Categoria:Substantivo (Espanhol)]]
[[Categoria:Mineral (Espanhol)]]

={{-fr-}}=
==Substantivo==
'''jaspe'''
# [[jaspe#Português|jaspe]]
[[Categoria:Substantivo (Francês)]]
[[Categoria:Mineral (Francês)]]

[[cs:jaspe]]
[[de:jaspe]]
[[el:jaspe]]
[[en:jaspe]]
[[eo:jaspe]]
[[fr:jaspe]]
[[io:jaspe]]
[[ko:jaspe]]
[[pl:jaspe]]
[[ru:jaspe]]
[[ta:jaspe]]
[[vi:jaspe]]
[[zh:jaspe]]</text>
<sha1>qun989dygwzgpl1966crvjt195cpovn</sha1>
</revision>
<revision>
<id>1489998</id>
<parentid>1271712</parentid>
<timestamp>2012-10-21T18:54:45Z</timestamp>
<contributor>
<username>VJBot</username>
<id>33673</id>
</contributor>
<minor />
<comment>Robô: Substituição de texto automática  (-{{wikipedia}} +{{Wikipédia}})</comment>
<model>wikitext</model>
<format>text/x-wiki</format>
<text bytes="1710" xml:space="preserve">{{Wikipédia}}
[[Imagem:ISJaspis.jpg|thumb|300px|right|&lt;center&gt;Jaspe&lt;/center&gt;]]
={{-pt-}}=
==Substantivo==
{{flex.pt.masculino|s=jaspe|p=jaspes}}
{{paroxítona|jas|pe}}
#  [[variedade]] de [[quartzo]] [[opaco]], compacto, criptocristalino usualmente de cor vermelha usado em peças decorativas
===Tradução===
{{tradini}}
* {{trad|de|Jaspis}}
* {{trad|az|yəşəm}}
* {{trad|ca|jaspi}}
* {{trad|cs|jaspis}}
* {{trad|zh|賈斯珀}}
* {{trad|da|jaspis}}
* {{trad|sk|jaspis}}
* {{trad|es|jaspe}}
* {{trad|eo|jaspo}}
* {{trad|fr|jaspe}}
* {{trad|gl|xaspe}}
* {{trad|cy|iasbis}}
* {{trad|gn|itatĩpara}}
* {{trad|he|ישפה}}
{{tradmeio}}
* {{trad|nl|jaspis}}
* {{trad|en|jasper}}
* {{trad|it|diaspro}}
* {{trad|ja|碧玉}}
* {{trad|la|iaspis}}
* {{trad|lv|jašma}}
* {{trad|lt|jaspis}}
* {{trad|nah|tecpacuihcuilli}}
* {{trad|pl|jaspis}}
* {{trad|ro|jasp}}
* {{trad|ru|яшма}}
* {{trad|sv|jaspis}}
* {{trad|val|jasp}}
{{tradfim}}
=={{etimologia}}==
: Do latim ''iaspis''.
==Ver também==
===No Wikcionário===
{{verTambém.Ini}}
* [[jaspe-negro]]
{{verTambém.NovaColuna}}
* [[jaspe-sanguíneo]]
{{verTambém.Fim}}
[[Categoria:Substantivo (Português)]]
[[Categoria:Vocábulo com etimologia (Português)]]
[[Categoria:Mineral (Português)]]
[[Categoria:Figura]]

={{-es-}}=
==Substantivo==
'''jaspe'''
# [[jaspe#Português|jaspe]]
[[Categoria:Substantivo (Espanhol)]]
[[Categoria:Mineral (Espanhol)]]

={{-fr-}}=
==Substantivo==
'''jaspe'''
# [[jaspe#Português|jaspe]]
[[Categoria:Substantivo (Francês)]]
[[Categoria:Mineral (Francês)]]

[[cs:jaspe]]
[[de:jaspe]]
[[el:jaspe]]
[[en:jaspe]]
[[eo:jaspe]]
[[fr:jaspe]]
[[io:jaspe]]
[[ko:jaspe]]
[[pl:jaspe]]
[[ru:jaspe]]
[[ta:jaspe]]
[[vi:jaspe]]
[[zh:jaspe]]</text>
<sha1>oxvqtn99aetmai2m3i338d9h24vav1d</sha1>
</revision>
<revision>
<id>1601158</id>
<parentid>1489998</parentid>
<timestamp>2013-01-19T16:11:58Z</timestamp>
<contributor>
<username>MalafayaBot</username>
<id>628</id>
</contributor>
<minor />
<comment>Robô: A modificar Categoria:Vocábulo com etimologia (Português) para Categoria:Entrada com etimologia (Português)</comment>
<model>wikitext</model>
<format>text/x-wiki</format>
<text bytes="1708" xml:space="preserve">{{Wikipédia}}
[[Imagem:ISJaspis.jpg|thumb|300px|right|&lt;center&gt;Jaspe&lt;/center&gt;]]
={{-pt-}}=
==Substantivo==
{{flex.pt.masculino|s=jaspe|p=jaspes}}
{{paroxítona|jas|pe}}
#  [[variedade]] de [[quartzo]] [[opaco]], compacto, criptocristalino usualmente de cor vermelha usado em peças decorativas
===Tradução===
{{tradini}}
* {{trad|de|Jaspis}}
* {{trad|az|yəşəm}}
* {{trad|ca|jaspi}}
* {{trad|cs|jaspis}}
* {{trad|zh|賈斯珀}}
* {{trad|da|jaspis}}
* {{trad|sk|jaspis}}
* {{trad|es|jaspe}}
* {{trad|eo|jaspo}}
* {{trad|fr|jaspe}}
* {{trad|gl|xaspe}}
* {{trad|cy|iasbis}}
* {{trad|gn|itatĩpara}}
* {{trad|he|ישפה}}
{{tradmeio}}
* {{trad|nl|jaspis}}
* {{trad|en|jasper}}
* {{trad|it|diaspro}}
* {{trad|ja|碧玉}}
* {{trad|la|iaspis}}
* {{trad|lv|jašma}}
* {{trad|lt|jaspis}}
* {{trad|nah|tecpacuihcuilli}}
* {{trad|pl|jaspis}}
* {{trad|ro|jasp}}
* {{trad|ru|яшма}}
* {{trad|sv|jaspis}}
* {{trad|val|jasp}}
{{tradfim}}
=={{etimologia}}==
: Do latim ''iaspis''.
==Ver também==
===No Wikcionário===
{{verTambém.Ini}}
* [[jaspe-negro]]
{{verTambém.NovaColuna}}
* [[jaspe-sanguíneo]]
{{verTambém.Fim}}
[[Categoria:Substantivo (Português)]]
[[Categoria:Entrada com etimologia (Português)]]
[[Categoria:Mineral (Português)]]
[[Categoria:Figura]]

={{-es-}}=
==Substantivo==
'''jaspe'''
# [[jaspe#Português|jaspe]]
[[Categoria:Substantivo (Espanhol)]]
[[Categoria:Mineral (Espanhol)]]

={{-fr-}}=
==Substantivo==
'''jaspe'''
# [[jaspe#Português|jaspe]]
[[Categoria:Substantivo (Francês)]]
[[Categoria:Mineral (Francês)]]

[[cs:jaspe]]
[[de:jaspe]]
[[el:jaspe]]
[[en:jaspe]]
[[eo:jaspe]]
[[fr:jaspe]]
[[io:jaspe]]
[[ko:jaspe]]
[[pl:jaspe]]
[[ru:jaspe]]
[[ta:jaspe]]
[[vi:jaspe]]
[[zh:jaspe]]</text>
<sha1>ccarjruiil6v7eol1y95buq0bmgjwmk</sha1>
</revision>
<revision>
<id>1611761</id>
<parentid>1601158</parentid>
<timestamp>2013-01-21T12:43:18Z</timestamp>
<contributor>
<username>MalafayaBot</username>
<id>628</id>
</contributor>
<minor />
<comment>Robô: A modificar Categoria:Figura para Categoria:Entrada com imagem</comment>
<model>wikitext</model>
<format>text/x-wiki</format>
<text bytes="1720" xml:space="preserve">{{Wikipédia}}
[[Imagem:ISJaspis.jpg|thumb|300px|right|&lt;center&gt;Jaspe&lt;/center&gt;]]
={{-pt-}}=
==Substantivo==
{{flex.pt.masculino|s=jaspe|p=jaspes}}
{{paroxítona|jas|pe}}
#  [[variedade]] de [[quartzo]] [[opaco]], compacto, criptocristalino usualmente de cor vermelha usado em peças decorativas
===Tradução===
{{tradini}}
* {{trad|de|Jaspis}}
* {{trad|az|yəşəm}}
* {{trad|ca|jaspi}}
* {{trad|cs|jaspis}}
* {{trad|zh|賈斯珀}}
* {{trad|da|jaspis}}
* {{trad|sk|jaspis}}
* {{trad|es|jaspe}}
* {{trad|eo|jaspo}}
* {{trad|fr|jaspe}}
* {{trad|gl|xaspe}}
* {{trad|cy|iasbis}}
* {{trad|gn|itatĩpara}}
* {{trad|he|ישפה}}
{{tradmeio}}
* {{trad|nl|jaspis}}
* {{trad|en|jasper}}
* {{trad|it|diaspro}}
* {{trad|ja|碧玉}}
* {{trad|la|iaspis}}
* {{trad|lv|jašma}}
* {{trad|lt|jaspis}}
* {{trad|nah|tecpacuihcuilli}}
* {{trad|pl|jaspis}}
* {{trad|ro|jasp}}
* {{trad|ru|яшма}}
* {{trad|sv|jaspis}}
* {{trad|val|jasp}}
{{tradfim}}
=={{etimologia}}==
: Do latim ''iaspis''.
==Ver também==
===No Wikcionário===
{{verTambém.Ini}}
* [[jaspe-negro]]
{{verTambém.NovaColuna}}
* [[jaspe-sanguíneo]]
{{verTambém.Fim}}
[[Categoria:Substantivo (Português)]]
[[Categoria:Entrada com etimologia (Português)]]
[[Categoria:Mineral (Português)]]
[[Categoria:Entrada com imagem]]

={{-es-}}=
==Substantivo==
'''jaspe'''
# [[jaspe#Português|jaspe]]
[[Categoria:Substantivo (Espanhol)]]
[[Categoria:Mineral (Espanhol)]]

={{-fr-}}=
==Substantivo==
'''jaspe'''
# [[jaspe#Português|jaspe]]
[[Categoria:Substantivo (Francês)]]
[[Categoria:Mineral (Francês)]]

[[cs:jaspe]]
[[de:jaspe]]
[[el:jaspe]]
[[en:jaspe]]
[[eo:jaspe]]
[[fr:jaspe]]
[[io:jaspe]]
[[ko:jaspe]]
[[pl:jaspe]]
[[ru:jaspe]]
[[ta:jaspe]]
[[vi:jaspe]]
[[zh:jaspe]]</text>
<sha1>f9d0vxga6tr9lesgh91b7kuo5jytlq1</sha1>
</revision>
<revision>
<id>1683165</id>
<parentid>1611761</parentid>
<timestamp>2013-04-30T02:47:10Z</timestamp>
<contributor>
<username>HydrizBot</username>
<id>29590</id>
</contributor>
<minor />
<comment>r2.7.3) (Robô: A adicionar: [[ja:jaspe]]</comment>
<model>wikitext</model>
<format>text/x-wiki</format>
<text bytes="1733" xml:space="preserve">{{Wikipédia}}
[[Imagem:ISJaspis.jpg|thumb|300px|right|&lt;center&gt;Jaspe&lt;/center&gt;]]
={{-pt-}}=
==Substantivo==
{{flex.pt.masculino|s=jaspe|p=jaspes}}
{{paroxítona|jas|pe}}
#  [[variedade]] de [[quartzo]] [[opaco]], compacto, criptocristalino usualmente de cor vermelha usado em peças decorativas
===Tradução===
{{tradini}}
* {{trad|de|Jaspis}}
* {{trad|az|yəşəm}}
* {{trad|ca|jaspi}}
* {{trad|cs|jaspis}}
* {{trad|zh|賈斯珀}}
* {{trad|da|jaspis}}
* {{trad|sk|jaspis}}
* {{trad|es|jaspe}}
* {{trad|eo|jaspo}}
* {{trad|fr|jaspe}}
* {{trad|gl|xaspe}}
* {{trad|cy|iasbis}}
* {{trad|gn|itatĩpara}}
* {{trad|he|ישפה}}
{{tradmeio}}
* {{trad|nl|jaspis}}
* {{trad|en|jasper}}
* {{trad|it|diaspro}}
* {{trad|ja|碧玉}}
* {{trad|la|iaspis}}
* {{trad|lv|jašma}}
* {{trad|lt|jaspis}}
* {{trad|nah|tecpacuihcuilli}}
* {{trad|pl|jaspis}}
* {{trad|ro|jasp}}
* {{trad|ru|яшма}}
* {{trad|sv|jaspis}}
* {{trad|val|jasp}}
{{tradfim}}
=={{etimologia}}==
: Do latim ''iaspis''.
==Ver também==
===No Wikcionário===
{{verTambém.Ini}}
* [[jaspe-negro]]
{{verTambém.NovaColuna}}
* [[jaspe-sanguíneo]]
{{verTambém.Fim}}
[[Categoria:Substantivo (Português)]]
[[Categoria:Entrada com etimologia (Português)]]
[[Categoria:Mineral (Português)]]
[[Categoria:Entrada com imagem]]

={{-es-}}=
==Substantivo==
'''jaspe'''
# [[jaspe#Português|jaspe]]
[[Categoria:Substantivo (Espanhol)]]
[[Categoria:Mineral (Espanhol)]]

={{-fr-}}=
==Substantivo==
'''jaspe'''
# [[jaspe#Português|jaspe]]
[[Categoria:Substantivo (Francês)]]
[[Categoria:Mineral (Francês)]]

[[cs:jaspe]]
[[de:jaspe]]
[[el:jaspe]]
[[en:jaspe]]
[[eo:jaspe]]
[[fr:jaspe]]
[[io:jaspe]]
[[ja:jaspe]]
[[ko:jaspe]]
[[pl:jaspe]]
[[ru:jaspe]]
[[ta:jaspe]]
[[vi:jaspe]]
[[zh:jaspe]]</text>
<sha1>sm5xpt06d2xa6lp5zr2yqy9otiwpzf9</sha1>
</revision>
<revision>
<id>1851056</id>
<parentid>1683165</parentid>
<timestamp>2014-08-25T20:21:14Z</timestamp>
<contributor>
<username>JAnDbot</username>
<id>25083</id>
</contributor>
<minor />
<comment>r2.7.3) (Robô: A adicionar: [[hu:jaspe]]</comment>
<model>wikitext</model>
<format>text/x-wiki</format>
<text bytes="1746" xml:space="preserve">{{Wikipédia}}
[[Imagem:ISJaspis.jpg|thumb|300px|right|&lt;center&gt;Jaspe&lt;/center&gt;]]
={{-pt-}}=
==Substantivo==
{{flex.pt.masculino|s=jaspe|p=jaspes}}
{{paroxítona|jas|pe}}
#  [[variedade]] de [[quartzo]] [[opaco]], compacto, criptocristalino usualmente de cor vermelha usado em peças decorativas
===Tradução===
{{tradini}}
* {{trad|de|Jaspis}}
* {{trad|az|yəşəm}}
* {{trad|ca|jaspi}}
* {{trad|cs|jaspis}}
* {{trad|zh|賈斯珀}}
* {{trad|da|jaspis}}
* {{trad|sk|jaspis}}
* {{trad|es|jaspe}}
* {{trad|eo|jaspo}}
* {{trad|fr|jaspe}}
* {{trad|gl|xaspe}}
* {{trad|cy|iasbis}}
* {{trad|gn|itatĩpara}}
* {{trad|he|ישפה}}
{{tradmeio}}
* {{trad|nl|jaspis}}
* {{trad|en|jasper}}
* {{trad|it|diaspro}}
* {{trad|ja|碧玉}}
* {{trad|la|iaspis}}
* {{trad|lv|jašma}}
* {{trad|lt|jaspis}}
* {{trad|nah|tecpacuihcuilli}}
* {{trad|pl|jaspis}}
* {{trad|ro|jasp}}
* {{trad|ru|яшма}}
* {{trad|sv|jaspis}}
* {{trad|val|jasp}}
{{tradfim}}
=={{etimologia}}==
: Do latim ''iaspis''.
==Ver também==
===No Wikcionário===
{{verTambém.Ini}}
* [[jaspe-negro]]
{{verTambém.NovaColuna}}
* [[jaspe-sanguíneo]]
{{verTambém.Fim}}
[[Categoria:Substantivo (Português)]]
[[Categoria:Entrada com etimologia (Português)]]
[[Categoria:Mineral (Português)]]
[[Categoria:Entrada com imagem]]

={{-es-}}=
==Substantivo==
'''jaspe'''
# [[jaspe#Português|jaspe]]
[[Categoria:Substantivo (Espanhol)]]
[[Categoria:Mineral (Espanhol)]]

={{-fr-}}=
==Substantivo==
'''jaspe'''
# [[jaspe#Português|jaspe]]
[[Categoria:Substantivo (Francês)]]
[[Categoria:Mineral (Francês)]]

[[cs:jaspe]]
[[de:jaspe]]
[[el:jaspe]]
[[en:jaspe]]
[[eo:jaspe]]
[[fr:jaspe]]
[[hu:jaspe]]
[[io:jaspe]]
[[ja:jaspe]]
[[ko:jaspe]]
[[pl:jaspe]]
[[ru:jaspe]]
[[ta:jaspe]]
[[vi:jaspe]]
[[zh:jaspe]]</text>
<sha1>cr9k5a32nzaqhhb02jx9au1lploq6cr</sha1>
</revision>
<revision>
<id>1866652</id>
<parentid>1851056</parentid>
<timestamp>2014-10-13T18:21:07Z</timestamp>
<contributor>
<username>JAnDbot</username>
<id>25083</id>
</contributor>
<minor />
<comment>r2.7.3) (Robô: A adicionar: [[ku:jaspe]]</comment>
<model>wikitext</model>
<format>text/x-wiki</format>
<text bytes="1759" xml:space="preserve">{{Wikipédia}}
[[Imagem:ISJaspis.jpg|thumb|300px|right|&lt;center&gt;Jaspe&lt;/center&gt;]]
={{-pt-}}=
==Substantivo==
{{flex.pt.masculino|s=jaspe|p=jaspes}}
{{paroxítona|jas|pe}}
#  [[variedade]] de [[quartzo]] [[opaco]], compacto, criptocristalino usualmente de cor vermelha usado em peças decorativas
===Tradução===
{{tradini}}
* {{trad|de|Jaspis}}
* {{trad|az|yəşəm}}
* {{trad|ca|jaspi}}
* {{trad|cs|jaspis}}
* {{trad|zh|賈斯珀}}
* {{trad|da|jaspis}}
* {{trad|sk|jaspis}}
* {{trad|es|jaspe}}
* {{trad|eo|jaspo}}
* {{trad|fr|jaspe}}
* {{trad|gl|xaspe}}
* {{trad|cy|iasbis}}
* {{trad|gn|itatĩpara}}
* {{trad|he|ישפה}}
{{tradmeio}}
* {{trad|nl|jaspis}}
* {{trad|en|jasper}}
* {{trad|it|diaspro}}
* {{trad|ja|碧玉}}
* {{trad|la|iaspis}}
* {{trad|lv|jašma}}
* {{trad|lt|jaspis}}
* {{trad|nah|tecpacuihcuilli}}
* {{trad|pl|jaspis}}
* {{trad|ro|jasp}}
* {{trad|ru|яшма}}
* {{trad|sv|jaspis}}
* {{trad|val|jasp}}
{{tradfim}}
=={{etimologia}}==
: Do latim ''iaspis''.
==Ver também==
===No Wikcionário===
{{verTambém.Ini}}
* [[jaspe-negro]]
{{verTambém.NovaColuna}}
* [[jaspe-sanguíneo]]
{{verTambém.Fim}}
[[Categoria:Substantivo (Português)]]
[[Categoria:Entrada com etimologia (Português)]]
[[Categoria:Mineral (Português)]]
[[Categoria:Entrada com imagem]]

={{-es-}}=
==Substantivo==
'''jaspe'''
# [[jaspe#Português|jaspe]]
[[Categoria:Substantivo (Espanhol)]]
[[Categoria:Mineral (Espanhol)]]

={{-fr-}}=
==Substantivo==
'''jaspe'''
# [[jaspe#Português|jaspe]]
[[Categoria:Substantivo (Francês)]]
[[Categoria:Mineral (Francês)]]

[[cs:jaspe]]
[[de:jaspe]]
[[el:jaspe]]
[[en:jaspe]]
[[eo:jaspe]]
[[fr:jaspe]]
[[hu:jaspe]]
[[io:jaspe]]
[[ja:jaspe]]
[[ko:jaspe]]
[[ku:jaspe]]
[[pl:jaspe]]
[[ru:jaspe]]
[[ta:jaspe]]
[[vi:jaspe]]
[[zh:jaspe]]</text>
<sha1>pr0cijjjfkd46pfumdjqti6p0uxc9q3</sha1>
</revision>
<revision>
<id>2000575</id>
<parentid>1866652</parentid>
<timestamp>2015-09-11T13:04:32Z</timestamp>
<contributor>
<username>JAnDbot</username>
<id>25083</id>
</contributor>
<minor />
<comment>r2.7.3) (Robô: A adicionar: [[mg:jaspe]]</comment>
<model>wikitext</model>
<format>text/x-wiki</format>
<text bytes="1772" xml:space="preserve">{{Wikipédia}}
[[Imagem:ISJaspis.jpg|thumb|300px|right|&lt;center&gt;Jaspe&lt;/center&gt;]]
={{-pt-}}=
==Substantivo==
{{flex.pt.masculino|s=jaspe|p=jaspes}}
{{paroxítona|jas|pe}}
#  [[variedade]] de [[quartzo]] [[opaco]], compacto, criptocristalino usualmente de cor vermelha usado em peças decorativas
===Tradução===
{{tradini}}
* {{trad|de|Jaspis}}
* {{trad|az|yəşəm}}
* {{trad|ca|jaspi}}
* {{trad|cs|jaspis}}
* {{trad|zh|賈斯珀}}
* {{trad|da|jaspis}}
* {{trad|sk|jaspis}}
* {{trad|es|jaspe}}
* {{trad|eo|jaspo}}
* {{trad|fr|jaspe}}
* {{trad|gl|xaspe}}
* {{trad|cy|iasbis}}
* {{trad|gn|itatĩpara}}
* {{trad|he|ישפה}}
{{tradmeio}}
* {{trad|nl|jaspis}}
* {{trad|en|jasper}}
* {{trad|it|diaspro}}
* {{trad|ja|碧玉}}
* {{trad|la|iaspis}}
* {{trad|lv|jašma}}
* {{trad|lt|jaspis}}
* {{trad|nah|tecpacuihcuilli}}
* {{trad|pl|jaspis}}
* {{trad|ro|jasp}}
* {{trad|ru|яшма}}
* {{trad|sv|jaspis}}
* {{trad|val|jasp}}
{{tradfim}}
=={{etimologia}}==
: Do latim ''iaspis''.
==Ver também==
===No Wikcionário===
{{verTambém.Ini}}
* [[jaspe-negro]]
{{verTambém.NovaColuna}}
* [[jaspe-sanguíneo]]
{{verTambém.Fim}}
[[Categoria:Substantivo (Português)]]
[[Categoria:Entrada com etimologia (Português)]]
[[Categoria:Mineral (Português)]]
[[Categoria:Entrada com imagem]]

={{-es-}}=
==Substantivo==
'''jaspe'''
# [[jaspe#Português|jaspe]]
[[Categoria:Substantivo (Espanhol)]]
[[Categoria:Mineral (Espanhol)]]

={{-fr-}}=
==Substantivo==
'''jaspe'''
# [[jaspe#Português|jaspe]]
[[Categoria:Substantivo (Francês)]]
[[Categoria:Mineral (Francês)]]

[[cs:jaspe]]
[[de:jaspe]]
[[el:jaspe]]
[[en:jaspe]]
[[eo:jaspe]]
[[fr:jaspe]]
[[hu:jaspe]]
[[io:jaspe]]
[[ja:jaspe]]
[[ko:jaspe]]
[[ku:jaspe]]
[[mg:jaspe]]
[[pl:jaspe]]
[[ru:jaspe]]
[[ta:jaspe]]
[[vi:jaspe]]
[[zh:jaspe]]</text>
<sha1>3joof229wxmi4jl03yoqicx652oxrto</sha1>
</revision>
<revision>
<id>2036466</id>
<parentid>2000575</parentid>
<timestamp>2015-11-13T19:02:40Z</timestamp>
<contributor>
<username>ValJor</username>
<id>1358</id>
</contributor>
<comment>Retirando verbete da [[:Categoria:Entrada com imagem]]</comment>
<model>wikitext</model>
<format>text/x-wiki</format>
<text bytes="1831" xml:space="preserve">{{Wikipédia}}
[[Imagem:ISJaspis.jpg|thumb|250px|right|&lt;center&gt;Jaspe&lt;/center&gt;]]

={{-pt-}}=
==Substantivo==
{{flex.pt|ms=jaspe|mp=jaspes}}
{{paroxítona|jas|pe}}, {{m}}
#  [[variedade]] de [[quartzo]] [[opaco]], compacto, criptocristalino usualmente de cor vermelha usado em peças decorativas

===Tradução===
{{tradini}}
* {{trad|de|Jaspis}}
* {{trad|az|yəşəm}}
* {{trad|ca|jaspi}}
* {{trad|cs|jaspis}}
* {{trad|zh|賈斯珀}}
* {{trad|da|jaspis}}
* {{trad|sk|jaspis}}
* {{trad|es|jaspe}}
* {{trad|eo|jaspo}}
* {{trad|fr|jaspe}}
* {{trad|gl|xaspe}}
* {{trad|cy|iasbis}}
* {{trad|gn|itatĩpara}}
* {{trad|he|ישפה}}
{{tradmeio}}
* {{trad|nl|jaspis}}
* {{trad|en|jasper}}
* {{trad|it|diaspro}}
* {{trad|ja|碧玉}}
* {{trad|la|iaspis}}
* {{trad|lv|jašma}}
* {{trad|lt|jaspis}}
* {{trad|nah|tecpacuihcuilli}}
* {{trad|pl|jaspis}}
* {{trad|ro|jasp}}
* {{trad|ru|яшма}}
* {{trad|sv|jaspis}}
* {{trad|val|jasp}}
{{tradfim}}

=={{etimologia}}==
: Do latim ''iaspis''.

==Ver também==
===No Wikcionário===
{{verTambém.Ini}}
* [[jaspe-negro]]
{{verTambém.NovaColuna}}
* [[jaspe-sanguíneo]]
{{verTambém.Fim}}

[[Categoria:Substantivo (Português)]]
[[Categoria:Mineral (Português)]]
[[Categoria:Entrada com imagem (Português)]]


={{-es-}}=
==Substantivo==
'''jaspe'''
# [[jaspe#Português|jaspe]]

[[Categoria:Substantivo (Espanhol)]]
[[Categoria:Mineral (Espanhol)]]
[[Categoria:Entrada com imagem (Espanhol)]]


={{-fr-}}=
==Substantivo==
'''jaspe'''
# [[jaspe#Português|jaspe]]

[[Categoria:Substantivo (Francês)]]
[[Categoria:Mineral (Francês)]]
[[Categoria:Entrada com imagem (Francês)]]

[[cs:jaspe]]
[[de:jaspe]]
[[el:jaspe]]
[[en:jaspe]]
[[eo:jaspe]]
[[fr:jaspe]]
[[hu:jaspe]]
[[io:jaspe]]
[[ja:jaspe]]
[[ko:jaspe]]
[[ku:jaspe]]
[[mg:jaspe]]
[[pl:jaspe]]
[[ru:jaspe]]
[[ta:jaspe]]
[[vi:jaspe]]
[[zh:jaspe]]</text>
<sha1>e2fmope8d3qp5pq66mh696yfvldeqei</sha1>
</revision>
<revision>
<id>2096216</id>
<parentid>2036466</parentid>
<timestamp>2016-05-03T16:39:19Z</timestamp>
<contributor>
<username>Defender</username>
<id>15952</id>
</contributor>
<comment>Verbete [[:Categoria:!Página com idioma não informado em Predefinição:etimologia|sem indicação do idioma na seção de etimologia]]</comment>
<model>wikitext</model>
<format>text/x-wiki</format>
<text bytes="1845" xml:space="preserve">{{Wikipédia}}
[[Imagem:ISJaspis.jpg|thumb|250px|right|&lt;center&gt;Jaspe&lt;/center&gt;]]

={{-pt-}}=
==Substantivo==
{{flex.pt|ms=jaspe|mp=jaspes}}
{{paroxítona|jas|pe}}, {{gramática|m}}
# [[variedade]] de [[quartzo]] [[opaco]], compacto, criptocristalino usualmente de cor vermelha usado em peças decorativas

===Tradução===
{{tradini}}
* {{trad|de|Jaspis}}
* {{trad|az|yəşəm}}
* {{trad|ca|jaspi}}
* {{trad|cs|jaspis}}
* {{trad|zh|賈斯珀}}
* {{trad|da|jaspis}}
* {{trad|sk|jaspis}}
* {{trad|es|jaspe}}
* {{trad|eo|jaspo}}
* {{trad|fr|jaspe}}
* {{trad|gl|xaspe}}
* {{trad|cy|iasbis}}
* {{trad|gn|itatĩpara}}
* {{trad|he|ישפה}}
{{tradmeio}}
* {{trad|nl|jaspis}}
* {{trad|en|jasper}}
* {{trad|it|diaspro}}
* {{trad|ja|碧玉}}
* {{trad|la|iaspis}}
* {{trad|lv|jašma}}
* {{trad|lt|jaspis}}
* {{trad|nah|tecpacuihcuilli}}
* {{trad|pl|jaspis}}
* {{trad|ro|jasp}}
* {{trad|ru|яшма}}
* {{trad|sv|jaspis}}
* {{trad|val|jasp}}
{{tradfim}}

=={{etimologia|pt}}==
{{llietimo|la|iaspis|pt}}

==Ver também==
===No Wikcionário===
{{verTambém.Ini}}
* [[jaspe-negro]]
{{verTambém.NovaColuna}}
* [[jaspe-sanguíneo]]
{{verTambém.Fim}}

[[Categoria:Substantivo (Português)]]
[[Categoria:Mineral (Português)]]
[[Categoria:Entrada com imagem (Português)]]

={{-es-}}=
==Substantivo==
'''jaspe'''
# [[jaspe#Português|jaspe]]

[[Categoria:Substantivo (Espanhol)]]
[[Categoria:Mineral (Espanhol)]]
[[Categoria:Entrada com imagem (Espanhol)]]

={{-fr-}}=
==Substantivo==
'''jaspe'''
# [[jaspe#Português|jaspe]]

[[Categoria:Substantivo (Francês)]]
[[Categoria:Mineral (Francês)]]
[[Categoria:Entrada com imagem (Francês)]]

[[cs:jaspe]]
[[de:jaspe]]
[[el:jaspe]]
[[en:jaspe]]
[[eo:jaspe]]
[[fr:jaspe]]
[[hu:jaspe]]
[[io:jaspe]]
[[ja:jaspe]]
[[ko:jaspe]]
[[ku:jaspe]]
[[mg:jaspe]]
[[pl:jaspe]]
[[ru:jaspe]]
[[ta:jaspe]]
[[vi:jaspe]]
[[zh:jaspe]]</text>
<sha1>04gfiz0wtdcgfnou5hcxuzrbsn7jbp8</sha1>
</revision>
<revision>
<id>2102995</id>
<parentid>2096216</parentid>
<timestamp>2016-05-24T00:11:53Z</timestamp>
<contributor>
<username>JAnDbot</username>
<id>25083</id>
</contributor>
<minor />
<comment>r2.7.3) (Robô: A adicionar: [[es:jaspe]]</comment>
<model>wikitext</model>
<format>text/x-wiki</format>
<text bytes="1858" xml:space="preserve">{{Wikipédia}}
[[Imagem:ISJaspis.jpg|thumb|250px|right|&lt;center&gt;Jaspe&lt;/center&gt;]]

={{-pt-}}=
==Substantivo==
{{flex.pt|ms=jaspe|mp=jaspes}}
{{paroxítona|jas|pe}}, {{gramática|m}}
# [[variedade]] de [[quartzo]] [[opaco]], compacto, criptocristalino usualmente de cor vermelha usado em peças decorativas

===Tradução===
{{tradini}}
* {{trad|de|Jaspis}}
* {{trad|az|yəşəm}}
* {{trad|ca|jaspi}}
* {{trad|cs|jaspis}}
* {{trad|zh|賈斯珀}}
* {{trad|da|jaspis}}
* {{trad|sk|jaspis}}
* {{trad|es|jaspe}}
* {{trad|eo|jaspo}}
* {{trad|fr|jaspe}}
* {{trad|gl|xaspe}}
* {{trad|cy|iasbis}}
* {{trad|gn|itatĩpara}}
* {{trad|he|ישפה}}
{{tradmeio}}
* {{trad|nl|jaspis}}
* {{trad|en|jasper}}
* {{trad|it|diaspro}}
* {{trad|ja|碧玉}}
* {{trad|la|iaspis}}
* {{trad|lv|jašma}}
* {{trad|lt|jaspis}}
* {{trad|nah|tecpacuihcuilli}}
* {{trad|pl|jaspis}}
* {{trad|ro|jasp}}
* {{trad|ru|яшма}}
* {{trad|sv|jaspis}}
* {{trad|val|jasp}}
{{tradfim}}

=={{etimologia|pt}}==
{{llietimo|la|iaspis|pt}}

==Ver também==
===No Wikcionário===
{{verTambém.Ini}}
* [[jaspe-negro]]
{{verTambém.NovaColuna}}
* [[jaspe-sanguíneo]]
{{verTambém.Fim}}

[[Categoria:Substantivo (Português)]]
[[Categoria:Mineral (Português)]]
[[Categoria:Entrada com imagem (Português)]]

={{-es-}}=
==Substantivo==
'''jaspe'''
# [[jaspe#Português|jaspe]]

[[Categoria:Substantivo (Espanhol)]]
[[Categoria:Mineral (Espanhol)]]
[[Categoria:Entrada com imagem (Espanhol)]]

={{-fr-}}=
==Substantivo==
'''jaspe'''
# [[jaspe#Português|jaspe]]

[[Categoria:Substantivo (Francês)]]
[[Categoria:Mineral (Francês)]]
[[Categoria:Entrada com imagem (Francês)]]

[[cs:jaspe]]
[[de:jaspe]]
[[el:jaspe]]
[[en:jaspe]]
[[eo:jaspe]]
[[es:jaspe]]
[[fr:jaspe]]
[[hu:jaspe]]
[[io:jaspe]]
[[ja:jaspe]]
[[ko:jaspe]]
[[ku:jaspe]]
[[mg:jaspe]]
[[pl:jaspe]]
[[ru:jaspe]]
[[ta:jaspe]]
[[vi:jaspe]]
[[zh:jaspe]]</text>
<sha1>kt9aqfdfabf00u7cqkskm4459sjsg89</sha1>
</revision>
<revision>
<id>2150305</id>
<parentid>2102995</parentid>
<timestamp>2016-07-12T20:46:20Z</timestamp>
<contributor>
<username>JAnDbot</username>
<id>25083</id>
</contributor>
<minor />
<comment>Robô: A adicionar: [[sk:jaspe]]</comment>
<model>wikitext</model>
<format>text/x-wiki</format>
<text bytes="1871" xml:space="preserve">{{Wikipédia}}
[[Imagem:ISJaspis.jpg|thumb|250px|right|&lt;center&gt;Jaspe&lt;/center&gt;]]

={{-pt-}}=
==Substantivo==
{{flex.pt|ms=jaspe|mp=jaspes}}
{{paroxítona|jas|pe}}, {{gramática|m}}
# [[variedade]] de [[quartzo]] [[opaco]], compacto, criptocristalino usualmente de cor vermelha usado em peças decorativas

===Tradução===
{{tradini}}
* {{trad|de|Jaspis}}
* {{trad|az|yəşəm}}
* {{trad|ca|jaspi}}
* {{trad|cs|jaspis}}
* {{trad|zh|賈斯珀}}
* {{trad|da|jaspis}}
* {{trad|sk|jaspis}}
* {{trad|es|jaspe}}
* {{trad|eo|jaspo}}
* {{trad|fr|jaspe}}
* {{trad|gl|xaspe}}
* {{trad|cy|iasbis}}
* {{trad|gn|itatĩpara}}
* {{trad|he|ישפה}}
{{tradmeio}}
* {{trad|nl|jaspis}}
* {{trad|en|jasper}}
* {{trad|it|diaspro}}
* {{trad|ja|碧玉}}
* {{trad|la|iaspis}}
* {{trad|lv|jašma}}
* {{trad|lt|jaspis}}
* {{trad|nah|tecpacuihcuilli}}
* {{trad|pl|jaspis}}
* {{trad|ro|jasp}}
* {{trad|ru|яшма}}
* {{trad|sv|jaspis}}
* {{trad|val|jasp}}
{{tradfim}}

=={{etimologia|pt}}==
{{llietimo|la|iaspis|pt}}

==Ver também==
===No Wikcionário===
{{verTambém.Ini}}
* [[jaspe-negro]]
{{verTambém.NovaColuna}}
* [[jaspe-sanguíneo]]
{{verTambém.Fim}}

[[Categoria:Substantivo (Português)]]
[[Categoria:Mineral (Português)]]
[[Categoria:Entrada com imagem (Português)]]

={{-es-}}=
==Substantivo==
'''jaspe'''
# [[jaspe#Português|jaspe]]

[[Categoria:Substantivo (Espanhol)]]
[[Categoria:Mineral (Espanhol)]]
[[Categoria:Entrada com imagem (Espanhol)]]

={{-fr-}}=
==Substantivo==
'''jaspe'''
# [[jaspe#Português|jaspe]]

[[Categoria:Substantivo (Francês)]]
[[Categoria:Mineral (Francês)]]
[[Categoria:Entrada com imagem (Francês)]]

[[cs:jaspe]]
[[de:jaspe]]
[[el:jaspe]]
[[en:jaspe]]
[[eo:jaspe]]
[[es:jaspe]]
[[fr:jaspe]]
[[hu:jaspe]]
[[io:jaspe]]
[[ja:jaspe]]
[[ko:jaspe]]
[[ku:jaspe]]
[[mg:jaspe]]
[[pl:jaspe]]
[[ru:jaspe]]
[[sk:jaspe]]
[[ta:jaspe]]
[[vi:jaspe]]
[[zh:jaspe]]</text>
<sha1>alruk5ttznykhvqcid0oqwlc3jilmya</sha1>
</revision>
<revision>
<id>2364711</id>
<parentid>2150305</parentid>
<timestamp>2017-05-03T15:46:42Z</timestamp>
<contributor>
<username>HydrizBot</username>
<id>29590</id>
</contributor>
<minor />
<comment>Robô: A limpar links interwikis antigos</comment>
<model>wikitext</model>
<format>text/x-wiki</format>
<text bytes="1623" xml:space="preserve">{{Wikipédia}}
[[Imagem:ISJaspis.jpg|thumb|250px|right|&lt;center&gt;Jaspe&lt;/center&gt;]]

={{-pt-}}=
==Substantivo==
{{flex.pt|ms=jaspe|mp=jaspes}}
{{paroxítona|jas|pe}}, {{gramática|m}}
# [[variedade]] de [[quartzo]] [[opaco]], compacto, criptocristalino usualmente de cor vermelha usado em peças decorativas

===Tradução===
{{tradini}}
* {{trad|de|Jaspis}}
* {{trad|az|yəşəm}}
* {{trad|ca|jaspi}}
* {{trad|cs|jaspis}}
* {{trad|zh|賈斯珀}}
* {{trad|da|jaspis}}
* {{trad|sk|jaspis}}
* {{trad|es|jaspe}}
* {{trad|eo|jaspo}}
* {{trad|fr|jaspe}}
* {{trad|gl|xaspe}}
* {{trad|cy|iasbis}}
* {{trad|gn|itatĩpara}}
* {{trad|he|ישפה}}
{{tradmeio}}
* {{trad|nl|jaspis}}
* {{trad|en|jasper}}
* {{trad|it|diaspro}}
* {{trad|ja|碧玉}}
* {{trad|la|iaspis}}
* {{trad|lv|jašma}}
* {{trad|lt|jaspis}}
* {{trad|nah|tecpacuihcuilli}}
* {{trad|pl|jaspis}}
* {{trad|ro|jasp}}
* {{trad|ru|яшма}}
* {{trad|sv|jaspis}}
* {{trad|val|jasp}}
{{tradfim}}

=={{etimologia|pt}}==
{{llietimo|la|iaspis|pt}}

==Ver também==
===No Wikcionário===
{{verTambém.Ini}}
* [[jaspe-negro]]
{{verTambém.NovaColuna}}
* [[jaspe-sanguíneo]]
{{verTambém.Fim}}

[[Categoria:Substantivo (Português)]]
[[Categoria:Mineral (Português)]]
[[Categoria:Entrada com imagem (Português)]]

={{-es-}}=
==Substantivo==
'''jaspe'''
# [[jaspe#Português|jaspe]]

[[Categoria:Substantivo (Espanhol)]]
[[Categoria:Mineral (Espanhol)]]
[[Categoria:Entrada com imagem (Espanhol)]]

={{-fr-}}=
==Substantivo==
'''jaspe'''
# [[jaspe#Português|jaspe]]

[[Categoria:Substantivo (Francês)]]
[[Categoria:Mineral (Francês)]]
[[Categoria:Entrada com imagem (Francês)]]</text>
<sha1>63ky75rjk9u0ekk289nouavmvw5cqql</sha1>
</revision>
<revision>
<id>2620554</id>
<parentid>2364711</parentid>
<timestamp>2021-02-01T21:55:59Z</timestamp>
<contributor>
<username>MarxavBot</username>
<id>80155</id>
</contributor>
<minor />
<comment>AFI Portugal</comment>
<model>wikitext</model>
<format>text/x-wiki</format>
<text bytes="1690" xml:space="preserve">{{Wikipédia}}
[[Imagem:ISJaspis.jpg|thumb|250px|right|&lt;center&gt;Jaspe&lt;/center&gt;]]

={{-pt-}}=
==Substantivo==
{{flex.pt|ms=jaspe|mp=jaspes}}
{{paroxítona|jas|pe}}, {{gramática|m}}
# [[variedade]] de [[quartzo]] [[opaco]], compacto, criptocristalino usualmente de cor vermelha usado em peças decorativas

===Tradução===
{{tradini}}
* {{trad|de|Jaspis}}
* {{trad|az|yəşəm}}
* {{trad|ca|jaspi}}
* {{trad|cs|jaspis}}
* {{trad|zh|賈斯珀}}
* {{trad|da|jaspis}}
* {{trad|sk|jaspis}}
* {{trad|es|jaspe}}
* {{trad|eo|jaspo}}
* {{trad|fr|jaspe}}
* {{trad|gl|xaspe}}
* {{trad|cy|iasbis}}
* {{trad|gn|itatĩpara}}
* {{trad|he|ישפה}}
{{tradmeio}}
* {{trad|nl|jaspis}}
* {{trad|en|jasper}}
* {{trad|it|diaspro}}
* {{trad|ja|碧玉}}
* {{trad|la|iaspis}}
* {{trad|lv|jašma}}
* {{trad|lt|jaspis}}
* {{trad|nah|tecpacuihcuilli}}
* {{trad|pl|jaspis}}
* {{trad|ro|jasp}}
* {{trad|ru|яшма}}
* {{trad|sv|jaspis}}
* {{trad|val|jasp}}
{{tradfim}}

=={{etimologia|pt}}==
{{llietimo|la|iaspis|pt}}

=={{pronúncia|pt}}==
===Portugal===
* AFI: {{AFI|/ˈʒaʃ.pɨ/}}

==Ver também==
===No Wikcionário===
{{verTambém.Ini}}
* [[jaspe-negro]]
{{verTambém.NovaColuna}}
* [[jaspe-sanguíneo]]
{{verTambém.Fim}}

[[Categoria:Substantivo (Português)]]
[[Categoria:Mineral (Português)]]
[[Categoria:Entrada com imagem (Português)]]

={{-es-}}=
==Substantivo==
'''jaspe'''
# [[jaspe#Português|jaspe]]

[[Categoria:Substantivo (Espanhol)]]
[[Categoria:Mineral (Espanhol)]]
[[Categoria:Entrada com imagem (Espanhol)]]

={{-fr-}}=
==Substantivo==
'''jaspe'''
# [[jaspe#Português|jaspe]]

[[Categoria:Substantivo (Francês)]]
[[Categoria:Mineral (Francês)]]
[[Categoria:Entrada com imagem (Francês)]]</text>
<sha1>ed9cyfo9qrqlw53rvcmttgdic5uoyc6</sha1>
</revision>
</page>
