<title>jastreu</title>
<ns>0</ns>
<id>405522</id>
<revision>
<id>2533109</id>
<timestamp>2019-01-16T13:32:37Z</timestamp>
<contributor>
<username>Cpls</username>
<id>20608</id>
</contributor>
<comment>[[Ajuda:Guia de edição/Menus e ferramentas/Sumário de edição|→]] nova página: ={{-gl-}}= ==Substantivo== {{flex.gl|ms=jastreu|mp=jastreus}} {{oxítona|jas|treu|lang=gl}}, {{g|m|lang=gl}}...</comment>
<model>wikitext</model>
<format>text/x-wiki</format>
<text bytes="501" xml:space="preserve">={{-gl-}}=
==Substantivo==
{{flex.gl|ms=jastreu|mp=jastreus}}
{{oxítona|jas|treu|lang=gl}}, {{g|m|lang=gl}}
# [[aguardente]] de ervas, feito com a planta do mesmo nome
# {{escopo|gl|Planta}} [[mentastro]] (''[[species:Mentha × rotundifolia|Mentha × rotundifolia]]'')

==={{-varort-}}===
* [[xastreo#{{gl}}|xastreo]]

===Sinónimos===
* De '''2''': Vide em [[ventastre#{{gl}}|ventastre]]

=={{etimologia|gl}}==
: Aparentado com o francês {{etimo|fr|chartreuse}}.

[[Categoria:Substantivo (Galego)]]</text>
<sha1>idg7t6bm3rsyrxenbh59j2a4ozuworo</sha1>
</revision>
</page>
