<title>jasy</title>
<ns>0</ns>
<id>331160</id>
<revision>
<id>1861691</id>
<timestamp>2014-09-23T13:26:46Z</timestamp>
<contributor>
<username>Luis Gabriel Moraes Dias</username>
<id>11628</id>
</contributor>
<comment>[[Ajuda:Guia de edição/Menus e ferramentas/Sumário de edição|→]] nova página: ={{-gn-}}= {{Wikipédia|lang=gn}} ==Substantivo== '''jasy''', {{pr}} #{{escopo|Astronomia}} [[lua]] # [[mês]...</comment>
<model>wikitext</model>
<format>text/x-wiki</format>
<text bytes="209" xml:space="preserve">={{-gn-}}=
{{Wikipédia|lang=gn}}
==Substantivo==
'''jasy''', {{pr}}
#{{escopo|Astronomia}} [[lua]]
# [[mês]]

==Ver também==
{{Sistema solar/gn}}

{{categorias|{{nome categoria|gn}}|Substantivo|Astronomia}}</text>
<sha1>9pek6j0qx22baehn0ntma1hkfc6s4gp</sha1>
</revision>
<revision>
<id>1861698</id>
<parentid>1861691</parentid>
<timestamp>2014-09-23T13:41:46Z</timestamp>
<contributor>
<username>Luis Gabriel Moraes Dias</username>
<id>11628</id>
</contributor>
<comment>/* Ver também */</comment>
<model>wikitext</model>
<format>text/x-wiki</format>
<text bytes="209" xml:space="preserve">={{-gn-}}=
{{Wikipédia|lang=gn}}
==Substantivo==
'''jasy''', {{pr}}
#{{escopo|Astronomia}} [[lua]]
# [[mês]]

==Ver também==
{{sistema solar/gn}}

{{categorias|{{nome categoria|gn}}|Substantivo|Astronomia}}</text>
<sha1>e5a6ewi5otc9fam2wdpyoovmjzpieau</sha1>
</revision>
<revision>
<id>2000252</id>
<parentid>1861698</parentid>
<timestamp>2015-09-11T09:42:37Z</timestamp>
<contributor>
<username>MalafayaBot</username>
<id>628</id>
</contributor>
<minor />
<comment>Robô: A adicionar: en, es, fr, mg, nl, ru, tr</comment>
<model>wikitext</model>
<format>text/x-wiki</format>
<text bytes="294" xml:space="preserve">={{-gn-}}=
{{Wikipédia|lang=gn}}
==Substantivo==
'''jasy''', {{pr}}
#{{escopo|Astronomia}} [[lua]]
# [[mês]]

==Ver também==
{{sistema solar/gn}}

{{categorias|{{nome categoria|gn}}|Substantivo|Astronomia}}

[[en:jasy]]
[[es:jasy]]
[[fr:jasy]]
[[mg:jasy]]
[[nl:jasy]]
[[ru:jasy]]
[[tr:jasy]]</text>
<sha1>7gxa0bkpnluyl3e8ot9h8rwt0ig3frh</sha1>
</revision>
<revision>
<id>2127980</id>
<parentid>2000252</parentid>
<timestamp>2016-06-07T18:05:15Z</timestamp>
<contributor>
<username>UT-interwiki-Bot</username>
<id>56129</id>
</contributor>
<minor />
<comment>Robô: A adicionar: [[az:jasy]]</comment>
<model>wikitext</model>
<format>text/x-wiki</format>
<text bytes="306" xml:space="preserve">={{-gn-}}=
{{Wikipédia|lang=gn}}
==Substantivo==
'''jasy''', {{pr}}
#{{escopo|Astronomia}} [[lua]]
# [[mês]]

==Ver também==
{{sistema solar/gn}}

{{categorias|{{nome categoria|gn}}|Substantivo|Astronomia}}

[[az:jasy]]
[[en:jasy]]
[[es:jasy]]
[[fr:jasy]]
[[mg:jasy]]
[[nl:jasy]]
[[ru:jasy]]
[[tr:jasy]]</text>
<sha1>lttmw8gmohnya099kfwum5fy92bv5zj</sha1>
</revision>
<revision>
<id>2364713</id>
<parentid>2127980</parentid>
<timestamp>2017-05-03T15:46:47Z</timestamp>
<contributor>
<username>HydrizBot</username>
<id>29590</id>
</contributor>
<minor />
<comment>Robô: A limpar links interwikis antigos</comment>
<model>wikitext</model>
<format>text/x-wiki</format>
<text bytes="209" xml:space="preserve">={{-gn-}}=
{{Wikipédia|lang=gn}}
==Substantivo==
'''jasy''', {{pr}}
#{{escopo|Astronomia}} [[lua]]
# [[mês]]

==Ver também==
{{sistema solar/gn}}

{{categorias|{{nome categoria|gn}}|Substantivo|Astronomia}}</text>
<sha1>e5a6ewi5otc9fam2wdpyoovmjzpieau</sha1>
</revision>
</page>
