<title>jattu</title>
<ns>0</ns>
<id>312338</id>
<revision>
<id>1660118</id>
<timestamp>2013-02-24T22:29:17Z</timestamp>
<contributor>
<username>MalafayaBot</username>
<id>628</id>
</contributor>
<comment>Criada automaticamente a partir das traduções em [[gato]]</comment>
<model>wikitext</model>
<format>text/x-wiki</format>
<text bytes="147" xml:space="preserve">={{-scn-}}=
==Substantivo==
'''jattu'''
# [[gato]] (animal)

{{página-automática|fevereiro|2013|gato|scn}}

[[Categoria:Substantivo (Siciliano)]]</text>
<sha1>kf83s5wwihnmbqsnbd8u7hfdwqhce24</sha1>
</revision>
<revision>
<id>1663731</id>
<parentid>1660118</parentid>
<timestamp>2013-03-03T22:48:12Z</timestamp>
<contributor>
<username>HydrizBot</username>
<id>29590</id>
</contributor>
<minor />
<comment>r2.7.3) (Robô: A adicionar: el, en, lb, lo, pl, scn, tr</comment>
<model>wikitext</model>
<format>text/x-wiki</format>
<text bytes="240" xml:space="preserve">={{-scn-}}=
==Substantivo==
'''jattu'''
# [[gato]] (animal)

{{página-automática|fevereiro|2013|gato|scn}}

[[Categoria:Substantivo (Siciliano)]]

[[el:jattu]]
[[en:jattu]]
[[lb:jattu]]
[[lo:jattu]]
[[pl:jattu]]
[[scn:jattu]]
[[tr:jattu]]</text>
<sha1>3ummy41pd7z0jf6smtvupbg7kr02uhz</sha1>
</revision>
<revision>
<id>1690428</id>
<parentid>1663731</parentid>
<timestamp>2013-05-26T08:07:15Z</timestamp>
<contributor>
<username>HydrizBot</username>
<id>29590</id>
</contributor>
<minor />
<comment>r2.7.3) (Robô: A adicionar: [[mg:jattu]]</comment>
<model>wikitext</model>
<format>text/x-wiki</format>
<text bytes="253" xml:space="preserve">={{-scn-}}=
==Substantivo==
'''jattu'''
# [[gato]] (animal)

{{página-automática|fevereiro|2013|gato|scn}}

[[Categoria:Substantivo (Siciliano)]]

[[el:jattu]]
[[en:jattu]]
[[lb:jattu]]
[[lo:jattu]]
[[mg:jattu]]
[[pl:jattu]]
[[scn:jattu]]
[[tr:jattu]]</text>
<sha1>99qzd8wyqt8t3wfxagfurb9qmjc22gd</sha1>
</revision>
<revision>
<id>1775613</id>
<parentid>1690428</parentid>
<timestamp>2013-11-26T23:40:47Z</timestamp>
<contributor>
<username>MalafayaBot</username>
<id>628</id>
</contributor>
<minor />
<comment>r2.7.5) (Robô: A adicionar: [[chr:jattu]]</comment>
<model>wikitext</model>
<format>text/x-wiki</format>
<text bytes="267" xml:space="preserve">={{-scn-}}=
==Substantivo==
'''jattu'''
# [[gato]] (animal)

{{página-automática|fevereiro|2013|gato|scn}}

[[Categoria:Substantivo (Siciliano)]]

[[chr:jattu]]
[[el:jattu]]
[[en:jattu]]
[[lb:jattu]]
[[lo:jattu]]
[[mg:jattu]]
[[pl:jattu]]
[[scn:jattu]]
[[tr:jattu]]</text>
<sha1>3klc2x8j091kqa4032g85ovxcos3j8g</sha1>
</revision>
<revision>
<id>1981059</id>
<parentid>1775613</parentid>
<timestamp>2015-08-11T14:47:04Z</timestamp>
<contributor>
<username>JAnDbot</username>
<id>25083</id>
</contributor>
<minor />
<comment>r2.7.3) (Robô: A adicionar: [[ay:jattu]]</comment>
<model>wikitext</model>
<format>text/x-wiki</format>
<text bytes="280" xml:space="preserve">={{-scn-}}=
==Substantivo==
'''jattu'''
# [[gato]] (animal)

{{página-automática|fevereiro|2013|gato|scn}}

[[Categoria:Substantivo (Siciliano)]]

[[ay:jattu]]
[[chr:jattu]]
[[el:jattu]]
[[en:jattu]]
[[lb:jattu]]
[[lo:jattu]]
[[mg:jattu]]
[[pl:jattu]]
[[scn:jattu]]
[[tr:jattu]]</text>
<sha1>6xmkmcw85ei7kgq8xwtor5gqup8uji5</sha1>
</revision>
<revision>
<id>2009329</id>
<parentid>1981059</parentid>
<timestamp>2015-10-04T19:48:43Z</timestamp>
<contributor>
<username>YS-Bot</username>
<id>32241</id>
</contributor>
<minor />
<comment>r2.7.3) (Robô: A adicionar: [[ro:jattu]]</comment>
<model>wikitext</model>
<format>text/x-wiki</format>
<text bytes="293" xml:space="preserve">={{-scn-}}=
==Substantivo==
'''jattu'''
# [[gato]] (animal)

{{página-automática|fevereiro|2013|gato|scn}}

[[Categoria:Substantivo (Siciliano)]]

[[ay:jattu]]
[[chr:jattu]]
[[el:jattu]]
[[en:jattu]]
[[lb:jattu]]
[[lo:jattu]]
[[mg:jattu]]
[[pl:jattu]]
[[ro:jattu]]
[[scn:jattu]]
[[tr:jattu]]</text>
<sha1>a74iwwdnp0tfry5igu0pe8hjeyfik0m</sha1>
</revision>
<revision>
<id>2127979</id>
<parentid>2009329</parentid>
<timestamp>2016-06-07T18:05:04Z</timestamp>
<contributor>
<username>UT-interwiki-Bot</username>
<id>56129</id>
</contributor>
<minor />
<comment>Robô: A adicionar: [[co:jattu]]</comment>
<model>wikitext</model>
<format>text/x-wiki</format>
<text bytes="306" xml:space="preserve">={{-scn-}}=
==Substantivo==
'''jattu'''
# [[gato]] (animal)

{{página-automática|fevereiro|2013|gato|scn}}

[[Categoria:Substantivo (Siciliano)]]

[[ay:jattu]]
[[chr:jattu]]
[[co:jattu]]
[[el:jattu]]
[[en:jattu]]
[[lb:jattu]]
[[lo:jattu]]
[[mg:jattu]]
[[pl:jattu]]
[[ro:jattu]]
[[scn:jattu]]
[[tr:jattu]]</text>
<sha1>2remypsqhgs6xsjwxrkaajtfp6yq4g3</sha1>
</revision>
<revision>
<id>2364716</id>
<parentid>2127979</parentid>
<timestamp>2017-05-03T15:46:56Z</timestamp>
<contributor>
<username>HydrizBot</username>
<id>29590</id>
</contributor>
<minor />
<comment>Robô: A limpar links interwikis antigos</comment>
<model>wikitext</model>
<format>text/x-wiki</format>
<text bytes="147" xml:space="preserve">={{-scn-}}=
==Substantivo==
'''jattu'''
# [[gato]] (animal)

{{página-automática|fevereiro|2013|gato|scn}}

[[Categoria:Substantivo (Siciliano)]]</text>
<sha1>kf83s5wwihnmbqsnbd8u7hfdwqhce24</sha1>
</revision>
</page>
