<title>jauense</title>
<ns>0</ns>
<id>258536</id>
<revision>
<id>1011111</id>
<timestamp>2011-01-14T16:55:35Z</timestamp>
<contributor>
<ip>189.126.21.229</ip>
</contributor>
<comment>[[Ajuda:Menus e funções/Sumário de edição#Sumário de edição automático|→]] nova página: {{ApêndiceGentílicos|Brasil}} = Português = '''&lt;u&gt;ja&lt;/u&gt;-u.&lt;u&gt;en&lt;/u&gt;.se''' &amp;ensp;''2 géneros''...</comment>
<model>wikitext</model>
<format>text/x-wiki</format>
<text bytes="472" xml:space="preserve">{{ApêndiceGentílicos|Brasil}}
= Português =
'''&lt;u&gt;ja&lt;/u&gt;-u.&lt;u&gt;en&lt;/u&gt;.se''' &amp;ensp;''2 géneros''

==Adjetivo==
{{Wikipédia|Jaú)}}
# [[de]] [[Jaú]], [[município]] [[do]] [[estado]] [[de]] [[São Paulo]] – [[Brasil]].

==Substantivo==
# [[natural]] do [[município]] de [[Jaú]], [[estado]] [[de]] [[São Paulo]] – [[Brasil]]


[[Categoria:Adjetivo (Português)|jauense]]
[[Categoria:Substantivo (Português)|jauense]]
[[Categoria:Gentílico (Português)|jauense]]</text>
<sha1>klc7f6mr2f7jarjgy8qbznzo1zk0k1n</sha1>
</revision>
<revision>
<id>1011112</id>
<parentid>1011111</parentid>
<timestamp>2011-01-14T17:07:21Z</timestamp>
<contributor>
<ip>189.126.21.229</ip>
</contributor>
<model>wikitext</model>
<format>text/x-wiki</format>
<text bytes="463" xml:space="preserve">{{ApêndiceGentílicos|Brasil}}
= Português =
'''ja-u-&lt;u&gt;en&lt;u&gt;-se''' &amp;ensp;''2 gêneros''

==Adjetivo==
{{Wikipédia|Jaú}}
# [[de]] [[Jaú]], [[município]] [[do]] [[estado]] [[de]] [[São Paulo]] – [[Brasil]].

==Substantivo==
# [[natural]] do [[município]] de [[Jaú]], [[estado]] [[de]] [[São Paulo]] – [[Brasil]]


[[Categoria:Adjetivo (Português)|jauense]]
[[Categoria:Substantivo (Português)|jauense]]
[[Categoria:Gentílico (Português)|jauense]]</text>
<sha1>0ksfs7hkdkzyuq2uxzr4908wbo7oket</sha1>
</revision>
<revision>
<id>1011121</id>
<parentid>1011112</parentid>
<timestamp>2011-01-14T17:40:17Z</timestamp>
<contributor>
<ip>189.126.21.229</ip>
</contributor>
<model>wikitext</model>
<format>text/x-wiki</format>
<text bytes="462" xml:space="preserve">{{ApêndiceGentílicos|Brasil}}
= Português =
'''ja-u-&lt;u&gt;en&lt;u&gt;-se''' &amp;ensp;''2 gêneros''

==Adjetivo==
{{Wikipedia|Jaú}}
# [[de]] [[Jaú]], [[município]] [[do]] [[estado]] [[de]] [[São Paulo]] – [[Brasil]].

==Substantivo==
# [[natural]] do [[município]] de [[Jaú]], [[estado]] [[de]] [[São Paulo]] – [[Brasil]]


[[Categoria:Adjetivo (Português)|jauense]]
[[Categoria:Substantivo (Português)|jauense]]
[[Categoria:Gentílico (Português)|jauense]]</text>
<sha1>a340qv6877pqxjil24qqfewuoh0y2k2</sha1>
</revision>
<revision>
<id>1011122</id>
<parentid>1011121</parentid>
<timestamp>2011-01-14T17:40:46Z</timestamp>
<contributor>
<ip>189.126.21.229</ip>
</contributor>
<model>wikitext</model>
<format>text/x-wiki</format>
<text bytes="463" xml:space="preserve">{{ApêndiceGentílicos|Brasil}}
= Português =
'''ja-u-&lt;u&gt;en&lt;u&gt;-se''' &amp;ensp;''2 gêneros''

==Adjetivo==
{{Wikipédia|Jaú}}
# [[de]] [[Jaú]], [[município]] [[do]] [[estado]] [[de]] [[São Paulo]] – [[Brasil]].

==Substantivo==
# [[natural]] do [[município]] de [[Jaú]], [[estado]] [[de]] [[São Paulo]] – [[Brasil]]


[[Categoria:Adjetivo (Português)|jauense]]
[[Categoria:Substantivo (Português)|jauense]]
[[Categoria:Gentílico (Português)|jauense]]</text>
<sha1>0ksfs7hkdkzyuq2uxzr4908wbo7oket</sha1>
</revision>
<revision>
<id>1185900</id>
<parentid>1011122</parentid>
<timestamp>2011-07-08T17:08:06Z</timestamp>
<contributor>
<username>MalafayaBot</username>
<id>628</id>
</contributor>
<minor />
<comment>Robô: Substituição de texto automática (-^\=\s?Português\s?\= +={{-pt-}}= &amp; -^\=\s?\{\{pt\}\}\s?\= +={{-pt-}}=)</comment>
<model>wikitext</model>
<format>text/x-wiki</format>
<text bytes="459" xml:space="preserve">{{ApêndiceGentílicos|Brasil}}
={{-pt-}}=
'''ja-u-&lt;u&gt;en&lt;u&gt;-se''' &amp;ensp;''2 gêneros''

==Adjetivo==
{{Wikipédia|Jaú}}
# [[de]] [[Jaú]], [[município]] [[do]] [[estado]] [[de]] [[São Paulo]] – [[Brasil]].

==Substantivo==
# [[natural]] do [[município]] de [[Jaú]], [[estado]] [[de]] [[São Paulo]] – [[Brasil]]


[[Categoria:Adjetivo (Português)|jauense]]
[[Categoria:Substantivo (Português)|jauense]]
[[Categoria:Gentílico (Português)|jauense]]</text>
<sha1>1ex1koeaupmyftaftm2l549m68zhq5x</sha1>
</revision>
<revision>
<id>1364414</id>
<parentid>1185900</parentid>
<timestamp>2012-01-11T19:55:23Z</timestamp>
<contributor>
<ip>201.33.247.169</ip>
</contributor>
<model>wikitext</model>
<format>text/x-wiki</format>
<text bytes="846" xml:space="preserve">{{ApêndiceGentílicos|Brasil}}
={{-pt-}}=
'''ja-u-&lt;u&gt;en&lt;u&gt;-se''' &amp;ensp;''2 gêneros''
{{Wikipédia|Jaú}}

==Adjetivo==
{{flex.pt|ms=jauense|mp=jauenses|fs=jauense|fp=jauenses}}
{{paroxítona|jau|en|se}}
# diz-se de [[pessoa]] que nasceu ou mora na cidade de [[Jaú]], município do Estado de [[São Paulo]], [[Brasil]].
# diz-se de artigo ou objeto da cidade de [[Jaú]], município do estado de [[São Paulo]], [[Brasil]].

==Substantivo==
{{paroxítona|jau|en|se}}
# [[pessoa]] que nasceu ou mora na cidade de [[Jaú]], município do estado de [[São Paulo]], [[Brasil]].

=={{etimologia}}==
: '''Morfologia''': do topônimo ''Jaú'' + [[-ense]].

==Ver também==
[[paulista]]

[[Categoria:Adjetivo (Português)]]
[[Categoria:Substantivo (Português)]]
[[Categoria:Vocábulo com etimologia (Português)]]
[[Categoria:Gentílico (Português)]]</text>
<sha1>9236skbxewibhdhknmobebloj28vih3</sha1>
</revision>
<revision>
<id>1364415</id>
<parentid>1364414</parentid>
<timestamp>2012-01-11T19:58:30Z</timestamp>
<contributor>
<ip>201.33.247.169</ip>
</contributor>
<model>wikitext</model>
<format>text/x-wiki</format>
<text bytes="802" xml:space="preserve">{{ApêndiceGentílicos|Brasil}}
{{Wikipédia|Jaú}}
={{-pt-}}=

==Adjetivo==
{{flex.pt|ms=jauense|mp=jauenses|fs=jauense|fp=jauenses}}
{{paroxítona|jau|en|se}}
# diz-se de [[pessoa]] que nasceu ou mora na cidade de [[Jaú]], município do Estado de [[São Paulo]], [[Brasil]].
# diz-se de artigo ou objeto da cidade de [[Jaú]], município do estado de [[São Paulo]], [[Brasil]].

==Substantivo==
{{paroxítona|jau|en|se}}
# [[pessoa]] que nasceu ou mora na cidade de [[Jaú]], município do estado de [[São Paulo]], [[Brasil]].

=={{etimologia}}==
: '''Morfologia''': do topônimo ''Jaú'' + [[-ense]].

==Ver também==
[[paulista]]

[[Categoria:Adjetivo (Português)]]
[[Categoria:Substantivo (Português)]]
[[Categoria:Vocábulo com etimologia (Português)]]
[[Categoria:Gentílico (Português)]]</text>
<sha1>r6ciq0g8rqif7urytb9f9dcww6rpyk3</sha1>
</revision>
<revision>
<id>1364416</id>
<parentid>1364415</parentid>
<timestamp>2012-01-11T20:01:39Z</timestamp>
<contributor>
<ip>201.33.247.169</ip>
</contributor>
<comment>/* Ver também */</comment>
<model>wikitext</model>
<format>text/x-wiki</format>
<text bytes="636" xml:space="preserve">{{ApêndiceGentílicos|Brasil}}
{{Wikipédia|Jaú}}
={{-pt-}}=

==Adjetivo==
{{flex.pt|ms=jauense|mp=jauenses|fs=jauense|fp=jauenses}}
{{paroxítona|jau|en|se}}
# diz-se de [[pessoa]] que nasceu ou mora na cidade de [[Jaú]], município do Estado de [[São Paulo]], [[Brasil]].
# diz-se de artigo ou objeto da cidade de [[Jaú]], município do estado de [[São Paulo]], [[Brasil]].

==Substantivo==
{{paroxítona|jau|en|se}}
# [[pessoa]] que nasceu ou mora na cidade de [[Jaú]], município do estado de [[São Paulo]], [[Brasil]].

=={{etimologia}}==
: '''Morfologia''': do topônimo ''Jaú'' + [[-ense]].

==Ver também==
[[paulista]]</text>
<sha1>rv1jtmy63qb47xl1n5empiawwm8smh9</sha1>
</revision>
<revision>
<id>1364418</id>
<parentid>1364416</parentid>
<timestamp>2012-01-11T20:23:19Z</timestamp>
<contributor>
<ip>201.33.247.169</ip>
</contributor>
<model>wikitext</model>
<format>text/x-wiki</format>
<text bytes="865" xml:space="preserve">{{ApêndiceGentílicos|Brasil}}
={{-pt-}}=

==Adjetivo==
{{flex.pt|ms=jauense|mp=jauenses|fs=jauense|fp=jauenses}}
{{paroxítona|jau|en|se}}
# diz-se de [[pessoa]] que nasceu ou mora na cidade de [[Jaú]], município do Estado de [[São Paulo]], [[Brasil]].
# diz-se de artigo ou objeto da cidade de [[Jaú]], município do estado de [[São Paulo]], [[Brasil]].

==Substantivo==
{{paroxítona|jau|en|se}}
# [[pessoa]] que nasceu ou mora na cidade de [[Jaú]], município do estado de [[São Paulo]], [[Brasil]].

=={{etimologia}}==
: '''Morfologia''': do topônimo ''Jaú'' + [[-ense]].

==Ver também==
===No Wikcionário===
*[[paulista]]
===Na Wikipédia===
*[[:w:Jaú|Jaú]]
*[[:w:Brasil|Brasil]]

[[Categoria:Adjetivo (Português)]]
[[Categoria:Substantivo (Português)]]
[[Categoria:Vocábulo com etimologia (Português)]]
[[Categoria:Gentílico (Português)]]</text>
<sha1>d1oqpqmdpz0xt3jhz7u2wc8di1ooq91</sha1>
</revision>
<revision>
<id>1364419</id>
<parentid>1364418</parentid>
<timestamp>2012-01-11T20:26:23Z</timestamp>
<contributor>
<ip>201.33.247.169</ip>
</contributor>
<model>wikitext</model>
<format>text/x-wiki</format>
<text bytes="847" xml:space="preserve">{{wikipedia}}
={{-pt-}}=

==Adjetivo==
{{flex.pt|ms=jauense|mp=jauenses|fs=jauense|fp=jauenses}}
{{paroxítona|jau|en|se}}
# diz-se de [[pessoa]] que nasceu ou mora na cidade de [[Jaú]], município do Estado de [[São Paulo]], [[Brasil]].
# diz-se de artigo ou objeto da cidade de [[Jaú]], município do estado de [[São Paulo]], [[Brasil]].

==Substantivo==
{{paroxítona|jau|en|se}}
# [[pessoa]] que nasceu ou mora na cidade de [[Jaú]], município do estado de [[São Paulo]], [[Brasil]].

=={{etimologia}}==
: '''Morfologia''': do topônimo ''Jaú'' + [[-ense]].

==Ver também==
===No Wikcionário===
*[[paulista]]
===Na Wikipédia===
*[[:w:Jaú|Jaú]]
*[[:w:Brasil|Brasil]]

[[Categoria:Adjetivo (Português)]]
[[Categoria:Substantivo (Português)]]
[[Categoria:Vocábulo com etimologia (Português)]]
[[Categoria:Gentílico (Português)]]</text>
<sha1>28bopr72xzs2n95ox5g02ee5kz7852c</sha1>
</revision>
<revision>
<id>1364420</id>
<parentid>1364419</parentid>
<timestamp>2012-01-11T20:30:22Z</timestamp>
<contributor>
<ip>201.33.247.169</ip>
</contributor>
<model>wikitext</model>
<format>text/x-wiki</format>
<text bytes="833" xml:space="preserve">={{-pt-}}=

==Adjetivo==
{{flex.pt|ms=jauense|mp=jauenses|fs=jauense|fp=jauenses}}
{{paroxítona|jau|en|se}}
# diz-se de [[pessoa]] que nasceu ou mora na cidade de [[Jaú]], município do Estado de [[São Paulo]], [[Brasil]].
# diz-se de artigo ou objeto da cidade de [[Jaú]], município do estado de [[São Paulo]], [[Brasil]].

==Substantivo==
{{paroxítona|jau|en|se}}
# [[pessoa]] que nasceu ou mora na cidade de [[Jaú]], município do estado de [[São Paulo]], [[Brasil]].

=={{etimologia}}==
: '''Morfologia''': do topônimo ''Jaú'' + [[-ense]].

==Ver também==
===No Wikcionário===
*[[paulista]]
===Na Wikipédia===
*[[:w:Jaú|Jaú]]
*[[:w:Brasil|Brasil]]

[[Categoria:Adjetivo (Português)]]
[[Categoria:Substantivo (Português)]]
[[Categoria:Vocábulo com etimologia (Português)]]
[[Categoria:Gentílico (Português)]]</text>
<sha1>1y2r2j9wjrfg21n3bcmwfoe1qd55f1d</sha1>
</revision>
<revision>
<id>1364422</id>
<parentid>1364420</parentid>
<timestamp>2012-01-11T20:35:59Z</timestamp>
<contributor>
<ip>201.33.247.169</ip>
</contributor>
<model>wikitext</model>
<format>text/x-wiki</format>
<text bytes="833" xml:space="preserve">={{-pt-}}=

==Adjetivo==
{{flex.pt|ms=jauense|mp=jauenses|fs=jauense|fp=jauenses}}
{{paroxítona|jau|en|se}}
# diz-se de [[pessoa]] que nasceu ou mora na cidade de [[Jaú]], município do estado de [[São Paulo]], [[Brasil]].
# diz-se de artigo ou objeto da cidade de [[Jaú]], município do estado de [[São Paulo]], [[Brasil]].

==Substantivo==
{{paroxítona|jau|en|se}}
# [[pessoa]] que nasceu ou mora na cidade de [[Jaú]], município do estado de [[São Paulo]], [[Brasil]].

=={{etimologia}}==
: '''Morfologia''': do topônimo ''Jaú'' + [[-ense]].

==Ver também==
===No Wikcionário===
*[[paulista]]
===Na Wikipédia===
*[[:w:Jaú|Jaú]]
*[[:w:Brasil|Brasil]]

[[Categoria:Adjetivo (Português)]]
[[Categoria:Substantivo (Português)]]
[[Categoria:Vocábulo com etimologia (Português)]]
[[Categoria:Gentílico (Português)]]</text>
<sha1>ldiqa9b3lgn71fwuqd25086a66w3wwg</sha1>
</revision>
<revision>
<id>1364423</id>
<parentid>1364422</parentid>
<timestamp>2012-01-11T20:38:03Z</timestamp>
<contributor>
<ip>201.33.247.169</ip>
</contributor>
<comment>/* No Wikcionário */</comment>
<model>wikitext</model>
<format>text/x-wiki</format>
<text bytes="843" xml:space="preserve">={{-pt-}}=

==Adjetivo==
{{flex.pt|ms=jauense|mp=jauenses|fs=jauense|fp=jauenses}}
{{paroxítona|jau|en|se}}
# diz-se de [[pessoa]] que nasceu ou mora na cidade de [[Jaú]], município do estado de [[São Paulo]], [[Brasil]].
# diz-se de artigo ou objeto da cidade de [[Jaú]], município do estado de [[São Paulo]], [[Brasil]].

==Substantivo==
{{paroxítona|jau|en|se}}
# [[pessoa]] que nasceu ou mora na cidade de [[Jaú]], município do estado de [[São Paulo]], [[Brasil]].

=={{etimologia}}==
: '''Morfologia''': do topônimo ''Jaú'' + [[-ense]].

==Ver também==
===No Wikcionário===
*[[Jaú]
*[[paulista]]

===Na Wikipédia===
*[[:w:Jaú|Jaú]]
*[[:w:Brasil|Brasil]]

[[Categoria:Adjetivo (Português)]]
[[Categoria:Substantivo (Português)]]
[[Categoria:Vocábulo com etimologia (Português)]]
[[Categoria:Gentílico (Português)]]</text>
<sha1>gg4jsfjx62zp4heptslgmhvltcigzyu</sha1>
</revision>
<revision>
<id>1364424</id>
<parentid>1364423</parentid>
<timestamp>2012-01-11T20:38:15Z</timestamp>
<contributor>
<ip>201.33.247.169</ip>
</contributor>
<comment>/* No Wikcionário */</comment>
<model>wikitext</model>
<format>text/x-wiki</format>
<text bytes="844" xml:space="preserve">={{-pt-}}=

==Adjetivo==
{{flex.pt|ms=jauense|mp=jauenses|fs=jauense|fp=jauenses}}
{{paroxítona|jau|en|se}}
# diz-se de [[pessoa]] que nasceu ou mora na cidade de [[Jaú]], município do estado de [[São Paulo]], [[Brasil]].
# diz-se de artigo ou objeto da cidade de [[Jaú]], município do estado de [[São Paulo]], [[Brasil]].

==Substantivo==
{{paroxítona|jau|en|se}}
# [[pessoa]] que nasceu ou mora na cidade de [[Jaú]], município do estado de [[São Paulo]], [[Brasil]].

=={{etimologia}}==
: '''Morfologia''': do topônimo ''Jaú'' + [[-ense]].

==Ver também==
===No Wikcionário===
*[[Jaú]]
*[[paulista]]

===Na Wikipédia===
*[[:w:Jaú|Jaú]]
*[[:w:Brasil|Brasil]]

[[Categoria:Adjetivo (Português)]]
[[Categoria:Substantivo (Português)]]
[[Categoria:Vocábulo com etimologia (Português)]]
[[Categoria:Gentílico (Português)]]</text>
<sha1>35fr4tw9fo1m8vyg0js8c414f5k2t5g</sha1>
</revision>
<revision>
<id>1364425</id>
<parentid>1364424</parentid>
<timestamp>2012-01-11T20:45:26Z</timestamp>
<contributor>
<ip>201.33.247.169</ip>
</contributor>
<comment>/* Ver também */</comment>
<model>wikitext</model>
<format>text/x-wiki</format>
<text bytes="999" xml:space="preserve">={{-pt-}}=

==Adjetivo==
{{flex.pt|ms=jauense|mp=jauenses|fs=jauense|fp=jauenses}}
{{paroxítona|jau|en|se}}
# diz-se de [[pessoa]] que nasceu ou mora na cidade de [[Jaú]], município do estado de [[São Paulo]], [[Brasil]].
# diz-se de artigo ou objeto da cidade de [[Jaú]], município do estado de [[São Paulo]], [[Brasil]].

==Substantivo==
{{paroxítona|jau|en|se}}
# [[pessoa]] que nasceu ou mora na cidade de [[Jaú]], município do estado de [[São Paulo]], [[Brasil]].

=={{etimologia}}==
: '''Morfologia''': do topônimo ''Jaú'' + [[-ense]].

==Ver também==
===No Wikcionário===
*[[Jaú]]
*[[São Paulo]]
*[[paulista]]
*[[Brasil]]
*[[brasileiro]]

===Na Wikipédia===
*[[:w:Jaú|Jaú]]
*[[:w:Jauense|jauense]]
*[[:w:São Paulo|São Paulo]]
*[[:w:Paulista|paulista]]
*[[:w:Brasil|Brasil]]
*[[:w:Brasileiros|brasileiro]]

[[Categoria:Adjetivo (Português)]]
[[Categoria:Substantivo (Português)]]
[[Categoria:Vocábulo com etimologia (Português)]]
[[Categoria:Gentílico (Português)]]</text>
<sha1>nasjlgl2u55aatbx54avain2k3h8qa0</sha1>
</revision>
<revision>
<id>1364430</id>
<parentid>1364425</parentid>
<timestamp>2012-01-11T20:49:07Z</timestamp>
<contributor>
<ip>201.33.247.169</ip>
</contributor>
<comment>/* Ver também */</comment>
<model>wikitext</model>
<format>text/x-wiki</format>
<text bytes="1010" xml:space="preserve">={{-pt-}}=

==Adjetivo==
{{flex.pt|ms=jauense|mp=jauenses|fs=jauense|fp=jauenses}}
{{paroxítona|jau|en|se}}
# diz-se de [[pessoa]] que nasceu ou mora na cidade de [[Jaú]], município do estado de [[São Paulo]], [[Brasil]].
# diz-se de artigo ou objeto da cidade de [[Jaú]], município do estado de [[São Paulo]], [[Brasil]].

==Substantivo==
{{paroxítona|jau|en|se}}
# [[pessoa]] que nasceu ou mora na cidade de [[Jaú]], município do estado de [[São Paulo]], [[Brasil]].

=={{etimologia}}==
: '''Morfologia''': do topônimo ''Jaú'' + [[-ense]].

==Ver também==
===No Wikcionário===
*[[Jaú]]
*[[São Paulo]]
*[[Paulista]]
*[[Brasil]]
*[[brasileiro|Brasileiro]]

===Na Wikipédia===
*[[:w:Jaú|Jaú]]
*[[:w:Jauense|Jauense]]
*[[:w:São Paulo|São Paulo]]
*[[:w:Paulista|Paulista]]
*[[:w:Brasil|Brasil]]
*[[:w:Brasileiros|Brasileiro]]

[[Categoria:Adjetivo (Português)]]
[[Categoria:Substantivo (Português)]]
[[Categoria:Vocábulo com etimologia (Português)]]
[[Categoria:Gentílico (Português)]]</text>
<sha1>rxaa91p7nqg30b22pnu388cd88ly3mq</sha1>
</revision>
<revision>
<id>1364433</id>
<parentid>1364430</parentid>
<timestamp>2012-01-11T20:49:39Z</timestamp>
<contributor>
<ip>201.33.247.169</ip>
</contributor>
<comment>/* No Wikcionário */</comment>
<model>wikitext</model>
<format>text/x-wiki</format>
<text bytes="1019" xml:space="preserve">={{-pt-}}=

==Adjetivo==
{{flex.pt|ms=jauense|mp=jauenses|fs=jauense|fp=jauenses}}
{{paroxítona|jau|en|se}}
# diz-se de [[pessoa]] que nasceu ou mora na cidade de [[Jaú]], município do estado de [[São Paulo]], [[Brasil]].
# diz-se de artigo ou objeto da cidade de [[Jaú]], município do estado de [[São Paulo]], [[Brasil]].

==Substantivo==
{{paroxítona|jau|en|se}}
# [[pessoa]] que nasceu ou mora na cidade de [[Jaú]], município do estado de [[São Paulo]], [[Brasil]].

=={{etimologia}}==
: '''Morfologia''': do topônimo ''Jaú'' + [[-ense]].

==Ver também==
===No Wikcionário===
*[[Jaú]]
*[[São Paulo]]
*[[paulista|Paulista]]
*[[Brasil]]
*[[brasileiro|Brasileiro]]

===Na Wikipédia===
*[[:w:Jaú|Jaú]]
*[[:w:Jauense|Jauense]]
*[[:w:São Paulo|São Paulo]]
*[[:w:Paulista|Paulista]]
*[[:w:Brasil|Brasil]]
*[[:w:Brasileiros|Brasileiro]]

[[Categoria:Adjetivo (Português)]]
[[Categoria:Substantivo (Português)]]
[[Categoria:Vocábulo com etimologia (Português)]]
[[Categoria:Gentílico (Português)]]</text>
<sha1>ocwhv1u38mwlq9pm324s2fg96weymjf</sha1>
</revision>
<revision>
<id>1364441</id>
<parentid>1364433</parentid>
<timestamp>2012-01-11T21:04:16Z</timestamp>
<contributor>
<ip>201.33.247.169</ip>
</contributor>
<comment>/* No Wikcionário */</comment>
<model>wikitext</model>
<format>text/x-wiki</format>
<text bytes="1024" xml:space="preserve">={{-pt-}}=

==Adjetivo==
{{flex.pt|ms=jauense|mp=jauenses|fs=jauense|fp=jauenses}}
{{paroxítona|jau|en|se}}
# diz-se de [[pessoa]] que nasceu ou mora na cidade de [[Jaú]], município do estado de [[São Paulo]], [[Brasil]].
# diz-se de artigo ou objeto da cidade de [[Jaú]], município do estado de [[São Paulo]], [[Brasil]].

==Substantivo==
{{paroxítona|jau|en|se}}
# [[pessoa]] que nasceu ou mora na cidade de [[Jaú]], município do estado de [[São Paulo]], [[Brasil]].

=={{etimologia}}==
: '''Morfologia''': do topônimo ''Jaú'' + [[-ense]].

==Ver também==
===No Wikcionário===
* [[Jaú]]
* [[São Paulo]]
* [[paulista|Paulista]]
* [[Brasil]]
* [[brasileiro|Brasileiro]]

===Na Wikipédia===
*[[:w:Jaú|Jaú]]
*[[:w:Jauense|Jauense]]
*[[:w:São Paulo|São Paulo]]
*[[:w:Paulista|Paulista]]
*[[:w:Brasil|Brasil]]
*[[:w:Brasileiros|Brasileiro]]

[[Categoria:Adjetivo (Português)]]
[[Categoria:Substantivo (Português)]]
[[Categoria:Vocábulo com etimologia (Português)]]
[[Categoria:Gentílico (Português)]]</text>
<sha1>gt6huntz16ht4tujke5j4t4bm0ksinm</sha1>
</revision>
<revision>
<id>1364442</id>
<parentid>1364441</parentid>
<timestamp>2012-01-11T21:04:31Z</timestamp>
<contributor>
<ip>201.33.247.169</ip>
</contributor>
<comment>/* Na Wikipédia */</comment>
<model>wikitext</model>
<format>text/x-wiki</format>
<text bytes="1030" xml:space="preserve">={{-pt-}}=

==Adjetivo==
{{flex.pt|ms=jauense|mp=jauenses|fs=jauense|fp=jauenses}}
{{paroxítona|jau|en|se}}
# diz-se de [[pessoa]] que nasceu ou mora na cidade de [[Jaú]], município do estado de [[São Paulo]], [[Brasil]].
# diz-se de artigo ou objeto da cidade de [[Jaú]], município do estado de [[São Paulo]], [[Brasil]].

==Substantivo==
{{paroxítona|jau|en|se}}
# [[pessoa]] que nasceu ou mora na cidade de [[Jaú]], município do estado de [[São Paulo]], [[Brasil]].

=={{etimologia}}==
: '''Morfologia''': do topônimo ''Jaú'' + [[-ense]].

==Ver também==
===No Wikcionário===
* [[Jaú]]
* [[São Paulo]]
* [[paulista|Paulista]]
* [[Brasil]]
* [[brasileiro|Brasileiro]]

===Na Wikipédia===
* [[:w:Jaú|Jaú]]
* [[:w:Jauense|Jauense]]
* [[:w:São Paulo|São Paulo]]
* [[:w:Paulista|Paulista]]
* [[:w:Brasil|Brasil]]
* [[:w:Brasileiros|Brasileiro]]

[[Categoria:Adjetivo (Português)]]
[[Categoria:Substantivo (Português)]]
[[Categoria:Vocábulo com etimologia (Português)]]
[[Categoria:Gentílico (Português)]]</text>
<sha1>kdhxu6m9uzbhwtwtawctkrt8zaka94i</sha1>
</revision>
<revision>
<id>1364451</id>
<parentid>1364442</parentid>
<timestamp>2012-01-11T21:30:03Z</timestamp>
<contributor>
<ip>201.33.247.169</ip>
</contributor>
<comment>/* Substantivo */</comment>
<model>wikitext</model>
<format>text/x-wiki</format>
<text bytes="1063" xml:space="preserve">={{-pt-}}=

==Adjetivo==
{{flex.pt|ms=jauense|mp=jauenses|fs=jauense|fp=jauenses}}
{{paroxítona|jau|en|se}}
# diz-se de [[pessoa]] que nasceu ou mora na cidade de [[Jaú]], município do estado de [[São Paulo]], [[Brasil]].
# diz-se de artigo ou objeto da cidade de [[Jaú]], município do estado de [[São Paulo]], [[Brasil]].

==Substantivo==
{{paroxítona|jau|en|se}} ''substantivo de dois gêneros''
# [[pessoa]] que nasceu ou mora na cidade de [[Jaú]], município do estado de [[São Paulo]], [[Brasil]].

=={{etimologia}}==
: '''Morfologia''': do topônimo ''Jaú'' + [[-ense]].

==Ver também==
===No Wikcionário===
* [[Jaú]]
* [[São Paulo]]
* [[paulista|Paulista]]
* [[Brasil]]
* [[brasileiro|Brasileiro]]

===Na Wikipédia===
* [[:w:Jaú|Jaú]]
* [[:w:Jauense|Jauense]]
* [[:w:São Paulo|São Paulo]]
* [[:w:Paulista|Paulista]]
* [[:w:Brasil|Brasil]]
* [[:w:Brasileiros|Brasileiro]]

[[Categoria:Adjetivo (Português)]]
[[Categoria:Substantivo (Português)]]
[[Categoria:Vocábulo com etimologia (Português)]]
[[Categoria:Gentílico (Português)]]</text>
<sha1>ao1efu8xnd4ttho497mfgqfn7hlf8wr</sha1>
</revision>
<revision>
<id>1364610</id>
<parentid>1364451</parentid>
<timestamp>2012-01-12T00:10:21Z</timestamp>
<contributor>
<ip>201.33.247.169</ip>
</contributor>
<comment>/* Adjetivo */</comment>
<model>wikitext</model>
<format>text/x-wiki</format>
<text bytes="1085" xml:space="preserve">={{-pt-}}=

==Adjetivo==
{{flex.pt|ms=jauense|mp=jauenses|fs=jauense|fp=jauenses}}
{{paroxítona|jau|en|se}} ''adjetivo uniforme''
# diz-se de [[pessoa]] que nasceu ou mora na cidade de [[Jaú]], município do estado de [[São Paulo]], [[Brasil]].
# diz-se de artigo ou objeto da cidade de [[Jaú]], município do estado de [[São Paulo]], [[Brasil]].

==Substantivo==
{{paroxítona|jau|en|se}} ''substantivo de dois gêneros''
# [[pessoa]] que nasceu ou mora na cidade de [[Jaú]], município do estado de [[São Paulo]], [[Brasil]].

=={{etimologia}}==
: '''Morfologia''': do topônimo ''Jaú'' + [[-ense]].

==Ver também==
===No Wikcionário===
* [[Jaú]]
* [[São Paulo]]
* [[paulista|Paulista]]
* [[Brasil]]
* [[brasileiro|Brasileiro]]

===Na Wikipédia===
* [[:w:Jaú|Jaú]]
* [[:w:Jauense|Jauense]]
* [[:w:São Paulo|São Paulo]]
* [[:w:Paulista|Paulista]]
* [[:w:Brasil|Brasil]]
* [[:w:Brasileiros|Brasileiro]]

[[Categoria:Adjetivo (Português)]]
[[Categoria:Substantivo (Português)]]
[[Categoria:Vocábulo com etimologia (Português)]]
[[Categoria:Gentílico (Português)]]</text>
<sha1>qk1nxpxlo9fdfm5sjg3n5suhs1noqwl</sha1>
</revision>
<revision>
<id>1364997</id>
<parentid>1364610</parentid>
<timestamp>2012-01-13T02:04:01Z</timestamp>
<contributor>
<ip>201.33.247.169</ip>
</contributor>
<comment>/* No Wikcionário */</comment>
<model>wikitext</model>
<format>text/x-wiki</format>
<text bytes="1076" xml:space="preserve">={{-pt-}}=

==Adjetivo==
{{flex.pt|ms=jauense|mp=jauenses|fs=jauense|fp=jauenses}}
{{paroxítona|jau|en|se}} ''adjetivo uniforme''
# diz-se de [[pessoa]] que nasceu ou mora na cidade de [[Jaú]], município do estado de [[São Paulo]], [[Brasil]].
# diz-se de artigo ou objeto da cidade de [[Jaú]], município do estado de [[São Paulo]], [[Brasil]].

==Substantivo==
{{paroxítona|jau|en|se}} ''substantivo de dois gêneros''
# [[pessoa]] que nasceu ou mora na cidade de [[Jaú]], município do estado de [[São Paulo]], [[Brasil]].

=={{etimologia}}==
: '''Morfologia''': do topônimo ''Jaú'' + [[-ense]].

==Ver também==
===No Wikcionário===
* [[Jaú]]
* [[São Paulo]]
* [[paulista]]
* [[Brasil]]
* [[brasileiro|brasileiro]]

===Na Wikipédia===
* [[:w:Jaú|Jaú]]
* [[:w:Jauense|Jauense]]
* [[:w:São Paulo|São Paulo]]
* [[:w:Paulista|Paulista]]
* [[:w:Brasil|Brasil]]
* [[:w:Brasileiros|Brasileiro]]

[[Categoria:Adjetivo (Português)]]
[[Categoria:Substantivo (Português)]]
[[Categoria:Vocábulo com etimologia (Português)]]
[[Categoria:Gentílico (Português)]]</text>
<sha1>96bnrlmzraqlrsmty0y397d5g02hc9p</sha1>
</revision>
<revision>
<id>1367666</id>
<parentid>1364997</parentid>
<timestamp>2012-01-20T23:16:34Z</timestamp>
<contributor>
<ip>187.1.78.242</ip>
</contributor>
<comment>/* No Wikcionário */</comment>
<model>wikitext</model>
<format>text/x-wiki</format>
<text bytes="1014" xml:space="preserve">={{-pt-}}=

==Adjetivo==
{{flex.pt|ms=jauense|mp=jauenses|fs=jauense|fp=jauenses}}
{{paroxítona|jau|en|se}} ''adjetivo uniforme''
# diz-se de [[pessoa]] que nasceu ou mora na cidade de [[Jaú]], município do estado de [[São Paulo]], [[Brasil]].
# diz-se de artigo ou objeto da cidade de [[Jaú]], município do estado de [[São Paulo]], [[Brasil]].

==Substantivo==
{{paroxítona|jau|en|se}} ''substantivo de dois gêneros''
# [[pessoa]] que nasceu ou mora na cidade de [[Jaú]], município do estado de [[São Paulo]], [[Brasil]].

=={{etimologia}}==
: '''Morfologia''': do topônimo ''Jaú'' + [[-ense]].

==Ver também==
===No Wikcionário===
* [[Jaú]]
* [[jaú]]

===Na Wikipédia===
* [[:w:Jaú|Jaú]]
* [[:w:Jauense|Jauense]]
* [[:w:São Paulo|São Paulo]]
* [[:w:Paulista|Paulista]]
* [[:w:Brasil|Brasil]]
* [[:w:Brasileiros|Brasileiro]]

[[Categoria:Adjetivo (Português)]]
[[Categoria:Substantivo (Português)]]
[[Categoria:Vocábulo com etimologia (Português)]]
[[Categoria:Gentílico (Português)]]</text>
<sha1>2y0xyhfbm59t5l8ds50rue6keawx8yj</sha1>
</revision>
<revision>
<id>1367667</id>
<parentid>1367666</parentid>
<timestamp>2012-01-20T23:17:50Z</timestamp>
<contributor>
<ip>187.1.78.242</ip>
</contributor>
<comment>/* Na Wikipédia */</comment>
<model>wikitext</model>
<format>text/x-wiki</format>
<text bytes="901" xml:space="preserve">={{-pt-}}=

==Adjetivo==
{{flex.pt|ms=jauense|mp=jauenses|fs=jauense|fp=jauenses}}
{{paroxítona|jau|en|se}} ''adjetivo uniforme''
# diz-se de [[pessoa]] que nasceu ou mora na cidade de [[Jaú]], município do estado de [[São Paulo]], [[Brasil]].
# diz-se de artigo ou objeto da cidade de [[Jaú]], município do estado de [[São Paulo]], [[Brasil]].

==Substantivo==
{{paroxítona|jau|en|se}} ''substantivo de dois gêneros''
# [[pessoa]] que nasceu ou mora na cidade de [[Jaú]], município do estado de [[São Paulo]], [[Brasil]].

=={{etimologia}}==
: '''Morfologia''': do topônimo ''Jaú'' + [[-ense]].

==Ver também==
===No Wikcionário===
* [[Jaú]]
* [[jaú]]

===Na Wikipédia===
* [[:w:Jaú|Jaú]]
* [[:w:Jauense|Jauense]]

[[Categoria:Adjetivo (Português)]]
[[Categoria:Substantivo (Português)]]
[[Categoria:Vocábulo com etimologia (Português)]]
[[Categoria:Gentílico (Português)]]</text>
<sha1>frsecflrxo0ijzxr6782godhibvhc4p</sha1>
</revision>
<revision>
<id>1379598</id>
<parentid>1367667</parentid>
<timestamp>2012-02-21T16:38:09Z</timestamp>
<contributor>
<username>ValJor</username>
<id>1358</id>
</contributor>
<comment>Melhorando a apresentação do verbete</comment>
<model>wikitext</model>
<format>text/x-wiki</format>
<text bytes="1039" xml:space="preserve">={{-pt-}}=
==Adjetivo==
{{flex.pt|s=jauense|p=jauenses}}
{{paroxítona|jau|en|se}}
# diz-se de [[pessoa]] que nasceu ou mora na cidade de [[Jaú]], município do estado de [[São Paulo]], [[Brasil]]
# diz-se de artigo ou objeto da cidade de [[Jaú]], município do estado de [[São Paulo]], [[Brasil]]

==Substantivo==
{{paroxítona|jau|en|se}}
# [[pessoa]] que nasceu ou mora na cidade de [[Jaú]], município do estado de [[São Paulo]], [[Brasil]]

=={{etimologia|pt}}==
: {{escopo|Morfologia}} do topônimo [[Jaú]] + [[-ense]].

==Ver também==
===No Wikcionário===
{{verTambém.Ini}}
* [[Jaú]]
* [[São Paulo]]
* [[paulista]]
{{verTambém.NovaColuna}}
* [[Brasil]]
* [[brasileiro]]
{{verTambém.Fim}}

===Na Wikipédia===
{{verTambém.Ini}}
* [[:w:Jaú|Jaú]]
* [[:w:São Paulo|São Paulo]]
* [[:w:Paulista|paulista]]
{{verTambém.NovaColuna}}
* [[:w:Brasil|Brasil]]
* [[:w:Brasileiros|brasileiro]]
{{verTambém.Fim}}

[[Categoria:Adjetivo (Português)]]
[[Categoria:Substantivo (Português)]]
[[Categoria:Gentílico (Português)]]</text>
<sha1>5ivx645z6x0ho7cv4h0lxjjy2rjqdm2</sha1>
</revision>
</page>
