<title>javardeiro</title>
<ns>0</ns>
<id>106828</id>
<revision>
<id>418761</id>
<timestamp>2009-02-17T12:30:44Z</timestamp>
<contributor>
<username>Matorfãos</username>
<id>6482</id>
</contributor>
<comment>[[Ajuda:Menus e funções/Sumário de edição#Sumário de edição automático|→]] nova página: =[[Português]][[Categoria: Português]]= '''ja.var.dei.ro'''  == Substantivo, &lt;small&gt;''masculino'...</comment>
<model>wikitext</model>
<format>text/x-wiki</format>
<text bytes="255" xml:space="preserve">=[[Português]][[Categoria: Português]]=
'''ja.var.dei.ro'''
== Substantivo, &lt;small&gt;''masculino''&lt;/small&gt;==
# [[aquele]] [[que]] [[caça]] [[javardos]]
# [[lugar]] [[onde]] [[se]] [[criam]] [[javardos]]
# ([[figurado]])
## [[chiqueiro]]
## [[curral]]</text>
<sha1>244k8qzq0kh74ja5rzok7kfqxnmh1uz</sha1>
</revision>
<revision>
<id>421746</id>
<parentid>418761</parentid>
<timestamp>2009-02-22T21:51:19Z</timestamp>
<contributor>
<username>Dicionarista</username>
<id>6964</id>
</contributor>
<model>wikitext</model>
<format>text/x-wiki</format>
<text bytes="1614" xml:space="preserve">=Português=
{{-etimologia-}}
:De ''[[javardo]]'' + ''[[-eiro]]''

{{-subs-}}
'''ja.var.&lt;u&gt;dei&lt;/u&gt;.ro''' ''masculino''
# lugar onde se criam javardos; [[chiqueiro]]; [[curral]]
# caçador de javardos

{{-vtbm-}}
===No Wikcionário===
* [[javali]]
* [[javardola]]
===Na WWW===
* '''No Aulete Digital'''
: [http://www.aulete.portaldapalavra.com.br/site.php?mdl=aulete_digital&amp;op=loadVerbete&amp;pesquisa=1&amp;palavra=chiqueiro ''chiqueiro''] [http://www.aulete.portaldapalavra.com.br/site.php?mdl=aulete_digital&amp;op=loadVerbete&amp;pesquisa=1&amp;palavra=curral ''curral''] [http://www.aulete.portaldapalavra.com.br/site.php?mdl=aulete_digital&amp;op=loadVerbete&amp;pesquisa=1&amp;palavra=-eiro -''eiro''] [http://www.aulete.portaldapalavra.com.br/site.php?mdl=aulete_digital&amp;op=loadVerbete&amp;pesquisa=1&amp;palavra=javali ''javali''] [http://www.aulete.portaldapalavra.com.br/site.php?mdl=aulete_digital&amp;op=loadVerbete&amp;pesquisa=1&amp;palavra=javardeiro ''javardeiro''] [http://www.aulete.portaldapalavra.com.br/site.php?mdl=aulete_digital&amp;op=loadVerbete&amp;pesquisa=1&amp;palavra=javardo ''javardo'']
* '''No Dicionário de Língua Portuguesa On-Line (Priberam Informática)'''
: [http://www.priberam.pt/dlpo/definir_resultados.aspx?pal=chiqueiro ''chiqueiro''] [http://www.priberam.pt/dlpo/definir_resultados.aspx?pal=curral ''curral''] [http://www.priberam.pt/dlpo/definir_resultados.aspx?pal=javali ''javali''] [http://www.priberam.pt/dlpo/definir_resultados.aspx?pal=javardo ''javardo'']

[[Categoria:Substantivo (Português)]][[Categoria:Vocábulo com etimologia (Português)]][[Categoria:Polissílabo (Português)]][[Categoria:Paroxítona (Português)]]</text>
<sha1>j9h2bok5wc3zyjnekan0v98y99ujxtk</sha1>
</revision>
<revision>
<id>421752</id>
<parentid>421746</parentid>
<timestamp>2009-02-22T21:58:50Z</timestamp>
<contributor>
<username>Dicionarista</username>
<id>6964</id>
</contributor>
<model>wikitext</model>
<format>text/x-wiki</format>
<text bytes="1615" xml:space="preserve">=Português=
{{-etimologia-}}
:De ''[[javardo]]'' + ''[[-eiro]]''

{{-subs-}}
'''ja.var.&lt;u&gt;dei&lt;/u&gt;.ro''' ''masculino''
# lugar onde se criam javardos
# [[chiqueiro]]; [[curral]]
# caçador de javardos

{{-vtbm-}}
===No Wikcionário===
* [[javali]]
* [[javardola]]
===Na WWW===
* '''No Aulete Digital'''
: [http://www.aulete.portaldapalavra.com.br/site.php?mdl=aulete_digital&amp;op=loadVerbete&amp;pesquisa=1&amp;palavra=chiqueiro ''chiqueiro''] [http://www.aulete.portaldapalavra.com.br/site.php?mdl=aulete_digital&amp;op=loadVerbete&amp;pesquisa=1&amp;palavra=curral ''curral''] [http://www.aulete.portaldapalavra.com.br/site.php?mdl=aulete_digital&amp;op=loadVerbete&amp;pesquisa=1&amp;palavra=-eiro -''eiro''] [http://www.aulete.portaldapalavra.com.br/site.php?mdl=aulete_digital&amp;op=loadVerbete&amp;pesquisa=1&amp;palavra=javali ''javali''] [http://www.aulete.portaldapalavra.com.br/site.php?mdl=aulete_digital&amp;op=loadVerbete&amp;pesquisa=1&amp;palavra=javardeiro ''javardeiro''] [http://www.aulete.portaldapalavra.com.br/site.php?mdl=aulete_digital&amp;op=loadVerbete&amp;pesquisa=1&amp;palavra=javardo ''javardo'']
* '''No Dicionário de Língua Portuguesa On-Line (Priberam Informática)'''
: [http://www.priberam.pt/dlpo/definir_resultados.aspx?pal=chiqueiro ''chiqueiro''] [http://www.priberam.pt/dlpo/definir_resultados.aspx?pal=curral ''curral''] [http://www.priberam.pt/dlpo/definir_resultados.aspx?pal=javali ''javali''] [http://www.priberam.pt/dlpo/definir_resultados.aspx?pal=javardo ''javardo'']

[[Categoria:Substantivo (Português)]][[Categoria:Vocábulo com etimologia (Português)]][[Categoria:Polissílabo (Português)]][[Categoria:Paroxítona (Português)]]</text>
<sha1>pheo2nrkm99tw9g0q7f2eioxzl7r640</sha1>
</revision>
<revision>
<id>421803</id>
<parentid>421752</parentid>
<timestamp>2009-02-22T22:37:38Z</timestamp>
<contributor>
<username>Dicionarista</username>
<id>6964</id>
</contributor>
<model>wikitext</model>
<format>text/x-wiki</format>
<text bytes="1658" xml:space="preserve">=Português=
{{-etimologia-}}
:De ''[[javardo]]'' + ''[[-eiro]]''

{{-subs-}}
'''ja.var.&lt;u&gt;dei&lt;/u&gt;.ro''' ''masculino''
# lugar onde se criam javardos
# [[chiqueiro]]; [[curral]]
# caçador de javardos

{{-vtbm-}}
===No Wikcionário===
* [[javali]]
* [[javardola]]
===Na Wikipédia===
* [[w:Javali|javali]]

===Na WWW===
* '''No Aulete Digital'''
: [http://www.aulete.portaldapalavra.com.br/site.php?mdl=aulete_digital&amp;op=loadVerbete&amp;pesquisa=1&amp;palavra=chiqueiro ''chiqueiro''] [http://www.aulete.portaldapalavra.com.br/site.php?mdl=aulete_digital&amp;op=loadVerbete&amp;pesquisa=1&amp;palavra=curral ''curral''] [http://www.aulete.portaldapalavra.com.br/site.php?mdl=aulete_digital&amp;op=loadVerbete&amp;pesquisa=1&amp;palavra=-eiro -''eiro''] [http://www.aulete.portaldapalavra.com.br/site.php?mdl=aulete_digital&amp;op=loadVerbete&amp;pesquisa=1&amp;palavra=javali ''javali''] [http://www.aulete.portaldapalavra.com.br/site.php?mdl=aulete_digital&amp;op=loadVerbete&amp;pesquisa=1&amp;palavra=javardeiro ''javardeiro''] [http://www.aulete.portaldapalavra.com.br/site.php?mdl=aulete_digital&amp;op=loadVerbete&amp;pesquisa=1&amp;palavra=javardo ''javardo'']
* '''No Dicionário de Língua Portuguesa On-Line (Priberam Informática)'''
: [http://www.priberam.pt/dlpo/definir_resultados.aspx?pal=chiqueiro ''chiqueiro''] [http://www.priberam.pt/dlpo/definir_resultados.aspx?pal=curral ''curral''] [http://www.priberam.pt/dlpo/definir_resultados.aspx?pal=javali ''javali''] [http://www.priberam.pt/dlpo/definir_resultados.aspx?pal=javardo ''javardo'']

[[Categoria:Substantivo (Português)]][[Categoria:Vocábulo com etimologia (Português)]][[Categoria:Polissílabo (Português)]][[Categoria:Paroxítona (Português)]]</text>
<sha1>4c23gv9us944w9pm771lpn0wjv63s02</sha1>
</revision>
<revision>
<id>422235</id>
<parentid>421803</parentid>
<timestamp>2009-02-23T18:46:38Z</timestamp>
<contributor>
<username>Dicionarista</username>
<id>6964</id>
</contributor>
<model>wikitext</model>
<format>text/x-wiki</format>
<text bytes="1773" xml:space="preserve">=Português=
'''ja.var.&lt;u&gt;dei&lt;/u&gt;.ro''' ([http://books.google.com.br/books?id=1MAJPAAACAAJ '''1872'''])

{{-etimologia-}}
:De ''[[javardo]]'' + ''[[-eiro]]''

{{-subs-}}
''masculino''
# caçador de javardos
# lugar onde se criam javardos
# [[chiqueiro]]; [[curral]]

{{-vtbm-}}
===No Wikcionário===
* [[javali]]
* [[javardola]]
===Na Wikipédia===
* [[w:Javali|javali]]

===Na WWW===
* '''No Aulete Digital'''
: [http://www.aulete.portaldapalavra.com.br/site.php?mdl=aulete_digital&amp;op=loadVerbete&amp;pesquisa=1&amp;palavra=chiqueiro ''chiqueiro''] [http://www.aulete.portaldapalavra.com.br/site.php?mdl=aulete_digital&amp;op=loadVerbete&amp;pesquisa=1&amp;palavra=curral ''curral''] [http://www.aulete.portaldapalavra.com.br/site.php?mdl=aulete_digital&amp;op=loadVerbete&amp;pesquisa=1&amp;palavra=-eiro -''eiro''] [http://www.aulete.portaldapalavra.com.br/site.php?mdl=aulete_digital&amp;op=loadVerbete&amp;pesquisa=1&amp;palavra=javali ''javali''] [http://www.aulete.portaldapalavra.com.br/site.php?mdl=aulete_digital&amp;op=loadVerbete&amp;pesquisa=1&amp;palavra=javardeiro ''javardeiro''] [http://www.aulete.portaldapalavra.com.br/site.php?mdl=aulete_digital&amp;op=loadVerbete&amp;pesquisa=1&amp;palavra=javardo ''javardo'']
* '''No Dicionário de Língua Portuguesa On-Line (Priberam Informática)'''
: [http://www.priberam.pt/dlpo/definir_resultados.aspx?pal=chiqueiro ''chiqueiro''] [http://www.priberam.pt/dlpo/definir_resultados.aspx?pal=curral ''curral''] [http://www.priberam.pt/dlpo/definir_resultados.aspx?pal=javali ''javali''] [http://www.priberam.pt/dlpo/definir_resultados.aspx?pal=javardo ''javardo'']

[[Categoria:Substantivo (Português)]][[Categoria:Vocábulo com datação (Português)]][[Categoria:Vocábulo com etimologia (Português)]][[Categoria:Polissílabo (Português)]][[Categoria:Paroxítona (Português)]]</text>
<sha1>brcrn76uxwxnvcluvcjzzt4csq9bem4</sha1>
</revision>
<revision>
<id>422241</id>
<parentid>422235</parentid>
<timestamp>2009-02-23T18:54:59Z</timestamp>
<contributor>
<username>Dicionarista</username>
<id>6964</id>
</contributor>
<comment>+ 1 categoria</comment>
<model>wikitext</model>
<format>text/x-wiki</format>
<text bytes="1811" xml:space="preserve">=Português=
'''ja.var.&lt;u&gt;dei&lt;/u&gt;.ro''' ([http://books.google.com.br/books?id=1MAJPAAACAAJ '''1872'''])

{{-etimologia-}}
:De ''[[javardo]]'' + ''[[-eiro]]''

{{-subs-}}
''masculino''
# caçador de javardos
# lugar onde se criam javardos
# [[chiqueiro]]; [[curral]]

{{-vtbm-}}
===No Wikcionário===
* [[javali]]
* [[javardola]]
===Na Wikipédia===
* [[w:Javali|javali]]

===Na WWW===
* '''No Aulete Digital'''
: [http://www.aulete.portaldapalavra.com.br/site.php?mdl=aulete_digital&amp;op=loadVerbete&amp;pesquisa=1&amp;palavra=chiqueiro ''chiqueiro''] [http://www.aulete.portaldapalavra.com.br/site.php?mdl=aulete_digital&amp;op=loadVerbete&amp;pesquisa=1&amp;palavra=curral ''curral''] [http://www.aulete.portaldapalavra.com.br/site.php?mdl=aulete_digital&amp;op=loadVerbete&amp;pesquisa=1&amp;palavra=-eiro -''eiro''] [http://www.aulete.portaldapalavra.com.br/site.php?mdl=aulete_digital&amp;op=loadVerbete&amp;pesquisa=1&amp;palavra=javali ''javali''] [http://www.aulete.portaldapalavra.com.br/site.php?mdl=aulete_digital&amp;op=loadVerbete&amp;pesquisa=1&amp;palavra=javardeiro ''javardeiro''] [http://www.aulete.portaldapalavra.com.br/site.php?mdl=aulete_digital&amp;op=loadVerbete&amp;pesquisa=1&amp;palavra=javardo ''javardo'']
* '''No Dicionário de Língua Portuguesa On-Line (Priberam Informática)'''
: [http://www.priberam.pt/dlpo/definir_resultados.aspx?pal=chiqueiro ''chiqueiro''] [http://www.priberam.pt/dlpo/definir_resultados.aspx?pal=curral ''curral''] [http://www.priberam.pt/dlpo/definir_resultados.aspx?pal=javali ''javali''] [http://www.priberam.pt/dlpo/definir_resultados.aspx?pal=javardo ''javardo'']

[[Categoria:Substantivo (Português)]][[Categoria:Vocábulo com datação (Português)]][[Categoria:Século XIX (Português)]][[Categoria:Vocábulo com etimologia (Português)]][[Categoria:Polissílabo (Português)]][[Categoria:Paroxítona (Português)]]</text>
<sha1>6l7nlhonusloaoivup026i3i68ugk5h</sha1>
</revision>
<revision>
<id>422264</id>
<parentid>422241</parentid>
<timestamp>2009-02-23T19:32:30Z</timestamp>
<contributor>
<username>Dicionarista</username>
<id>6964</id>
</contributor>
<model>wikitext</model>
<format>text/x-wiki</format>
<text bytes="1717" xml:space="preserve">=Português=
'''ja.var.&lt;u&gt;dei&lt;/u&gt;.ro''' ([http://books.google.com.br/books?id=1MAJPAAACAAJ '''1872'''])

{{-etimologia-}}
:De ''[[javardo]]'' + ''[[-eiro]]''

{{-subs-}}
''masculino''
# caçador de javardos
# lugar onde se criam javardos
# [[chiqueiro]]; [[curral]]

{{-vtbm-}}
===Na WWW===
* '''No Aulete Digital'''
: [http://www.aulete.portaldapalavra.com.br/site.php?mdl=aulete_digital&amp;op=loadVerbete&amp;pesquisa=1&amp;palavra=chiqueiro ''chiqueiro''] [http://www.aulete.portaldapalavra.com.br/site.php?mdl=aulete_digital&amp;op=loadVerbete&amp;pesquisa=1&amp;palavra=curral ''curral''] [http://www.aulete.portaldapalavra.com.br/site.php?mdl=aulete_digital&amp;op=loadVerbete&amp;pesquisa=1&amp;palavra=-eiro -''eiro''] [http://www.aulete.portaldapalavra.com.br/site.php?mdl=aulete_digital&amp;op=loadVerbete&amp;pesquisa=1&amp;palavra=javali ''javali''] [http://www.aulete.portaldapalavra.com.br/site.php?mdl=aulete_digital&amp;op=loadVerbete&amp;pesquisa=1&amp;palavra=javardeiro ''javardeiro''] [http://www.aulete.portaldapalavra.com.br/site.php?mdl=aulete_digital&amp;op=loadVerbete&amp;pesquisa=1&amp;palavra=javardo ''javardo'']
* '''No Dicionário de Língua Portuguesa On-Line (Priberam Informática)'''
: [http://www.priberam.pt/dlpo/definir_resultados.aspx?pal=chiqueiro ''chiqueiro''] [http://www.priberam.pt/dlpo/definir_resultados.aspx?pal=curral ''curral''] [http://www.priberam.pt/dlpo/definir_resultados.aspx?pal=javali ''javali''] [http://www.priberam.pt/dlpo/definir_resultados.aspx?pal=javardo ''javardo'']

[[Categoria:Substantivo (Português)]][[Categoria:Vocábulo com datação (Português)]][[Categoria:Século XIX (Português)]][[Categoria:Vocábulo com etimologia (Português)]][[Categoria:Polissílabo (Português)]][[Categoria:Paroxítona (Português)]]</text>
<sha1>4yrlj77yppuc6m6owgjisjaqk4l543i</sha1>
</revision>
<revision>
<id>426244</id>
<parentid>422264</parentid>
<timestamp>2009-03-01T19:11:02Z</timestamp>
<contributor>
<username>Dicionarista</username>
<id>6964</id>
</contributor>
<model>wikitext</model>
<format>text/x-wiki</format>
<text bytes="2123" xml:space="preserve">=Português=
'''ja.var.&lt;u&gt;dei&lt;/u&gt;.ro''' ([http://books.google.com.br/books?id=1MAJPAAACAAJ '''1872'''])

{{-etimologia-}}
:De ''[[javardo]]'' + ''[[-eiro]]''

{{-subs-}}
''masculino''
# caçador de javardos
# lugar onde se criam javardos
# (''por extensão de sentido'') [[chiqueiro]]; [[curral]]
:: &lt;font color=&quot;#004408&quot;&gt;''O sentimento de excelsa virtude, que lhe aconselhou tal passo, não podia ser intendido n'este &lt;small&gt;JAVARDEIRO&lt;/small&gt; de Lisboa''.&lt;/font&gt;
::: [[w:Camilo Castelo Branco|CASTELO BRANCO, Camilo F. B.]] [http://books.google.com.br/books?id=1MAJPAAACAAJ '''O carrasco de Victor Hugo José Alves'''.] Livraria Internacional de Ernesto Chardron, 1872.

{{-vtbm-}}
===Na WWW===
* '''No Aulete Digital'''
: [http://www.aulete.portaldapalavra.com.br/site.php?mdl=aulete_digital&amp;op=loadVerbete&amp;pesquisa=1&amp;palavra=chiqueiro ''chiqueiro''] [http://www.aulete.portaldapalavra.com.br/site.php?mdl=aulete_digital&amp;op=loadVerbete&amp;pesquisa=1&amp;palavra=curral ''curral''] [http://www.aulete.portaldapalavra.com.br/site.php?mdl=aulete_digital&amp;op=loadVerbete&amp;pesquisa=1&amp;palavra=-eiro -''eiro''] [http://www.aulete.portaldapalavra.com.br/site.php?mdl=aulete_digital&amp;op=loadVerbete&amp;pesquisa=1&amp;palavra=javali ''javali''] [http://www.aulete.portaldapalavra.com.br/site.php?mdl=aulete_digital&amp;op=loadVerbete&amp;pesquisa=1&amp;palavra=javardeiro ''javardeiro''] [http://www.aulete.portaldapalavra.com.br/site.php?mdl=aulete_digital&amp;op=loadVerbete&amp;pesquisa=1&amp;palavra=javardo ''javardo'']
* '''No Dicionário de Língua Portuguesa On-Line (Priberam Informática)'''
: [http://www.priberam.pt/dlpo/definir_resultados.aspx?pal=chiqueiro ''chiqueiro''] [http://www.priberam.pt/dlpo/definir_resultados.aspx?pal=curral ''curral''] [http://www.priberam.pt/dlpo/definir_resultados.aspx?pal=javali ''javali''] [http://www.priberam.pt/dlpo/definir_resultados.aspx?pal=javardo ''javardo'']

[[Categoria:Substantivo (Português)]][[Categoria:Vocábulo com datação (Português)]][[Categoria:Século XIX (Português)]][[Categoria:Vocábulo com etimologia (Português)]][[Categoria:Polissílabo (Português)]][[Categoria:Paroxítona (Português)]]</text>
<sha1>i5kssxq2zv4n2ugd0y34h07mx9urn16</sha1>
</revision>
<revision>
<id>426260</id>
<parentid>426244</parentid>
<timestamp>2009-03-01T19:21:17Z</timestamp>
<contributor>
<username>Dicionarista</username>
<id>6964</id>
</contributor>
<model>wikitext</model>
<format>text/x-wiki</format>
<text bytes="2506" xml:space="preserve">=Português=
'''ja.var.&lt;u&gt;dei&lt;/u&gt;.ro''' ([http://books.google.com.br/books?id=1MAJPAAACAAJ '''1872'''])

{{-etimologia-}}
:De ''[[javardo]]'' + ''[[-eiro]]''

{{-subs-}}
''masculino''
# caçador de javardos
# lugar onde se criam javardos
# (''por extensão de sentido'') [[chiqueiro]]; [[curral]]
:: &lt;font color=&quot;#004408&quot;&gt;''O sentimento de excelsa virtude, que lhe aconselhou tal passo, não podia ser intendido n'este &lt;small&gt;JAVARDEIRO&lt;/small&gt; de Lisboa''.&lt;/font&gt;
::: [[w:Camilo Castelo Branco|BRANCO, Camilo F. B. CASTELO]]. [http://books.google.com.br/books?id=1MAJPAAACAAJ '''O carrasco de Victor Hugo José Alves'''.] Livraria Internacional de Ernesto Chardron, 1872.

{{-vtbm-}}
===Na WWW===
* '''No Aulete Digital'''
: [http://www.aulete.portaldapalavra.com.br/site.php?mdl=aulete_digital&amp;op=loadVerbete&amp;pesquisa=1&amp;palavra=chiqueiro ''chiqueiro''] [http://www.aulete.portaldapalavra.com.br/site.php?mdl=aulete_digital&amp;op=loadVerbete&amp;pesquisa=1&amp;palavra=curral ''curral''] [http://www.aulete.portaldapalavra.com.br/site.php?mdl=aulete_digital&amp;op=loadVerbete&amp;pesquisa=1&amp;palavra=-eiro -''eiro''] [http://www.aulete.portaldapalavra.com.br/site.php?mdl=aulete_digital&amp;op=loadVerbete&amp;pesquisa=1&amp;palavra=javali ''javali''] [http://www.aulete.portaldapalavra.com.br/site.php?mdl=aulete_digital&amp;op=loadVerbete&amp;pesquisa=1&amp;palavra=javardeiro ''javardeiro''] [http://www.aulete.portaldapalavra.com.br/site.php?mdl=aulete_digital&amp;op=loadVerbete&amp;pesquisa=1&amp;palavra=javardo ''javardo'']
* '''No Dicionário de Língua Portuguesa On-Line (Priberam Informática)'''
: [http://www.priberam.pt/dlpo/definir_resultados.aspx?pal=chiqueiro ''chiqueiro''] [http://www.priberam.pt/dlpo/definir_resultados.aspx?pal=curral ''curral''] [http://www.priberam.pt/dlpo/definir_resultados.aspx?pal=javali ''javali''] [http://www.priberam.pt/dlpo/definir_resultados.aspx?pal=javardo ''javardo'']
* '''No Google Books'''
===={{-ref-}}====
:* [[w:António Cândido de Figueiredo|FIGUEIREDO, António CÂNDIDO DE]]. [http://books.google.com.br/books?id=8LUtAAAAIAAJ '''Novo dicionário da lingua portuguesa'''.] Livraria Bertrand, 1937.
:* [http://books.google.com.br/books?id=Tt8EAAAAYAAJ&amp;pgis=1 '''Grande enciclopédia portuguesa e brasileira'''.] Editorial Enciclopédia, 1950.

[[Categoria:Substantivo (Português)]][[Categoria:Vocábulo com datação (Português)]][[Categoria:Século XIX (Português)]][[Categoria:Vocábulo com etimologia (Português)]][[Categoria:Polissílabo (Português)]][[Categoria:Paroxítona (Português)]]</text>
<sha1>heaqbic84r5c4kejhpmoauefcx7et52</sha1>
</revision>
<revision>
<id>426708</id>
<parentid>426260</parentid>
<timestamp>2009-03-02T01:43:52Z</timestamp>
<contributor>
<username>Dicionarista</username>
<id>6964</id>
</contributor>
<comment>/* Na WWW */</comment>
<model>wikitext</model>
<format>text/x-wiki</format>
<text bytes="2307" xml:space="preserve">=Português=
'''ja.var.&lt;u&gt;dei&lt;/u&gt;.ro''' ([http://books.google.com.br/books?id=1MAJPAAACAAJ '''1872'''])

{{-etimologia-}}
:De ''[[javardo]]'' + ''[[-eiro]]''

{{-subs-}}
''masculino''
# caçador de javardos
# lugar onde se criam javardos
# (''por extensão de sentido'') [[chiqueiro]]; [[curral]]
:: &lt;font color=&quot;#004408&quot;&gt;''O sentimento de excelsa virtude, que lhe aconselhou tal passo, não podia ser intendido n'este &lt;small&gt;JAVARDEIRO&lt;/small&gt; de Lisboa''.&lt;/font&gt;
::: [[w:Camilo Castelo Branco|BRANCO, Camilo F. B. CASTELO]]. [http://books.google.com.br/books?id=1MAJPAAACAAJ '''O carrasco de Victor Hugo José Alves'''.] Livraria Internacional de Ernesto Chardron, 1872.

{{-vtbm-}}
===Na WWW===
* '''No Aulete Digital'''
: [http://www.aulete.portaldapalavra.com.br/site.php?mdl=aulete_digital&amp;op=loadVerbete&amp;pesquisa=1&amp;palavra=chiqueiro ''chiqueiro''] [http://www.aulete.portaldapalavra.com.br/site.php?mdl=aulete_digital&amp;op=loadVerbete&amp;pesquisa=1&amp;palavra=curral ''curral''] [http://www.aulete.portaldapalavra.com.br/site.php?mdl=aulete_digital&amp;op=loadVerbete&amp;pesquisa=1&amp;palavra=-eiro -''eiro''] [http://www.aulete.portaldapalavra.com.br/site.php?mdl=aulete_digital&amp;op=loadVerbete&amp;pesquisa=1&amp;palavra=javardeiro ''javardeiro''] [http://www.aulete.portaldapalavra.com.br/site.php?mdl=aulete_digital&amp;op=loadVerbete&amp;pesquisa=1&amp;palavra=javardo ''javardo'']
* '''No Dicionário de Língua Portuguesa On-Line (Priberam Informática)'''
: [http://www.priberam.pt/dlpo/definir_resultados.aspx?pal=chiqueiro ''chiqueiro''] [http://www.priberam.pt/dlpo/definir_resultados.aspx?pal=curral ''curral''] [http://www.priberam.pt/dlpo/definir_resultados.aspx?pal=javardo ''javardo'']
* '''No Google Books'''
===={{-ref-}}====
:* [[w:António Cândido de Figueiredo|FIGUEIREDO, António CÂNDIDO DE]]. [http://books.google.com.br/books?id=8LUtAAAAIAAJ '''Novo dicionário da lingua portuguesa'''.] Livraria Bertrand, 1937.
:* [http://books.google.com.br/books?id=Tt8EAAAAYAAJ&amp;pgis=1 '''Grande enciclopédia portuguesa e brasileira'''.] Editorial Enciclopédia, 1950.

[[Categoria:Substantivo (Português)]][[Categoria:Vocábulo com datação (Português)]][[Categoria:Século XIX (Português)]][[Categoria:Vocábulo com etimologia (Português)]][[Categoria:Polissílabo (Português)]][[Categoria:Paroxítona (Português)]]</text>
<sha1>3y6w94e2lyl3mzxb155spjnjxb9fcof</sha1>
</revision>
<revision>
<id>586517</id>
<parentid>426708</parentid>
<timestamp>2009-11-04T23:33:17Z</timestamp>
<contributor>
<username>Jesielt-bot</username>
<id>10876</id>
</contributor>
<comment>Substituição, Replaced: {{-vtbm-}} → =={{vertb}}==, utilizando [[Project:AutoWikiBrowser|AWB]]</comment>
<model>wikitext</model>
<format>text/x-wiki</format>
<text bytes="2310" xml:space="preserve">=Português=
'''ja.var.&lt;u&gt;dei&lt;/u&gt;.ro''' ([http://books.google.com.br/books?id=1MAJPAAACAAJ '''1872'''])

{{-etimologia-}}
:De ''[[javardo]]'' + ''[[-eiro]]''

{{-subs-}}
''masculino''
# caçador de javardos
# lugar onde se criam javardos
# (''por extensão de sentido'') [[chiqueiro]]; [[curral]]
:: &lt;font color=&quot;#004408&quot;&gt;''O sentimento de excelsa virtude, que lhe aconselhou tal passo, não podia ser intendido n'este &lt;small&gt;JAVARDEIRO&lt;/small&gt; de Lisboa''.&lt;/font&gt;
::: [[w:Camilo Castelo Branco|BRANCO, Camilo F. B. CASTELO]]. [http://books.google.com.br/books?id=1MAJPAAACAAJ '''O carrasco de Victor Hugo José Alves'''.] Livraria Internacional de Ernesto Chardron, 1872.

=={{vertb}}==
===Na WWW===
* '''No Aulete Digital'''
: [http://www.aulete.portaldapalavra.com.br/site.php?mdl=aulete_digital&amp;op=loadVerbete&amp;pesquisa=1&amp;palavra=chiqueiro ''chiqueiro''] [http://www.aulete.portaldapalavra.com.br/site.php?mdl=aulete_digital&amp;op=loadVerbete&amp;pesquisa=1&amp;palavra=curral ''curral''] [http://www.aulete.portaldapalavra.com.br/site.php?mdl=aulete_digital&amp;op=loadVerbete&amp;pesquisa=1&amp;palavra=-eiro -''eiro''] [http://www.aulete.portaldapalavra.com.br/site.php?mdl=aulete_digital&amp;op=loadVerbete&amp;pesquisa=1&amp;palavra=javardeiro ''javardeiro''] [http://www.aulete.portaldapalavra.com.br/site.php?mdl=aulete_digital&amp;op=loadVerbete&amp;pesquisa=1&amp;palavra=javardo ''javardo'']
* '''No Dicionário de Língua Portuguesa On-Line (Priberam Informática)'''
: [http://www.priberam.pt/dlpo/definir_resultados.aspx?pal=chiqueiro ''chiqueiro''] [http://www.priberam.pt/dlpo/definir_resultados.aspx?pal=curral ''curral''] [http://www.priberam.pt/dlpo/definir_resultados.aspx?pal=javardo ''javardo'']
* '''No Google Books'''
===={{-ref-}}====
:* [[w:António Cândido de Figueiredo|FIGUEIREDO, António CÂNDIDO DE]]. [http://books.google.com.br/books?id=8LUtAAAAIAAJ '''Novo dicionário da lingua portuguesa'''.] Livraria Bertrand, 1937.
:* [http://books.google.com.br/books?id=Tt8EAAAAYAAJ&amp;pgis=1 '''Grande enciclopédia portuguesa e brasileira'''.] Editorial Enciclopédia, 1950.

[[Categoria:Substantivo (Português)]][[Categoria:Vocábulo com datação (Português)]][[Categoria:Século XIX (Português)]][[Categoria:Vocábulo com etimologia (Português)]][[Categoria:Polissílabo (Português)]][[Categoria:Paroxítona (Português)]]</text>
<sha1>8r1e4se14do293pencu77gmfislnx57</sha1>
</revision>
<revision>
<id>613849</id>
<parentid>586517</parentid>
<timestamp>2009-11-14T16:50:41Z</timestamp>
<contributor>
<username>Jesielt-bot</username>
<id>10876</id>
</contributor>
<comment>, Replaced: {{-etimologia-}} → =={{etimologia}}==, utilizando [[Project:AutoWikiBrowser|AWB]]</comment>
<model>wikitext</model>
<format>text/x-wiki</format>
<text bytes="2312" xml:space="preserve">=Português=
'''ja.var.&lt;u&gt;dei&lt;/u&gt;.ro''' ([http://books.google.com.br/books?id=1MAJPAAACAAJ '''1872'''])

=={{etimologia}}==
:De ''[[javardo]]'' + ''[[-eiro]]''

{{-subs-}}
''masculino''
# caçador de javardos
# lugar onde se criam javardos
# (''por extensão de sentido'') [[chiqueiro]]; [[curral]]
:: &lt;font color=&quot;#004408&quot;&gt;''O sentimento de excelsa virtude, que lhe aconselhou tal passo, não podia ser intendido n'este &lt;small&gt;JAVARDEIRO&lt;/small&gt; de Lisboa''.&lt;/font&gt;
::: [[w:Camilo Castelo Branco|BRANCO, Camilo F. B. CASTELO]]. [http://books.google.com.br/books?id=1MAJPAAACAAJ '''O carrasco de Victor Hugo José Alves'''.] Livraria Internacional de Ernesto Chardron, 1872.

=={{vertb}}==
===Na WWW===
* '''No Aulete Digital'''
: [http://www.aulete.portaldapalavra.com.br/site.php?mdl=aulete_digital&amp;op=loadVerbete&amp;pesquisa=1&amp;palavra=chiqueiro ''chiqueiro''] [http://www.aulete.portaldapalavra.com.br/site.php?mdl=aulete_digital&amp;op=loadVerbete&amp;pesquisa=1&amp;palavra=curral ''curral''] [http://www.aulete.portaldapalavra.com.br/site.php?mdl=aulete_digital&amp;op=loadVerbete&amp;pesquisa=1&amp;palavra=-eiro -''eiro''] [http://www.aulete.portaldapalavra.com.br/site.php?mdl=aulete_digital&amp;op=loadVerbete&amp;pesquisa=1&amp;palavra=javardeiro ''javardeiro''] [http://www.aulete.portaldapalavra.com.br/site.php?mdl=aulete_digital&amp;op=loadVerbete&amp;pesquisa=1&amp;palavra=javardo ''javardo'']
* '''No Dicionário de Língua Portuguesa On-Line (Priberam Informática)'''
: [http://www.priberam.pt/dlpo/definir_resultados.aspx?pal=chiqueiro ''chiqueiro''] [http://www.priberam.pt/dlpo/definir_resultados.aspx?pal=curral ''curral''] [http://www.priberam.pt/dlpo/definir_resultados.aspx?pal=javardo ''javardo'']
* '''No Google Books'''
===={{-ref-}}====
:* [[w:António Cândido de Figueiredo|FIGUEIREDO, António CÂNDIDO DE]]. [http://books.google.com.br/books?id=8LUtAAAAIAAJ '''Novo dicionário da lingua portuguesa'''.] Livraria Bertrand, 1937.
:* [http://books.google.com.br/books?id=Tt8EAAAAYAAJ&amp;pgis=1 '''Grande enciclopédia portuguesa e brasileira'''.] Editorial Enciclopédia, 1950.

[[Categoria:Substantivo (Português)]][[Categoria:Vocábulo com datação (Português)]][[Categoria:Século XIX (Português)]][[Categoria:Vocábulo com etimologia (Português)]][[Categoria:Polissílabo (Português)]][[Categoria:Paroxítona (Português)]]</text>
<sha1>qhplr1qfx768jdvu7wl4y2pdghyhhaq</sha1>
</revision>
<revision>
<id>665399</id>
<parentid>613849</parentid>
<timestamp>2009-12-25T14:28:31Z</timestamp>
<contributor>
<username>Jesielt-bot</username>
<id>10876</id>
</contributor>
<comment>clean up, Replaced: {{-subs-}} → ==Substantivo==, utilizando [[Project:AutoWikiBrowser|AWB]]</comment>
<model>wikitext</model>
<format>text/x-wiki</format>
<text bytes="2317" xml:space="preserve">=Português=
'''ja.var.&lt;u&gt;dei&lt;/u&gt;.ro''' ([http://books.google.com.br/books?id=1MAJPAAACAAJ '''1872'''])

=={{etimologia}}==
:De ''[[javardo]]'' + ''[[-eiro]]''

==Substantivo==
''masculino''
# caçador de javardos
# lugar onde se criam javardos
# (''por extensão de sentido'') [[chiqueiro]]; [[curral]]
:: &lt;font color=&quot;#004408&quot;&gt;''O sentimento de excelsa virtude, que lhe aconselhou tal passo, não podia ser intendido n'este &lt;small&gt;JAVARDEIRO&lt;/small&gt; de Lisboa''.&lt;/font&gt;
::: [[w:Camilo Castelo Branco|BRANCO, Camilo F. B. CASTELO]]. [http://books.google.com.br/books?id=1MAJPAAACAAJ '''O carrasco de Victor Hugo José Alves'''.] Livraria Internacional de Ernesto Chardron, 1872.

=={{vertb}}==
===Na WWW===
* '''No Aulete Digital'''
: [http://www.aulete.portaldapalavra.com.br/site.php?mdl=aulete_digital&amp;op=loadVerbete&amp;pesquisa=1&amp;palavra=chiqueiro ''chiqueiro''] [http://www.aulete.portaldapalavra.com.br/site.php?mdl=aulete_digital&amp;op=loadVerbete&amp;pesquisa=1&amp;palavra=curral ''curral''] [http://www.aulete.portaldapalavra.com.br/site.php?mdl=aulete_digital&amp;op=loadVerbete&amp;pesquisa=1&amp;palavra=-eiro -''eiro''] [http://www.aulete.portaldapalavra.com.br/site.php?mdl=aulete_digital&amp;op=loadVerbete&amp;pesquisa=1&amp;palavra=javardeiro ''javardeiro''] [http://www.aulete.portaldapalavra.com.br/site.php?mdl=aulete_digital&amp;op=loadVerbete&amp;pesquisa=1&amp;palavra=javardo ''javardo'']
* '''No Dicionário de Língua Portuguesa On-Line (Priberam Informática)'''
: [http://www.priberam.pt/dlpo/definir_resultados.aspx?pal=chiqueiro ''chiqueiro''] [http://www.priberam.pt/dlpo/definir_resultados.aspx?pal=curral ''curral''] [http://www.priberam.pt/dlpo/definir_resultados.aspx?pal=javardo ''javardo'']
* '''No Google Books'''
===={{-ref-}}====
:* [[w:António Cândido de Figueiredo|FIGUEIREDO, António CÂNDIDO DE]]. [http://books.google.com.br/books?id=8LUtAAAAIAAJ '''Novo dicionário da lingua portuguesa'''.] Livraria Bertrand, 1937.
:* [http://books.google.com.br/books?id=Tt8EAAAAYAAJ&amp;pgis=1 '''Grande enciclopédia portuguesa e brasileira'''.] Editorial Enciclopédia, 1950.

[[Categoria:Substantivo (Português)]][[Categoria:Vocábulo com datação (Português)]][[Categoria:Século XIX (Português)]][[Categoria:Vocábulo com etimologia (Português)]][[Categoria:Polissílabo (Português)]][[Categoria:Paroxítona (Português)]]</text>
<sha1>1z182yn1490eh6w41cjztvkczom385e</sha1>
</revision>
<revision>
<id>1207858</id>
<parentid>665399</parentid>
<timestamp>2011-07-10T03:48:10Z</timestamp>
<contributor>
<username>MalafayaBot</username>
<id>628</id>
</contributor>
<minor />
<comment>Robô: Substituição de texto automática (-^\=\s?Português\s?\= +={{-pt-}}= &amp; -^\=\s?\{\{pt\}\}\s?\= +={{-pt-}}=)</comment>
<model>wikitext</model>
<format>text/x-wiki</format>
<text bytes="2315" xml:space="preserve">={{-pt-}}=
'''ja.var.&lt;u&gt;dei&lt;/u&gt;.ro''' ([http://books.google.com.br/books?id=1MAJPAAACAAJ '''1872'''])

=={{etimologia}}==
:De ''[[javardo]]'' + ''[[-eiro]]''

==Substantivo==
''masculino''
# caçador de javardos
# lugar onde se criam javardos
# (''por extensão de sentido'') [[chiqueiro]]; [[curral]]
:: &lt;font color=&quot;#004408&quot;&gt;''O sentimento de excelsa virtude, que lhe aconselhou tal passo, não podia ser intendido n'este &lt;small&gt;JAVARDEIRO&lt;/small&gt; de Lisboa''.&lt;/font&gt;
::: [[w:Camilo Castelo Branco|BRANCO, Camilo F. B. CASTELO]]. [http://books.google.com.br/books?id=1MAJPAAACAAJ '''O carrasco de Victor Hugo José Alves'''.] Livraria Internacional de Ernesto Chardron, 1872.

=={{vertb}}==
===Na WWW===
* '''No Aulete Digital'''
: [http://www.aulete.portaldapalavra.com.br/site.php?mdl=aulete_digital&amp;op=loadVerbete&amp;pesquisa=1&amp;palavra=chiqueiro ''chiqueiro''] [http://www.aulete.portaldapalavra.com.br/site.php?mdl=aulete_digital&amp;op=loadVerbete&amp;pesquisa=1&amp;palavra=curral ''curral''] [http://www.aulete.portaldapalavra.com.br/site.php?mdl=aulete_digital&amp;op=loadVerbete&amp;pesquisa=1&amp;palavra=-eiro -''eiro''] [http://www.aulete.portaldapalavra.com.br/site.php?mdl=aulete_digital&amp;op=loadVerbete&amp;pesquisa=1&amp;palavra=javardeiro ''javardeiro''] [http://www.aulete.portaldapalavra.com.br/site.php?mdl=aulete_digital&amp;op=loadVerbete&amp;pesquisa=1&amp;palavra=javardo ''javardo'']
* '''No Dicionário de Língua Portuguesa On-Line (Priberam Informática)'''
: [http://www.priberam.pt/dlpo/definir_resultados.aspx?pal=chiqueiro ''chiqueiro''] [http://www.priberam.pt/dlpo/definir_resultados.aspx?pal=curral ''curral''] [http://www.priberam.pt/dlpo/definir_resultados.aspx?pal=javardo ''javardo'']
* '''No Google Books'''
===={{-ref-}}====
:* [[w:António Cândido de Figueiredo|FIGUEIREDO, António CÂNDIDO DE]]. [http://books.google.com.br/books?id=8LUtAAAAIAAJ '''Novo dicionário da lingua portuguesa'''.] Livraria Bertrand, 1937.
:* [http://books.google.com.br/books?id=Tt8EAAAAYAAJ&amp;pgis=1 '''Grande enciclopédia portuguesa e brasileira'''.] Editorial Enciclopédia, 1950.

[[Categoria:Substantivo (Português)]][[Categoria:Vocábulo com datação (Português)]][[Categoria:Século XIX (Português)]][[Categoria:Vocábulo com etimologia (Português)]][[Categoria:Polissílabo (Português)]][[Categoria:Paroxítona (Português)]]</text>
<sha1>ksfnh47zrjcfd8yz457ddayovj3isny</sha1>
</revision>
<revision>
<id>1321666</id>
<parentid>1207858</parentid>
<timestamp>2011-12-05T14:28:31Z</timestamp>
<contributor>
<username>Malafaya</username>
<id>313</id>
</contributor>
<comment>não está muito mal, mas...</comment>
<model>wikitext</model>
<format>text/x-wiki</format>
<text bytes="2331" xml:space="preserve">{{reciclar}}
={{-pt-}}=
{{paroxítona|ja|var|dei|ro}} ([http://books.google.com.br/books?id=1MAJPAAACAAJ '''1872'''])

=={{etimologia}}==
:De ''[[javardo]]'' + ''[[-eiro]]''

==Substantivo==
''masculino''
# caçador de javardos
# lugar onde se criam javardos
# (''por extensão de sentido'') [[chiqueiro]]; [[curral]]
:: &lt;font color=&quot;#004408&quot;&gt;''O sentimento de excelsa virtude, que lhe aconselhou tal passo, não podia ser intendido n'este &lt;small&gt;JAVARDEIRO&lt;/small&gt; de Lisboa''.&lt;/font&gt;
::: [[w:Camilo Castelo Branco|BRANCO, Camilo F. B. CASTELO]]. [http://books.google.com.br/books?id=1MAJPAAACAAJ '''O carrasco de Victor Hugo José Alves'''.] Livraria Internacional de Ernesto Chardron, 1872.

=={{vertb}}==
===Na WWW===
* '''No Aulete Digital'''
: [http://www.aulete.portaldapalavra.com.br/site.php?mdl=aulete_digital&amp;op=loadVerbete&amp;pesquisa=1&amp;palavra=chiqueiro ''chiqueiro''] [http://www.aulete.portaldapalavra.com.br/site.php?mdl=aulete_digital&amp;op=loadVerbete&amp;pesquisa=1&amp;palavra=curral ''curral''] [http://www.aulete.portaldapalavra.com.br/site.php?mdl=aulete_digital&amp;op=loadVerbete&amp;pesquisa=1&amp;palavra=-eiro -''eiro''] [http://www.aulete.portaldapalavra.com.br/site.php?mdl=aulete_digital&amp;op=loadVerbete&amp;pesquisa=1&amp;palavra=javardeiro ''javardeiro''] [http://www.aulete.portaldapalavra.com.br/site.php?mdl=aulete_digital&amp;op=loadVerbete&amp;pesquisa=1&amp;palavra=javardo ''javardo'']
* '''No Dicionário de Língua Portuguesa On-Line (Priberam Informática)'''
: [http://www.priberam.pt/dlpo/definir_resultados.aspx?pal=chiqueiro ''chiqueiro''] [http://www.priberam.pt/dlpo/definir_resultados.aspx?pal=curral ''curral''] [http://www.priberam.pt/dlpo/definir_resultados.aspx?pal=javardo ''javardo'']
* '''No Google Books'''
===={{-ref-}}====
:* [[w:António Cândido de Figueiredo|FIGUEIREDO, António CÂNDIDO DE]]. [http://books.google.com.br/books?id=8LUtAAAAIAAJ '''Novo dicionário da lingua portuguesa'''.] Livraria Bertrand, 1937.
:* [http://books.google.com.br/books?id=Tt8EAAAAYAAJ&amp;pgis=1 '''Grande enciclopédia portuguesa e brasileira'''.] Editorial Enciclopédia, 1950.

[[Categoria:Substantivo (Português)]][[Categoria:Vocábulo com datação (Português)]][[Categoria:Século XIX (Português)]][[Categoria:Vocábulo com etimologia (Português)]][[Categoria:Polissílabo (Português)]][[Categoria:Paroxítona (Português)]]</text>
<sha1>9q1ore8100kvtsslbg71om0nwkjyi54</sha1>
</revision>
<revision>
<id>1402989</id>
<parentid>1321666</parentid>
<timestamp>2012-04-26T17:26:16Z</timestamp>
<contributor>
<username>Dicionarista</username>
<id>6964</id>
</contributor>
<model>wikitext</model>
<format>text/x-wiki</format>
<text bytes="2000" xml:space="preserve">={{-pt-}}=
=={{etimologia}}==
:De ''[[javardo]]'' + ''[[-eiro]]''
:: Datação: [http://books.google.com.br/books?id=1MAJPAAACAAJ '''1872''']

==Substantivo==
{{paroxítona|ja|var|dei|ro}} ''masculino''
# caçador de javardos
# lugar onde se criam javardos
# (''por extensão de sentido'') [[chiqueiro]]; [[curral]]
=={{vertb}}==
===Na WWW===
{{verTambém.Ini}}
* '''No Aulete Digital'''
: [http://www.aulete.portaldapalavra.com.br/site.php?mdl=aulete_digital&amp;op=loadVerbete&amp;pesquisa=1&amp;palavra=chiqueiro ''chiqueiro''] [http://www.aulete.portaldapalavra.com.br/site.php?mdl=aulete_digital&amp;op=loadVerbete&amp;pesquisa=1&amp;palavra=curral ''curral''] [http://www.aulete.portaldapalavra.com.br/site.php?mdl=aulete_digital&amp;op=loadVerbete&amp;pesquisa=1&amp;palavra=-eiro -''eiro''] [http://www.aulete.portaldapalavra.com.br/site.php?mdl=aulete_digital&amp;op=loadVerbete&amp;pesquisa=1&amp;palavra=javardeiro ''javardeiro''] [http://www.aulete.portaldapalavra.com.br/site.php?mdl=aulete_digital&amp;op=loadVerbete&amp;pesquisa=1&amp;palavra=javardo ''javardo'']
* '''No Dicionário de Língua Portuguesa On-Line (Priberam Informática)'''
: [http://www.priberam.pt/dlpo/definir_resultados.aspx?pal=chiqueiro ''chiqueiro''] [http://www.priberam.pt/dlpo/definir_resultados.aspx?pal=curral ''curral''] [http://www.priberam.pt/dlpo/definir_resultados.aspx?pal=javardo ''javardo'']
{{verTambém.Fim}}
==={{-ref-}}===
{{verTambém.Ini}}
* [[w:António Cândido de Figueiredo|FIGUEIREDO, António CÂNDIDO DE]]. [http://books.google.com.br/books?id=8LUtAAAAIAAJ '''Novo dicionário da lingua portuguesa'''.] Livraria Bertrand, 1937.
* [http://books.google.com.br/books?id=Tt8EAAAAYAAJ&amp;pgis=1 '''Grande enciclopédia portuguesa e brasileira'''.] Editorial Enciclopédia, 1950.
{{verTambém.Fim}}

[[Categoria:Substantivo (Português)]][[Categoria:Vocábulo com datação (Português)]][[Categoria:Século XIX (Português)]][[Categoria:Vocábulo com etimologia (Português)]][[Categoria:Polissílabo (Português)]][[Categoria:Paroxítona (Português)]]</text>
<sha1>hj8af6lavczq3yyb0v7jtu2nc69ime7</sha1>
</revision>
<revision>
<id>1402990</id>
<parentid>1402989</parentid>
<timestamp>2012-04-26T17:27:53Z</timestamp>
<contributor>
<username>Dicionarista</username>
<id>6964</id>
</contributor>
<model>wikitext</model>
<format>text/x-wiki</format>
<text bytes="1950" xml:space="preserve">={{-pt-}}=
=={{etimologia}}==
:De ''[[javardo]]'' + ''[[-eiro]]''
:: Datação: [http://books.google.com.br/books?id=1MAJPAAACAAJ '''1872''']

==Substantivo==
{{paroxítona|ja|var|dei|ro}} ''masculino''
# caçador de javardos
# lugar onde se criam javardos
# (''por extensão de sentido'') [[chiqueiro]]; [[curral]]
=={{vertb}}==
===Na WWW===
{{verTambém.Ini}}
* '''No Aulete Digital'''
: [http://www.aulete.portaldapalavra.com.br/site.php?mdl=aulete_digital&amp;op=loadVerbete&amp;pesquisa=1&amp;palavra=chiqueiro ''chiqueiro''] [http://www.aulete.portaldapalavra.com.br/site.php?mdl=aulete_digital&amp;op=loadVerbete&amp;pesquisa=1&amp;palavra=curral ''curral''] [http://www.aulete.portaldapalavra.com.br/site.php?mdl=aulete_digital&amp;op=loadVerbete&amp;pesquisa=1&amp;palavra=-eiro -''eiro''] [http://www.aulete.portaldapalavra.com.br/site.php?mdl=aulete_digital&amp;op=loadVerbete&amp;pesquisa=1&amp;palavra=javardeiro ''javardeiro''] [http://www.aulete.portaldapalavra.com.br/site.php?mdl=aulete_digital&amp;op=loadVerbete&amp;pesquisa=1&amp;palavra=javardo ''javardo'']
* '''No Dicionário de Língua Portuguesa On-Line (Priberam Informática)'''
: [http://www.priberam.pt/dlpo/definir_resultados.aspx?pal=chiqueiro ''chiqueiro''] [http://www.priberam.pt/dlpo/definir_resultados.aspx?pal=curral ''curral''] [http://www.priberam.pt/dlpo/definir_resultados.aspx?pal=javardo ''javardo'']
{{verTambém.Fim}}
==={{-ref-}}===
{{verTambém.Ini}}
* [[w:António Cândido de Figueiredo|FIGUEIREDO, António CÂNDIDO DE]]. [http://books.google.com.br/books?id=8LUtAAAAIAAJ '''Novo dicionário da lingua portuguesa'''.] Livraria Bertrand, 1937.
* [http://books.google.com.br/books?id=Tt8EAAAAYAAJ&amp;pgis=1 '''Grande enciclopédia portuguesa e brasileira'''.] Editorial Enciclopédia, 1950.
{{verTambém.Fim}}

[[Categoria:Substantivo (Português)]][[Categoria:Século XIX (Português)]][[Categoria:Vocábulo com etimologia (Português)]][[Categoria:Polissílabo (Português)]][[Categoria:Paroxítona (Português)]]</text>
<sha1>13238ylm80zoytr91gre5zo4wjechq7</sha1>
</revision>
<revision>
<id>1403000</id>
<parentid>1402990</parentid>
<timestamp>2012-04-26T17:45:14Z</timestamp>
<contributor>
<username>Dicionarista</username>
<id>6964</id>
</contributor>
<comment>/* Na WWW */</comment>
<model>wikitext</model>
<format>text/x-wiki</format>
<text bytes="1871" xml:space="preserve">={{-pt-}}=
=={{etimologia}}==
:De ''[[javardo]]'' + ''[[-eiro]]''
:: Datação: [http://books.google.com.br/books?id=1MAJPAAACAAJ '''1872''']

==Substantivo==
{{paroxítona|ja|var|dei|ro}} ''masculino''
# caçador de javardos
# lugar onde se criam javardos
# (''por extensão de sentido'') [[chiqueiro]]; [[curral]]
=={{vertb}}==
===Na WWW===
{{verTambém.Ini}}
* '''No Aulete Digital'''
: [http://aulete.uol.com.br/site.php?mdl=aulete_digital&amp;op=loadVerbete&amp;pesquisa=1&amp;palavra=chiqueiro ''chiqueiro''] [http://aulete.uol.com.br/site.php?mdl=aulete_digital&amp;op=loadVerbete&amp;pesquisa=1&amp;palavra=curral ''curral''] [http://aulete.uol.com.br/site.php?mdl=aulete_digital&amp;op=loadVerbete&amp;pesquisa=1&amp;palavra=-eiro -''eiro''] [http://aulete.uol.com.br/site.php?mdl=aulete_digital&amp;op=loadVerbete&amp;pesquisa=1&amp;palavra=javardeiro ''javardeiro''] [http://aulete.uol.com.br/site.php?mdl=aulete_digital&amp;op=loadVerbete&amp;pesquisa=1&amp;palavra=javardo ''javardo'']
* '''No Dicionário de Língua Portuguesa On-Line (Priberam Informática)'''
: [http://www.priberam.pt/dlpo/definir_resultados.aspx?pal=chiqueiro ''chiqueiro''] [http://www.priberam.pt/dlpo/definir_resultados.aspx?pal=curral ''curral''] [http://www.priberam.pt/dlpo/definir_resultados.aspx?pal=javardo ''javardo'']
{{verTambém.Fim}}

==={{-ref-}}===
{{verTambém.Ini}}
* [[w:António Cândido de Figueiredo|FIGUEIREDO, António CÂNDIDO DE]]. [http://books.google.com.br/books?id=8LUtAAAAIAAJ '''Novo dicionário da lingua portuguesa'''.] Livraria Bertrand, 1937.
* [http://books.google.com.br/books?id=Tt8EAAAAYAAJ&amp;pgis=1 '''Grande enciclopédia portuguesa e brasileira'''.] Editorial Enciclopédia, 1950.
{{verTambém.Fim}}

[[Categoria:Substantivo (Português)]][[Categoria:Século XIX (Português)]][[Categoria:Vocábulo com etimologia (Português)]][[Categoria:Polissílabo (Português)]][[Categoria:Paroxítona (Português)]]</text>
<sha1>qffbd2jj2i4u87swr4cqwzkx3fgjigt</sha1>
</revision>
<revision>
<id>1404354</id>
<parentid>1403000</parentid>
<timestamp>2012-04-29T14:02:46Z</timestamp>
<contributor>
<ip>189.62.34.16</ip>
</contributor>
<model>wikitext</model>
<format>text/x-wiki</format>
<text bytes="1791" xml:space="preserve">={{-pt-}}=
==Substantivo==
{{paroxítona|ja|var|dei|ro}} ''masculino''
# caçador de [[javardo]]s
# lugar onde se criam javardos
# (''por extensão de sentido'') [[chiqueiro]]; [[curral]]
=={{etimologia|pt}}==
:De ''[[javardo]]'' + ''[[-eiro]]''
:: Datação: [http://books.google.com.br/books?id=1MAJPAAACAAJ '''1872''']

=={{vertb}}==
===Na WWW===
{{verTambém.Ini}}
* '''No Aulete Digital'''
: [http://aulete.uol.com.br/site.php?mdl=aulete_digital&amp;op=loadVerbete&amp;pesquisa=1&amp;palavra=chiqueiro ''chiqueiro''] [http://aulete.uol.com.br/site.php?mdl=aulete_digital&amp;op=loadVerbete&amp;pesquisa=1&amp;palavra=curral ''curral''] [http://aulete.uol.com.br/site.php?mdl=aulete_digital&amp;op=loadVerbete&amp;pesquisa=1&amp;palavra=-eiro -''eiro''] [http://aulete.uol.com.br/site.php?mdl=aulete_digital&amp;op=loadVerbete&amp;pesquisa=1&amp;palavra=javardeiro ''javardeiro''] [http://aulete.uol.com.br/site.php?mdl=aulete_digital&amp;op=loadVerbete&amp;pesquisa=1&amp;palavra=javardo ''javardo'']
* '''No Dicionário de Língua Portuguesa On-Line (Priberam Informática)'''
: [http://www.priberam.pt/dlpo/definir_resultados.aspx?pal=chiqueiro ''chiqueiro''] [http://www.priberam.pt/dlpo/definir_resultados.aspx?pal=curral ''curral''] [http://www.priberam.pt/dlpo/definir_resultados.aspx?pal=javardo ''javardo'']
{{verTambém.Fim}}

==={{-ref-}}===
{{verTambém.Ini}}
* [[w:António Cândido de Figueiredo|FIGUEIREDO, António CÂNDIDO DE]]. [http://books.google.com.br/books?id=8LUtAAAAIAAJ '''Novo dicionário da lingua portuguesa'''.] Livraria Bertrand, 1937.
* [http://books.google.com.br/books?id=Tt8EAAAAYAAJ&amp;pgis=1 '''Grande enciclopédia portuguesa e brasileira'''.] Editorial Enciclopédia, 1950.
{{verTambém.Fim}}

[[Categoria:Substantivo (Português)]]
[[Categoria:Século XIX (Português)]]
[[Categoria:Polissílabo (Português)]]</text>
<sha1>ar7sw0vedo31kllk4mdn54dpy54u3av</sha1>
</revision>
<revision>
<id>1405012</id>
<parentid>1404354</parentid>
<timestamp>2012-05-01T12:51:22Z</timestamp>
<contributor>
<username>Dicionarista</username>
<id>6964</id>
</contributor>
<comment>/* {{vertb}} */</comment>
<model>wikitext</model>
<format>text/x-wiki</format>
<text bytes="955" xml:space="preserve">={{-pt-}}=
==Substantivo==
{{paroxítona|ja|var|dei|ro}} ''masculino''
# caçador de [[javardo]]s
# lugar onde se criam javardos
# (''por extensão de sentido'') [[chiqueiro]]; [[curral]]
=={{etimologia|pt}}==
:De ''[[javardo]]'' + ''[[-eiro]]''
:: Datação: [http://books.google.com.br/books?id=1MAJPAAACAAJ '''1872''']

=={{vertb}}==
==={{-ref-}}===
{{verTambém.Ini}}
* [[w:António Cândido de Figueiredo|CÂNDIDO DE FIGUEIREDO, António]]. [http://books.google.com.br/books?id=8LUtAAAAIAAJ Novo dicionário da lingua portuguesa] Livraria Bertrand, 1937.
* [http://books.google.com.br/books?id=Tt8EAAAAYAAJ&amp;pgis=1 Grande enciclopédia portuguesa e brasileira] Editorial Enciclopédia, 1950.
* [http://aulete.uol.com.br/site.php?mdl=aulete_digital&amp;op=loadVerbete&amp;pesquisa=1&amp;palavra=javardeiro iDicionário Aulete]
{{verTambém.Fim}}

[[Categoria:Substantivo (Português)]]
[[Categoria:Século XIX (Português)]]
[[Categoria:Polissílabo (Português)]]</text>
<sha1>pqp56v9e336dr9bskq8i42xkawhgls2</sha1>
</revision>
<revision>
<id>1405015</id>
<parentid>1405012</parentid>
<timestamp>2012-05-01T12:56:13Z</timestamp>
<contributor>
<username>Dicionarista</username>
<id>6964</id>
</contributor>
<comment>/* {{-ref-}} */</comment>
<model>wikitext</model>
<format>text/x-wiki</format>
<text bytes="1074" xml:space="preserve">={{-pt-}}=
==Substantivo==
{{paroxítona|ja|var|dei|ro}} ''masculino''
# caçador de [[javardo]]s
# lugar onde se criam javardos
# (''por extensão de sentido'') [[chiqueiro]]; [[curral]]
=={{etimologia|pt}}==
:De ''[[javardo]]'' + ''[[-eiro]]''
:: Datação: [http://books.google.com.br/books?id=1MAJPAAACAAJ '''1872''']

=={{vertb}}==
==={{-ref-}}===
{{verTambém.Ini}}
* [[w:António Cândido de Figueiredo|CÂNDIDO DE FIGUEIREDO, António]]. [http://books.google.com.br/books?id=8LUtAAAAIAAJ Novo dicionário da lingua portuguesa] Livraria Bertrand, 1937.
* [http://books.google.com.br/books?id=Tt8EAAAAYAAJ&amp;pgis=1 Grande enciclopédia portuguesa e brasileira] Editorial Enciclopédia, 1950.
* [http://aulete.uol.com.br/site.php?mdl=aulete_digital&amp;op=loadVerbete&amp;pesquisa=1&amp;palavra=javardeiro iDicionário Aulete]
* [http://www.portaldalinguaportuguesa.org/index.php?action=lemma&amp;lemma=169306 Portal da Língua Portuguesa (MorDebe)]
{{verTambém.Fim}}

[[Categoria:Substantivo (Português)]]
[[Categoria:Século XIX (Português)]]
[[Categoria:Polissílabo (Português)]]</text>
<sha1>dvnb3eka1d93uq0ofqjkureiwh67enn</sha1>
</revision>
<revision>
<id>1406263</id>
<parentid>1405015</parentid>
<timestamp>2012-05-04T12:46:22Z</timestamp>
<contributor>
<username>Dicionarista</username>
<id>6964</id>
</contributor>
<model>wikitext</model>
<format>text/x-wiki</format>
<text bytes="1092" xml:space="preserve">{{vt|javardeira}}
={{-pt-}}=
==Substantivo==
{{paroxítona|ja|var|dei|ro}} ''masculino''
# caçador de [[javardo]]s
# lugar onde se criam javardos
# (''por extensão de sentido'') [[chiqueiro]]; [[curral]]
=={{etimologia|pt}}==
:De ''[[javardo]]'' + ''[[-eiro]]''
:: Datação: [http://books.google.com.br/books?id=1MAJPAAACAAJ '''1872''']

=={{vertb}}==
==={{-ref-}}===
{{verTambém.Ini}}
* [[w:António Cândido de Figueiredo|CÂNDIDO DE FIGUEIREDO, António]]. [http://books.google.com.br/books?id=8LUtAAAAIAAJ Novo dicionário da lingua portuguesa] Livraria Bertrand, 1937.
* [http://books.google.com.br/books?id=Tt8EAAAAYAAJ&amp;pgis=1 Grande enciclopédia portuguesa e brasileira] Editorial Enciclopédia, 1950.
* [http://aulete.uol.com.br/site.php?mdl=aulete_digital&amp;op=loadVerbete&amp;pesquisa=1&amp;palavra=javardeiro iDicionário Aulete]
* [http://www.portaldalinguaportuguesa.org/index.php?action=lemma&amp;lemma=169306 Portal da Língua Portuguesa (MorDebe)]
{{verTambém.Fim}}

[[Categoria:Substantivo (Português)]]
[[Categoria:Século XIX (Português)]]
[[Categoria:Polissílabo (Português)]]</text>
<sha1>8wbp6hpqlsav30s1b72sn1en4gam8fx</sha1>
</revision>
<revision>
<id>1406265</id>
<parentid>1406263</parentid>
<timestamp>2012-05-04T12:47:53Z</timestamp>
<contributor>
<username>Dicionarista</username>
<id>6964</id>
</contributor>
<comment>/* {{-ref-}} */</comment>
<model>wikitext</model>
<format>text/x-wiki</format>
<text bytes="1138" xml:space="preserve">{{vt|javardeira}}
={{-pt-}}=
==Substantivo==
{{paroxítona|ja|var|dei|ro}} ''masculino''
# caçador de [[javardo]]s
# lugar onde se criam javardos
# (''por extensão de sentido'') [[chiqueiro]]; [[curral]]
=={{etimologia|pt}}==
:De ''[[javardo]]'' + ''[[-eiro]]''
:: Datação: [http://books.google.com.br/books?id=1MAJPAAACAAJ '''1872''']

=={{vertb}}==
==={{-ref-}}===
{{verTambém.Ini}}
* [[w:António Cândido de Figueiredo|CÂNDIDO DE FIGUEIREDO, António]]. [http://books.google.com.br/books?id=8LUtAAAAIAAJ Novo dicionário da lingua portuguesa] [[w:Livraria_Bertrand|Livraria Bertrand]], [[w:1937|1937]].
* [http://books.google.com.br/books?id=Tt8EAAAAYAAJ&amp;pgis=1 Grande enciclopédia portuguesa e brasileira] Editorial Enciclopédia, [[w:1950|1950]].
* [http://aulete.uol.com.br/site.php?mdl=aulete_digital&amp;op=loadVerbete&amp;pesquisa=1&amp;palavra=javardeiro iDicionário Aulete]
* [http://www.portaldalinguaportuguesa.org/index.php?action=lemma&amp;lemma=169306 Portal da Língua Portuguesa (MorDebe)]
{{verTambém.Fim}}

[[Categoria:Substantivo (Português)]]
[[Categoria:Século XIX (Português)]]
[[Categoria:Polissílabo (Português)]]</text>
<sha1>3od29nazrtqx261vsiv4pfs548tn55u</sha1>
</revision>
<revision>
<id>1412559</id>
<parentid>1406265</parentid>
<timestamp>2012-05-17T16:42:42Z</timestamp>
<contributor>
<username>Dicionarista</username>
<id>6964</id>
</contributor>
<model>wikitext</model>
<format>text/x-wiki</format>
<text bytes="1187" xml:space="preserve">{{vt|javardeira}}
={{-pt-}}=
==Substantivo==
{{paroxítona|ja|var|dei|ro}} ''masculino''
# caçador de [[javardo]]s
# lugar onde se criam javardos
# (''por extensão de sentido'') [[chiqueiro]]; [[curral]]
==Etimologia==
:De ''[[javardo]]'' + ''[[-eiro]]''
:: Datação: [http://books.google.com.br/books?id=1MAJPAAACAAJ '''1872''']
==Ver também==
===Referências===
{{verTambém.Ini}}
* [[w:António Cândido de Figueiredo|Cândido de Figueiredo, António]]. [http://books.google.com.br/books?id=8LUtAAAAIAAJ Novo dicionário da lingua portuguesa] [[w:Livraria_Bertrand|Livraria Bertrand]], [[w:1937|1937]].
* [http://books.google.com.br/books?id=Tt8EAAAAYAAJ&amp;pgis=1 Grande enciclopédia portuguesa e brasileira] Editorial Enciclopédia, [[w:1950|1950]].
* [http://aulete.uol.com.br/site.php?mdl=aulete_digital&amp;op=loadVerbete&amp;pesquisa=1&amp;palavra=javardeiro iDicionário Aulete]
* [http://www.portaldalinguaportuguesa.org/index.php?action=lemma&amp;lemma=169306 Portal da Língua Portuguesa (MorDebe)]
{{verTambém.Fim}}

[[Categoria:Substantivo (Português)]]
[[Categoria:Vocábulo com etimologia (Português)]]
[[Categoria:Século XIX (Português)]]
[[Categoria:Polissílabo (Português)]]</text>
<sha1>oxpq5mbhquhsxbdjpojdzpjmaac6q7d</sha1>
</revision>
<revision>
<id>1412566</id>
<parentid>1412559</parentid>
<timestamp>2012-05-17T17:03:05Z</timestamp>
<contributor>
<username>Dicionarista</username>
<id>6964</id>
</contributor>
<model>wikitext</model>
<format>text/x-wiki</format>
<text bytes="1420" xml:space="preserve">{{vt|javardeira}}
={{-pt-}}=
==Substantivo==
{{paroxítona|ja|var|dei|ro}} {{m}}
# caçador de [[javardo]]s
# lugar onde se criam javardos
# (''por extensão de sentido'') {{link opcional|chiqueiro}}; [[curral]]
==Etimologia==
: ''[[javardo]]'' + ''[[-eiro]]''
:: Datação: [http://books.google.com.br/books?id=1MAJPAAACAAJ '''1872''']
==Ver também==
===Referências===
{{verTambém.Ini}}
* [[w:António Cândido de Figueiredo|Cândido de Figueiredo, António]]. [http://books.google.com.br/books?id=8LUtAAAAIAAJ Novo dicionário da lingua portuguesa] [[w:Livraria_Bertrand|Livraria Bertrand]], [[w:1937|1937]].
* [[w:Camilo_Castelo_Branco|Castelo Branco, Camilo]]. [http://archive.org/details/ocarrascodevicto00castuoft O carrasco de Victor Hugo José Alves] Livraria Internacional de Ernesto Chardron e Eugênio Chardron, [[w:1872|1872]].
* [http://books.google.com.br/books?id=Tt8EAAAAYAAJ&amp;pgis=1 Grande enciclopédia portuguesa e brasileira] Editorial Enciclopédia, [[w:1950|1950]].
* [http://aulete.uol.com.br/site.php?mdl=aulete_digital&amp;op=loadVerbete&amp;pesquisa=1&amp;palavra=javardeiro iDicionário Aulete]
* [http://www.portaldalinguaportuguesa.org/index.php?action=lemma&amp;lemma=169306 Portal da Língua Portuguesa (MorDebe)]
{{verTambém.Fim}}

[[Categoria:Substantivo (Português)]]
[[Categoria:Vocábulo com etimologia (Português)]]
[[Categoria:Século XIX (Português)]]
[[Categoria:Polissílabo (Português)]]</text>
<sha1>64ch8o46grcflflys26o6krtc2n8qba</sha1>
</revision>
<revision>
<id>1497360</id>
<parentid>1412566</parentid>
<timestamp>2012-10-24T02:40:35Z</timestamp>
<contributor>
<username>VJBot</username>
<id>33673</id>
</contributor>
<minor />
<comment>Robô: Substituição de texto automática  (-{{vt| +{{ver também|)</comment>
<model>wikitext</model>
<format>text/x-wiki</format>
<text bytes="1429" xml:space="preserve">{{ver também|javardeira}}
={{-pt-}}=
==Substantivo==
{{paroxítona|ja|var|dei|ro}} {{m}}
# caçador de [[javardo]]s
# lugar onde se criam javardos
# (''por extensão de sentido'') {{link opcional|chiqueiro}}; [[curral]]
==Etimologia==
: ''[[javardo]]'' + ''[[-eiro]]''
:: Datação: [http://books.google.com.br/books?id=1MAJPAAACAAJ '''1872''']
==Ver também==
===Referências===
{{verTambém.Ini}}
* [[w:António Cândido de Figueiredo|Cândido de Figueiredo, António]]. [http://books.google.com.br/books?id=8LUtAAAAIAAJ Novo dicionário da lingua portuguesa] [[w:Livraria_Bertrand|Livraria Bertrand]], [[w:1937|1937]].
* [[w:Camilo_Castelo_Branco|Castelo Branco, Camilo]]. [http://archive.org/details/ocarrascodevicto00castuoft O carrasco de Victor Hugo José Alves] Livraria Internacional de Ernesto Chardron e Eugênio Chardron, [[w:1872|1872]].
* [http://books.google.com.br/books?id=Tt8EAAAAYAAJ&amp;pgis=1 Grande enciclopédia portuguesa e brasileira] Editorial Enciclopédia, [[w:1950|1950]].
* [http://aulete.uol.com.br/site.php?mdl=aulete_digital&amp;op=loadVerbete&amp;pesquisa=1&amp;palavra=javardeiro iDicionário Aulete]
* [http://www.portaldalinguaportuguesa.org/index.php?action=lemma&amp;lemma=169306 Portal da Língua Portuguesa (MorDebe)]
{{verTambém.Fim}}

[[Categoria:Substantivo (Português)]]
[[Categoria:Vocábulo com etimologia (Português)]]
[[Categoria:Século XIX (Português)]]
[[Categoria:Polissílabo (Português)]]</text>
<sha1>b0u6fpihzfbk300buew5ek2bukmud47</sha1>
</revision>
<revision>
<id>1601162</id>
<parentid>1497360</parentid>
<timestamp>2013-01-19T16:12:18Z</timestamp>
<contributor>
<username>MalafayaBot</username>
<id>628</id>
</contributor>
<minor />
<comment>Robô: A modificar Categoria:Vocábulo com etimologia (Português) para Categoria:Entrada com etimologia (Português)</comment>
<model>wikitext</model>
<format>text/x-wiki</format>
<text bytes="1427" xml:space="preserve">{{ver também|javardeira}}
={{-pt-}}=
==Substantivo==
{{paroxítona|ja|var|dei|ro}} {{m}}
# caçador de [[javardo]]s
# lugar onde se criam javardos
# (''por extensão de sentido'') {{link opcional|chiqueiro}}; [[curral]]
==Etimologia==
: ''[[javardo]]'' + ''[[-eiro]]''
:: Datação: [http://books.google.com.br/books?id=1MAJPAAACAAJ '''1872''']
==Ver também==
===Referências===
{{verTambém.Ini}}
* [[w:António Cândido de Figueiredo|Cândido de Figueiredo, António]]. [http://books.google.com.br/books?id=8LUtAAAAIAAJ Novo dicionário da lingua portuguesa] [[w:Livraria_Bertrand|Livraria Bertrand]], [[w:1937|1937]].
* [[w:Camilo_Castelo_Branco|Castelo Branco, Camilo]]. [http://archive.org/details/ocarrascodevicto00castuoft O carrasco de Victor Hugo José Alves] Livraria Internacional de Ernesto Chardron e Eugênio Chardron, [[w:1872|1872]].
* [http://books.google.com.br/books?id=Tt8EAAAAYAAJ&amp;pgis=1 Grande enciclopédia portuguesa e brasileira] Editorial Enciclopédia, [[w:1950|1950]].
* [http://aulete.uol.com.br/site.php?mdl=aulete_digital&amp;op=loadVerbete&amp;pesquisa=1&amp;palavra=javardeiro iDicionário Aulete]
* [http://www.portaldalinguaportuguesa.org/index.php?action=lemma&amp;lemma=169306 Portal da Língua Portuguesa (MorDebe)]
{{verTambém.Fim}}

[[Categoria:Substantivo (Português)]]
[[Categoria:Entrada com etimologia (Português)]]
[[Categoria:Século XIX (Português)]]
[[Categoria:Polissílabo (Português)]]</text>
<sha1>3cndoqp8gqv6b8clrpogsen4tlzo4re</sha1>
</revision>
</page>
