<title>javarim</title>
<ns>0</ns>
<id>425875</id>
<revision>
<id>2594908</id>
<timestamp>2020-08-24T15:18:00Z</timestamp>
<contributor>
<username>Cpls</username>
<id>20608</id>
</contributor>
<comment>[[Ajuda:Guia de edição/Menus e ferramentas/Sumário de edição|→]] nova página: ={{-gl-}}= ==Substantivo== {{flex.gl|ms=jabarim|mp=jabarinhos|fs=jabarinha|fp=jabarinhas}} {{oxítona|ja|ba|r...</comment>
<model>wikitext</model>
<format>text/x-wiki</format>
<text bytes="653" xml:space="preserve">={{-gl-}}=
==Substantivo==
{{flex.gl|ms=jabarim|mp=jabarinhos|fs=jabarinha|fp=jabarinhas}}
{{oxítona|ja|ba|rim|lang=gl}}
# {{escopo|gl|Mamífero}} [[javali]] (''[[species:Sus scrofa|Sus scrofa]]'')

===Sinónimos===
* [[fochico#{{gl}}|fochico]], [[javal#{{gl}}|javal]], [[javali#{{gl}}|javali]], [[javalim#{{gl}}|javalim]], [[javaril#{{gl}}|javaril]], [[javaris#{{gl}}|javaris]], [[porco-bravo#{{gl}}|porco-bravo]]

=={{etimologia|gl}}==
: Do {{etm|ar|gl}} {{etimo|ar|خِنْزِير‎}} {{etimo|ar|جَبَلِيّ}}‎ (ḵinzīr jabaliyy) &quot;porco das montanhas&quot;, de {{etimo|ar|جَبَل}}‎ (jabal) &quot;montanha&quot;.

[[Categoria:Substantivo (Galego)]]</text>
<sha1>5g6vs9zj6k1rl5nag5j30ae26gvlfgf</sha1>
</revision>
</page>
