<title>javaris</title>
<ns>0</ns>
<id>425876</id>
<revision>
<id>2594909</id>
<timestamp>2020-08-24T15:18:42Z</timestamp>
<contributor>
<username>Cpls</username>
<id>20608</id>
</contributor>
<comment>[[Ajuda:Guia de edição/Menus e ferramentas/Sumário de edição|→]] nova página: ={{-gl-}}= ==Substantivo== {{flex.gl|ms=jabaris|mp=jabarises}} {{oxítona|ja|ba|ris|lang=gl}} # {{escopo|gl|M...</comment>
<model>wikitext</model>
<format>text/x-wiki</format>
<text bytes="463" xml:space="preserve">={{-gl-}}=
==Substantivo==
{{flex.gl|ms=jabaris|mp=jabarises}}
{{oxítona|ja|ba|ris|lang=gl}}
# {{escopo|gl|Mamífero}} [[javali]] (''[[species:Sus scrofa|Sus scrofa]]'')

===Sinónimos===
* Vide em [[javarim#{{gl}}|javarim]]

=={{etimologia|gl}}==
: Do {{etm|ar|gl}} {{etimo|ar|خِنْزِير‎}} {{etimo|ar|جَبَلِيّ}}‎ (ḵinzīr jabaliyy) &quot;porco das montanhas&quot;, de {{etimo|ar|جَبَل}}‎ (jabal) &quot;montanha&quot;.

[[Categoria:Substantivo (Galego)]]</text>
<sha1>7jumwwqjzly5pmk64vbgg5hpdxh04mi</sha1>
</revision>
</page>
