<title>javalino</title>
<ns>0</ns>
<id>107310</id>
<revision>
<id>423690</id>
<timestamp>2009-02-25T20:57:35Z</timestamp>
<contributor>
<username>Dicionarista</username>
<id>6964</id>
</contributor>
<comment>[[Ajuda:Menus e funções/Sumário de edição#Sumário de edição automático|→]] nova página: =Português= {{-etimologia-}} :De ''[[javali]]'' + ''[[-ino]]'' {{-adjet-}} '''ja.va.&lt;u&gt;li&lt;/u&gt;.no'…</comment>
<model>wikitext</model>
<format>text/x-wiki</format>
<text bytes="321" xml:space="preserve">=Português=
{{-etimologia-}}
:De ''[[javali]]'' + ''[[-ino]]''
{{-adjet-}}
'''ja.va.&lt;u&gt;li&lt;/u&gt;.no''' ''masculino''
# relativo a javali ou próprio de javali

[[Categoria:Adjetivo (Português)]][[Categoria:Vocábulo com etimologia (Português)]][[Categoria:Polissílabo (Português)]][[Categoria:Paroxítona (Português)]]</text>
<sha1>p5aqknh5x0kkwmc5nsi2vgi4jwdqwkk</sha1>
</revision>
<revision>
<id>424365</id>
<parentid>423690</parentid>
<timestamp>2009-02-26T20:42:37Z</timestamp>
<contributor>
<username>Dicionarista</username>
<id>6964</id>
</contributor>
<model>wikitext</model>
<format>text/x-wiki</format>
<text bytes="1547" xml:space="preserve">=Português=
{{-etimologia-}}
:De ''[[javali]]'' + ''[[-ino]]''
{{-adjet-}}
'''ja.va.&lt;u&gt;li&lt;/u&gt;.no''' ''masculino''
# relativo a javali ou próprio de javali

{{-vtbm-}}
===Na Wikipédia===
* [[w:Javali|Javali]]
===Na WWW===
* '''No Aulete Digital'''
: [http://www.aulete.portaldapalavra.com.br/site.php?mdl=aulete_digital&amp;op=loadVerbete&amp;pesquisa=1&amp;palavra=javali ''javali''] [http://www.aulete.portaldapalavra.com.br/site.php?mdl=aulete_digital&amp;op=loadVerbete&amp;pesquisa=1&amp;palavra=javalino ''javalino'']
* '''No Dicionário de Língua Portuguesa On-Line (Priberam Informática)'''
: [http://www.priberam.pt/dlpo/definir_resultados.aspx?pal=javali ''javali''] [http://www.priberam.pt/dlpo/definir_resultados.aspx?pal=javalino ''javalino'']
* '''No Google Books'''
===={{-ref-}}====
:* [[w:António Cândido de Figueiredo|FIGUEIREDO, António CÂNDIDO DE]]. [http://books.google.com.br/books?id=FqACAAAAMAAJ '''Dicionário da língua portuguesa'''.] Bertrand, 1949.
:* OLIVEIRA, Cândido de. [http://books.google.com.br/books?id=88hQAAAAMAAJ '''Dicionário gramatical'''.] F.T.D., 1967.
:* SILVA, Adalberto PRADO E. [http://books.google.com.br/books?id=uOwuAAAAYAAJ '''Nôvo dicionário brasileiro Melhoramentos ilustrado'''.] Melhoramentos, 1970.
:* [http://books.google.com.br/books?id=saEYAAAAIAAJ&amp;pgis=1 '''Grande dicionário da língua portuguesa'''.] Editorial Confluência, 1949.

[[Categoria:Adjetivo (Português)]][[Categoria:Vocábulo com etimologia (Português)]][[Categoria:Polissílabo (Português)]][[Categoria:Paroxítona (Português)]]</text>
<sha1>256j2985zdugtkdgtokpu73ka08riv9</sha1>
</revision>
<revision>
<id>424369</id>
<parentid>424365</parentid>
<timestamp>2009-02-26T20:50:59Z</timestamp>
<contributor>
<username>Dicionarista</username>
<id>6964</id>
</contributor>
<model>wikitext</model>
<format>text/x-wiki</format>
<text bytes="1935" xml:space="preserve">=Português=
{{-etimologia-}}
:De ''[[javali]]'' + ''[[-ino]]''
{{-adjet-}}
'''ja.va.&lt;u&gt;li&lt;/u&gt;.no''' ''masculino''
# relativo a javali ou próprio de javali

{{-vtbm-}}
===Na Wikipédia===
* [[w:Javali|Javali]]
===Na WWW===
* '''No Aulete Digital'''
: [http://www.aulete.portaldapalavra.com.br/site.php?mdl=aulete_digital&amp;op=loadVerbete&amp;pesquisa=1&amp;palavra=javali ''javali''] [http://www.aulete.portaldapalavra.com.br/site.php?mdl=aulete_digital&amp;op=loadVerbete&amp;pesquisa=1&amp;palavra=javalino ''javalino'']
* '''No Dicionário de Língua Portuguesa On-Line (Priberam Informática)'''
: [http://www.priberam.pt/dlpo/definir_resultados.aspx?pal=javali ''javali''] [http://www.priberam.pt/dlpo/definir_resultados.aspx?pal=javalino ''javalino'']
* '''No Google Books'''
===={{-ref-}}====
:* [[w:Francisco da Silveira Bueno|BUENO, Francisco da SILVEIRA]]. [http://books.google.com.br/books?id=VEwCAAAAMAAJ '''Grande dicionário etimológico-prosódico da língua portuguêsa'''.] Saraiva, 1963.
:* [[w:António Cândido de Figueiredo|FIGUEIREDO, António CÂNDIDO DE]]. [http://books.google.com.br/books?id=FqACAAAAMAAJ '''Dicionário da língua portuguesa'''.] Bertrand, 1949.
:* [[w:José Pedro Machado|MACHADO, José Pedro]]. [http://books.google.com.br/books?id=3EM8AAAAIAAJ '''Dicionário da língua portuguesa'''.] Sociedade de Língua Portuguesa, 1958.
:* OLIVEIRA, Cândido de. [http://books.google.com.br/books?id=88hQAAAAMAAJ '''Dicionário gramatical'''.] F.T.D., 1967.
:* SILVA, Adalberto PRADO E. [http://books.google.com.br/books?id=uOwuAAAAYAAJ '''Nôvo dicionário brasileiro Melhoramentos ilustrado'''.] Melhoramentos, 1970.
:* [http://books.google.com.br/books?id=saEYAAAAIAAJ&amp;pgis=1 '''Grande dicionário da língua portuguesa'''.] Editorial Confluência, 1949.

[[Categoria:Adjetivo (Português)]][[Categoria:Vocábulo com etimologia (Português)]][[Categoria:Polissílabo (Português)]][[Categoria:Paroxítona (Português)]]</text>
<sha1>mtimlzc73frk1jfy22ejgu4ukzou5uj</sha1>
</revision>
<revision>
<id>424373</id>
<parentid>424369</parentid>
<timestamp>2009-02-26T21:04:27Z</timestamp>
<contributor>
<username>Dicionarista</username>
<id>6964</id>
</contributor>
<model>wikitext</model>
<format>text/x-wiki</format>
<text bytes="2452" xml:space="preserve">=Português=
'''ja.va.&lt;u&gt;li&lt;/u&gt;.no''' ('''[http://books.google.com.br/books?id=XxwBAAAAMAAJ 1846]''')
{{-etimologia-}}
:De ''[[javali]]'' + ''[[-ino]]''
{{-adjet-}}
''masculino''
# relativo a javali ou próprio de javali
:: &lt;font color=&quot;#004408&quot;&gt;''Ex.: alparca javalina''&lt;/font&gt; (''i.e.'' [[alparca]] feita com couro de javali)
::: cf. [[w:Brás Garcia de Mascarenhas|MASCARENHAS, Braz Garcia de]]. [http://books.google.com.br/books?id=XxwBAAAAMAAJ&amp;printsec=titlepage&amp;source=gbs_summary_r&amp;cad=0#PPA8,M1 '''VIRIATO TRAGICO, poema heroico em 20 cantos''', p. 8.] Lisboa: Na Phenix, 1846.

{{-vtbm-}}
===Na Wikipédia===
* [[w:Javali|Javali]]
===Na WWW===
* '''No Aulete Digital'''
: [http://www.aulete.portaldapalavra.com.br/site.php?mdl=aulete_digital&amp;op=loadVerbete&amp;pesquisa=1&amp;palavra=javali ''javali''] [http://www.aulete.portaldapalavra.com.br/site.php?mdl=aulete_digital&amp;op=loadVerbete&amp;pesquisa=1&amp;palavra=javalino ''javalino'']
* '''No Dicionário de Língua Portuguesa On-Line (Priberam Informática)'''
: [http://www.priberam.pt/dlpo/definir_resultados.aspx?pal=javali ''javali''] [http://www.priberam.pt/dlpo/definir_resultados.aspx?pal=javalino ''javalino'']
* '''No Google Books'''
===={{-ref-}}====
:* [[w:Francisco da Silveira Bueno|BUENO, Francisco da SILVEIRA]]. [http://books.google.com.br/books?id=VEwCAAAAMAAJ '''Grande dicionário etimológico-prosódico da língua portuguêsa'''.] Saraiva, 1963.
:* [[w:António Cândido de Figueiredo|FIGUEIREDO, António CÂNDIDO DE]]. [http://books.google.com.br/books?id=FqACAAAAMAAJ '''Dicionário da língua portuguesa'''.] Bertrand, 1949.
:* [[w:José Pedro Machado|MACHADO, José Pedro]]. [http://books.google.com.br/books?id=3EM8AAAAIAAJ '''Dicionário da língua portuguesa'''.] Sociedade de Língua Portuguesa, 1958.
:* OLIVEIRA, Cândido de. [http://books.google.com.br/books?id=88hQAAAAMAAJ '''Dicionário gramatical'''.] F.T.D., 1967.
:* SILVA, Adalberto PRADO E. [http://books.google.com.br/books?id=uOwuAAAAYAAJ '''Nôvo dicionário brasileiro Melhoramentos ilustrado'''.] Melhoramentos, 1970.
:* [http://books.google.com.br/books?id=saEYAAAAIAAJ&amp;pgis=1 '''Grande dicionário da língua portuguesa'''.] Editorial Confluência, 1949.

[[Categoria:Adjetivo (Português)]][[Categoria:Vocábulo com datação (Português)]][[Categoria:Século XIX (Português)]][[Categoria:Vocábulo com etimologia (Português)]][[Categoria:Polissílabo (Português)]][[Categoria:Paroxítona (Português)]]</text>
<sha1>gtxt0zwhilm4jgtz7tasl2jce0q56y3</sha1>
</revision>
<revision>
<id>424375</id>
<parentid>424373</parentid>
<timestamp>2009-02-26T21:11:59Z</timestamp>
<contributor>
<username>Dicionarista</username>
<id>6964</id>
</contributor>
<model>wikitext</model>
<format>text/x-wiki</format>
<text bytes="2432" xml:space="preserve">=Português=
'''ja.va.&lt;u&gt;li&lt;/u&gt;.no''' ('''[http://books.google.com.br/books?id=XxwBAAAAMAAJ 1846]''')
{{-etimologia-}}
:De ''[[javali]]'' + ''[[-ino]]''
{{-adjet-}}
''masculino''
# relativo a javali ou próprio de javali
:: &lt;font color=&quot;#004408&quot;&gt;''Ex.: alparca javalina''&lt;/font&gt; (''i.e.'' [[alparca]] feita com couro de javali)
::: cf. [[w:Brás Garcia de Mascarenhas|MASCARENHAS, Braz Garcia de]]. [http://books.google.com.br/books?id=XxwBAAAAMAAJ&amp;printsec=titlepage&amp;source=gbs_summary_r&amp;cad=0#PPA8,M1 '''VIRIATO TRAGICO, poema heroico em 20 cantos''', p. 8.] Lisboa: Na Phenix, 1846.

{{-vtbm-}}
===Na Wikipédia===
* [[w:Javali|Javali]]
===Na WWW===
* '''No Aulete Digital'''
: [http://www.aulete.portaldapalavra.com.br/site.php?mdl=aulete_digital&amp;op=loadVerbete&amp;pesquisa=1&amp;palavra=-ino -''ino''] [http://www.aulete.portaldapalavra.com.br/site.php?mdl=aulete_digital&amp;op=loadVerbete&amp;pesquisa=1&amp;palavra=javali ''javali''] [http://www.aulete.portaldapalavra.com.br/site.php?mdl=aulete_digital&amp;op=loadVerbete&amp;pesquisa=1&amp;palavra=javalino ''javalino'']
* '''No Dicionário de Língua Portuguesa On-Line (Priberam Informática)'''
: [http://www.priberam.pt/dlpo/definir_resultados.aspx?pal=javali ''javali''] [http://www.priberam.pt/dlpo/definir_resultados.aspx?pal=javalino ''javalino'']
* '''No Google Books'''
===={{-ref-}}====
:* [[w:Francisco da Silveira Bueno|BUENO, Francisco da SILVEIRA]]. [http://books.google.com.br/books?id=VEwCAAAAMAAJ '''Grande dicionário etimológico-prosódico da língua portuguêsa'''.] Saraiva, 1963.
:* [[w:António Cândido de Figueiredo|FIGUEIREDO, António CÂNDIDO DE]]. [http://books.google.com.br/books?id=FqACAAAAMAAJ '''Dicionário da língua portuguesa'''.] Bertrand, 1949.
:* [[w:José Pedro Machado|MACHADO, José Pedro]]. [http://books.google.com.br/books?id=3EM8AAAAIAAJ '''Dicionário da língua portuguesa'''.] Sociedade de Língua Portuguesa, 1958.
:* OLIVEIRA, Cândido de. [http://books.google.com.br/books?id=88hQAAAAMAAJ '''Dicionário gramatical'''.] F.T.D., 1967.
:* SILVA, Adalberto PRADO E. [http://books.google.com.br/books?id=uOwuAAAAYAAJ '''Nôvo dicionário brasileiro Melhoramentos ilustrado'''.] Melhoramentos, 1970.

[[Categoria:Adjetivo (Português)]][[Categoria:Vocábulo com datação (Português)]][[Categoria:Século XIX (Português)]][[Categoria:Vocábulo com etimologia (Português)]][[Categoria:Polissílabo (Português)]][[Categoria:Paroxítona (Português)]]</text>
<sha1>afh94xm62aa8tdosk17t74mc9o8pzyi</sha1>
</revision>
<revision>
<id>586519</id>
<parentid>424375</parentid>
<timestamp>2009-11-04T23:33:23Z</timestamp>
<contributor>
<username>Jesielt-bot</username>
<id>10876</id>
</contributor>
<comment>Substituição, Replaced: {{-vtbm-}} → =={{vertb}}==, utilizando [[Project:AutoWikiBrowser|AWB]]</comment>
<model>wikitext</model>
<format>text/x-wiki</format>
<text bytes="2435" xml:space="preserve">=Português=
'''ja.va.&lt;u&gt;li&lt;/u&gt;.no''' ('''[http://books.google.com.br/books?id=XxwBAAAAMAAJ 1846]''')
{{-etimologia-}}
:De ''[[javali]]'' + ''[[-ino]]''
{{-adjet-}}
''masculino''
# relativo a javali ou próprio de javali
:: &lt;font color=&quot;#004408&quot;&gt;''Ex.: alparca javalina''&lt;/font&gt; (''i.e.'' [[alparca]] feita com couro de javali)
::: cf. [[w:Brás Garcia de Mascarenhas|MASCARENHAS, Braz Garcia de]]. [http://books.google.com.br/books?id=XxwBAAAAMAAJ&amp;printsec=titlepage&amp;source=gbs_summary_r&amp;cad=0#PPA8,M1 '''VIRIATO TRAGICO, poema heroico em 20 cantos''', p. 8.] Lisboa: Na Phenix, 1846.

=={{vertb}}==
===Na Wikipédia===
* [[w:Javali|Javali]]
===Na WWW===
* '''No Aulete Digital'''
: [http://www.aulete.portaldapalavra.com.br/site.php?mdl=aulete_digital&amp;op=loadVerbete&amp;pesquisa=1&amp;palavra=-ino -''ino''] [http://www.aulete.portaldapalavra.com.br/site.php?mdl=aulete_digital&amp;op=loadVerbete&amp;pesquisa=1&amp;palavra=javali ''javali''] [http://www.aulete.portaldapalavra.com.br/site.php?mdl=aulete_digital&amp;op=loadVerbete&amp;pesquisa=1&amp;palavra=javalino ''javalino'']
* '''No Dicionário de Língua Portuguesa On-Line (Priberam Informática)'''
: [http://www.priberam.pt/dlpo/definir_resultados.aspx?pal=javali ''javali''] [http://www.priberam.pt/dlpo/definir_resultados.aspx?pal=javalino ''javalino'']
* '''No Google Books'''
===={{-ref-}}====
:* [[w:Francisco da Silveira Bueno|BUENO, Francisco da SILVEIRA]]. [http://books.google.com.br/books?id=VEwCAAAAMAAJ '''Grande dicionário etimológico-prosódico da língua portuguêsa'''.] Saraiva, 1963.
:* [[w:António Cândido de Figueiredo|FIGUEIREDO, António CÂNDIDO DE]]. [http://books.google.com.br/books?id=FqACAAAAMAAJ '''Dicionário da língua portuguesa'''.] Bertrand, 1949.
:* [[w:José Pedro Machado|MACHADO, José Pedro]]. [http://books.google.com.br/books?id=3EM8AAAAIAAJ '''Dicionário da língua portuguesa'''.] Sociedade de Língua Portuguesa, 1958.
:* OLIVEIRA, Cândido de. [http://books.google.com.br/books?id=88hQAAAAMAAJ '''Dicionário gramatical'''.] F.T.D., 1967.
:* SILVA, Adalberto PRADO E. [http://books.google.com.br/books?id=uOwuAAAAYAAJ '''Nôvo dicionário brasileiro Melhoramentos ilustrado'''.] Melhoramentos, 1970.

[[Categoria:Adjetivo (Português)]][[Categoria:Vocábulo com datação (Português)]][[Categoria:Século XIX (Português)]][[Categoria:Vocábulo com etimologia (Português)]][[Categoria:Polissílabo (Português)]][[Categoria:Paroxítona (Português)]]</text>
<sha1>181ooy4kdoh56uolnmiqkas82forl5q</sha1>
</revision>
<revision>
<id>613851</id>
<parentid>586519</parentid>
<timestamp>2009-11-14T16:50:47Z</timestamp>
<contributor>
<username>Jesielt-bot</username>
<id>10876</id>
</contributor>
<comment>, Replaced: {{-etimologia-}} → =={{etimologia}}==, utilizando [[Project:AutoWikiBrowser|AWB]]</comment>
<model>wikitext</model>
<format>text/x-wiki</format>
<text bytes="2437" xml:space="preserve">=Português=
'''ja.va.&lt;u&gt;li&lt;/u&gt;.no''' ('''[http://books.google.com.br/books?id=XxwBAAAAMAAJ 1846]''')
=={{etimologia}}==
:De ''[[javali]]'' + ''[[-ino]]''
{{-adjet-}}
''masculino''
# relativo a javali ou próprio de javali
:: &lt;font color=&quot;#004408&quot;&gt;''Ex.: alparca javalina''&lt;/font&gt; (''i.e.'' [[alparca]] feita com couro de javali)
::: cf. [[w:Brás Garcia de Mascarenhas|MASCARENHAS, Braz Garcia de]]. [http://books.google.com.br/books?id=XxwBAAAAMAAJ&amp;printsec=titlepage&amp;source=gbs_summary_r&amp;cad=0#PPA8,M1 '''VIRIATO TRAGICO, poema heroico em 20 cantos''', p. 8.] Lisboa: Na Phenix, 1846.

=={{vertb}}==
===Na Wikipédia===
* [[w:Javali|Javali]]
===Na WWW===
* '''No Aulete Digital'''
: [http://www.aulete.portaldapalavra.com.br/site.php?mdl=aulete_digital&amp;op=loadVerbete&amp;pesquisa=1&amp;palavra=-ino -''ino''] [http://www.aulete.portaldapalavra.com.br/site.php?mdl=aulete_digital&amp;op=loadVerbete&amp;pesquisa=1&amp;palavra=javali ''javali''] [http://www.aulete.portaldapalavra.com.br/site.php?mdl=aulete_digital&amp;op=loadVerbete&amp;pesquisa=1&amp;palavra=javalino ''javalino'']
* '''No Dicionário de Língua Portuguesa On-Line (Priberam Informática)'''
: [http://www.priberam.pt/dlpo/definir_resultados.aspx?pal=javali ''javali''] [http://www.priberam.pt/dlpo/definir_resultados.aspx?pal=javalino ''javalino'']
* '''No Google Books'''
===={{-ref-}}====
:* [[w:Francisco da Silveira Bueno|BUENO, Francisco da SILVEIRA]]. [http://books.google.com.br/books?id=VEwCAAAAMAAJ '''Grande dicionário etimológico-prosódico da língua portuguêsa'''.] Saraiva, 1963.
:* [[w:António Cândido de Figueiredo|FIGUEIREDO, António CÂNDIDO DE]]. [http://books.google.com.br/books?id=FqACAAAAMAAJ '''Dicionário da língua portuguesa'''.] Bertrand, 1949.
:* [[w:José Pedro Machado|MACHADO, José Pedro]]. [http://books.google.com.br/books?id=3EM8AAAAIAAJ '''Dicionário da língua portuguesa'''.] Sociedade de Língua Portuguesa, 1958.
:* OLIVEIRA, Cândido de. [http://books.google.com.br/books?id=88hQAAAAMAAJ '''Dicionário gramatical'''.] F.T.D., 1967.
:* SILVA, Adalberto PRADO E. [http://books.google.com.br/books?id=uOwuAAAAYAAJ '''Nôvo dicionário brasileiro Melhoramentos ilustrado'''.] Melhoramentos, 1970.

[[Categoria:Adjetivo (Português)]][[Categoria:Vocábulo com datação (Português)]][[Categoria:Século XIX (Português)]][[Categoria:Vocábulo com etimologia (Português)]][[Categoria:Polissílabo (Português)]][[Categoria:Paroxítona (Português)]]</text>
<sha1>8hlrots4lexpxi6q4w0uhvuepz8e98x</sha1>
</revision>
<revision>
<id>729025</id>
<parentid>613851</parentid>
<timestamp>2010-01-29T02:16:53Z</timestamp>
<contributor>
<username>Jesielt-bot</username>
<id>10876</id>
</contributor>
<comment>/* {{etimologia}} */ utilizando [[Project:AWB|AWB]]</comment>
<model>wikitext</model>
<format>text/x-wiki</format>
<text bytes="2434" xml:space="preserve">=Português=
'''ja.va.&lt;u&gt;li&lt;/u&gt;.no''' ('''[http://books.google.com.br/books?id=XxwBAAAAMAAJ 1846]''')
=={{etimologia}}==
:De ''[[javali]]'' + ''[[-ino]]''
Adjetivo
''masculino''
# relativo a javali ou próprio de javali
:: &lt;font color=&quot;#004408&quot;&gt;''Ex.: alparca javalina''&lt;/font&gt; (''i.e.'' [[alparca]] feita com couro de javali)
::: cf. [[w:Brás Garcia de Mascarenhas|MASCARENHAS, Braz Garcia de]]. [http://books.google.com.br/books?id=XxwBAAAAMAAJ&amp;printsec=titlepage&amp;source=gbs_summary_r&amp;cad=0#PPA8,M1 '''VIRIATO TRAGICO, poema heroico em 20 cantos''', p. 8.] Lisboa: Na Phenix, 1846.

=={{vertb}}==
===Na Wikipédia===
* [[w:Javali|Javali]]
===Na WWW===
* '''No Aulete Digital'''
: [http://www.aulete.portaldapalavra.com.br/site.php?mdl=aulete_digital&amp;op=loadVerbete&amp;pesquisa=1&amp;palavra=-ino -''ino''] [http://www.aulete.portaldapalavra.com.br/site.php?mdl=aulete_digital&amp;op=loadVerbete&amp;pesquisa=1&amp;palavra=javali ''javali''] [http://www.aulete.portaldapalavra.com.br/site.php?mdl=aulete_digital&amp;op=loadVerbete&amp;pesquisa=1&amp;palavra=javalino ''javalino'']
* '''No Dicionário de Língua Portuguesa On-Line (Priberam Informática)'''
: [http://www.priberam.pt/dlpo/definir_resultados.aspx?pal=javali ''javali''] [http://www.priberam.pt/dlpo/definir_resultados.aspx?pal=javalino ''javalino'']
* '''No Google Books'''
===={{-ref-}}====
:* [[w:Francisco da Silveira Bueno|BUENO, Francisco da SILVEIRA]]. [http://books.google.com.br/books?id=VEwCAAAAMAAJ '''Grande dicionário etimológico-prosódico da língua portuguêsa'''.] Saraiva, 1963.
:* [[w:António Cândido de Figueiredo|FIGUEIREDO, António CÂNDIDO DE]]. [http://books.google.com.br/books?id=FqACAAAAMAAJ '''Dicionário da língua portuguesa'''.] Bertrand, 1949.
:* [[w:José Pedro Machado|MACHADO, José Pedro]]. [http://books.google.com.br/books?id=3EM8AAAAIAAJ '''Dicionário da língua portuguesa'''.] Sociedade de Língua Portuguesa, 1958.
:* OLIVEIRA, Cândido de. [http://books.google.com.br/books?id=88hQAAAAMAAJ '''Dicionário gramatical'''.] F.T.D., 1967.
:* SILVA, Adalberto PRADO E. [http://books.google.com.br/books?id=uOwuAAAAYAAJ '''Nôvo dicionário brasileiro Melhoramentos ilustrado'''.] Melhoramentos, 1970.

[[Categoria:Adjetivo (Português)]][[Categoria:Vocábulo com datação (Português)]][[Categoria:Século XIX (Português)]][[Categoria:Vocábulo com etimologia (Português)]][[Categoria:Polissílabo (Português)]][[Categoria:Paroxítona (Português)]]</text>
<sha1>t50w4pisqjqn966v48zcpgg35m6fgj8</sha1>
</revision>
<revision>
<id>1185901</id>
<parentid>729025</parentid>
<timestamp>2011-07-08T17:08:07Z</timestamp>
<contributor>
<username>MalafayaBot</username>
<id>628</id>
</contributor>
<minor />
<comment>Robô: Substituição de texto automática (-^\=\s?Português\s?\= +={{-pt-}}= &amp; -^\=\s?\{\{pt\}\}\s?\= +={{-pt-}}=)</comment>
<model>wikitext</model>
<format>text/x-wiki</format>
<text bytes="2432" xml:space="preserve">={{-pt-}}=
'''ja.va.&lt;u&gt;li&lt;/u&gt;.no''' ('''[http://books.google.com.br/books?id=XxwBAAAAMAAJ 1846]''')
=={{etimologia}}==
:De ''[[javali]]'' + ''[[-ino]]''
Adjetivo
''masculino''
# relativo a javali ou próprio de javali
:: &lt;font color=&quot;#004408&quot;&gt;''Ex.: alparca javalina''&lt;/font&gt; (''i.e.'' [[alparca]] feita com couro de javali)
::: cf. [[w:Brás Garcia de Mascarenhas|MASCARENHAS, Braz Garcia de]]. [http://books.google.com.br/books?id=XxwBAAAAMAAJ&amp;printsec=titlepage&amp;source=gbs_summary_r&amp;cad=0#PPA8,M1 '''VIRIATO TRAGICO, poema heroico em 20 cantos''', p. 8.] Lisboa: Na Phenix, 1846.

=={{vertb}}==
===Na Wikipédia===
* [[w:Javali|Javali]]
===Na WWW===
* '''No Aulete Digital'''
: [http://www.aulete.portaldapalavra.com.br/site.php?mdl=aulete_digital&amp;op=loadVerbete&amp;pesquisa=1&amp;palavra=-ino -''ino''] [http://www.aulete.portaldapalavra.com.br/site.php?mdl=aulete_digital&amp;op=loadVerbete&amp;pesquisa=1&amp;palavra=javali ''javali''] [http://www.aulete.portaldapalavra.com.br/site.php?mdl=aulete_digital&amp;op=loadVerbete&amp;pesquisa=1&amp;palavra=javalino ''javalino'']
* '''No Dicionário de Língua Portuguesa On-Line (Priberam Informática)'''
: [http://www.priberam.pt/dlpo/definir_resultados.aspx?pal=javali ''javali''] [http://www.priberam.pt/dlpo/definir_resultados.aspx?pal=javalino ''javalino'']
* '''No Google Books'''
===={{-ref-}}====
:* [[w:Francisco da Silveira Bueno|BUENO, Francisco da SILVEIRA]]. [http://books.google.com.br/books?id=VEwCAAAAMAAJ '''Grande dicionário etimológico-prosódico da língua portuguêsa'''.] Saraiva, 1963.
:* [[w:António Cândido de Figueiredo|FIGUEIREDO, António CÂNDIDO DE]]. [http://books.google.com.br/books?id=FqACAAAAMAAJ '''Dicionário da língua portuguesa'''.] Bertrand, 1949.
:* [[w:José Pedro Machado|MACHADO, José Pedro]]. [http://books.google.com.br/books?id=3EM8AAAAIAAJ '''Dicionário da língua portuguesa'''.] Sociedade de Língua Portuguesa, 1958.
:* OLIVEIRA, Cândido de. [http://books.google.com.br/books?id=88hQAAAAMAAJ '''Dicionário gramatical'''.] F.T.D., 1967.
:* SILVA, Adalberto PRADO E. [http://books.google.com.br/books?id=uOwuAAAAYAAJ '''Nôvo dicionário brasileiro Melhoramentos ilustrado'''.] Melhoramentos, 1970.

[[Categoria:Adjetivo (Português)]][[Categoria:Vocábulo com datação (Português)]][[Categoria:Século XIX (Português)]][[Categoria:Vocábulo com etimologia (Português)]][[Categoria:Polissílabo (Português)]][[Categoria:Paroxítona (Português)]]</text>
<sha1>qxec053s8d6sah3lmfytoqge9kf8qtm</sha1>
</revision>
<revision>
<id>1414118</id>
<parentid>1185901</parentid>
<timestamp>2012-05-22T19:20:51Z</timestamp>
<contributor>
<username>Dicionarista</username>
<id>6964</id>
</contributor>
<model>wikitext</model>
<format>text/x-wiki</format>
<text bytes="1090" xml:space="preserve">={{-pt-}}=
==Adjetivo==
{{flex.pt|ms=javalino|mp=javalinos|fs=javalina|fp=javalinas}}
{{paroxítona|ja|va|li|no}} {{m}}
# relativo a javali ou próprio de javali
#: ''e.g. alparca &lt;u&gt;javalina&lt;/u&gt;'' (i.e. alparca feita com couro de javali)
==Etimologia==
: de ''[[javali]]'' + ''[[-ino]]''
:: Datação: '''[http://books.google.com.br/books?id=EejqAAAAMAAJ 1815]''' [ ocorrência: ''Javalina'' ]
==Ver também==
===Referências===
{{verTambém.Ini}}
* [http://www.priberam.pt/DLPO/default.aspx?pal=javalino Dicionário Priberam da Língua Portuguesa]
* [http://aulete.uol.com.br/site.php?mdl=aulete_digital&amp;op=loadVerbete&amp;pesquisa=1&amp;palavra=javalino iDicionário Aulete]
* [http://michaelis.uol.com.br/moderno/portugues/index.php?lingua=portugues-portugues&amp;palavra=javalino Michaelis Moderno Dicionário da Língua Portuguesa]
* [http://www.portaldalinguaportuguesa.org/index.php?action=lemma&amp;lemma=69037 Portal da Língua Portuguesa (MorDebe)]
{{verTambém.Fim}}

[[Categoria:Adjetivo (Português)]]
[[Categoria:Vocábulo com etimologia (Português)]]
[[Categoria:Século XIX (Português)]]</text>
<sha1>679zx0q90kjxx98upcgmlwdhs0le0en</sha1>
</revision>
<revision>
<id>1414120</id>
<parentid>1414118</parentid>
<timestamp>2012-05-22T19:28:14Z</timestamp>
<contributor>
<username>Dicionarista</username>
<id>6964</id>
</contributor>
<model>wikitext</model>
<format>text/x-wiki</format>
<text bytes="1395" xml:space="preserve">={{-pt-}}=
==Adjetivo==
{{flex.pt|ms=javalino|mp=javalinos|fs=javalina|fp=javalinas}}
{{paroxítona|ja|va|li|no}} {{m}}
# relativo a javali ou próprio de javali
#: ''e.g. alparca &lt;u&gt;javalina&lt;/u&gt;'' (i.e. alparca feita com couro de javali)
==Etimologia==
: de ''[[javali]]'' + ''[[-ino]]''
:: Datação: '''[http://books.google.com.br/books?id=EejqAAAAMAAJ 1815]''' [ ocorrência: ''Javalina'' ]
==Ver também==
===Referências===
{{verTambém.Ini}}
* [http://www.priberam.pt/DLPO/default.aspx?pal=javalino Dicionário Priberam da Língua Portuguesa]
* [http://aulete.uol.com.br/site.php?mdl=aulete_digital&amp;op=loadVerbete&amp;pesquisa=1&amp;palavra=javalino iDicionário Aulete]
* [[w:Jean_de_La_Fontaine|La Fontaine, Jean de]]. [http://books.google.com.br/books?id=EejqAAAAMAAJ Fábulas escolhidas entre as de J. La Fontaine. Tomo Primeiro] Tradução de [[w:en:Francisco_Manoel_de_Nascimento|Francisco Manoel do Nascimento]]. [[w:Paris|Paris]]: Officina de Cellot, [[w:1815|1815]].
* [http://michaelis.uol.com.br/moderno/portugues/index.php?lingua=portugues-portugues&amp;palavra=javalino Michaelis Moderno Dicionário da Língua Portuguesa]
* [http://www.portaldalinguaportuguesa.org/index.php?action=lemma&amp;lemma=69037 Portal da Língua Portuguesa (MorDebe)]
{{verTambém.Fim}}

[[Categoria:Adjetivo (Português)]]
[[Categoria:Vocábulo com etimologia (Português)]]
[[Categoria:Século XIX (Português)]]</text>
<sha1>posjg5br48aonxoicdwtethsmc7snvg</sha1>
</revision>
<revision>
<id>1419016</id>
<parentid>1414120</parentid>
<timestamp>2012-06-09T20:56:06Z</timestamp>
<contributor>
<username>Dicionarista</username>
<id>6964</id>
</contributor>
<model>wikitext</model>
<format>text/x-wiki</format>
<text bytes="1547" xml:space="preserve">={{-pt-}}=
==Adjetivo==
{{flex.pt|ms=javalino|mp=javalinos|fs=javalina|fp=javalinas}}
{{paroxítona|ja|va|li|no}} {{m}}
# relativo a javali ou próprio de javali
#: ''e.g. alparca &lt;u&gt;javalina&lt;/u&gt;'' (i.e. alparca feita com couro de javali)
{{pularLinhas|1}}
==Etimologia==
: ''[[javali]]'' + ''[[-ino]]''
:: Datação: '''[http://books.google.com.br/books?id=EejqAAAAMAAJ 1815]''' [ ocorrência: ''Javalina'' ]
==Ver também==
===Referências===
{{verTambém.Ini}}
* [http://www.priberam.pt/DLPO/default.aspx?pal=javalino Dicionário Priberam da Língua Portuguesa]
* [http://aulete.uol.com.br/site.php?mdl=aulete_digital&amp;op=loadVerbete&amp;pesquisa=1&amp;palavra=javalino iDicionário Aulete]
* [[w:Jean_de_La_Fontaine|La Fontaine, Jean de]]. [http://books.google.com.br/books?id=EejqAAAAMAAJ Fábulas escolhidas entre as de J. La Fontaine. Tomo Primeiro] Tradução de [[w:en:Francisco_Manoel_de_Nascimento|Francisco Manoel do Nascimento]]. [[w:Paris|Paris]]: Officina de Cellot, [[w:1815|1815]].
* [http://michaelis.uol.com.br/moderno/portugues/index.php?lingua=portugues-portugues&amp;palavra=javalino Michaelis Moderno Dicionário da Língua Portuguesa]
* [http://www.portaldalinguaportuguesa.org/index.php?action=lemma&amp;lemma=69037 Portal da Língua Portuguesa (MorDebe)]
{{verTambém.Fim}}
===Ligações externas===
{{verTambém.Ini}}
* [http://www.forvo.com/word/javalino/#pt Forvo: pronúncia de javalino]
{{verTambém.Fim}}

[[Categoria:Adjetivo (Português)]]
[[Categoria:Vocábulo com etimologia (Português)]]
[[Categoria:Século XIX (Português)]]</text>
<sha1>n8z0grfn0ojcp85jyqodcdszzz0742h</sha1>
</revision>
<revision>
<id>1601161</id>
<parentid>1419016</parentid>
<timestamp>2013-01-19T16:12:15Z</timestamp>
<contributor>
<username>MalafayaBot</username>
<id>628</id>
</contributor>
<minor />
<comment>Robô: A modificar Categoria:Vocábulo com etimologia (Português) para Categoria:Entrada com etimologia (Português)</comment>
<model>wikitext</model>
<format>text/x-wiki</format>
<text bytes="1545" xml:space="preserve">={{-pt-}}=
==Adjetivo==
{{flex.pt|ms=javalino|mp=javalinos|fs=javalina|fp=javalinas}}
{{paroxítona|ja|va|li|no}} {{m}}
# relativo a javali ou próprio de javali
#: ''e.g. alparca &lt;u&gt;javalina&lt;/u&gt;'' (i.e. alparca feita com couro de javali)
{{pularLinhas|1}}
==Etimologia==
: ''[[javali]]'' + ''[[-ino]]''
:: Datação: '''[http://books.google.com.br/books?id=EejqAAAAMAAJ 1815]''' [ ocorrência: ''Javalina'' ]
==Ver também==
===Referências===
{{verTambém.Ini}}
* [http://www.priberam.pt/DLPO/default.aspx?pal=javalino Dicionário Priberam da Língua Portuguesa]
* [http://aulete.uol.com.br/site.php?mdl=aulete_digital&amp;op=loadVerbete&amp;pesquisa=1&amp;palavra=javalino iDicionário Aulete]
* [[w:Jean_de_La_Fontaine|La Fontaine, Jean de]]. [http://books.google.com.br/books?id=EejqAAAAMAAJ Fábulas escolhidas entre as de J. La Fontaine. Tomo Primeiro] Tradução de [[w:en:Francisco_Manoel_de_Nascimento|Francisco Manoel do Nascimento]]. [[w:Paris|Paris]]: Officina de Cellot, [[w:1815|1815]].
* [http://michaelis.uol.com.br/moderno/portugues/index.php?lingua=portugues-portugues&amp;palavra=javalino Michaelis Moderno Dicionário da Língua Portuguesa]
* [http://www.portaldalinguaportuguesa.org/index.php?action=lemma&amp;lemma=69037 Portal da Língua Portuguesa (MorDebe)]
{{verTambém.Fim}}
===Ligações externas===
{{verTambém.Ini}}
* [http://www.forvo.com/word/javalino/#pt Forvo: pronúncia de javalino]
{{verTambém.Fim}}

[[Categoria:Adjetivo (Português)]]
[[Categoria:Entrada com etimologia (Português)]]
[[Categoria:Século XIX (Português)]]</text>
<sha1>10fsru0vp9ub8vmfgg2jwtdvxq8pycs</sha1>
</revision>
</page>
