<title>javou</title>
<ns>0</ns>
<id>372742</id>
<revision>
<id>2225467</id>
<timestamp>2017-01-19T09:29:59Z</timestamp>
<contributor>
<username>Cpls</username>
<id>20608</id>
</contributor>
<comment>[[Ajuda:Guia de edição/Menus e ferramentas/Sumário de edição|→]] nova página: ={{-gl-}}= ==Substantivo== {{flex.gl|ms=javou|mp=javous}} {{oxítona|ja|vou|lang=gl}}, {{g|m|lang=gl}} # {{es...</comment>
<model>wikitext</model>
<format>text/x-wiki</format>
<text bytes="493" xml:space="preserve">={{-gl-}}=
==Substantivo==
{{flex.gl|ms=javou|mp=javous}}
{{oxítona|ja|vou|lang=gl}}, {{g|m|lang=gl}}
# {{escopo|gl|Náutica}} pequena embarcação, [[bote]], para serviço de barcos maiores
# {{escopo|gl|Agricultura}} [[carro]] tirado por uma só vaca

===Sinónimos===
* [[caravana#{{gl}}|caravana]], [[carrucha#{{gl}}|carrucha]], [[chiola#{{gl}}|chiola]]

=={{etimologia|gl}}==
: {{escopo|Morfologia}} De ''[[já#{{gl}}|já]]'' e ''[[vou#{{gl}}|vou]]''.

[[Categoria:Substantivo (Galego)]]</text>
<sha1>ifed1525dihsjujfyi9udiuhdpcvayy</sha1>
</revision>
</page>
