<title>javrardes</title>
<ns>0</ns>
<id>242995</id>
<revision>
<id>922094</id>
<timestamp>2010-07-18T13:53:03Z</timestamp>
<contributor>
<username>Jesielt-bot</username>
<id>10876</id>
</contributor>
<comment>Verbete criado por bot.</comment>
<model>wikitext</model>
<format>text/x-wiki</format>
<text bytes="269" xml:space="preserve">=Português=
==Forma verbal==
'''javrardes'''
#[[segunda pessoa]] do [[plural]] do [[futuro]] do [[modo subjuntivo]] do verbo '''[[javrar]]'''
#[[infinitivo pessoal]] da [[segunda pessoa]] do [[plural]] do verbo '''[[javrar]]'''

[[Categoria:Forma verbal (Português)]]</text>
<sha1>eo1d6ch42ose9rta9i5fttxe9c0f36j</sha1>
</revision>
<revision>
<id>1156374</id>
<parentid>922094</parentid>
<timestamp>2011-07-05T21:41:01Z</timestamp>
<contributor>
<username>MalafayaBot</username>
<id>628</id>
</contributor>
<minor />
<comment>Robô: Substituição de texto automática (-^\=\s?Português\s?\= +={{-pt-}}= &amp; -^\=\s?\{\{pt\}\}\s?\= +={{-pt-}}=)</comment>
<model>wikitext</model>
<format>text/x-wiki</format>
<text bytes="267" xml:space="preserve">={{-pt-}}=
==Forma verbal==
'''javrardes'''
#[[segunda pessoa]] do [[plural]] do [[futuro]] do [[modo subjuntivo]] do verbo '''[[javrar]]'''
#[[infinitivo pessoal]] da [[segunda pessoa]] do [[plural]] do verbo '''[[javrar]]'''

[[Categoria:Forma verbal (Português)]]</text>
<sha1>mvrcksx1kuehreip27o0hasgqxtlypw</sha1>
</revision>
</page>
