<title>javramos</title>
<ns>0</ns>
<id>242954</id>
<revision>
<id>922052</id>
<timestamp>2010-07-18T13:51:04Z</timestamp>
<contributor>
<username>Jesielt-bot</username>
<id>10876</id>
</contributor>
<comment>Verbete criado por bot.</comment>
<model>wikitext</model>
<format>text/x-wiki</format>
<text bytes="325" xml:space="preserve">=Português=
==Forma verbal==
'''javramos'''
#[[primeira pessoa]] do [[plural]] do [[presente]] do [[modo indicativo]] do verbo '''[[javrar]]'''
#{{escopo|grafia brasileira}} [[primeira pessoa]] do [[plural]] do [[pretérito perfeito]] do [[modo indicativo]] do verbo '''[[javrar]]'''

[[Categoria:Forma verbal (Português)]]</text>
<sha1>5f9jmmrg6vrhi18bsonp2jyoi7k43c5</sha1>
</revision>
<revision>
<id>1156369</id>
<parentid>922052</parentid>
<timestamp>2011-07-05T21:40:56Z</timestamp>
<contributor>
<username>MalafayaBot</username>
<id>628</id>
</contributor>
<minor />
<comment>Robô: Substituição de texto automática (-^\=\s?Português\s?\= +={{-pt-}}= &amp; -^\=\s?\{\{pt\}\}\s?\= +={{-pt-}}=)</comment>
<model>wikitext</model>
<format>text/x-wiki</format>
<text bytes="323" xml:space="preserve">={{-pt-}}=
==Forma verbal==
'''javramos'''
#[[primeira pessoa]] do [[plural]] do [[presente]] do [[modo indicativo]] do verbo '''[[javrar]]'''
#{{escopo|grafia brasileira}} [[primeira pessoa]] do [[plural]] do [[pretérito perfeito]] do [[modo indicativo]] do verbo '''[[javrar]]'''

[[Categoria:Forma verbal (Português)]]</text>
<sha1>pzkj3ra6z3fpqupzrnqfbt6sfh42z6w</sha1>
</revision>
<revision>
<id>2494294</id>
<parentid>1156369</parentid>
<timestamp>2018-04-06T12:55:05Z</timestamp>
<contributor>
<username>ValJor</username>
<id>1358</id>
</contributor>
<comment>Acrescentando a predefinição avi-for-fle</comment>
<model>wikitext</model>
<format>text/x-wiki</format>
<text bytes="318" xml:space="preserve">={{-pt-}}=
==Forma verbal==
{{paroxítona|ja|vra|mos}}
# primeira pessoa do plural do presente do modo indicativo do verbo [[javrar]]
# {{escopo2|grafia brasileira}} primeira pessoa do plural do pretérito perfeito do modo indicativo do verbo [[javrar]]

{{avi-for-fle|javrar}}

[[Categoria:Forma verbal (Português)]]</text>
<sha1>6ilpc0lhtkdd4b43032u6kl8bmjr6m4</sha1>
</revision>
</page>
