<title>javrara</title>
<ns>0</ns>
<id>242968</id>
<revision>
<id>922067</id>
<timestamp>2010-07-18T13:51:44Z</timestamp>
<contributor>
<username>Jesielt-bot</username>
<id>10876</id>
</contributor>
<comment>Verbete criado por bot.</comment>
<model>wikitext</model>
<format>text/x-wiki</format>
<text bytes="308" xml:space="preserve">=Português=
==Forma verbal==
'''javrara'''
#[[primeira pessoa|primeira]] do [[singular]] do [[pretérito mais-que-perfeito]] do verbo '''[[javrar]]'''
#[[terceira pessoa|terceira pessoas]] do [[singular]] do [[pretérito mais-que-perfeito]] do verbo '''[[javrar]]'''

[[Categoria:Forma verbal (Português)]]</text>
<sha1>2sg92cq5rpyzye4g0x10022qmbprwv0</sha1>
</revision>
<revision>
<id>1156371</id>
<parentid>922067</parentid>
<timestamp>2011-07-05T21:40:58Z</timestamp>
<contributor>
<username>MalafayaBot</username>
<id>628</id>
</contributor>
<minor />
<comment>Robô: Substituição de texto automática (-^\=\s?Português\s?\= +={{-pt-}}= &amp; -^\=\s?\{\{pt\}\}\s?\= +={{-pt-}}=)</comment>
<model>wikitext</model>
<format>text/x-wiki</format>
<text bytes="306" xml:space="preserve">={{-pt-}}=
==Forma verbal==
'''javrara'''
#[[primeira pessoa|primeira]] do [[singular]] do [[pretérito mais-que-perfeito]] do verbo '''[[javrar]]'''
#[[terceira pessoa|terceira pessoas]] do [[singular]] do [[pretérito mais-que-perfeito]] do verbo '''[[javrar]]'''

[[Categoria:Forma verbal (Português)]]</text>
<sha1>1fnj0mrgedidam371fv99qzjrhzr26k</sha1>
</revision>
</page>
