<page>
<title>C</title>
<ns>0</ns>
<id>2777</id>
<revision>
<id>2679992</id>
<parentid>2670263</parentid>
<timestamp>2022-06-13T02:04:36Z</timestamp>
<contributor>
<username>Wilhelm Seifer</username>
<id>85860</id>
</contributor>
<model>wikitext</model>
<format>text/x-wiki</format>
<text bytes="1898" xml:space="preserve">{{Wikipédia}}
{{ver também|c}}
{{caracteres info|hex=0043|nome=LATIN CAPITAL LETTER C|anterior=B|próximo=D}}
={{-pt-}}=
==Símbolo==
'''C'''
# {{escopo|univ|Física}} [[símbolo]] de [[coulomb]]
# {{escopo|univ|Física}} [[abreviatura]] de [[Celsius]]
# {{escopo|univ|Química}} [[símbolo]] do [[carbono]]
# [[algarismo]] [[romano]] que representa o [[numeral]] [[cem]]
# {{escopo|univ|Música}} símbolo do [[acorde]] de [[dó maior]] ou da sua [[tonalidade]], a qual não contém nenhum sustenido nem nenhum bemol na sua armadura de clave
==Substantivo&lt;sup&gt;1&lt;/sup&gt;==
'''C''', {{gramática|m}}
# {{escopo|pt|Letra}} a [[terceiro|terceira]] [[letra]] do [[alfabeto]] [[latino]]
==Substantivo&lt;sup&gt;2&lt;/sup&gt;==
'''C''', {{gramática|pr|f}}
# {{escopo|pt|Informática}} [[linguagem de programação]] de alto nível para [[computador]]es, voltada para o desenvolvimento de [[sistema]]s e aplicativos
#* '''''C''' é uma linguagem de programação estruturada.''
====Letra do alfabeto cirílico:====
* [[С]]
====Outras linguagens de programação:====
{{colunas|2}}
* [[Algol]]
* [[C++]]
* [[C Sharp|C#]]
* [[COBOL]]
* [[Fortran]]
* [[Pascal]]
{{colunas/fim}}
==Ver também==
===No Wikcionário===
{{colunas|2}}
* [[c]]
* [[cê]]
{{colunas/fim}}
{{Alfabeto Latino}}
{{Algarismos romanos}}
{{números romanos}}
{{tonalidades musicais/pt}}
===Na Wikipédia===
{{colunas|2}}
* [[w:C (desambiguação)|C (desambiguação)]]
* [[w:C (linguagem de programação)|C (linguagem de programação)]]
{{colunas/fim}}
[[Categoria:Substantivo (Português)]]
[[Categoria:Sistema de escrita latino]]
[[Categoria:Número (Universal)|# 000100]]
[[Categoria:Símbolo da notação musical|C]]
{{SimbQuim|carbono}}
={{-en-}}=
==Abreviatura==
'''C'''
# {{escopo|en|Bioquímica|metrologia}} [[congius#{{en}}|congius]] ([[côngio]])
===Sinônimos===
* [[cong#{{en}}|cong]]
[[Categoria:Abreviatura (Inglês)]]</text>
<sha1>12qjmso6xaxxf8ml8bkbq66595bmxn4</sha1>
</revision>
</page>
