<page>
<title>Ca</title>
<ns>0</ns>
<id>8172</id>
<revision>
<id>2266291</id>
<parentid>2217804</parentid>
<timestamp>2017-04-26T15:22:23Z</timestamp>
<contributor>
<username>HydrizBot</username>
<id>29590</id>
</contributor>
<minor />
<comment>Robô: A limpar links interwikis antigos</comment>
<model>wikitext</model>
<format>text/x-wiki</format>
<text bytes="20" xml:space="preserve">{{SimbQuim|cálcio}}</text>
<sha1>b7dq3g2p9r65700a2hp74dnka9ub35u</sha1>
</revision>
</page>
