<page>
<title>caa</title>
<ns>0</ns>
<id>5495</id>
<revision>
<id>2664363</id>
<parentid>2659580</parentid>
<timestamp>2022-03-09T10:05:19Z</timestamp>
<contributor>
<username>ValJor</username>
<id>1358</id>
</contributor>
<comment>Melhorando a apresentação do verbete usando a [[:predefinição:cria-entrada]]</comment>
<model>wikitext</model>
<format>text/x-wiki</format>
<text bytes="3018" xml:space="preserve">={{-gn-}}=
==Substantivo==
'''ca.á'''
# [[erva]]
# [[erva-mate]]
# [[mata]], [[bosque]] 
===Expressões===
* '''[[ca-aî]]''': ''chá mate, erva-mate em infusão''
* '''caapora''': ser mitológico protetor da fauna e da flora
[[Categoria:Substantivo (Guarani)]]
={{-tu-}}=
==Substantivo==
'''ca.á'''
# [[mato]], [[mata]]
# [[folha]]
# [[vegetal]] 
===Expressòes===
* '''[[caaeté]]''': ''mato verdadeiro, floresta''
* '''[[caajuru]]''': ''boca do mato, entrada da mata''
* '''caapora''': ''ser mitológico protetor da fauna e da flora''; (literalm.) ''habitante do mato'' 
* '''[[capuera]]''': ''capoeira''; (literalm.) ''mato velho''
* '''[[capií]]''' ou [[caapĩ]]: capim, erva rasteira; (literalm.) ''mato pequeno''
==={{-varort-}}===
* [[kaá]]/[[caá]]
==Ver também==
===No Wikcionário===
''Palavras brasileiras que usam &lt;span style = &quot;color: green; font-weight: bold;&quot;&gt;caa&lt;/span&gt; como antepositivo:''
{{verTambém.Ini}}
* [[caabopoxi]]
* [[caacambu]]
* [[caacica]]
* [[caacó]]
* [[caaçu]]
* [[caacuí]]
* [[caaeé]]
* [[caaetê]]
* [[caaguaçu]]
* [[caaguaçuba]]
* [[caaguaçuense]]
* [[caaguará]]
* [[caaia]]
* [[caaigapó]]
* [[caaingá]]
* [[caajaçara]]
* [[caajuçara]]
* [[caama]]
* [[caamanha]]
* [[caamembeca]]
* [[caami]]
* [[caanda]]
* [[caanema]], [[canema]]
* [[caantio]]
* [[caaobi]]
* [[caaopiá]]
{{verTambém.NovaColuna}}
* [[caapão]], [[capão]]
* [[caapeba-cheirosa]]
* [[caapeba-do-norte]]
* [[caapeba]], [[capeba]]
* [[caapená]]
* [[caapepena]]
* [[caapéua]]
* [[caapeva]]
* [[caapi]]
* [[caapiá-açu]], [[caapiaçu]]
* [[caapiá-preto]]
* [[caapiá]], [[capiá]]
* [[caapiranguense]]
* [[caapitiú-fedorento]]
* [[caapitiú]]
* [[caapiúna]]
* [[caapoã]]
* [[caapomonga]]
* [[caaponga]]
* [[caapora]]
* [[caaporan]]
* [[caaporanense]]
* [[caapuá]]
* [[caapucá]]
* [[caapuçara]]
* [[caapuena]]
{{verTambém.NovaColuna}}
* [[caapuera-branca]]
* [[caapuera]]
* [[caaraboa]]
* [[caaretama]]
* [[caarina]]
* [[caaroba]], [[caroba]]
* [[caataia]]
* [[caatanduva]], [[catanduva]]
* [[caatibense]]
* [[caatica]]
* [[caatiguá]]
* [[caatinga]], [[catinga]]
* [[caatingueira]], [[catingueira]]
* [[caatinguense]]
* [[caatininga]]
* [[caatita]]
* [[caaueti]]
* [[caaúla]]
* [[caavurana]]
* [[caaxarama]]
* [[caaxi]]
* [[caaxió]]
* [[caaxira]]
* [[caetê]]
* [[caguaçu]]
* [[caguaçuense]]
{{verTambém.NovaColuna}}
* [[cagurá]]
* [[caingá]]
* [[canema]]
* [[caopiá]]
* [[capeba]]
* [[capepena]]
* [[capeua]], [[capéua]]
* [[capiá]], [[caapiá]]
* [[capitiú]]
* [[capiúna]]
* [[caponga]]
* [[caponguense]]
* [[caporanguense]]
* [[capueira]]
* [[capueirada]], [[capoeirada]]
* [[capueiragem]], [[capoeiragem]]
* [[capueiral]], [[capoeiral]]
* [[capueirano]], [[capoeirano]]
* [[capueirão]], [[capoeirão]]
* [[capueirar]], [[capoeirar]]
* [[capueireiro]], [[capoeireiro]]
* [[capueirista]], [[capoeirista]]
* [[capueiro]], [[capoeiro]]
* [[capueiroso]], [[capoeiroso]]
* [[capuerana]], [[capoeirana]]
* [[capuíbo]]
{{verTambém.Fim}}
[[Categoria:Substantivo (Tupi)]]</text>
<sha1>n1bf77mju7obikqdmln8wgviijlaxag</sha1>
</revision>
</page>
