<page>
<page>
<title>Caaba</title>
<ns>0</ns>
<id>19999</id>
<revision>
<id>2585465</id>
<parentid>2461338</parentid>
<timestamp>2020-04-11T16:56:40Z</timestamp>
<contributor>
<username>CommonsDelinker</username>
<id>1812</id>
</contributor>
<comment>&lt;nowiki&gt;Trocando [[Image:Kabaa.jpg]] por [[Image:Kabaa_(January_2003).jpg]] ([[:commons:User:CommonsDelinker|CommonsDelinker]]: &quot;[[:c:COM:FR|File renamed]]: #2&quot;)&lt;/nowiki&gt;</comment>
<model>wikitext</model>
<format>text/x-wiki</format>
<text bytes="660" xml:space="preserve">{{Wikipédia}}
[[Imagem:Kabaa (January 2003).jpg|thumb|250px|right|&lt;center&gt;Caaba&lt;/center&gt;]]
={{-pt-}}=
==Substantivo==
{{proparoxítona|Ca|a|ba}}, {{gramática|f}} (ortográfica alternativa [[Kaaba]])
# {{escopo|pt|islamismo}} construção cuboide reverenciada pelos muçulmanos na mesquita sagrada de al Masjid Meca
===Tradução===
{{tradini}}
* {{trad|de|Kaaba}}
* {{trad|es|Kaaba}}
{{tradmeio}}
* {{trad|en|Ka'bah}}
* {{trad|it|Kaʿba}}
{{tradfim}}
=={{etimologia|pt}}==
: Do [[árabe]] ''الكعبة (al-kaʕba)'' (cubo)''.
=={{pronúncia|pt}}==
* [[AFI]]: {{AFI|/ˈkaabɜ/|pt}}
[[Categoria:Substantivo (Português)]]
[[Categoria:Islamismo (Português)]]</text>
<sha1>o8unhazw2og32da5kca2h4iopztqcis</sha1>
</revision>
