<page>
<page>
<title>caaba</title>
<ns>0</ns>
<id>9392</id>
<revision>
<id>2311255</id>
<parentid>1575116</parentid>
<timestamp>2017-04-30T00:23:23Z</timestamp>
<contributor>
<username>HydrizBot</username>
<id>29590</id>
</contributor>
<minor />
<comment>Robô: A limpar links interwikis antigos</comment>
<model>wikitext</model>
<format>text/x-wiki</format>
<text bytes="586" xml:space="preserve">{{Wikipédia}}
={{-pt-}}=
==Substantivo==
{{paroxítona|ca|a|ba}}, ''f''
# [[cubo]]
# o lugar mais [[sagrado]] do [[Islam]]
# [[construção]] [[cúbico|cúbica]] de [[pedra]] existente dentro da [[mesquita]] al-Haram em [[Meca]], permanentemente coberto por um [[manto]] de [[seda]] [[negro|negra]] e em direção à qual todos os [[muçulmano]]s devem voltar-se na hora das [[oração|orações]]
===Tradução===
{{tradini}}
* {{trad|ar|الكعبة}} (al-kahaba)
{{tradmeio}}
* {{trad|en|Kaaba}}
{{tradfim}}
==Anagrama==
# [[acabar|acaba]]
[[Categoria:Substantivo (Português)]]</text>
<sha1>tnb43877k4sh85sjqpe68e9h2bkur53</sha1>
</revision>
