<page>
<page>
<title>caaeté</title>
<ns>0</ns>
<id>12801</id>
<revision>
<id>1369468</id>
<parentid>532014</parentid>
<timestamp>2012-01-25T15:02:11Z</timestamp>
<contributor>
<username>ValJor</username>
<id>1358</id>
</contributor>
<comment>Desfazendo link para [[Predefinição:Tupigrafia]] para poder deletar o redirecionamento</comment>
<model>wikitext</model>
<format>text/x-wiki</format>
<text bytes="387" xml:space="preserve">{{tupigrafia|caaeté|-|-|-|[[caaeté]]}}
={{-tu-}}=
==Substantivo==
'''ca.a.e.té'''
# {{escopo|Literalmente}} [[mato]] [[verdadeiro]]
# [[floresta]]
# {{escopo|Toponímia}} [[caeté]] 
# {{escopo|Gentílico}} [[Caeté]]s
==={{-varort-}}===
* [[kaaeté]]
=={{etimologia|tu}}==
: {{escopo|Morfologia}} [[kaá]]/[[caá]] (mato) + [[eté]] (verdadeiro).
[[Categoria:Substantivo (Tupi)]]</text>
<sha1>abegey6crd1kmz1z3b3vf5tj1vgs60m</sha1>
</revision>
