<page>
<title>Caarapó</title>
<ns>0</ns>
<id>139202</id>
<revision>
<id>2266295</id>
<parentid>1196872</parentid>
<timestamp>2017-04-26T15:22:35Z</timestamp>
<contributor>
<username>HydrizBot</username>
<id>29590</id>
</contributor>
<minor />
<comment>Robô: A limpar links interwikis antigos</comment>
<model>wikitext</model>
<format>text/x-wiki</format>
<text bytes="281" xml:space="preserve">={{-pt-}}=
{{Wikipédia}}
==Substantivo==
'''Caarapó''' {{pr}}
#[[município]] [[brasileiro]] do [[estado]] de [[Mato Grosso do Sul]]
==Ver também==
*[[Apêndice:Municípios do estado de Mato Grosso do Sul]]
[[Categoria:Município do estado de Mato Grosso do Sul (Português)]]</text>
<sha1>8je6jx2olhgygls9zalfzh95o3jwoqy</sha1>
</revision>
</page>
