<page>
<title>cabalamos</title>
<ns>0</ns>
<id>158325</id>
<revision>
<id>2511382</id>
<parentid>2311267</parentid>
<timestamp>2018-07-17T13:58:09Z</timestamp>
<contributor>
<username>ValJor</username>
<id>1358</id>
</contributor>
<comment>Acrescentando a predefinição avi-for-fle</comment>
<model>wikitext</model>
<format>text/x-wiki</format>
<text bytes="323" xml:space="preserve">={{-pt-}}=
==Forma verbal==
{{paroxítona|ca|ba|la|mos}}
# primeira pessoa do plural do presente do modo indicativo do verbo [[cabalar]]
# {{escopo2|grafia brasileira}} primeira pessoa do plural do pretérito perfeito do modo indicativo do verbo [[cabalar]]
{{avi-for-fle|cabalar}}
[[Categoria:Forma verbal (Português)]]</text>
<sha1>s1i6fq0nbiaicub0g7wvjci5tf7kt07</sha1>
</revision>
</page>
