<page>
<page>
<title>cabalaste</title>
<ns>0</ns>
<id>172772</id>
<revision>
<id>2311294</id>
<parentid>2013639</parentid>
<timestamp>2017-04-30T00:24:49Z</timestamp>
<contributor>
<username>HydrizBot</username>
<id>29590</id>
</contributor>
<minor />
<comment>Robô: A limpar links interwikis antigos</comment>
<model>wikitext</model>
<format>text/x-wiki</format>
<text bytes="196" xml:space="preserve">={{-pt-}}=
==Forma verbal==
'''cabalaste'''
#[[segunda pessoa]] do [[singular]] do [[pretérito perfeito]] do [[modo indicativo]] do verbo '''[[cabalar]]'''
[[Categoria:Forma verbal (Português)]]</text>
<sha1>h3dvb8azrn9xtwhnz8o8e2fe8cym6on</sha1>
</revision>
