<page>
<page>
<title>cabaçudo</title>
<ns>0</ns>
<id>87559</id>
<revision>
<id>1182751</id>
<parentid>984588</parentid>
<timestamp>2011-07-08T14:37:27Z</timestamp>
<contributor>
<username>MalafayaBot</username>
<id>628</id>
</contributor>
<minor />
<comment>Robô: Substituição de texto automática (-^\=\s?Português\s?\= +={{-pt-}}= &amp; -^\=\s?\{\{pt\}\}\s?\= +={{-pt-}}=)</comment>
<model>wikitext</model>
<format>text/x-wiki</format>
<text bytes="453" xml:space="preserve">={{-pt-}}=
==Adjetivo==
{{flex.pt|ms=cabaçudo|mp=cabaçudos|fs=cabaçuda|fp=cabaçudas}}
{{paroxítona|ca|ba|çu|do}}
# {{escopo|Termo brasileiro}}
## [[virgem]]
## [[puro]]
## [[ingênuo]] 
## [[anjinho]]
==Substantivo==
{{paroxítona|ca|ba|çu|do}}
# pessoa que é cabaçuda
=={{etimologia|pt}}==
: {{escopo|Morfologia}} [[cabaço]] + [[-udo]].
[[Categoria:Adjetivo (Português)]]
[[Categoria:Substantivo (Português)]]
[[Categoria:Brasileirismo]]</text>
<sha1>g7s1hv3k0nqwncq7wy655xl9qmvfctl</sha1>
</revision>
