<page>
<title>cabalem</title>
<ns>0</ns>
<id>216790</id>
<revision>
<id>2311302</id>
<parentid>1125328</parentid>
<timestamp>2017-04-30T00:25:04Z</timestamp>
<contributor>
<username>HydrizBot</username>
<id>29590</id>
</contributor>
<minor />
<comment>Robô: A limpar links interwikis antigos</comment>
<model>wikitext</model>
<format>text/x-wiki</format>
<text bytes="371" xml:space="preserve">={{-pt-}}=
==Forma verbal==
'''cabalem'''
#[[terceira pessoa]] do [[plural]] do [[presente]] do [[modo subjuntivo]] do verbo '''[[cabalar]]'''
#[[terceira pessoa]] do [[plural]] do [[imperativo]] [[afirmativo]] do verbo '''[[cabalar]]'''
#[[terceira pessoa]] do [[plural]] do [[imperativo]] [[negativo]] do verbo '''[[cabalar]]'''
[[Categoria:Forma verbal (Português)]]</text>
<sha1>qt7gkqvi3kq9588rx4f6nkkxs563qc1</sha1>
</revision>
</page>
