<page>
<title>cabalam</title>
<ns>0</ns>
<id>161284</id>
<revision>
<id>2311266</id>
<parentid>1125295</parentid>
<timestamp>2017-04-30T00:23:49Z</timestamp>
<contributor>
<username>HydrizBot</username>
<id>29590</id>
</contributor>
<minor />
<comment>Robô: A limpar links interwikis antigos</comment>
<model>wikitext</model>
<format>text/x-wiki</format>
<text bytes="182" xml:space="preserve">={{-pt-}}=
==Forma verbal==
'''cabalam'''
#[[terceira pessoa]] do [[plural]] do [[presente]] do [[modo indicativo]] do verbo '''[[cabalar]]'''
[[Categoria:Forma verbal (Português)]]</text>
<sha1>pnukvwecin1m8220so03dawl0nuaft8</sha1>
</revision>
</page>
