<page>
<page>
<title>cabalardes</title>
<ns>0</ns>
<id>211069</id>
<revision>
<id>2311274</id>
<parentid>1125301</parentid>
<timestamp>2017-04-30T00:24:14Z</timestamp>
<contributor>
<username>HydrizBot</username>
<id>29590</id>
</contributor>
<minor />
<comment>Robô: A limpar links interwikis antigos</comment>
<model>wikitext</model>
<format>text/x-wiki</format>
<text bytes="270" xml:space="preserve">={{-pt-}}=
==Forma verbal==
'''cabalardes'''
#[[segunda pessoa]] do [[plural]] do [[futuro]] do [[modo subjuntivo]] do verbo '''[[cabalar]]'''
#[[infinitivo pessoal]] da [[segunda pessoa]] do [[plural]] do verbo '''[[cabalar]]'''
[[Categoria:Forma verbal (Português)]]</text>
<sha1>cekpmcrr57arsh61udbtvrtskkedveu</sha1>
</revision>
