<page>
<page>
<title>cabalas</title>
<ns>0</ns>
<id>155489</id>
<revision>
<id>2311290</id>
<parentid>2013640</parentid>
<timestamp>2017-04-30T00:24:42Z</timestamp>
<contributor>
<username>HydrizBot</username>
<id>29590</id>
</contributor>
<minor />
<comment>Robô: A limpar links interwikis antigos</comment>
<model>wikitext</model>
<format>text/x-wiki</format>
<text bytes="180" xml:space="preserve">={{-pt-}}=
==Forma verbal==
'''cabalas'''
#[[segunda]] [[pessoa]] do [[singular]] do [[presente]] [[indicativo]] do verbo '''[[cabalar]]'''
[[Categoria:Forma verbal (Português)]]</text>
<sha1>9z2q8txhw5txu7fnzdcjrv1jsgsbaba</sha1>
</revision>
