<page>
<page>
<title>cabalássemos</title>
<ns>0</ns>
<id>199570</id>
<revision>
<id>2311319</id>
<parentid>2030027</parentid>
<timestamp>2017-04-30T00:25:49Z</timestamp>
<contributor>
<username>HydrizBot</username>
<id>29590</id>
</contributor>
<minor />
<comment>Robô: A limpar links interwikis antigos</comment>
<model>wikitext</model>
<format>text/x-wiki</format>
<text bytes="252" xml:space="preserve">={{-pt-}}=
==Forma verbal==
{{proparoxítona|ca|ba|lás|se|mos}}
# primeira pessoa do plural do pretérito imperfeito do modo {{PEPB|inline=1|conjuntivo|subjuntivo}} do verbo [[cabalar]]
{{avi-for-fle|cabalar}}
[[Categoria:Forma verbal (Português)]]</text>
<sha1>j6tza1mrudmvkdfzg024xozx0e6go1k</sha1>
</revision>
