<page>
<page>
<title>cabaceiro</title>
<ns>0</ns>
<id>299450</id>
<revision>
<id>2311261</id>
<parentid>2117443</parentid>
<timestamp>2017-04-30T00:23:36Z</timestamp>
<contributor>
<username>HydrizBot</username>
<id>29590</id>
</contributor>
<minor />
<comment>Robô: A limpar links interwikis antigos</comment>
<model>wikitext</model>
<format>text/x-wiki</format>
<text bytes="1478" xml:space="preserve">={{-pt-}}=
==Substantivo&lt;sup&gt;1&lt;/sup&gt;==
{{flex.pt|ms=cabaceiro|mp=cabaceiros}}
{{paroxítona|ca|ba|cei|ro}}, {{m}}
# [[planta]] das ''[[wikispecies:Cucurbitaceae|Cucurbitaceae]]'' cultivada que produz a [[cabaça]]
===Sinônimo===
* [[cabaceira]]
==={{etimologia|pt}}===
: {{escopo|Morfologia}} De [[cabaça]] ou [[cabaço]] + [[-eiro]].
==Substantivo&lt;sup&gt;2&lt;/sup&gt;==
{{flex.pt|ms=cabaceiro|mp=cabaceiros}}
{{paroxítona|ca|ba|cei|ro}}, {{m}}
# {{escopo|Trás-os-Montes}} [[espigueiro]]
==={{etimologia|pt}}===
: Derivado do latim ''capaciu''.
==Ver também==
===No Wikcionário===
* [[aboboreira]]
==Anagrama==
# [[bacaceiro]]
[[Categoria:Substantivo (Português)]]
={{-gl-}}=
==Substantivo&lt;sup&gt;1&lt;/sup&gt;==
{{flex.gl|ms=cabaceiro|mp=cabaceiros}}
{{paroxítona|ca|ba|cei|ro|lang=gl}}, {{m}}
# [[cabaceiro#Português|cabaceiro]], planta da [[cabaça]], [[cabaceira]]
[[Imagem:Cabazo, O Leboreiro, O Leboreiro, Melide.jpg|thumb|200px|right|&lt;center&gt;Cabaceiro&lt;/center&gt;]]
==Substantivo&lt;sup&gt;2&lt;/sup&gt;==
{{flex.gl|ms=cabaceiro|mp=cabaceiros}}
{{paroxítona|ca|ba|cei|ro|lang=gl}}, {{m}}
# [[canastro]] de verga, [[celeiro]] primitivo, [[armação]] simples onde se guarda o grão ou as espigas, com forma tronco-cônica, de paredes de varas, [[correia]]s, entretecidas, como um grande cesto, de teto cônico de giesta ou colmo.
# [[cabaceiro#Português|cabaceiro]], por extensão, [[espigueiro]] qualquer
[[Categoria:Substantivo (Galego)]]
[[Categoria:Entrada com imagem (Galego)]]</text>
<sha1>4foej0lvyo6bsyjcz50tes51zw1nc7j</sha1>
</revision>
