<page>
<page>
<title>cabalai</title>
<ns>0</ns>
<id>221039</id>
<revision>
<id>2311264</id>
<parentid>2117441</parentid>
<timestamp>2017-04-30T00:23:46Z</timestamp>
<contributor>
<username>HydrizBot</username>
<id>29590</id>
</contributor>
<minor />
<comment>Robô: A limpar links interwikis antigos</comment>
<model>wikitext</model>
<format>text/x-wiki</format>
<text bytes="189" xml:space="preserve">={{-pt-}}=
==Forma verbal==
{{oxítona|ca|ba|lai}}
# segunda pessoa do plural do imperativo afirmativo do verbo [[cabalar]]
{{avi-for-fle|cabalar}}
[[Categoria:Forma verbal (Português)]]</text>
<sha1>0aw0jjbwim46vfmwhxhw8n4381hym8i</sha1>
</revision>
