<page>
<title>cabaretier</title>
<ns>0</ns>
<id>362151</id>
<revision>
<id>2311326</id>
<parentid>2160351</parentid>
<timestamp>2017-04-30T00:26:11Z</timestamp>
<contributor>
<username>HydrizBot</username>
<id>29590</id>
</contributor>
<minor />
<comment>Robô: A limpar links interwikis antigos</comment>
<model>wikitext</model>
<format>text/x-wiki</format>
<text bytes="261" xml:space="preserve">={{-pt-}}=
==Substantivo==
{{flex.pt|ms=cabaretier|mp=carabetiers}}
'''carabetier''', {{gramática|m|s}}
# {{escopo|Estrangeirismo, francesismo}} ver [[cabareteiro]], [[cabaretiê]]
==Ligações externas==
* {{VOLPABL}}}
[[Categoria:Substantivo (Português)]]</text>
<sha1>gizmfctdicv1rcmjtfsddm85fhfi1ir</sha1>
</revision>
</page>
