<page>
<title>cabaláramos</title>
<ns>0</ns>
<id>181248</id>
<revision>
<id>2311316</id>
<parentid>2013653</parentid>
<timestamp>2017-04-30T00:25:42Z</timestamp>
<contributor>
<username>HydrizBot</username>
<id>29590</id>
</contributor>
<minor />
<comment>Robô: A limpar links interwikis antigos</comment>
<model>wikitext</model>
<format>text/x-wiki</format>
<text bytes="202" xml:space="preserve">={{-pt-}}=
==Forma verbal==
{{proparoxítona|ca|ba|lá|ra|mos}}
#[[primeira pessoa]] do [[plural]] do [[pretérito mais-que-perfeito]] do verbo '''[[cabalar]]'''
[[Categoria:Forma verbal (Português)]]</text>
<sha1>jr0qoqlxi4u98m4a517to9juy607ag2</sha1>
</revision>
</page>
