<page>
<page>
<title>cabalariam</title>
<ns>0</ns>
<id>196784</id>
<revision>
<id>2311282</id>
<parentid>1125308</parentid>
<timestamp>2017-04-30T00:24:28Z</timestamp>
<contributor>
<username>HydrizBot</username>
<id>29590</id>
</contributor>
<minor />
<comment>Robô: A limpar links interwikis antigos</comment>
<model>wikitext</model>
<format>text/x-wiki</format>
<text bytes="175" xml:space="preserve">={{-pt-}}=
==Forma verbal==
'''cabalariam'''
#[[terceira pessoa]] do [[plural]] do [[futuro do pretérito]] do verbo '''[[cabalar]]'''
[[Categoria:Forma verbal (Português)]]</text>
<sha1>9jgnml5slk45t7zwjgmuh259w1licwg</sha1>
</revision>
