<page>
<title>cabacete</title>
<ns>0</ns>
<id>427296</id>
<revision>
<id>2598959</id>
<timestamp>2020-10-19T20:22:06Z</timestamp>
<contributor>
<username>Cpls</username>
<id>20608</id>
</contributor>
<comment>[[Ajuda:Guia de edição/Menus e ferramentas/Sumário de edição|→]] nova página: ={{-gl-}}= ==Substantivo== {{flex.gl|ms=cabacete|mp=cabacetes}} {{paroxítona|ca|ba|ce|te|lang=gl}}, {{g|m}}...</comment>
<model>wikitext</model>
<format>text/x-wiki</format>
<text bytes="435" xml:space="preserve">={{-gl-}}=
==Substantivo==
{{flex.gl|ms=cabacete|mp=cabacetes}}
{{paroxítona|ca|ba|ce|te|lang=gl}}, {{g|m}}
# peça superior do [[alambique]] de destilar o [[bagaço]] da [[uva]]
===Sinónimos===
* [[capacete#{{gl}}|capacete]], [[capitel#{{gl}}|capitel]]
=={{etimologia|gl}}==
: {{escopo|Morfologia}} De ''[[cabaço#{{gl}}|cabaço]]'' ou ''[[cabaça#{{gl}}|cabaça]]'' + ''[[-ete#{{gl}}|-ete]]''.
[[Categoria:Substantivo (Galego)]]</text>
<sha1>czlqrahhq9lu1ei0s575g9y0liog9zp</sha1>
</revision>
</page>
