<page>
<page>
<title>cabalarás</title>
<ns>0</ns>
<id>185978</id>
<revision>
<id>2311286</id>
<parentid>2013642</parentid>
<timestamp>2017-04-30T00:24:36Z</timestamp>
<contributor>
<username>HydrizBot</username>
<id>29590</id>
</contributor>
<minor />
<comment>Robô: A limpar links interwikis antigos</comment>
<model>wikitext</model>
<format>text/x-wiki</format>
<text bytes="184" xml:space="preserve">={{-pt-}}=
==Forma verbal==
{{oxítona|ca|ba|la|rás}}
#[[segunda pessoa]] do [[singular]] do [[futuro do presente]] do verbo '''[[cabalar]]'''
[[Categoria:Forma verbal (Português)]]</text>
<sha1>4t3dsmb9uzkfwj2kj2u82vqc18o7s4a</sha1>
</revision>
