<page>
<title>cabalar</title>
<ns>0</ns>
<id>91260</id>
<revision>
<id>2522228</id>
<parentid>2311269</parentid>
<timestamp>2018-10-11T20:02:12Z</timestamp>
<contributor>
<username>Cpls</username>
<id>20608</id>
</contributor>
<comment>{{gl}}</comment>
<model>wikitext</model>
<format>text/x-wiki</format>
<text bytes="1109" xml:space="preserve">={{-pt-}}=
==Verbo==
{{oxítona|ca|ba|lar}}
# [[fazer]] [[cabala]]s
# [[entrar]] em cabalas
# [[conspirar]]; [[tramar]] ardil contra alguém
# [[cooptar]] eleitores por meios ilícitos ou promessas
===Conjugação===
{{conj/pt|cabal|ar}}
=={{etimologia|pt}}==
{{llietimo|fr|cabaler|pt}}
==Ver também==
===No Wikcionário===
{{verTambém.Ini}}
* [[cabalista]]
{{verTambém.NovaColuna}}
* [[cabalístico]]
{{verTambém.Fim}}
==Anagramas==
# [[albacar]]
# [[albarca]]
[[Categoria:Verbo (Português)]]
={{-gl-}}=
==Verbo&lt;sup&gt;1&lt;/sup&gt;==
{{oxítona|ca|ba|lar|lang=gl}}
# [[cabalar#{{gl}}|cabalar]], fazer cabala
# [[cabalar#{{gl}}|cabalar]], conspirar; reunir-se para conspirar
==={{etimologia|gl}}===
{{llietimo|fr|cabaler|gl}} Ou de ''[[cabala#{{gl}}|cabala]]'' + ''[[-ar#{{gl}}|-ar]]''.
==Verbo&lt;sup&gt;2&lt;/sup&gt;==
{{oxítona|ca|ba|lar|lang=gl}}
# dispôr um objeto para que fique [[firme]], bem [[colocar|colocado]], [[assentar]]
==={{etimologia|gl}}===
: {{escopo|Morfologia}} De ''[[cabal#{{gl}}|cabal]]'' + ''[[-ar#{{gl}}|-ar]]''.
==Homófono==
* [[cavalar#{{gl}}|cavalar]]
[[Categoria:Verbo (Galego)]]</text>
<sha1>gpshs66g2oeh2wquziv0nmwjbd2f9db</sha1>
</revision>
</page>
