<page>
<title>cabalara</title>
<ns>0</ns>
<id>178246</id>
<revision>
<id>2311270</id>
<parentid>2013648</parentid>
<timestamp>2017-04-30T00:24:01Z</timestamp>
<contributor>
<username>HydrizBot</username>
<id>29590</id>
</contributor>
<minor />
<comment>Robô: A limpar links interwikis antigos</comment>
<model>wikitext</model>
<format>text/x-wiki</format>
<text bytes="231" xml:space="preserve">={{-pt-}}=
==Forma verbal==
'''cabalara'''
#[[primeira pessoa|primeira]] e [[terceira pessoa|terceira pessoas]] do [[singular]] do [[pretérito mais-que-perfeito]] do verbo '''[[cabalar]]'''
[[Categoria:Forma verbal (Português)]]</text>
<sha1>iv8gvno0bd859oqqsw8pqah322pjher</sha1>
</revision>
</page>
