<page>
<page>
<title>cabalava</title>
<ns>0</ns>
<id>205077</id>
<revision>
<id>2311296</id>
<parentid>1125322</parentid>
<timestamp>2017-04-30T00:24:52Z</timestamp>
<contributor>
<username>HydrizBot</username>
<id>29590</id>
</contributor>
<minor />
<comment>Robô: A limpar links interwikis antigos</comment>
<model>wikitext</model>
<format>text/x-wiki</format>
<text bytes="230" xml:space="preserve">={{-pt-}}=
==Forma verbal==
'''cabalava'''
#[[primeira pessoa|primeira]] e [[terceira pessoa]] do [[singular]] do [[pretérito imperfeito]] do [[modo indicativo]] do verbo '''[[cabalar]]'''
[[Categoria:Forma verbal (Português)]]</text>
<sha1>68ovn3up02ic0nvde8ct9tzp2cdkzow</sha1>
</revision>
