<page>
<title>cabalareis</title>
<ns>0</ns>
<id>190147</id>
<revision>
<id>2311276</id>
<parentid>2013646</parentid>
<timestamp>2017-04-30T00:24:19Z</timestamp>
<contributor>
<username>HydrizBot</username>
<id>29590</id>
</contributor>
<minor />
<comment>Robô: A limpar links interwikis antigos</comment>
<model>wikitext</model>
<format>text/x-wiki</format>
<text bytes="172" xml:space="preserve">={{-pt-}}=
==Forma verbal==
'''cabalareis'''
#[[segunda pessoa]] do [[plural]] do [[futuro do presente]] do verbo '''[[cabalar]]'''
[[Categoria:Forma verbal (Português)]]</text>
<sha1>tg9ber6w2rjtxr2eygne824wy224v76</sha1>
</revision>
</page>
