<page>
<title>cabaçuda</title>
<ns>0</ns>
<id>87558</id>
<revision>
<id>1405526</id>
<parentid>1182750</parentid>
<timestamp>2012-05-02T14:34:29Z</timestamp>
<contributor>
<username>MalafayaBot</username>
<id>628</id>
</contributor>
<minor />
<comment>Robô: Substituição de texto automática (-[[diz-se]] +diz-se &amp; -[[diz-se|Diz-se]] +Diz-se)</comment>
<model>wikitext</model>
<format>text/x-wiki</format>
<text bytes="616" xml:space="preserve">={{-pt-}}=
==Adjetivo==
'''ca.ba.&lt;u&gt;çu&lt;/u&gt;.da''' ''feminino''
# {{escopo|Termo brasileiro}}[[Categoria:Brasileirismo]] {{escopo|gíria}} diz-se [[da]] [[mulher]] [[virgem]]  
==Substantivo==  
'''ca.ba.&lt;u&gt;çu&lt;/u&gt;.da''' ''feminino''
# {{escopo|Termo brasileiro}}[[Categoria:Brasileirismo]] {{escopo|gíria}} [[mulher]] [[virgem]]
==Ver também==
===No Wikcionário===
*[[cabaço]]
*[[cabaçudo]]
[[Categoria:Adjetivo (Português)]]
[[Categoria:Substantivo (Português)]]
[[Categoria:Polissílabo (Português)]]
[[Categoria:Paroxítona (Português)]]
[[Categoria:Gíria (Português)]]
[[Categoria:Brasileirismo]]</text>
<sha1>0vkkttkd96zqmp7q6ygqe318mp06tc7</sha1>
</revision>
</page>
