<page>
<title>cabal</title>
<ns>0</ns>
<id>91249</id>
<revision>
<id>2462298</id>
<parentid>2311262</parentid>
<timestamp>2017-11-22T15:10:06Z</timestamp>
<contributor>
<username>ValJor</username>
<id>1358</id>
</contributor>
<comment>Um verbete a menos usando a [[Predefinição:flex.pt.com2|predefinição flex.pt.com2]]</comment>
<model>wikitext</model>
<format>text/x-wiki</format>
<text bytes="1697" xml:space="preserve">={{-pt-}}=
==Adjetivo==
{{flex.pt|s=cabal|p=cabais}}
{{oxítona|ca|bal}}, {{gramática|c2g}}
# [[satisfatório]]; [[completo]]; [[rigoroso]]; [[pleno]]
#* ''Na noite de terça-feira, o caudilho deu um exemplo '''cabal''' do que está fazendo com a Venezuela.'' {{OESP|2007|outubro|15}}
==Substantivo==
{{oxítona|ca|bal}}, {{gramática|c2g}}
# [[suposto|suposta]] [[alimária]] de [[Java]], a cujos [[osso]]s os Jaus atribuíam [[virtude]]s [[sobrenatural|sobrenaturais]]
=={{etimologia|pt}}==
: {{escopo|Morfologia}} [[cabo]] + [[-al]].
==Ver também==
===No Wikcionário===
{{verTambém.Ini}}
* [[cabalmente]]
{{verTambém.NovaColuna}}
* [[perfeito]]
{{verTambém.NovaColuna}}
* [[pleno]]
{{verTambém.Fim}}
[[Categoria:Adjetivo (Português)]]
[[Categoria:Substantivo (Português)]]
={{-an-}}=
==Adjetivo==
'''cabal'''
# [[exato]], [[completo]], [[justo]]
# [[correto]], [[perfeito]], de [[bom|boa]] [[moral]]
#* ''Puedes fiar-te d'él, que ye un ombre '''cabal'''.''
==Substantivo==
'''cabal'''
# [[riqueza]]
#* ''Con ixe '''cabal''', o mozo yera o más rico d'o lugar.''
# [[fluxo]] (de [[água]])
#* ''A plebia fa que l'Ebro baxe con un buen '''cabal'''.''
[[Categoria:Adjetivo (Aragonês)]]
[[Categoria:Substantivo (Português)]]
={{-ca-}}=
==Adjetivo==
'''cabal'''
# [[exato]], [[completo]], [[justo]]
==Substantivo==
'''cabal'''
# [[riqueza]]
[[Categoria:Adjetivo (Catalão)]]
[[Categoria:Substantivo (Catalão)]]
={{-es-}}=
==Adjetivo==
'''cabal'''
# [[íntegro]], [[completo]]
[[Categoria:Adjetivo (Espanhol)]]
={{-en-}}=
==Substantivo==
'''cabal'''
# [[organização]] [[secreto|secreta]] com fins [[nefando]]s
# [[complô]] secreto
[[Categoria:Substantivo (Inglês)]]</text>
<sha1>fcwtvaow2j5em6v0kwnjuf5wjfhrqoq</sha1>
</revision>
</page>
