<page>
<title>cabalavas</title>
<ns>0</ns>
<id>162632</id>
<revision>
<id>2311298</id>
<parentid>1125324</parentid>
<timestamp>2017-04-30T00:24:56Z</timestamp>
<contributor>
<username>HydrizBot</username>
<id>29590</id>
</contributor>
<minor />
<comment>Robô: A limpar links interwikis antigos</comment>
<model>wikitext</model>
<format>text/x-wiki</format>
<text bytes="198" xml:space="preserve">={{-pt-}}=
==Forma verbal==
'''cabalavas'''
#[[segunda pessoa]] do [[singular]] do [[pretérito imperfeito]] do [[modo indicativo]] do verbo '''[[cabalar]]'''
[[Categoria:Forma verbal (Português)]]</text>
<sha1>35gsmxvyur7svhaljco32turruchqqm</sha1>
</revision>
</page>
