<page>
<title>cabalacaxengo</title>
<ns>0</ns>
<id>91259</id>
<revision>
<id>2243610</id>
<parentid>1192042</parentid>
<timestamp>2017-02-23T12:24:14Z</timestamp>
<contributor>
<username>ValJor</username>
<id>1358</id>
</contributor>
<comment>Um verbete a menos usando a [[Predefinição:flex.pt.masculino|predefinição flex.pt.masculino]]</comment>
<model>wikitext</model>
<format>text/x-wiki</format>
<text bytes="257" xml:space="preserve">={{-pt-}}=
==Substantivo==
{{flex.pt|ms=cabalacaxengo|mp=cabalacaxengos}}
{{paroxítona|ca|ba|la|ca|xen|go}}, {{gramática|m}}
# [[pássaro]] [[conirrostro]] da [[África]] [[ocidental]]
[[Categoria:Substantivo (Português)]]
[[Categoria:Ave (Português)]]</text>
<sha1>c1uaudkk91gqocn0m1g8rnzriu0cc78</sha1>
</revision>
</page>
