<page>
<title>cabaliste</title>
<ns>0</ns>
<id>310022</id>
<revision>
<id>2311308</id>
<parentid>1728017</parentid>
<timestamp>2017-04-30T00:25:18Z</timestamp>
<contributor>
<username>HydrizBot</username>
<id>29590</id>
</contributor>
<minor />
<comment>Robô: A limpar links interwikis antigos</comment>
<model>wikitext</model>
<format>text/x-wiki</format>
<text bytes="149" xml:space="preserve">={{-fr-}}=
==Substantivo==
'''cabaliste'''
# [[cabalista]]
{{página-automática|Fevereiro|2013|cabalista|fr}}
[[Categoria:Substantivo (Francês)]]</text>
<sha1>dg5uewgkd9fvy9tknvqgsaoohiaolx1</sha1>
</revision>
</page>
