<page>
<page>
<title>cabaret</title>
<ns>0</ns>
<id>274056</id>
<revision>
<id>2311325</id>
<parentid>2244230</parentid>
<timestamp>2017-04-30T00:26:08Z</timestamp>
<contributor>
<username>HydrizBot</username>
<id>29590</id>
</contributor>
<minor />
<comment>Robô: A limpar links interwikis antigos</comment>
<model>wikitext</model>
<format>text/x-wiki</format>
<text bytes="309" xml:space="preserve">={{-pt-}}=
==Substantivo==
{{flex.pt|ms=cabaret|mp=cabarets}}
''{{oxítona|ca|ba|ret}}'', {{gramática|m}}
# {{escopo|pt|estrangeirismo}} [[cabaré]]
[[Categoria:Substantivo (Português)]]
={{-fr-}}=
==Substantivo==
'''cabaret'''
# [[cabaré]]
# [[taverna]], [[tasca]]
[[Categoria:Substantivo (Francês)]]</text>
<sha1>2qk0vyfdlpbe9488degw161wabdfmfx</sha1>
</revision>
