<page>
<title>cabaláreis</title>
<ns>0</ns>
<id>182943</id>
<revision>
<id>2311317</id>
<parentid>2030018</parentid>
<timestamp>2017-04-30T00:25:43Z</timestamp>
<contributor>
<username>HydrizBot</username>
<id>29590</id>
</contributor>
<minor />
<comment>Robô: A limpar links interwikis antigos</comment>
<model>wikitext</model>
<format>text/x-wiki</format>
<text bytes="204" xml:space="preserve">={{-pt-}}=
==Forma verbal==
{{paroxítona|ca|ba|lá|reis}}
# segunda pessoa do plural do pretérito mais-que-perfeito do verbo [[cabalar]]
{{avi-for-fle|cabalar}}
[[Categoria:Forma verbal (Português)]]</text>
<sha1>s6cxhsh0u12ncv5vfn0x3ote0j5fut0</sha1>
</revision>
</page>
