<page>
<page>
<title>cabardino</title>
<ns>0</ns>
<id>258569</id>
<revision>
<id>1182749</id>
<parentid>1011338</parentid>
<timestamp>2011-07-08T14:37:25Z</timestamp>
<contributor>
<username>MalafayaBot</username>
<id>628</id>
</contributor>
<minor />
<comment>Robô: Substituição de texto automática (-^\=\s?Português\s?\= +={{-pt-}}= &amp; -^\=\s?\{\{pt\}\}\s?\= +={{-pt-}}=)</comment>
<model>wikitext</model>
<format>text/x-wiki</format>
<text bytes="582" xml:space="preserve">={{-pt-}}=
==Adjetivo==
{{flex.pt|ms=cabardino|mp=cabardinos|fs=cabardina|fp=cabardinas}}
{{paroxítona|ca|bar|di|no}}
# relativo à [[Cabárdia-Balcária]]
===Tradução===
{{tradini}}
* {{trad|en|Kabardian}}
{{tradmeio}}
{{tradfim}}
==Substantivo==
{{paroxítona|ca|bar|di|no}}
# natural da [[Cabárdia-Balcária]]
# idioma da [[Cabárdia-Balcária]]
===Tradução===
{{tradini}}
* {{trad|en|Kabardian}}
{{tradmeio}}
{{tradfim}}
[[Categoria:Adjetivo (Português)]]
[[Categoria:Substantivo (Português)]]
[[Categoria:Gentílico (Português)]]
[[Categoria:Língua (Português)]]</text>
<sha1>scvgtkyqezhrqp1f44r8oop933qbfs4</sha1>
</revision>
