<page>
<title>cabalais</title>
<ns>0</ns>
<id>159737</id>
<revision>
<id>2311265</id>
<parentid>2117440</parentid>
<timestamp>2017-04-30T00:23:48Z</timestamp>
<contributor>
<username>HydrizBot</username>
<id>29590</id>
</contributor>
<minor />
<comment>Robô: A limpar links interwikis antigos</comment>
<model>wikitext</model>
<format>text/x-wiki</format>
<text bytes="196" xml:space="preserve">={{-pt-}}=
==Forma verbal==
{{oxítona|ca|ba|lais}}
# segunda pessoa do plural do presente do modo indicativo do verbo [[cabalar]]
{{avi-for-fle|cabalar}}
[[Categoria:Forma verbal (Português)]]</text>
<sha1>l8g4oeeridox21avubw88egfat743oe</sha1>
</revision>
</page>
