<page>
<title>cabardi</title>
<ns>0</ns>
<id>392916</id>
<revision>
<id>2485770</id>
<timestamp>2018-02-19T16:38:27Z</timestamp>
<contributor>
<username>ValJor</username>
<id>1358</id>
</contributor>
<comment>Criação do verbete a partir da [[Especial:Páginas_pedidas|lista de palavras pedidas]]</comment>
<model>wikitext</model>
<format>text/x-wiki</format>
<text bytes="378" xml:space="preserve">={{-pt-}}=
==Adjetivo==
{{flex.pt|s=cabardi|p=cabardis}}
{{oxítona|ca|bar|di}}
# variante ortográfica de [[cabardino]]
==Substantivo==
{{oxítona|ca|bar|di}}
# variante ortográfica de [[cabardino]]
==Anagrama==
# [[abdicar]]
[[Categoria:Adjetivo (Português)]]
[[Categoria:Substantivo (Português)]]
[[Categoria:Gentílico (Português)]]
[[Categoria:Língua (Português)]]</text>
<sha1>7t6b180dzi5h34dxhq7jynrkc0dovpx</sha1>
</revision>
</page>
