<page>
<title>caballero</title>
<ns>0</ns>
<id>340262</id>
<revision>
<id>2311310</id>
<parentid>2099333</parentid>
<timestamp>2017-04-30T00:25:24Z</timestamp>
<contributor>
<username>HydrizBot</username>
<id>29590</id>
</contributor>
<minor />
<comment>Robô: A limpar links interwikis antigos</comment>
<model>wikitext</model>
<format>text/x-wiki</format>
<text bytes="372" xml:space="preserve">{{Wikipédia|lang=es}}
={{-es-}}=
==Substantivo==
'''caballero'''
# [[cavaleiro]]
# [[cavalheiro]]
=={{etimologia|es}}==
: Do castelhano antigo ''cavallero'' e este do latim vulgar ''caballarius'', derivado de ''caballus''.
=={{pronúncia|es}}==
* [[AFI]]: /ka.βaˈʝe.ɾo/ ou /ka.βaˈʎe.ɾo/
[[Categoria:Substantivo (Espanhol)]]
[[Categoria:Profissão (Espanhol)]]</text>
<sha1>5owxouy7c6cwaprftujfe49ius49f0y</sha1>
</revision>
</page>
