<page>
<title>cabales</title>
<ns>0</ns>
<id>219554</id>
<revision>
<id>2311304</id>
<parentid>1952298</parentid>
<timestamp>2017-04-30T00:25:09Z</timestamp>
<contributor>
<username>HydrizBot</username>
<id>29590</id>
</contributor>
<minor />
<comment>Robô: A limpar links interwikis antigos</comment>
<model>wikitext</model>
<format>text/x-wiki</format>
<text bytes="278" xml:space="preserve">={{-pt-}}=
==Forma verbal==
'''cabales'''
#[[segunda pessoa]] do [[singular]] do [[presente]] do [[modo subjuntivo]] do verbo '''[[cabalar]]'''
#[[segunda pessoa]] do [[singular]] do [[imperativo]] [[negativo]] do verbo '''[[cabalar]]'''
[[Categoria:Forma verbal (Português)]]</text>
<sha1>jbx2de8dd4aqvwceuf440ulszq6brjp</sha1>
</revision>
</page>
