<page>
<page>
<title>cabalaríamos</title>
<ns>0</ns>
<id>194141</id>
<revision>
<id>2311288</id>
<parentid>2013641</parentid>
<timestamp>2017-04-30T00:24:39Z</timestamp>
<contributor>
<username>HydrizBot</username>
<id>29590</id>
</contributor>
<minor />
<comment>Robô: A limpar links interwikis antigos</comment>
<model>wikitext</model>
<format>text/x-wiki</format>
<text bytes="196" xml:space="preserve">={{-pt-}}=
==Forma verbal==
{{proparoxítona|ca|ba|la|rí|a|mos}}
#[[primeira pessoa]] do [[plural]] do [[futuro do pretérito]] do verbo '''[[cabalar]]'''
[[Categoria:Forma verbal (Português)]]</text>
<sha1>5v5er6t4otlf37t2j1jkvwqrspylc9l</sha1>
</revision>
