<page>
<title>cabalásseis</title>
<ns>0</ns>
<id>202412</id>
<revision>
<id>2311318</id>
<parentid>2030020</parentid>
<timestamp>2017-04-30T00:25:45Z</timestamp>
<contributor>
<username>HydrizBot</username>
<id>29590</id>
</contributor>
<minor />
<comment>Robô: A limpar links interwikis antigos</comment>
<model>wikitext</model>
<format>text/x-wiki</format>
<text bytes="246" xml:space="preserve">={{-pt-}}=
==Forma verbal==
{{paroxítona|ca|ba|lás|seis}}
# segunda pessoa do plural do pretérito imperfeito do modo {{PEPB|inline=1|conjuntivo|subjuntivo}} do verbo [[cabalar]]
{{avi-for-fle|cabalar}}
[[Categoria:Forma verbal (Português)]]</text>
<sha1>iep1f9d9fwmw3vhtbq9cq2sxtsmwclx</sha1>
</revision>
</page>
