<page>
<page>
<title>cabalisticamente</title>
<ns>0</ns>
<id>91265</id>
<revision>
<id>2311309</id>
<parentid>2162788</parentid>
<timestamp>2017-04-30T00:25:20Z</timestamp>
<contributor>
<username>HydrizBot</username>
<id>29590</id>
</contributor>
<minor />
<comment>Robô: A limpar links interwikis antigos</comment>
<model>wikitext</model>
<format>text/x-wiki</format>
<text bytes="203" xml:space="preserve">={{-pt-}}=
==Advérbio==
{{paroxítona|ca|ba|lis|ti|ca|men|te}}
# de modo [[cabalístico]]
=={{etimologia|pt}}==
:{{escopo|Morfologia}} [[cabalístico]] + [[-mente]].
[[Categoria:Advérbio (Português)]]</text>
<sha1>2zk4o6eu3fg04ad2icdnnr4xosiqtj3</sha1>
</revision>
