<page>
<page>
<title>cabaré</title>
<ns>0</ns>
<id>94494</id>
<revision>
<id>2621179</id>
<parentid>2311327</parentid>
<timestamp>2021-02-01T23:40:40Z</timestamp>
<contributor>
<username>MarxavBot</username>
<id>80155</id>
</contributor>
<minor />
<comment>AFI Portugal</comment>
<model>wikitext</model>
<format>text/x-wiki</format>
<text bytes="1587" xml:space="preserve">{{Wikipédia}}
={{-pt-}}=
==Substantivo==
{{flex.pt|ms=cabaré|mp=cabarés}}
{{oxítona|ca|ba|ré}}, {{m}}
# [[casa]] de [[diversão]] para [[beber]] e [[dançar]] e [[assistir]] a [[espetáculo]]s de [[variedade]]s (dança, mágica etc.)
#* ''No palco, ela aplica seu aprendizado em teatro musical, como se atuasse em esquetes cômicos de '''cabaré'''.'' {{OESP|2008|março|10}}
===Tradução===
{{tradini}}
* {{trad|de|Kabarett}}
* {{trad|ast|cabaré}}
* {{trad|bar|kabarett}}
* {{trad|ca|cabaret}}
* {{trad|cs|kabaret}}
* {{trad|zh|卡巴萊}}
* {{trad|da|kabaret}}
* {{trad|sk|kabaret}}
* {{trad|sl|kabaret}}
* {{trad|es|cabaret}}
* {{trad|eo|kabaredo}}
* {{trad|fi|kabaree}}
* {{trad|fr|cabaret}}
* {{trad|he|קברט}}
{{tradmeio}}
* {{trad|nl|cabaret}}
* {{trad|id|kabaret}}
* {{trad|en|cabaret}}
* {{trad|it|cabaret}}
* {{trad|ja|キャバレー}}
* {{trad|la|cabaret}}
* {{trad|mk|кабаре}}
* {{trad|no|kabaret}}
* {{trad|fa|کاباره}}
* {{trad|pl|kabaret}}
* {{trad|ru|кабаре}}
* {{trad|sv|kabaré}}
* {{trad|tr|kabare}}
* {{trad|uk|кабаре}}
{{tradfim}}
=={{etimologia|pt}}==
: Do francês {{etimo|fr|cabaret}}.
=={{pronúncia|pt}}==
===Portugal===
* AFI: {{AFI|/ka.ba.ˈɾɛ/}}
==Ver também==
===No Wikcionário===
* [[entretenimento]]
==Anagramas==
# [[abecar]]
# [[abraçar|abrace]]
# [[acerbo|acerba]]
# [[caber|caberá]]
# [[rabeca]]
[[Categoria:Substantivo (Português)]]
[[Categoria:Entrada de étimo francês (Português)]]
={{-ast-}}=
==Substantivo==
'''cabaré'''
# [[cabaré#Português|cabaré]]
[[Categoria:Substantivo (Asturiano)]]</text>
<sha1>4x7woxj4asjo0726n6i6u0afcnmozio</sha1>
</revision>
