<page>
<page>
<title>cabalarias</title>
<ns>0</ns>
<id>201076</id>
<revision>
<id>2311283</id>
<parentid>1125309</parentid>
<timestamp>2017-04-30T00:24:30Z</timestamp>
<contributor>
<username>HydrizBot</username>
<id>29590</id>
</contributor>
<minor />
<comment>Robô: A limpar links interwikis antigos</comment>
<model>wikitext</model>
<format>text/x-wiki</format>
<text bytes="176" xml:space="preserve">={{-pt-}}=
==Forma verbal==
'''cabalarias'''
#[[segunda pessoa]] do [[singular]] do [[futuro do pretérito]] do verbo '''[[cabalar]]'''
[[Categoria:Forma verbal (Português)]]</text>
<sha1>fc433v2c8malt9pzpwaya2opbj8zf0z</sha1>
</revision>
