<page>
<title>cabanela</title>
<ns>0</ns>
<id>347697</id>
<revision>
<id>2039770</id>
<timestamp>2015-11-22T10:47:26Z</timestamp>
<contributor>
<username>Cpls</username>
<id>20608</id>
</contributor>
<comment>[[Ajuda:Guia de edição/Menus e ferramentas/Sumário de edição|→]] nova página: ={{-gl-}}= ==Substantivo== {{flex.gl|fs=cabanela|fp=cabanelas}} {{paroxítona|ca|ba|ne|la|lang=gl}}, {{f}} #...</comment>
<model>wikitext</model>
<format>text/x-wiki</format>
<text bytes="425" xml:space="preserve">={{-gl-}}=
==Substantivo==
{{flex.gl|fs=cabanela|fp=cabanelas}}
{{paroxítona|ca|ba|ne|la|lang=gl}}, {{f}}
# [[habitação]] simples, [[cabana]] pequena
===Sinónimos===
{{dividir em colunas|3}}
* [[cafua#Galego|cafua]]
* [[chapitel#Galego|chapitel]]
* [[garigonzinho#Galego|garigonzinho]]
{{dividir em colunas.fim}}
=={{etimologia|gl}}==
: {{escopo|Morfologia}} De [[cabana]] + [[-ela]].
[[Categoria:Substantivo (Galego)]]</text>
<sha1>oho42mg1j04o7cydbd36zwq8szrxyje</sha1>
</revision>
</page>
