<page>
<page>
<title>cabalassem</title>
<ns>0</ns>
<id>203779</id>
<revision>
<id>2311292</id>
<parentid>2030007</parentid>
<timestamp>2017-04-30T00:24:45Z</timestamp>
<contributor>
<username>HydrizBot</username>
<id>29590</id>
</contributor>
<minor />
<comment>Robô: A limpar links interwikis antigos</comment>
<model>wikitext</model>
<format>text/x-wiki</format>
<text bytes="245" xml:space="preserve">={{-pt-}}=
==Forma verbal==
{{paroxítona|ca|ba|las|sem}}
# terceira pessoa do plural do pretérito imperfeito do modo {{PEPB|inline=1|conjuntivo|subjuntivo}} do verbo [[cabalar]]
{{avi-for-fle|cabalar}}
[[Categoria:Forma verbal (Português)]]</text>
<sha1>7jwzy7asi4l4b68glu1qih20i11nm17</sha1>
</revision>
