<page>
<page>
<title>cabalaria</title>
<ns>0</ns>
<id>192789</id>
<revision>
<id>2311280</id>
<parentid>1125307</parentid>
<timestamp>2017-04-30T00:24:26Z</timestamp>
<contributor>
<username>HydrizBot</username>
<id>29590</id>
</contributor>
<minor />
<comment>Robô: A limpar links interwikis antigos</comment>
<model>wikitext</model>
<format>text/x-wiki</format>
<text bytes="207" xml:space="preserve">={{-pt-}}=
==Forma verbal==
'''cabalaria'''
#[[primeira pessoa|primeira]] e [[terceira pessoa]] do [[singular]] do [[futuro do pretérito]] do verbo '''[[cabalar]]'''
[[Categoria:Forma verbal (Português)]]</text>
<sha1>73t2ov4fgt9jlhc3lwe1d2t9mltqtyk</sha1>
</revision>
