<page>
<page>
<title>cabalávamos</title>
<ns>0</ns>
<id>164030</id>
<revision>
<id>2311320</id>
<parentid>2030030</parentid>
<timestamp>2017-04-30T00:25:50Z</timestamp>
<contributor>
<username>HydrizBot</username>
<id>29590</id>
</contributor>
<minor />
<comment>Robô: A limpar links interwikis antigos</comment>
<model>wikitext</model>
<format>text/x-wiki</format>
<text bytes="222" xml:space="preserve">={{-pt-}}=
==Forma verbal==
{{proparoxítona|ca|ba|lá|va|mos}}
# primeira pessoa do plural do pretérito imperfeito do modo indicativo do verbo [[cabalar]]
{{avi-for-fle|cabalar}}
[[Categoria:Forma verbal (Português)]]</text>
<sha1>n3fovm8jhbkwl2y95zyi75nucyj4ri9</sha1>
</revision>
