<page>
<title>cabaxa</title>
<ns>0</ns>
<id>378979</id>
<revision>
<id>2413577</id>
<timestamp>2017-05-20T19:31:51Z</timestamp>
<contributor>
<username>Cpls</username>
<id>20608</id>
</contributor>
<comment>[[Ajuda:Guia de edição/Menus e ferramentas/Sumário de edição|→]] nova página: ={{-gl-}}= ==Substantivo== {{flex.gl|fs=cabaxa|fp=cabaxas}} {{paroxítona|ca|ba|xa|lang=gl}}, {{gramática|f|...</comment>
<model>wikitext</model>
<format>text/x-wiki</format>
<text bytes="290" xml:space="preserve">={{-gl-}}=
==Substantivo==
{{flex.gl|fs=cabaxa|fp=cabaxas}}
{{paroxítona|ca|ba|xa|lang=gl}}, {{gramática|f|lang=gl}}
# {{escopo|gl|Botânica}} [[abóbora]] (''[[species:Cucurbita pepo|Cucurbita pepo]]'')
==={{-varort-}}===
* [[cabaça#{{gl}}|cabaça]]
[[Categoria:Substantivo (Galego)]]</text>
<sha1>haktbcv8f1v2mdw86wl1unzu906mw5k</sha1>
</revision>
</page>
