<page>
<title>cabaça</title>
<ns>0</ns>
<id>1945</id>
<revision>
<id>2652859</id>
<parentid>2620438</parentid>
<timestamp>2021-11-20T08:48:40Z</timestamp>
<contributor>
<username>ValJor</username>
<id>1358</id>
</contributor>
<comment>Trocando a tag center pela predefinição centro para corrigir problema de lint</comment>
<model>wikitext</model>
<format>text/x-wiki</format>
<text bytes="1885" xml:space="preserve">{{Wikipédia|lang=pt}}
[[Imagem:Courge encore verte.jpg|thumb|right|250px|{{centro|Cabaça}}]]
={{-pt-}}=
==Substantivo==
{{flex.pt|fs=cabaça|fp=cabaças}}
{{paroxítona|ca|ba|ça}}, {{gramática|f}}
# {{escopo|pt|Planta}} [[fruta]] produzida pela [[cabaceira]]; nome cientifico: ''[[species:Lagenaria vulgaris|Lagenaria vulgaris]]''
# [[recipiente]] feito com a fruta da cabaceira
# {{escopo|pt|Gíria}} tipo de [[cachimbo]] utilizado para fumar maconha
===Sinônimos===
* De '''1''' (fruta): [[cabaço]], [[catuto]], [[porongo]]
* De '''2''' (recipiente): [[cuia]], [[cumbuca]]
* De '''3''' (cachimbo para maconha): [[boi]], [[grogoiô]], [[maricas]]
===Tradução===
{{tradini|De 1 (fruta)}}
* {{trad|de|Kalebasse}}
* {{trad|kea|kalmam}}
* {{trad|da|flaskegræskar}}
* {{trad|es|calabaza}}
{{tradmeio}}
* {{trad|fr|calebasse}}
* {{trad|en|calabash}}
* {{trad|sv|kalebass}}
* {{trad|tet|babuar}}
{{tradfim}}
=={{pronúncia|pt}}==
===Portugal===
* AFI: {{AFI|/kɐ.ˈba.sɐ/}}
==Ver também==
===No Wikcionário===
{{verTambém.Ini}}
* [[fruta]]
{{verTambém.NovaColuna}}
* [[botânica]]
{{verTambém.NovaColuna}}
* [[recipiente]]
{{verTambém.Fim}}
==Anagrama==
&lt;!-- índice para anagramas: pt: aaabcc --&gt;
# [[bacaca]]
[[Categoria:Substantivo (Português)]]
={{-gl-}}=
==Substantivo==
{{flex.gl|fs=cabaça|fp=cabaças}}
{{paroxítona|ca|ba|ça|lang=gl}}, {{gramática|f|lang=gl}}
# {{escopo|gl|Botânica}} [[cabaça#{{pt}}|cabaça]] (''[[species:Lagenaria vulgaris|Lagenaria vulgaris]]'')
# {{escopo|gl|Botânica}} [[abóbora]] (''[[species:Cucurbita pepo|Cucurbita pepo]]'')
# espécie de [[brinco]], aro com uma forma em amêndoa
# {{escopo|gl|arcaico}} [[sobretudo]], casaco largo e comprido
==={{-varort-}}===
* De '''2''': [[cabaxa#{{gl}}|cabaxa]]
===Sinónimos===
* De '''1''': [[cabaço#{{gl}}|cabaço]], [[cabaxo#{{gl}}|cabaxo]]
[[Categoria:Substantivo (Galego)]]</text>
<sha1>cfknybhebtmu3lyrmy9ehyu9isfmpe5</sha1>
</revision>
</page>
