<page>
<title>cabaz</title>
<ns>0</ns>
<id>116560</id>
<revision>
<id>2598921</id>
<parentid>2311328</parentid>
<timestamp>2020-10-19T18:23:15Z</timestamp>
<contributor>
<ip>176.87.43.148</ip>
</contributor>
<comment>/* Substantivo */A acrescentar um significado</comment>
<model>wikitext</model>
<format>text/x-wiki</format>
<text bytes="916" xml:space="preserve">={{-pt-}}=
==Substantivo==
{{flex.pt|ms=cabaz|mp=cabazes}}
{{oxítona|ca|baz}}, {{g|m}}
# [[cesto]] de [[verga]], junco, etc., [[geralmente]] [[raso]], com [[tampa]] e [[asa]]
===Verbetes derivados===
* [[cabazada]]
[[Categoria: Substantivo (Português)]]
={{-gl-}}=
==Substantivo==
{{flex.gl|ms=cabaz|mp=cabazes}}
{{oxítona|ca|baz|lang=gl}}, {{g|m|lang=gl}}
# [[cabaz#{{pt}}|cabaz]], [[cesto]]
# estrutura de ramos e paus, sobre a que é formado o [[palheiro]] para elevá-lo do chão 
# [[celeiro]] simples, [[armação]] a jeito de grande cesto onde é guardado o grão ou as espigas, de forma troncocônica, de paredes de varas, entretecidas, com teto cônico de giesta ou colmo
# [[espigueiro]]
===Sinónimos===
* De '''2''': [[palenque#{{gl}}|palenque]]
* De '''3''': [[cabaceiro#{{gl}}|cabaceiro]], [[cabaço#{{gl}}|cabaço]]
* De '''4''': [[hôrreo#{{gl}}|hôrreo]]
[[Categoria: Substantivo (Galego)]]</text>
<sha1>hwitkw6g9j1mq5ahwo0tt540vryjkwr</sha1>
</revision>
</page>
