<page>
<page>
<title>cabalístico</title>
<ns>0</ns>
<id>91266</id>
<revision>
<id>2311322</id>
<parentid>2256979</parentid>
<timestamp>2017-04-30T00:25:54Z</timestamp>
<contributor>
<username>HydrizBot</username>
<id>29590</id>
</contributor>
<minor />
<comment>Robô: A limpar links interwikis antigos</comment>
<model>wikitext</model>
<format>text/x-wiki</format>
<text bytes="1211" xml:space="preserve">={{-pt-}}=
==Adjetivo==
{{flex.pt|ms=cabalístico|mp=cabalísticos|fs=cabalística|fp=cabalísticas}}
{{proparoxítona|ca|ba|lís|ti|co}}
# relativo à [[cabala]] dos [[Hebreus]], às [[arte]]s [[oculto|ocultas]] ou à [[magia]]
# [[secreto]]
# [[misterioso]]
===Tradução===
{{tradini}}
* {{trad|sq|i kabalës}}
* {{trad|ar|قبلاني}}
* {{trad|cs|kabalistický}}
* {{trad|sk|kabalistický}}
* {{trad|es|cabalístico}}
* {{trad|eo|kabala}}
* {{trad|fi|kabbalistinen}}
* {{trad|fr|cabalistique}}
{{tradmeio}}
* {{trad|gl|cabalístico}}
* {{trad|hu|kabalisztikus}}
* {{trad|en|cabbalistic}}
* {{trad|it|cabalistico}}
* {{trad|la|cabbalisticus}}
* {{trad|pl|kabalistyczny}}
* {{trad|ru|кабалистический}}
* {{trad|sv|kabbalistis}}
{{tradfim}}
=={{etimologia|pt}}==
:{{escopo|Morfologia}} [[cabalista]] + [[-ico]].
==Ver também==
===No Wikcionário===
{{verTambém.Ini}}
* {{verLigações|ocultismo}}
{{verTambém.Fim}}
[[Categoria:Adjetivo (Português)]]
={{-es-}}=
==Adjetivo==
'''cabalístico'''
# [[cabalístico#Português|cabalístico]]
[[Categoria:Adjetivo (Espanhol)]]
={{-gl-}}=
==Adjetivo==
'''cabalístico'''
# [[cabalístico#Português|cabalístico]]
[[Categoria:Adjetivo (Galego)]]</text>
<sha1>ax04mf6vvtwjbzuy8wul1ybm28xm9k9</sha1>
</revision>
