<page>
<title>cabalheiros</title>
<ns>0</ns>
<id>386631</id>
<revision>
<id>2465616</id>
<timestamp>2017-12-01T14:06:39Z</timestamp>
<contributor>
<username>Imivorn</username>
<id>64513</id>
</contributor>
<comment>[[Ajuda:Guia de edição/Menus e ferramentas/Sumário de edição|→]] nova página: ={{-mwl-}}= ==Forma de substantivo== {{paroxítona|ca|ba|lhei|ros|língua=mwl}} # plural de '''[[cabalheiro]]...</comment>
<model>wikitext</model>
<format>text/x-wiki</format>
<text bytes="160" xml:space="preserve">={{-mwl-}}=
==Forma de substantivo==
{{paroxítona|ca|ba|lhei|ros|língua=mwl}}
# plural de '''[[cabalheiro]]'''
[[Categoria:Forma de substantivo (Mirandês)]]</text>
<sha1>egkov8zmbxt3w4j3yjwpo5su2t1ioy4</sha1>
</revision>
</page>
