<page>
<title>cabalaram</title>
<ns>0</ns>
<id>176779</id>
<revision>
<id>2311271</id>
<parentid>1125299</parentid>
<timestamp>2017-04-30T00:24:07Z</timestamp>
<contributor>
<username>HydrizBot</username>
<id>29590</id>
</contributor>
<minor />
<comment>Robô: A limpar links interwikis antigos</comment>
<model>wikitext</model>
<format>text/x-wiki</format>
<text bytes="195" xml:space="preserve">={{-pt-}}=
==Forma verbal==
'''cabalaram'''
#[[terceira pessoa]] do [[plural]] do [[pretérito perfeito]] do [[modo indicativo]] do verbo '''[[cabalar]]'''
[[Categoria:Forma verbal (Português)]]</text>
<sha1>1t786x5i5o03qyjnpnp675xd2njx6ai</sha1>
</revision>
</page>
