<page>
<page>
<title>cabanhal</title>
<ns>0</ns>
<id>6561</id>
<revision>
<id>2468559</id>
<parentid>1143504</parentid>
<timestamp>2017-12-09T10:37:02Z</timestamp>
<contributor>
<username>Imivorn</username>
<id>64513</id>
</contributor>
<model>wikitext</model>
<format>text/x-wiki</format>
<text bytes="163" xml:space="preserve">={{-mwl-}}=
==Substantivo==
{{flex.mwl|ms=cabanhal|mp=cabanhales}}
{{oxítona|ca|ba|nhal|língua=mwl}}, {{m}}
# [[alpendre]]
[[Categoria:Substantivo (Mirandês)]]</text>
<sha1>obul9w7w6nd5m5c5r4bksdjndg6zbqv</sha1>
</revision>
