<page>
<title>cabalará</title>
<ns>0</ns>
<id>187353</id>
<revision>
<id>2311285</id>
<parentid>2013643</parentid>
<timestamp>2017-04-30T00:24:34Z</timestamp>
<contributor>
<username>HydrizBot</username>
<id>29590</id>
</contributor>
<minor />
<comment>Robô: A limpar links interwikis antigos</comment>
<model>wikitext</model>
<format>text/x-wiki</format>
<text bytes="184" xml:space="preserve">={{-pt-}}=
==Forma verbal==
{{oxítona|ca|ba|la|rá}}
#[[terceira pessoa]] do [[singular]] do [[futuro do presente]] do verbo '''[[cabalar]]'''
[[Categoria:Forma verbal (Português)]]</text>
<sha1>mwd2re101wm27c5dqc69vlilmncbq47</sha1>
</revision>
</page>
