<page>
<title>cabaneiro</title>
<ns>0</ns>
<id>437989</id>
<revision>
<id>2650109</id>
<timestamp>2021-10-11T21:08:58Z</timestamp>
<contributor>
<username>Cpls</username>
<id>20608</id>
</contributor>
<comment>[[Ajuda:Guia de edição/Menus e ferramentas/Sumário de edição|→]] nova página: ={{-pt-}}= ==Substantivo== {{flex.gl|ms=cabaneiro|mp=cabaneiros|fs=cabaneira|fp=cabaneiras}} {{paroxítona|ca|ba|nei|ro}} # pessoa que mora em uma [[cabana]] # pessoa [[pobre]] que mora isolada da sociedade # {{escopo|pt|Alentejo}} [[serviçal]] que cuida dos [[boi]]s no curral # {{escopo|pt|Beira}} pessoa que trabalha na agricultura em troca de um salário diário, [[jornaleiro]] # um tipo de [[cesto]] al...</comment>
<model>wikitext</model>
<format>text/x-wiki</format>
<text bytes="1189" xml:space="preserve">={{-pt-}}=
==Substantivo==
{{flex.gl|ms=cabaneiro|mp=cabaneiros|fs=cabaneira|fp=cabaneiras}}
{{paroxítona|ca|ba|nei|ro}}
# pessoa que mora em uma [[cabana]]
# pessoa [[pobre]] que mora isolada da sociedade
# {{escopo|pt|Alentejo}} [[serviçal]] que cuida dos [[boi]]s no curral
# {{escopo|pt|Beira}} pessoa que trabalha na agricultura em troca de um salário diário, [[jornaleiro]]
# um tipo de [[cesto]] alto e largo feito de [[vime]]s
===Sinônimo===
* De '''5''': [[cabanejo]], [[poceiro]]
=={{etimologia|pt}}==
: {{escopo|Morfologia}} De ''[[cabana]]'' + ''[[-eiro]]''.
==Ligações externas==
* {{Aulete}}
* {{Michaelis}}
* {{DicioAberto}}
* {{DPLP}}
* {{Infopédia}}
* {{PLP}}
* {{VOLPABL}}
[[Categoria:Substantivo (Português)]]
={{-gl-}}=
==Substantivo==
{{flex.gl|ms=cabaneiro|mp=cabaneiros|fs=cabaneira|fp=cabaneiras}}
{{paroxítona|ca|ba|nei|ro|lang=gl}}
# [[cabaneiro#{{pt}}|cabaneiro]], pessoa que mora em uma [[cabana]]
# pessoa [[proprietário|proprietária]] de uma cabana
===Sinónimo===
* [[cabanês#{{gl}}|cabanês]]
=={{etimologia|gl}}==
: {{escopo|Morfologia}} De ''[[cabana#{{gl}}|cabana]]'' + ''[[-eiro#{{gl}}|-eiro]]''.
[[Categoria:Substantivo (Galego)]]</text>
<sha1>jo6l5lvrbqw25ezah4wca88tyu0b1tu</sha1>
</revision>
</page>
