<page>
<page>
<title>cabalarei</title>
<ns>0</ns>
<id>184416</id>
<revision>
<id>2311275</id>
<parentid>1125302</parentid>
<timestamp>2017-04-30T00:24:16Z</timestamp>
<contributor>
<username>HydrizBot</username>
<id>29590</id>
</contributor>
<minor />
<comment>Robô: A limpar links interwikis antigos</comment>
<model>wikitext</model>
<format>text/x-wiki</format>
<text bytes="174" xml:space="preserve">={{-pt-}}=
==Forma verbal==
'''cabalarei'''
#[[primeira pessoa]] do [[singular]] do [[futuro do presente]] do verbo '''[[cabalar]]'''
[[Categoria:Forma verbal (Português)]]</text>
<sha1>i0pmgb4f6fce67vw6n7qitdckhv38zj</sha1>
</revision>
