<page>
<page>
<title>cabano</title>
<ns>0</ns>
<id>34266</id>
<revision>
<id>1475504</id>
<parentid>1182748</parentid>
<timestamp>2012-10-12T15:28:59Z</timestamp>
<contributor>
<username>ValJor</username>
<id>1358</id>
</contributor>
<comment>Não gosto de fugir do padrão do LE, mas nesse caso não vejo saída...</comment>
<model>wikitext</model>
<format>text/x-wiki</format>
<text bytes="1320" xml:space="preserve">={{-pt-}}=
==cabano&lt;sup&gt;1&lt;/sup&gt;==
===Adjetivo===
{{flex.pt|ms=cabano|mp=cabanos|fs=cabana|fp=cabanas}}
{{paroxítona|ca|ba|no}}
# diz-se de [[bovino]] cujos chifres são abertos e horizontais ou ligeiramente voltados para baixo
#* ''gado '''cabano'''''
# {{escopo|Derivação: por metonímia}} diz-se de [[animal]], especialmente [[equino]], que tem orelhas pendentes
# diz-se de montaria (''animal que se monta'') vagarosa porém resistente
# {{escopo|Regionalismo: Rio Grande do Sul}} diz-se de [[cavalo]] ou [[burro]] que tem uma das orelhas caída
# {{escopo|Derivação: por analogia}} diz-se de [[chapéu]] de palha de abas largas e caídas 
===Substantivo===
{{flex.pt|ms=cabano|mp=cabanos}}
{{paroxítona|ca|ba|no}}, ''masculino''
# {{escopo|Derivação: por analogia}} [[chapéu]] de palha de abas largas e caídas
==cabano&lt;sup&gt;2&lt;/sup&gt;==
===Substantivo===
{{paroxítona|ca|ba|no}}, ''masculino''
# nome dado a [[partidário]]s ou simplesmente a facções políticas do Norte e do Nordeste à época imediatamente anterior às regências e durante estas (1831-1840), e ligadas às revoltas da [[cabanada]] e da [[cabanagem]]
==cabano&lt;sup&gt;3&lt;/sup&gt;==
===Substantivo===
{{paroxítona|ca|ba|no}}, ''masculino''
# o mesmo que [[cabaneiro]]
[[Categoria:Adjetivo (Português)]]
[[Categoria:Substantivo (Português)]]</text>
<sha1>e1p2ospx01nhsaairqpx3r95y8al7ew</sha1>
</revision>
