<page>
<title>cabalando</title>
<ns>0</ns>
<id>156793</id>
<revision>
<id>2311268</id>
<parentid>2013650</parentid>
<timestamp>2017-04-30T00:23:53Z</timestamp>
<contributor>
<username>HydrizBot</username>
<id>29590</id>
</contributor>
<minor />
<comment>Robô: A limpar links interwikis antigos</comment>
<model>wikitext</model>
<format>text/x-wiki</format>
<text bytes="139" xml:space="preserve">={{-pt-}}=
==Forma verbal==
{{paroxítona|ca|ba|lan|do}}
#[[gerúndio]] do verbo '''[[cabalar]]'''
[[Categoria:Forma verbal (Português)]]</text>
<sha1>et8umbm9elmv5rfvoer8bv7sbqm54j3</sha1>
</revision>
</page>
