<page>
<title>cabalaríeis</title>
<ns>0</ns>
<id>195448</id>
<revision>
<id>2311289</id>
<parentid>2029993</parentid>
<timestamp>2017-04-30T00:24:40Z</timestamp>
<contributor>
<username>HydrizBot</username>
<id>29590</id>
</contributor>
<minor />
<comment>Robô: A limpar links interwikis antigos</comment>
<model>wikitext</model>
<format>text/x-wiki</format>
<text bytes="198" xml:space="preserve">={{-pt-}}=
==Forma verbal==
{{paroxítona|ca|ba|la|rí|eis}}
# segunda pessoa do plural do futuro do pretérito do verbo [[cabalar]]
{{avi-for-fle|cabalar}}
[[Categoria:Forma verbal (Português)]]</text>
<sha1>3dj97xn968d2jmlxmxcqgk5tpwfn052</sha1>
</revision>
</page>
