<page>
<page>
<title>cabalei</title>
<ns>0</ns>
<id>171361</id>
<revision>
<id>2311300</id>
<parentid>1125326</parentid>
<timestamp>2017-04-30T00:25:00Z</timestamp>
<contributor>
<username>HydrizBot</username>
<id>29590</id>
</contributor>
<minor />
<comment>Robô: A limpar links interwikis antigos</comment>
<model>wikitext</model>
<format>text/x-wiki</format>
<text bytes="195" xml:space="preserve">={{-pt-}}=
==Forma verbal==
'''cabalei'''
#[[primeira pessoa]] do [[singular]] do [[pretérito perfeito]] do [[modo indicativo]] do verbo '''[[cabalar]]'''
[[Categoria:Forma verbal (Português)]]</text>
<sha1>9vnel5gn6ajt0zvv4i5abxhuc0h7nib</sha1>
</revision>
