<page>
<page>
<title>cabaças</title>
<ns>0</ns>
<id>419606</id>
<revision>
<id>2627830</id>
<parentid>2573292</parentid>
<timestamp>2021-03-29T09:34:12Z</timestamp>
<contributor>
<username>Cpls</username>
<id>20608</id>
</contributor>
<model>wikitext</model>
<format>text/x-wiki</format>
<text bytes="502" xml:space="preserve">={{-gl-}}=
==Substantivo==
{{flex.gl|fs=-|fp=cabaças}}
{{paroxítona|ca|ba|ças|lang=gl}}, {{g|fp|lang=gl}}
# {{escopo|gl|Planta}} [[nigela]] (''[[species:Agrostemma githago|Agrostemma githago]]'')
===Sinónimos===
* [[nigela#{{gl}}|nigela]], [[nigela-dos-trigos#{{gl}}|nigela-dos-trigos]], [[mourilhão#{{gl}}|mourilhão]], [[murilhão#{{gl}}|murilhão]]
=={{etimologia|gl}}==
: Do plural de ''[[cabaça#{{gl}}|cabaça]]''.
[[Categoria:Substantivo (Galego)]]
[[Categoria:Pluralia tantum (Galego)]]</text>
<sha1>1qh7yrr0dyae2fb93ya95dwqpukjddn</sha1>
</revision>
