<page>
<page>
<title>cabacinho</title>
<ns>0</ns>
<id>426955</id>
<revision>
<id>2598044</id>
<timestamp>2020-10-07T10:03:04Z</timestamp>
<contributor>
<username>Cpls</username>
<id>20608</id>
</contributor>
<comment>[[Ajuda:Guia de edição/Menus e ferramentas/Sumário de edição|→]] nova página: ={{-gl-}}= ==Substantivo== {{flex.gl|ms=cabacinho|mp=cabacinhos}} {{paroxítona|ca|ba|ci|nho|lang=gl}}, {{g|m...</comment>
<model>wikitext</model>
<format>text/x-wiki</format>
<text bytes="883" xml:space="preserve">={{-gl-}}=
==Substantivo==
{{flex.gl|ms=cabacinho|mp=cabacinhos}}
{{paroxítona|ca|ba|ci|nho|lang=gl}}, {{g|m|lang=gl}}
# {{escopo|gl|Botânica|Agricultura}} [[abobrinha]], ''[[species:Cucurbita pepo|Cucurbita pepo]]'' de fruto alongado que costuma ser consumido em verde
# {{escopo|gl|Ave}} [[mergulhão-pequeno#{{pt}}|mergulhão-pequeno]], (''[[species:Tachybaptus ruficollis|Tachybaptus ruficollis]]'')
===Sinónimos===
* De '''1''': [[cabacinha#{{gl}}|cabacinha]]
* De '''2''': Vide em [[somorgulho-pequeno#{{gl}}|somorogulho-pequeno]]
=={{etimologia|gl}}==
: {{escopo|Morfologia}} De ''[[cabaça#{{gl}}|cabaça]]'' ou ''[[cabaço#{{gl}}|cabaço]]'' + ''[[-inho#{{gl}}|-inho]]''.
==Referência==
* [https://www.academia.edu/7570169/Os_nomes_galegos_das_aves CERRADELO, Silverio. Os nomes galegos das aves. Ourense: Edición do autor, 2015.]
[[Categoria:Substantivo (Galego)]]</text>
<sha1>gkhqzt788u50e04k1w596jqductfnd0</sha1>
</revision>
