<page>
<title>cabalámos</title>
<ns>0</ns>
<id>166747</id>
<revision>
<id>2311315</id>
<parentid>2030014</parentid>
<timestamp>2017-04-30T00:25:40Z</timestamp>
<contributor>
<username>HydrizBot</username>
<id>29590</id>
</contributor>
<minor />
<comment>Robô: A limpar links interwikis antigos</comment>
<model>wikitext</model>
<format>text/x-wiki</format>
<text bytes="214" xml:space="preserve">={{-pt-}}=
==Forma verbal==
{{paroxítona|ca|ba|lá|mos}}
# primeira pessoa do plural do pretérito perfeito do modo indicativo do verbo [[cabalar]]
{{avi-for-fle|cabalar}}
[[Categoria:Forma verbal (Português)]]</text>
<sha1>08f347jnk2crseimggvxoua9uq5t5j0</sha1>
</revision>
</page>
