<page>
<page>
<title>cabação</title>
<ns>0</ns>
<id>85772</id>
<revision>
<id>2668454</id>
<parentid>2668452</parentid>
<timestamp>2022-03-26T19:59:33Z</timestamp>
<contributor>
<username>Cpls</username>
<id>20608</id>
</contributor>
<comment>/* {{etimologia|gl}} */</comment>
<model>wikitext</model>
<format>text/x-wiki</format>
<text bytes="1100" xml:space="preserve">{{ver também|cabeção|gabação|cagação|caiação|capação}}
={{-pt-}}=
==Substantivo==
{{flex.pt|ms=cabação|mp=cabações}}
{{oxítona|ca|ba|ção}}, {{gramática|m}}
# {{escopo|pt|Regionalismo|Ribatejo}} [[pimento]] [[grande]]
=={{etimologia|pt}}==
: {{escopo|Morfologia}} De ''[[cabaça]]'' + ''[[-ão]]''.
[[Categoria:Substantivo (Português)]]
[[Categoria:Botânica (Português)]]
={{-gl-}}=
{{ga-in}}
==Substantivo&lt;sup&gt;1&lt;/sup&gt;==
{{flex.gl|ms=cabação|mp=cabações}}
{{oxítona|ca|ba|ção|lang=gl}}, {{gramática|m}}
# [[abóbora]] grande
==={{etimologia|gl}}===
: {{escopo|Morfologia}} De ''[[cabaça#{{gl}}|cabaça]]'' ou ''[[cabaço#{{gl}}|cabaço]]'' + ''[[-ão#{{gl}}|-ão]]''.
==Substantivo&lt;sup&gt;2&lt;/sup&gt;==
{{flex.gl|fs=cabação|fp=cabações}}
{{oxítona|ca|ba|ção|lang=gl}}, {{gramática|f}}
# [[terminação]], [[acabamento]]
==={{etimologia|gl}}===
: Do apócope de ''[[acabação#{{gl}}|acabação]]''.
=={{pronúncia|gl}}==
* AFI: {{AFI|/ka.ba.'soŋ/}}, {{AFI|/ka.ba.'sioŋ/}}, {{AFI|/ka.ba.'θoŋ/}} ou {{AFI|/ka.ba.'θioŋ/}}
[[Categoria:Substantivo (Galego)]]</text>
<sha1>kkewsuz2owr4mryc5646ihpj83ftkb2</sha1>
</revision>
