<page>
<title>Cabaceiras</title>
<ns>0</ns>
<id>145247</id>
<revision>
<id>2266297</id>
<parentid>1198298</parentid>
<timestamp>2017-04-26T15:22:40Z</timestamp>
<contributor>
<username>HydrizBot</username>
<id>29590</id>
</contributor>
<minor />
<comment>Robô: A limpar links interwikis antigos</comment>
<model>wikitext</model>
<format>text/x-wiki</format>
<text bytes="253" xml:space="preserve">={{-pt-}}=
{{Wikipédia}}
==Substantivo==
'''Cabaceiras''' {{pr}}
#[[município]] [[brasileiro]] do [[estado]] da [[Paraíba]]
==Ver também==
*[[Apêndice:Municípios do estado da Paraíba]]
[[Categoria:Município do estado da Paraíba (Português)]]</text>
<sha1>qbek90iheikaxd9urhmojsrfj6ct82a</sha1>
</revision>
</page>
