<page>
<title>cabaleis</title>
<ns>0</ns>
<id>218139</id>
<revision>
<id>2311301</id>
<parentid>1125327</parentid>
<timestamp>2017-04-30T00:25:02Z</timestamp>
<contributor>
<username>HydrizBot</username>
<id>29590</id>
</contributor>
<minor />
<comment>Robô: A limpar links interwikis antigos</comment>
<model>wikitext</model>
<format>text/x-wiki</format>
<text bytes="275" xml:space="preserve">={{-pt-}}=
==Forma verbal==
'''cabaleis'''
#[[segunda pessoa]] do [[plural]] do [[presente]] do [[modo subjuntivo]] do verbo '''[[cabalar]]'''
#[[segunda pessoa]] do [[plural]] do [[imperativo]] [[negativo]] do verbo '''[[cabalar]]'''
[[Categoria:Forma verbal (Português)]]</text>
<sha1>k0zfzco3xxwxco9gpo11b5mw4s9c1ao</sha1>
</revision>
</page>
