<page>
<title>cabalarem</title>
<ns>0</ns>
<id>212418</id>
<revision>
<id>2311277</id>
<parentid>1125304</parentid>
<timestamp>2017-04-30T00:24:20Z</timestamp>
<contributor>
<username>HydrizBot</username>
<id>29590</id>
</contributor>
<minor />
<comment>Robô: A limpar links interwikis antigos</comment>
<model>wikitext</model>
<format>text/x-wiki</format>
<text bytes="271" xml:space="preserve">={{-pt-}}=
==Forma verbal==
'''cabalarem'''
#[[terceira pessoa]] do [[plural]] do [[futuro]] do [[modo subjuntivo]] do verbo '''[[cabalar]]'''
#[[infinitivo pessoal]] da [[terceira pessoa]] do [[plural]] do verbo '''[[cabalar]]'''
[[Categoria:Forma verbal (Português)]]</text>
<sha1>ajsja9i71c9kjmwe1k9mopmu73540wo</sha1>
</revision>
</page>
