<page>
<page>
<title>cabalasses</title>
<ns>0</ns>
<id>198099</id>
<revision>
<id>2311293</id>
<parentid>2117453</parentid>
<timestamp>2017-04-30T00:24:47Z</timestamp>
<contributor>
<username>HydrizBot</username>
<id>29590</id>
</contributor>
<minor />
<comment>Robô: A limpar links interwikis antigos</comment>
<model>wikitext</model>
<format>text/x-wiki</format>
<text bytes="246" xml:space="preserve">={{-pt-}}=
==Forma verbal==
{{paroxítona|ca|ba|las|ses}}
# segunda pessoa do singular do pretérito imperfeito do modo {{PEPB|inline=1|conjuntivo|subjuntivo}} do verbo [[cabalar]]
{{avi-for-fle|cabalar}}
[[Categoria:Forma verbal (Português)]]</text>
<sha1>casbwlv95ix6qw3jzq0ohhj4ek82kjt</sha1>
</revision>
