<page>
<title>cabas</title>
<ns>0</ns>
<id>390476</id>
<revision>
<id>2476577</id>
<timestamp>2018-01-11T19:10:21Z</timestamp>
<contributor>
<username>Imivorn</username>
<id>64513</id>
</contributor>
<comment>[[Ajuda:Guia de edição/Menus e ferramentas/Sumário de edição|→]] nova página: ={{-mwl-}}= ==Forma verbal== {{paroxítona|ca|bas|língua=mwl}} # [[segunda pessoa]] do [[singular]] no pre...</comment>
<model>wikitext</model>
<format>text/x-wiki</format>
<text bytes="224" xml:space="preserve">={{-mwl-}}=
==Forma verbal==
{{paroxítona|ca|bas|língua=mwl}}
# [[segunda pessoa]] do [[singular]] no [[presente]] do [[conjuntivo]] de [[caber#{{mwl}}|caber]]
{{avi-for-fle|caber}}
[[Categoria:Forma verbal (Mirandês)]]</text>
<sha1>sy9pyhq961sm2q8my5ur8ui620f38yq</sha1>
</revision>
</page>
