<page>
<title>cabalarão</title>
<ns>0</ns>
<id>191494</id>
<revision>
<id>2311287</id>
<parentid>2029989</parentid>
<timestamp>2017-04-30T00:24:38Z</timestamp>
<contributor>
<username>HydrizBot</username>
<id>29590</id>
</contributor>
<minor />
<comment>Robô: A limpar links interwikis antigos</comment>
<model>wikitext</model>
<format>text/x-wiki</format>
<text bytes="191" xml:space="preserve">={{-pt-}}=
==Forma verbal==
{{oxítona|ca|ba|la|rão}}
# terceira pessoa do plural do futuro do presente do verbo [[cabalar]]
{{avi-for-fle|cabalar}}
[[Categoria:Forma verbal (Português)]]</text>
<sha1>9vwi3tispiny7rrsw8m81fsc0sylhjk</sha1>
</revision>
</page>
