<page>
<title>cabdriver</title>
<ns>0</ns>
<id>383862</id>
<revision>
<id>2451405</id>
<parentid>2451401</parentid>
<timestamp>2017-09-21T06:14:43Z</timestamp>
<contributor>
<username>Askekamo</username>
<id>60711</id>
</contributor>
<model>wikitext</model>
<format>text/x-wiki</format>
<text bytes="308" xml:space="preserve">={{-en-}}=
==Substantivo==
{{flex.en|s=cabdriver|p=cabdrivers}}
'''cabdriver'''
# {{escopo|en|Profissão}} [[motorista de táxi]], [[taxista]]
===Sinônimos===
De '''1''':
{{verTambém.Ini}}
* [[cab driver]]
{{verTambém.NovaColuna}}
* [[taxi driver]]
{{verTambém.Fim}}
[[Categoria:Substantivo (Inglês)]]</text>
<sha1>d66zemt3jj8q0z8s9idguy4s8g3lkkv</sha1>
</revision>
</page>
