<page>
<title>caberdes</title>
<ns>0</ns>
<id>390500</id>
<revision>
<id>2476604</id>
<timestamp>2018-01-11T20:07:00Z</timestamp>
<contributor>
<username>Imivorn</username>
<id>64513</id>
</contributor>
<comment>[[Ajuda:Guia de edição/Menus e ferramentas/Sumário de edição|→]] nova página: ={{-mwl-}}= ==Forma verbal== {{paroxítona|ca|ber|des|língua=mwl}} # [[segunda pessoa]] do [[plural]] no i...</comment>
<model>wikitext</model>
<format>text/x-wiki</format>
<text bytes="218" xml:space="preserve">={{-mwl-}}=
==Forma verbal==
{{paroxítona|ca|ber|des|língua=mwl}}
# [[segunda pessoa]] do [[plural]] no [[infinitivo pessoal]] de [[caber#{{mwl}}|caber]]
{{avi-for-fle|caber}}
[[Categoria:Forma verbal (Mirandês)]]</text>
<sha1>rddlaystxyoo02o7w6e8qfrw3c37ruc</sha1>
</revision>
</page>
