<page>
<title>caberan</title>
<ns>0</ns>
<id>390469</id>
<revision>
<id>2476566</id>
<timestamp>2018-01-11T19:02:25Z</timestamp>
<contributor>
<username>Imivorn</username>
<id>64513</id>
</contributor>
<comment>[[Ajuda:Guia de edição/Menus e ferramentas/Sumário de edição|→]] nova página: ={{-mwl-}}= ==Forma verbal== {{oxítona|ca|be|ran|língua=mwl}} # [[terceira pessoa]] do [[plural]] no futu...</comment>
<model>wikitext</model>
<format>text/x-wiki</format>
<text bytes="221" xml:space="preserve">={{-mwl-}}=
==Forma verbal==
{{oxítona|ca|be|ran|língua=mwl}}
# [[terceira pessoa]] do [[plural]] no [[futuro]] do [[indicativo]] de [[caber#{{mwl}}|caber]]
{{avi-for-fle|caber}}
[[Categoria:Forma verbal (Mirandês)]]</text>
<sha1>r1hsbpckmos8h89w5frj2kyse7m3xo4</sha1>
</revision>
</page>
