<page>
<title>cabemos</title>
<ns>0</ns>
<id>390446</id>
<revision>
<id>2476540</id>
<timestamp>2018-01-11T18:43:43Z</timestamp>
<contributor>
<username>Imivorn</username>
<id>64513</id>
</contributor>
<comment>[[Ajuda:Guia de edição/Menus e ferramentas/Sumário de edição|→]] nova página: ={{-mwl-}}= ==Forma verbal== {{paroxítona|ca|be|mos|língua=mwl}} # [[primeira pessoa]] do [[plural]] no p...</comment>
<model>wikitext</model>
<format>text/x-wiki</format>
<text bytes="228" xml:space="preserve">={{-mwl-}}=
==Forma verbal==
{{paroxítona|ca|be|mos|língua=mwl}}
# [[primeira pessoa]] do [[plural]] no [[presente]] do [[indicativo]] de [[caber#Mirandês|caber]]
{{avi-for-fle|caber}}
[[Categoria:Forma verbal (Mirandês)]]</text>
<sha1>ksnwyeqxyloxkq3gd1h8a6rwzjvvp4q</sha1>
</revision>
</page>
