<page>
<page>
<title>cabeçolha</title>
<ns>0</ns>
<id>436543</id>
<revision>
<id>2645084</id>
<timestamp>2021-08-11T20:15:19Z</timestamp>
<contributor>
<username>Cpls</username>
<id>20608</id>
</contributor>
<comment>[[Ajuda:Guia de edição/Menus e ferramentas/Sumário de edição|→]] nova página: ={{-gl-}}= {{ga-in}} ==Substantivo== {{flex.gl|fs=cabeçolha|mp=cabeçolhas}} {{paroxítona|ca|be|ço|lha|lang=gl}}, {{g|f}} # [[cabeçalha]] do carro de vacas  ===Sinónimos=== * Vide em: [[pinalha#{{gl}}|pinalha]]  =={{etimologia|gl}}== : Da mesma origem que ''[[cabeçalha#{{gl}}|cabeçalha]]'' ou ''[[cabeçoalha#{{gl}}|cabeçoalha]]''.  [[Categoria:Substantivo (Galego)]]</comment>
<model>wikitext</model>
<format>text/x-wiki</format>
<text bytes="376" xml:space="preserve">={{-gl-}}=
{{ga-in}}
==Substantivo==
{{flex.gl|fs=cabeçolha|mp=cabeçolhas}}
{{paroxítona|ca|be|ço|lha|lang=gl}}, {{g|f}}
# [[cabeçalha]] do carro de vacas
===Sinónimos===
* Vide em: [[pinalha#{{gl}}|pinalha]]
=={{etimologia|gl}}==
: Da mesma origem que ''[[cabeçalha#{{gl}}|cabeçalha]]'' ou ''[[cabeçoalha#{{gl}}|cabeçoalha]]''.
[[Categoria:Substantivo (Galego)]]</text>
<sha1>nprpjtlranof4y6ts4yp5d3jjhiwntt</sha1>
</revision>
