<page>
<title>caberei</title>
<ns>0</ns>
<id>390464</id>
<revision>
<id>2476561</id>
<timestamp>2018-01-11T19:01:23Z</timestamp>
<contributor>
<username>Imivorn</username>
<id>64513</id>
</contributor>
<comment>[[Ajuda:Guia de edição/Menus e ferramentas/Sumário de edição|→]] nova página: ={{-mwl-}}= ==Forma verbal== {{oxítona|ca|be|rei|língua=mwl}} # [[primeira pessoa]] do [[singular]] no fu...</comment>
<model>wikitext</model>
<format>text/x-wiki</format>
<text bytes="223" xml:space="preserve">={{-mwl-}}=
==Forma verbal==
{{oxítona|ca|be|rei|língua=mwl}}
# [[primeira pessoa]] do [[singular]] no [[futuro]] do [[indicativo]] de [[caber#{{mwl}}|caber]]
{{avi-for-fle|caber}}
[[Categoria:Forma verbal (Mirandês)]]</text>
<sha1>1eg9be1tjs1b6ayph88gadmhdapxog2</sha1>
</revision>
</page>
