<page>
<page>
<title>cabeces</title>
<ns>0</ns>
<id>332227</id>
<revision>
<id>2311335</id>
<parentid>1962741</parentid>
<timestamp>2017-04-30T00:26:31Z</timestamp>
<contributor>
<username>HydrizBot</username>
<id>29590</id>
</contributor>
<minor />
<comment>Robô: A limpar links interwikis antigos</comment>
<model>wikitext</model>
<format>text/x-wiki</format>
<text bytes="144" xml:space="preserve">={{-ast-}}=
== Forma de substantivo ==
{{paroxítona|lang=ast|ca|be|ces}}
# plural de [[cabeza]]
[[Categoria: Forma de substantivo (Asturiano)]]</text>
<sha1>l2b243hbhr1ni0x5f9gmcvk0500x8a1</sha1>
</revision>
