<page>
<title>cabeçorra</title>
<ns>0</ns>
<id>336981</id>
<revision>
<id>2057190</id>
<parentid>1899491</parentid>
<timestamp>2016-01-19T21:07:48Z</timestamp>
<contributor>
<username>ValJor</username>
<id>1358</id>
</contributor>
<comment>Melhorando a apresentação do verbete</comment>
<model>wikitext</model>
<format>text/x-wiki</format>
<text bytes="180" xml:space="preserve">={{-pt-}}=
==Substantivo==
{{flex.pt|fs=cabeçorra|fp=cabeçorras}}
{{paroxítona|ca|be|çor|ra}}, {{f}}
# [[cabeça]] [[grande]], cabeção
[[Categoria:Substantivo (Português)]]</text>
<sha1>qj7xm7djdsrgmtboo7jx41llq9mr8sn</sha1>
</revision>
</page>
