<page>
<title>caberiemos</title>
<ns>0</ns>
<id>390472</id>
<revision>
<id>2476569</id>
<timestamp>2018-01-11T19:04:26Z</timestamp>
<contributor>
<username>Imivorn</username>
<id>64513</id>
</contributor>
<comment>[[Ajuda:Guia de edição/Menus e ferramentas/Sumário de edição|→]] nova página: ={{-mwl-}}= ==Forma verbal== {{paroxítona|ca|be|rie|mos|língua=mwl}} # [[primeira pessoa]] do [[plural]] no...</comment>
<model>wikitext</model>
<format>text/x-wiki</format>
<text bytes="233" xml:space="preserve">={{-mwl-}}=
==Forma verbal==
{{paroxítona|ca|be|rie|mos|língua=mwl}}
# [[primeira pessoa]] do [[plural]] no [[condicional]] do [[indicativo]] de [[caber#{{mwl}}|caber]]
{{avi-for-fle|caber}}
[[Categoria:Forma verbal (Mirandês)]]</text>
<sha1>qbc1bbykmn05hrlao46237j6jd0anhd</sha1>
</revision>
</page>
