<page>
<page>
<title>cabeçolo</title>
<ns>0</ns>
<id>436539</id>
<revision>
<id>2645078</id>
<timestamp>2021-08-11T20:00:19Z</timestamp>
<contributor>
<username>Cpls</username>
<id>20608</id>
</contributor>
<comment>[[Ajuda:Guia de edição/Menus e ferramentas/Sumário de edição|→]] nova página: ={{-gl-}}= {{ga-in}} ==Substantivo== {{flex.gl|ms=cabeçolo|mp=cabeçolos}} {{paroxítona|ca|be|ço|lo|lang=gl}}, {{g|m|lang=gl}} # {{escopo|gl|Anfíbio}} [[girino]]  ===Sinónimos=== * [[cabeçote#{{gl}}|cabeçote]], [[cagache#{{gl}}|cagache]], [[cagacho#{{gl}}|cagacho]], [[cágado#{{gl}}|cágado]], [[cágaro#{{gl}}|cágaro]], [[cagofe#{{gl}}|cagofe]], [[calabaçote#{{gl}}|calabaçote]], cócaro#{{gl}}|...</comment>
<model>wikitext</model>
<format>text/x-wiki</format>
<text bytes="928" xml:space="preserve">={{-gl-}}=
{{ga-in}}
==Substantivo==
{{flex.gl|ms=cabeçolo|mp=cabeçolos}}
{{paroxítona|ca|be|ço|lo|lang=gl}}, {{g|m|lang=gl}}
# {{escopo|gl|Anfíbio}} [[girino]]
===Sinónimos===
* [[cabeçote#{{gl}}|cabeçote]], [[cagache#{{gl}}|cagache]], [[cagacho#{{gl}}|cagacho]], [[cágado#{{gl}}|cágado]], [[cágaro#{{gl}}|cágaro]], [[cagofe#{{gl}}|cagofe]], [[calabaçote#{{gl}}|calabaçote]], [[cócaro#{{gl}}|cócaro]], [[colharete#{{gl}}|colharete]], [[culharapo#{{gl}}|culharapo]], [[culharete#{{gl}}|culharete]], [[culhareto#{{gl}}|culhareto]], [[culher#{{gl}}|culher]], [[culher-de-ferro#{{gl}}|culher-de-ferro]], [[pincha-carneiro#{{gl}}|pincha-carneiro]], [[rabo-de-culher#{{gl}}|rabo-de-culher]], [[sapeta#{{gl}}|sapeta]]
=={{etimologia|gl}}==
: {{escopo|Morfologia}} De ''[[cabeça#{{gl}}|cabeça]]'' + ''[[-olo#{{gl}}|-olo]]''. Confronte-se com ''[[cabeçolas#{{gl}}|cabeçolas]]''.
[[Categoria:Substantivo (Galego)]]</text>
<sha1>9lh79rcwy4ts04r1vkl9qiulsrlgmmt</sha1>
</revision>
