<page>
<title>cabeçoiro</title>
<ns>0</ns>
<id>401375</id>
<revision>
<id>2522036</id>
<timestamp>2018-10-11T10:59:50Z</timestamp>
<contributor>
<username>Cpls</username>
<id>20608</id>
</contributor>
<comment>[[Ajuda:Guia de edição/Menus e ferramentas/Sumário de edição|→]] nova página: ={{-gl-}}= ==Substantivo== {{flex.gl|ms=cabeçoiro|mp=cabeçoiros}} {{paroxítona|ca|be|çoi|ro|lang=gl}}, {{...</comment>
<model>wikitext</model>
<format>text/x-wiki</format>
<text bytes="397" xml:space="preserve">={{-gl-}}=
==Substantivo==
{{flex.gl|ms=cabeçoiro|mp=cabeçoiros}}
{{paroxítona|ca|be|çoi|ro|lang=gl}}, {{g|m|lang=gl}}
# [[cabeçada]], correias que cingem a cabeça de uma [[cavalgadura]]
===Sinónimo===
* Vide em [[cabeçote#{{gl}}|cabeçote]]
=={{etimologia|gl}}==
: {{escopo|Morfologia}} De ''[[cabeça#{{gl}}|cabeça]]'' + ''[[-oiro#{{gl}}|-oiro]]''.
[[Categoria:Substantivo (Galego)]]</text>
<sha1>rt350tcm6p7qu16n7nyamecmvr7ws4s</sha1>
</revision>
</page>
