<page>
<title>cabeceiro</title>
<ns>0</ns>
<id>399172</id>
<revision>
<id>2521979</id>
<parentid>2516011</parentid>
<timestamp>2018-10-11T09:57:25Z</timestamp>
<contributor>
<username>Cpls</username>
<id>20608</id>
</contributor>
<comment>/* {{-gl-}} */</comment>
<model>wikitext</model>
<format>text/x-wiki</format>
<text bytes="1254" xml:space="preserve">={{-pt-}}=
==Substantivo==
{{flex.pt|ms=cabeceiro|mp=cabeceiros}}
{{paroxítona|ca|be|cei|ro}}, {{g|m}}
# parte do extremo de um terreno de agrícola
=={{etimologia|pt}}==
: {{escopo|Morfologia}} De ''[[cabeça]]'' + ''[[-eiro]]''.
[[Categoria:Substantivo (Português)]]
={{-gl-}}=
==Substantivo&lt;sup&gt;1&lt;/sup&gt;==
{{flex.gl|ms=cabeceiro|mp=cabeceiros}}
{{paroxítona|ca|be|cei|ro|lang=gl}}, {{g|m|lang=gl}}
# [[cabeceiro#{{pt}}|cabeceiro]], parte {{o/a|extrem}} de um terreno de agrícola; parte que fica sem lavrar, por não chegar o arado ou parte que é arada transversalmente
# extremo da [[rede]] de pesca
# [[cabeçada]], correias que cingem a cabeça de um animal
# [[travesseiro]] de cama
# [[chefe]] de uma casa
# [[executor]] testamentário
===Sinónimo===
* De '''1''': [[cadabulho#{{gl}}|cadabulho]]
* De '''3''': [[cabeçoiro#{{gl}}|cabeçoiro]]
==={{etimologia|pt}}===
: {{escopo|Morfologia}} De ''[[cabeça#{{gl}}|cabeça]]'' + ''[[-eiro#{{gl}}|-eiro]]''.
==Substantivo&lt;sup&gt;2&lt;/sup&gt;==
{{flex.gl|ms=cabeceiro|mp=cabeceiros}}
{{paroxítona|ca|be|cei|ro|lang=gl}}, {{g|m|lang=gl}}
# [[espigueiro]] simples
==={{etimologia|pt}}===
: {{escopo|Morfologia}} Variação de ''[[cabaceiro#{{gl}}|cabaceiro]]''.
[[Categoria:Substantivo (Galego)]]</text>
<sha1>dtre5wz0oflcleij6y9rq0825e6y0cm</sha1>
</revision>
</page>
