<page>
<title>cabelo</title>
<ns>0</ns>
<id>6567</id>
<revision>
<id>2620366</id>
<parentid>2597224</parentid>
<timestamp>2021-02-01T21:25:09Z</timestamp>
<contributor>
<username>MarxavBot</username>
<id>80155</id>
</contributor>
<minor />
<comment>AFI Portugal</comment>
<model>wikitext</model>
<format>text/x-wiki</format>
<text bytes="5357" xml:space="preserve">{{Wikipédia}}
[[Imagem:Pierre-Auguste Renoir 072.jpg|thumb|right|250px|&lt;center&gt;Jovem penteando o cabelo, num quadro de Renoir&lt;/center&gt;]]
={{-pt-}}=
==Substantivo==
{{flex.pt|ms=cabelo|mp=cabelos}}
{{paroxítona|ca|be|lo}}, {{gramática|m}}
# [[pelo]]s que [[crescer|crescem]] na [[cabeça]] do ser [[humano]]
# pelo [[comprido]] em alguns [[animal|animais]]
# [[mola]] de [[aço]] que regula o movimento dos [[relógio]]s de [[pulso]] ou de [[bolso]]
===Expressões===
* '''[[cabelo bom]]''': 
* '''[[cabelo lambido]]''': cabelo muito liso, grudado na cabeça
* '''[[de arrepiar o cabelo]]''': 
* '''[[deitar o cabelo]]''': sair rápido, sem esperar por ninguém
* '''[[em cabelo]]''': descoberto, sem chapéu
* '''[[pelos cabelos]]''': farto de algo
* '''[[ter cabelos no coração]]''': ser cruel, má pessoa
===Tradução===
{{tradini|De 1 (pelos que crescem na cabeça do ser humano)}}
* {{trad|agx|чӏар}}
* {{trad|ay|ñicuta}}
* {{trad|sq|qime floku}}
* {{trad|de|Haar|Kopfhaar}}
* {{trad|ar|شَعْرَة}}
* {{trad|arn|lonco}}
* {{trad|hy|մազ}} (maz)
* {{trad|eu|ile}}
* {{trad|br|blev}}
* {{trad|ca|cabell}}
* {{trad|cs|vlas}}
* {{trad|zh|头发}}
* {{trad|cod|yaquɨtsa}}
* {{trad|ku|mû|pirç|porr}}
* {{trad|da|hår}}
* {{trad|sk|vlas}}
* {{trad|es|cabello|pelo}}
* {{trad|eo|haro|kapharo}}
* {{trad|fi|hius|tukka}}
* {{trad|vls|haar}}
* {{trad|fr|cheveu}}
* {{trad|fur|cjavêl}}
* {{trad|gl|cabelo|cabeleira}}
* {{trad|cy|blewyn}}
* {{trad|el|μαλλιά}}
* {{trad|grc|θρίξ}}
* {{trad|gn|akãrague|áva}}
* {{trad|gu|વાળ}}
* {{trad|he|שיער}}
* {{trad|hi|केश}}
* {{trad|nl|haar}}
* {{trad|hu|hajszál}}
{{tradmeio}}
* {{trad|yo|irun orí}}
* {{trad|en|hair}}
* {{trad|it|capello}}
* {{trad|ja|髪|髪の毛}}
* {{trad|la|capillus}}
* {{trad|lez|чӏар}}
* {{trad|lnf|piolines}}
* {{trad|no|hår}}
* {{trad|mr|केस}}
* {{trad|mwl|pelo}}
* {{trad|fa|مو}}
* {{trad|pl|włos}}
* {{trad|pa|ਕੇਸ}}
* {{trad|qu|chujgcha}}
* {{trad|ro|par}}
* {{trad|ru|волосы}}
* {{trad|rut|чӏар}}
* {{t|sa|केश||kesa}}, {{t+|sa|चिकुर||cikura}}
* {{trad|sro|pilu}}
* {{trad|sr|коса}}
* {{trad|sv|hår}}
* {{trad|tab|чӏар}}
* [[talian|Talian]] : [[cavel]]
* {{trad|tet|fuuk}}
* {{trad|tn|moriri}}
* {{trad|tkr|чӏар}}
* {{trad|tr|saç}}
* {{trad|val|cabéll}}
* {{trad|vec|cavéjo}}
* {{trad|vo|her|herem}} 
{{tradfim}}
=={{etimologia|pt}}==
{{llietimo|la|capillus|pt}}
=={{pronúncia|pt}}==
===Portugal===
* AFI: {{AFI|/kɐ.ˈbe.lu/}}
==Ver também==
===No Wikcionário===
Substantivos:
{{verTambém.Ini}}
* [[agrafe]]
* [[anel]]
* [[arrepio]]
* [[barbeiro]]
* [[bóbi]]
* [[brilhantina]]
* [[cã]]
* [[cabeleira]]
* [[cabeleireiro]]
* [[cacho]]
* [[calva]]
* [[calvície]]
* [[caracol]]
* [[caraminhola]]
* [[careca]]
{{verTambém.NovaColuna}}
* [[cãs]]
* [[casca]]
* [[caspa]]
* [[condicionador]]
* [[coque]]
* [[crista]]
* [[desgrenhamento]]
* [[entrada]]
* [[escova]]
* [[escovação]]
* [[escovadela]]
* [[farripas]]
* [[fixador]]
* [[franja]]
* [[garfo]]
{{verTambém.NovaColuna}}
* [[gel]]
* [[gomalina]]
* [[grenha]]
* [[guedelha]]
* [[hidratação]]
* [[hidratante]]
* [[implante]]
* [[joãozinho]]
* [[juba]]
* [[laquê]]
* [[laqueação]]
* [[lêndea]]
* [[loção]]
* [[madeixa]]
* [[maria-chiquinha]]
{{verTambém.NovaColuna}}
* [[mecha]]
* [[melanina]]
* [[onda]]
* [[ondulação]]
* [[pega-rapaz]]
* [[pente-fino]]
* [[pente]]
* [[penteado]]
* [[permanente]]
* [[peruca]]
* [[pesca-rapazes]]
* [[pixaim]]
* [[presilha]]
* [[rabicho]]
* [[rabo-de-cavalo]]
{{verTambém.NovaColuna}}
* [[raiz]]
* [[rastafári]]
* [[rastafarianismo]]
* [[rinçagem]]
* [[ruivo]]
* [[sarará]]
* [[spray]]
* [[suíças]]
* [[tiara]]
* [[topete]]
* [[touca]]
* [[trança]]
* [[tricologia]]
* [[xampu]]
{{verTambém.Fim}}
Verbos:
{{verTambém.Ini}}
* [[agrisalhar]]-se
* [[alisar]]
* [[anelar]]
* [[aparar]]
* [[arrepelar]]
{{verTambém.NovaColuna}}
* [[arrepiar]]
* [[cachear]]
* [[calvejar]]
* [[descabelar]]
* [[desencaracolar]]
{{verTambém.NovaColuna}}
* [[desgrenhar]]
* [[desguedelhar]]
* [[encanecer]]
* [[encaracolar]]
* [[eriçar]]
{{verTambém.NovaColuna}}
* [[escovar]]
* [[fazer]]
* [[frisar]]
* [[hidratar]]
* [[laquear]]
{{verTambém.NovaColuna}}
* [[ondular]]
* [[oxigenar]]
* [[pentear]]
* [[rinçar]]
* [[trançar]]
{{verTambém.Fim}}
Adjetivos:
{{verTambém.Ini}}
* [[afro]]
* [[alisado]]
* [[anelado]]
* [[anticaspa]]
* [[arrepiado]]
* [[arrepiante]]
{{verTambém.NovaColuna}}
* [[cabeludo]]
* [[cacheado]]
* [[calvo]]
* [[capilar]]
* [[crespo]]
* [[descabelado]]
{{verTambém.NovaColuna}}
* [[desgrenhado]]
* [[desguedelhado]]
* [[eriçado]]
* [[encaracolado]]
* [[encarapinhado]]
* [[escovado]]
{{verTambém.NovaColuna}}
* [[espetado]]
* [[frisado]]
* [[hidratado]]
* [[hirsuto]]
* [[liso]]
{{verTambém.NovaColuna}}
* [[loiro]]
* [[ondulado]]
* [[oxigenado]]
* [[ralo]]
* [[trançado]]
{{verTambém.Fim}}
Expressões:
{{verTambém.Ini}}
* [[couro cabeludo]]
{{verTambém.NovaColuna}}
* [[rabo de cavalo]]
{{verTambém.Fim}}
==Ligações externas==
* {{Aulete}}
* {{Michaelis}}
* {{DicioAberto}}
* {{DPLP}}
* {{Infopédia}}
* {{PLP}}
* {{VOLPABL}}
==Anagramas==
&lt;!-- índice para anagramas: pt: abcelo --&gt;
# [[bacelo]]
# [[bocela]]
# [[cebola]]
[[Categoria:Substantivo (Português)]]
[[Categoria:Anatomia (Português)]]
[[Categoria:Entrada com imagem (Português)]]</text>
<sha1>440uhryuhvmk2m5z645ivx6ar1u4jrl</sha1>
</revision>
</page>
