<page>
<title>cabeiro</title>
<ns>0</ns>
<id>322498</id>
<revision>
<id>2482599</id>
<parentid>2242383</parentid>
<timestamp>2018-02-02T20:19:19Z</timestamp>
<contributor>
<username>Cpls</username>
<id>20608</id>
</contributor>
<comment>/* {{-gl-}} */</comment>
<model>wikitext</model>
<format>text/x-wiki</format>
<text bytes="916" xml:space="preserve">{{ver também|caveiro}}
={{-gl-}}=
==Adjetivo==
{{flex.pt|ms=cabeiro|mp=cabeiros|fs=cabeira|fp=cabeiras}}
{{paroxítona|ca|bei|ro|lang=gl}}
# [[último]], do fim, que está no extremo, [[derradeiro]]
# quem ao começo aparece vigoroso para depois ir [[mermar|mermando]]
==Substantivo==
{{flex.pt|ms=cabeiro|mp=cabeiros}}
{{paroxítona|ca|bei|ro|lang=gl}}, {{g|m|lang=gl}}
# {{escopo|gl|Anatomia}} [[apêndice]] intestinal, [[ceco]]
# {{escopo|gl|Anatomia}} [[dente do siso]]
# {{escopo|gl|Anatomia}} [[colmilho]]
===Sinónimo===
* De '''1''': [[tripa cabeira#{{gl}}|tripa cabeira]]
* De '''2''': [[dente cabeiro#{{gl}}|dente cabeiro]], [[moa cabeira#{{gl}}|moa cabeira]], [[moa do cabo#{{gl}}|moa do cabo]]
=={{etimologia|gl}}==
: {{escopo|Morfologia}} Do galego ''[[cabo#Galego|cabo]]'', &quot;[[extremo]]&quot; + ''[[-eiro#{{gl}}|-eiro]]''.
==Homófono==
* [[caveiro#{{gl}}|caveiro]]
[[Categoria:Substantivo (Galego)]]</text>
<sha1>dcuwfgphcetm3jh392xegh0nfr16riu</sha1>
</revision>
</page>
