<page>
<title>cabeçoalho</title>
<ns>0</ns>
<id>436542</id>
<revision>
<id>2645083</id>
<timestamp>2021-08-11T20:15:07Z</timestamp>
<contributor>
<username>Cpls</username>
<id>20608</id>
</contributor>
<comment>[[Ajuda:Guia de edição/Menus e ferramentas/Sumário de edição|→]] nova página: ={{-gl-}}= {{ga-in}} ==Substantivo== {{flex.gl|ms=cabeçoalho|mp=cabeçoalhos}} {{paroxítona|ca|be|ço|a|lho|lang=gl}}, {{g|m}} # [[cabeçalha]] do carro das vacas  ===Sinónimos=== * Vide em: [[pinalha#{{gl}}|pinalha]]  =={{etimologia|gl}}== : Da mesma origem que ''[[cabeçalha#{{gl}}|cabeçalha]]'' ou ''[[cabeçoalha#{{gl}}|cabeçoalha]]''.  [[Categoria:Substantivo (Galego)]]</comment>
<model>wikitext</model>
<format>text/x-wiki</format>
<text bytes="381" xml:space="preserve">={{-gl-}}=
{{ga-in}}
==Substantivo==
{{flex.gl|ms=cabeçoalho|mp=cabeçoalhos}}
{{paroxítona|ca|be|ço|a|lho|lang=gl}}, {{g|m}}
# [[cabeçalha]] do carro das vacas
===Sinónimos===
* Vide em: [[pinalha#{{gl}}|pinalha]]
=={{etimologia|gl}}==
: Da mesma origem que ''[[cabeçalha#{{gl}}|cabeçalha]]'' ou ''[[cabeçoalha#{{gl}}|cabeçoalha]]''.
[[Categoria:Substantivo (Galego)]]</text>
<sha1>b2xqrbk46fzeztm70v62oone07hepz2</sha1>
</revision>
</page>
