<page>
<title>cabeza</title>
<ns>0</ns>
<id>332226</id>
<revision>
<id>2609732</id>
<parentid>2311345</parentid>
<timestamp>2021-01-28T22:28:28Z</timestamp>
<contributor>
<username>ValJor</username>
<id>1358</id>
</contributor>
<comment>Substituindo a [[Especial:Páginas_afluentes/Predefinição:escopoCatLang|predefinição escopoCatLang]] por escopo</comment>
<model>wikitext</model>
<format>text/x-wiki</format>
<text bytes="564" xml:space="preserve">{{Wikipédia|lang=ast}}
{{Wikipédia|lang=es}}
{{Wikipédia|lang=gl}}
={{-ast-}}=
==Substantivo==
{{flex.ast|fs=cabeza|fp=[[cabeces]]}}
{{paroxítona|lang=ast|ca|be|za}}, {{gramática|f}}
# {{escopo|ast|Anatomia}} [[cabeça]]
===Sinônimos===
* [[tiesta]]
[[Categoria:Substantivo (Asturiano)]]
={{-es-}}=
==Substantivo==
'''cabeza''', {{gramática|f}}
# {{escopo|es|Anatomia}} [[cabeça]]
[[Categoria:Substantivo (Espanhol)]]
={{-gl-}}=
==Substantivo==
'''cabeza''', {{gramática|f}}
# {{escopo|gl|Anatomia}} [[cabeça]]
[[Categoria:Substantivo (Galego)]]</text>
<sha1>4vurkaak6jx9uo0euc3szaxui8ocajn</sha1>
</revision>
</page>
