<page>
<page>
<title>cabernas</title>
<ns>0</ns>
<id>387667</id>
<revision>
<id>2468562</id>
<timestamp>2017-12-09T10:40:42Z</timestamp>
<contributor>
<username>Imivorn</username>
<id>64513</id>
</contributor>
<comment>[[Ajuda:Guia de edição/Menus e ferramentas/Sumário de edição|→]] nova página: ={{-mwl-}}= ==Forma de substantivo== {{paroxítona|ca|ber|nas|língua=mwl}} # plural de '''caberna#{{mwl}}|...</comment>
<model>wikitext</model>
<format>text/x-wiki</format>
<text bytes="169" xml:space="preserve">={{-mwl-}}=
==Forma de substantivo==
{{paroxítona|ca|ber|nas|língua=mwl}}
# plural de '''[[caberna#{{mwl}}|caberna]]'''
[[Categoria:Forma de substantivo (Mirandês)]]</text>
<sha1>hjbsebeu6xz4zbn4vgkuaj7wsiptr7w</sha1>
</revision>
