<page>
<page>
<title>cabeço</title>
<ns>0</ns>
<id>34267</id>
<revision>
<id>2615124</id>
<parentid>2311352</parentid>
<timestamp>2021-01-31T21:21:18Z</timestamp>
<contributor>
<username>MarxavBot</username>
<id>80155</id>
</contributor>
<minor />
<comment>AFI Portugal</comment>
<model>wikitext</model>
<format>text/x-wiki</format>
<text bytes="3007" xml:space="preserve">={{-pt-}}=
==Substantivo==
{{flex.pt.subst.completa|ms=cabeço|mp=cabeços|msa=cabeçorro|mpa=cabeçorros|msd=-|mpd=-}}
{{paroxítona|ca|be|ço}}, {{gramática|ms}}
# [[cume]] convexo e arredondado de um [[monte]] ou de uma pequena [[serra]]
# [[monte]] relativamente pequeno e arredondado
# {{escopo|pt|Portugal}} [[penedo]]
# {{escopo|pt|Gráfica}} o mesmo que [[cabeçalho]] (o alto de uma página impressa, conjunto de informações, título permanente que encabeça)
# {{escopo|pt|Gráfica}} o alto de uma [[página]] impressa, ou o que aí se imprime; [[cabeça]], [[cabeça de página]], [[cabeçalho]], [[cabeção]]
# {{escopo|pt|Gráfica}} [[timbre]] (informações identificadoras do emitente) que se imprime no alto de [[envelope]]s, papel de carta, [[nota fiscal|notas fiscais]], [[fatura]]s etc
# {{escopo|pt|Gráfica}} título ou indicação que figura no alto de composições tipográficas como tabelas, gráficos etc
# {{escopo|pt|Náutica}} [[coluna]] de ferro de pequena altura, montada aos pares, junto à amurada ou à balaustrada do navio, onde se dão voltas às espias e cabos de reboque [Quando fixado no cais, para amarração dos navios, o cabeço é sempre singelo.]
# [[poste]] que serve para amarrar cabos
# {{escopo|pt|Náutica}} extremidade ou segmento superior da [[apostura]], que ultrapassa o nível do [[alcatrate]], usado para amarrar [[cabo]]s à [[embarcação]]
# {{escopo|pt|Geografia}} (Derivação: por extensão de sentido) elevação mais ou menos arredondada de [[terreno ]]submerso (por exemplo: banco de areia, rocha ou outro acidente de terreno, de pouca profundidade)
# {{escopo|pt|Trás-os-Montes}} [[tona]], nata do leite
===Antônimos===
* ''ver antonímia de'' [[cume]]
===Sinônimos===
* ''ver sinonímia de'' [[colina]] ''e'' [[cume]]
=={{etimologia|pt}}==
{{llietimo|la|capitìum|pt|capitìum, ìi|capuz; vestimenta de cobrir a cabeça; vestido com abertura para passar a cabeça; abertura na túnica para passar a cabeça}}
=={{pronúncia|pt}}==
===Portugal===
* AFI: {{AFI|/kɐ.ˈbe.su/}}
[[Categoria:Substantivo (Português)]]
={{-gl-}}=
==Substantivo==
{{flex.gl|ms=cabeço|mp=cabeços}}
{{paroxítona|ca|be|ço|lang=gl}}, {{gramática|m}}
# [[cabeço#Português|cabeço]], [[cume]], parte mais elevada de um monte
# [[outeiro]], [[monte]] de pouca elevação
# parte [[elevado|elevada]] de um [[areal]] na costa desde onde um marinho dirige a pesca na arte do cerco
# [[cabeço#Português|cabeço]], tona do leite
# [[gordura]] intestinal do [[porco]] entre as tripas, corresponde com o mesentério, [[entretinho]]
# [[pendão]] do [[milho]], parte superior à espiga que é cortada para alimento dos animais, flor do milho
# parte superior da planta do [[linho]]
===Sinónimos===
: '''De 5 (gordura intestinal do porco):'''
{{dividir em colunas|4}}
* [[cabeção#Galego|cabeção]]
* [[enredeira#Galego|enredeira]]
* [[redanho#Galego|redanho]]
* [[redocelo#Galego|redocelo]]
{{dividir em colunas/fim}}
[[Categoria:Substantivo (Galego)]]</text>
<sha1>fszhc7a702j9iaguf64lgvb6y1cuw8v</sha1>
</revision>
