<page>
<title>cabeçada</title>
<ns>0</ns>
<id>340980</id>
<revision>
<id>2616895</id>
<parentid>2445135</parentid>
<timestamp>2021-02-01T02:22:26Z</timestamp>
<contributor>
<username>MarxavBot</username>
<id>80155</id>
</contributor>
<minor />
<comment>AFI Portugal</comment>
<model>wikitext</model>
<format>text/x-wiki</format>
<text bytes="649" xml:space="preserve">={{-pt-}}=
==Substantivo==
{{flex.pt|fs=cabeçada|fp=cabeçadas}}
{{paroxítona|ca|be|ça|da}}, {{gramática|f}}
# [[pancada]] com a [[cabeça]]
# [[asneira]], [[disparate]]
# [[correia]] com que se cinge e guarnece a cabeça das cavalgaduras
# [[movimento]] [[súbito]], para cima, da cabeça da cavalgadura
# {{escopo|pt|Popular}} canastrada à cabeça
# {{escopo|pt|Popular}} movimento de cabeça, afirmando ou aprovando
=={{etimologia|pt}}==
: {{escopo|Morfologia}} [[cabeça]] + [[-ada]].
=={{pronúncia|pt}}==
===Portugal===
* AFI: {{AFI|/kɐ.bɨ.ˈsa.dɐ/}}
==Ligações externas==
* {{DicioAberto}}
[[Categoria:Substantivo (Português)]]</text>
<sha1>664xpjk1ox3xs17we1zma7lzmu84lun</sha1>
</revision>
</page>
