<page>
<page>
<title>cabeçolada</title>
<ns>0</ns>
<id>436541</id>
<revision>
<id>2645081</id>
<timestamp>2021-08-11T20:09:12Z</timestamp>
<contributor>
<username>Cpls</username>
<id>20608</id>
</contributor>
<comment>[[Ajuda:Guia de edição/Menus e ferramentas/Sumário de edição|→]] nova página: ={{-gl-}}= {{ga-in}} ==Substantivo== {{flex.gl|fs=cabeçolada|mp=cabeçoladas}} {{paroxítona|ca|be|ço|la|da|lang=gl}}, {{g|f}} # [[teimosia]], [[casmurice]], ideia fixa de alguém que pouco compreende  =={{etimologia|gl}}== : {{escopo|Morfologia}} De ''[[cabeçolas#{{gl}}|cabeçolas]]'' + ''[[-ada#{{gl}}|-ada]]''.  [[Categoria:Substantivo (Galego)]]</comment>
<model>wikitext</model>
<format>text/x-wiki</format>
<text bytes="353" xml:space="preserve">={{-gl-}}=
{{ga-in}}
==Substantivo==
{{flex.gl|fs=cabeçolada|mp=cabeçoladas}}
{{paroxítona|ca|be|ço|la|da|lang=gl}}, {{g|f}}
# [[teimosia]], [[casmurice]], ideia fixa de alguém que pouco compreende
=={{etimologia|gl}}==
: {{escopo|Morfologia}} De ''[[cabeçolas#{{gl}}|cabeçolas]]'' + ''[[-ada#{{gl}}|-ada]]''.
[[Categoria:Substantivo (Galego)]]</text>
<sha1>pmxp4vna81px771f9g82kr9t2ygb3hs</sha1>
</revision>
