<page>
<title>cabereis</title>
<ns>0</ns>
<id>390468</id>
<revision>
<id>2476565</id>
<timestamp>2018-01-11T19:02:12Z</timestamp>
<contributor>
<username>Imivorn</username>
<id>64513</id>
</contributor>
<comment>[[Ajuda:Guia de edição/Menus e ferramentas/Sumário de edição|→]] nova página: ={{-mwl-}}= ==Forma verbal== {{oxítona|ca|be|reis|língua=mwl}} # [[segunda pessoa]] do [[plural]] no futu...</comment>
<model>wikitext</model>
<format>text/x-wiki</format>
<text bytes="221" xml:space="preserve">={{-mwl-}}=
==Forma verbal==
{{oxítona|ca|be|reis|língua=mwl}}
# [[segunda pessoa]] do [[plural]] no [[futuro]] do [[indicativo]] de [[caber#{{mwl}}|caber]]
{{avi-for-fle|caber}}
[[Categoria:Forma verbal (Mirandês)]]</text>
<sha1>08wx293g6hbp2d04hq59kii6mablbgj</sha1>
</revision>
</page>
