<page>
<title>cabeceira</title>
<ns>0</ns>
<id>79607</id>
<revision>
<id>2442367</id>
<parentid>2311334</parentid>
<timestamp>2017-08-06T14:07:25Z</timestamp>
<contributor>
<username>Cpls</username>
<id>20608</id>
</contributor>
<minor />
<comment>a refazer</comment>
<model>wikitext</model>
<format>text/x-wiki</format>
<text bytes="923" xml:space="preserve">={{-pt-}}=
== Substantivo ==
{{flex.pt|fs=cabeceira|fp=cabeceiras|fs-div=ca.be.&lt;u&gt;cei&lt;/u&gt;.ra|fp-div=ca.be.&lt;u&gt;cei&lt;/u&gt;.ras}}
{{paroxítona|ca|be|cei|ra}}, {{g|f}}
# [[princípio]], começo, frente de uma coisa, parte dianteira, parte [[cimeiro|cimeira]]
# parte inicial do curso de um [[rio]]
# [[parte]] da [[cama]] sobre a qual se [[colocar|coloca]] o [[travesseiro]].
# [[almofada]] para a cabeça
=== Traduções ===
{{tradini|De '''3'''}}
* {{trad|es|cabecera}}
* {{trad|gl|cabeceira}}
{{tradmeio}}
* {{trad|en|head of the bed}}
* {{trad|it|capezzale}}
{{tradfim}}
=={{etimologia|pt}}==
: {{escopo|Morfologia}} De [[cabeça]] + [[-eira]].
[[Categoria:Substantivo (Português)]]
={{-gl-}}=
== Substantivo ==
{{flex.pt|fs=cabeceira|fp=cabeceiras|fs-div=ca.be.&lt;u&gt;cei&lt;/u&gt;.ra|fp-div=ca.be.&lt;u&gt;cei&lt;/u&gt;.ras}}
{{paroxítona|ca|be|cei|ra}}, {{g|f|lang=gl}}
# [[cabeceira#{{pt}}|cabeceira]]
[[Categoria:Substantivo (Galego)]]</text>
<sha1>kzs7jjhbpw6p408bu8etkpvxibvhaiv</sha1>
</revision>
</page>
