<page>
<page>
<title>caberemos</title>
<ns>0</ns>
<id>390467</id>
<revision>
<id>2476564</id>
<timestamp>2018-01-11T19:01:59Z</timestamp>
<contributor>
<username>Imivorn</username>
<id>64513</id>
</contributor>
<comment>[[Ajuda:Guia de edição/Menus e ferramentas/Sumário de edição|→]] nova página: ={{-mwl-}}= ==Forma verbal== {{paroxítona|ca|be|re|mos|língua=mwl}} # [[primeira pessoa]] do [[plural]] no...</comment>
<model>wikitext</model>
<format>text/x-wiki</format>
<text bytes="227" xml:space="preserve">={{-mwl-}}=
==Forma verbal==
{{paroxítona|ca|be|re|mos|língua=mwl}}
# [[primeira pessoa]] do [[plural]] no [[futuro]] do [[indicativo]] de [[caber#{{mwl}}|caber]]
{{avi-for-fle|caber}}
[[Categoria:Forma verbal (Mirandês)]]</text>
<sha1>745pw2jrn2amhnih7yct2ig56s892ag</sha1>
</revision>
