<page>
<title>cabeçalha</title>
<ns>0</ns>
<id>267425</id>
<revision>
<id>2022485</id>
<parentid>2009135</parentid>
<timestamp>2015-10-24T13:44:36Z</timestamp>
<contributor>
<username>MalafayaBot</username>
<id>628</id>
</contributor>
<minor />
<comment>Robô: Substituição de texto automática  (-(Provençal antigo)]] +(Provençal Antigo)]])</comment>
<model>wikitext</model>
<format>text/x-wiki</format>
<text bytes="754" xml:space="preserve">={{-pt-}}=
==Substantivo==
{{flex.pt|fs=cabeçalha|fp=cabeçalhas}}
{{paroxítona|ca|be|ça|lha}}
# parte do carro ou arado de tiro animal, haste forte onde se segura o jugo
===Sinônimo===
* [[temoeiro]]
=={{etimologia|pt}}==
: {{escopo|Morfologia}} [[cabeça]] + alha.
==Ver também==
===No Wikcionário===
{{verTambém.Ini}}
* [[timão]]
{{verTambém.NovaColuna}}
* [[cabeçalho]]
{{verTambém.Fim}}
[[Categoria:Substantivo (Português)]]
={{-pro-}}=
==Substantivo==
{{flex.pro|fs=cabeçalha|fp=cabeçalhas}}
{{paroxítona|ca|be|ça|lha|lang=pro}}, {{f}}
# [[capuz]]
===Variante ortográfica===
* [[chabezalha#{{pro}}|chabezalha]]
=={{etimologia|pro}}==
: {{escopo|Morfologia}} [[cabeça]] + alha.
[[Categoria:Substantivo (Provençal Antigo)]]</text>
<sha1>k5trjcm1uz0duzsg7b81pvgmw1fzg37</sha1>
</revision>
</page>
