<page>
<page>
<title>cabeça</title>
<ns>0</ns>
<id>4002</id>
<revision>
<id>2652186</id>
<parentid>2652185</parentid>
<timestamp>2021-11-14T13:09:18Z</timestamp>
<contributor>
<username>Apisite</username>
<id>75249</id>
</contributor>
<comment>/* Tradução */</comment>
<model>wikitext</model>
<format>text/x-wiki</format>
<text bytes="10650" xml:space="preserve">{{Wikipédia}}
[[Ficheiro:Manga.png|thumb|right|250px|&lt;center&gt;Cabeça&lt;/center&gt;]]
={{-pt-}}=
==Substantivo&lt;sup&gt;1&lt;/sup&gt;==
{{flex.pt|fs=cabeça|fp=cabeças|fs-div=ca.&lt;u&gt;be&lt;/u&gt;.ça|fp-div=ca.&lt;u&gt;be&lt;/u&gt;.ças}}
{{paroxítona|ca|be|ça}}, {{gramática|f}}
# {{escopo|pt|Anatomia}} [[parte]] do [[corpo]] [[humano]], onde se localizam o [[cérebro]], protegido pelo [[crânio]], e a [[face]], ligada ao [[tronco]] pelo [[pescoço]]
# faculdade de raciocinar conforme o estado de normalidade sem afetação devido a sentimento ou ânimo como a raiva, nervosismo, apatia, amor ou outros
{{flex.pt|s=cabeça|p=cabeças|s-div=ca.&lt;u&gt;be&lt;/u&gt;.ça|p-div=ca.&lt;u&gt;be&lt;/u&gt;.ças}}
{{paroxítona|ca|be|ça}}, {{gramática|c2g}}
# {{cont|3}} [[arquitetador]], [[concebedor]], [[idealizador]]
#* ''Ele foi a '''cabeça''' por trás desse plano.''
# pessoa que exerce liderança
#* ''Ele foi o '''cabeça''' da rebelião.''
#* ''Ela foi o '''cabeça''' do grupo por muito tempo.''
===Nota===
* De '''4''' (pessoa que exerce liderança): em português brasileiro também se usa o termo cabeça nas acepções de chefe ou líder como substantivo masculino em referência a indivíduo de sexo feminino, no que o termo toma um determinante masculino (e por tal se substantiva como nome masculino).
===Aumentativo===
{{verTambém.Ini}}
* [[cabeção]]
* [[cabeçona]]
{{verTambém.NovaColuna}}
* [[cabeçorra]] 
{{verTambém.Fim}}
===Diminuitivo===
* [[cabecinha]]
===Expressões===
* '''[[aguardente da cabeça]]''': {{escopo2|Bebida, Região Sul, Brasil}} aguardente da primeira destilação, geralmente com a adição de flores cheirosas.
* '''[[cabeça de alho chocho]]''': pessoa distraída.
* '''[[cabeça de bagre]]''': pessoa que não pensa; burro
* '''[[cabeça de chave]]''': {{escopo2|Brasil}} equipe ou [[esportista]] que é colocado à cabeça de cada um dos grupos numa fase eliminatória de uma prova esportiva, geralmente por ter uma boa classificação num ranqueamento.
* '''[[cabeça de série]]''': {{escopo2|Portugal}} o mesmo que [[cabeça de chave]].
* '''[[cabeça de vento]]''': pessoa distraída, pessoa despreocupada ou pessoa menos inteligente.
* '''[[cabeça dura]]''': pessoa teimosa.
* '''[[cabeça grande]]''': {{escopo2|Florianópolis, Brasil}} ''cabeça de todos nós''; ''cabeça de comarca''
* '''[[cabeça quente]]''': pessoa preocupada ou nervosa por não conseguir resolver uma determinada situação ou problema.
* '''[[cachaça da cabeça]]''': o mesmo que [[aguardente da cabeça]].
* '''[[cachaça de cabeça]]''': o mesmo que [[aguardente da cabeça]].
* '''[[dos pés à cabeça]]''': diz-se de uma pessoa que está guarnecida de algo por todo o corpo.
* '''[[quebrar a cabeça]]''': pensar muito.
* '''[[quebreira de cabeça]]''': [[cuidado]] e/ou [[preocupação]].
* '''[[sem pé nem cabeça]]''': algo sem sentido e/ou sem significado.
===Sinônimos===
* De '''2''' (faculdade de raciocinar): [[juízo]]
* De '''4''' (pessoa que exerce liderança):
{{verTambém.Ini}}
* [[chefe]]
{{verTambém.NovaColuna}}
* [[comandante]]
{{verTambém.NovaColuna}}
* [[líder]]
{{verTambém.Fim}}
===Tradução===
{{tradini|De 1 (termo de anatomia)}}
* {{trad|af|kop}}
* {{trad|ay|p'iqi}}
* {{trad|akz|isbakko}}
* {{trad|sq|kokë}}
* {{t|gsw|Kopf|m}}
* {{trad|de|Kopf|Schädel|Birne|Keks|Waffel|Rübe}}
* {{trad|alp|ulu}}
* {{trad|ar|رئيس|رأس}}
* {{trad|an|capeza|mollera|tozuelo|testuz}}
* {{trad|arn|logko|longko}}
* {{trad|ast|cabeza|tiesta}}
* {{trad|az|baş}}
* {{trad|bal|sarúg}}
* {{trad|eu|buru|kasko}}
* {{trad|bn|মাথা}}
* {{trad|be|галава}}
* {{trad|bs|glava}}
* {{trad|br|penn|pennoù}}
* {{trad|bug|ulu}}
* {{trad|bg|глава}}
* {{trad|kay|akan}}
* {{trad|ca|cap|testa}}
* {{trad|kk|бас}}
* {{trad|ce|корт}}
* {{trad|cs|hlava}}
* {{trad|zh|头|頭|頭腦|头脑}}
* {{trad|sn|musoro}}
* {{trad|cod|yaquɨcuara}}
* {{t|ko|머리||meori}}
* {{trad|hr|glava}}
* {{trad|ku|ser}}
* {{trad|da|hoved}}
* {{trad|egy|tp}}
* {{trad|myv|пря}}
* {{t|sl|glava|f}}
* {{trad|es|cabeza}}
* {{trad|eo|kapo}}
* {{trad|et|pea}}
* {{trad|fo|høvur}}
* {{trad|fi|pää|nuppi}}
* {{trad|vls|hoofd}}
* {{t|fr|tête|f}}
* {{trad|fy|holle}}
* {{trad|fur|cjâf|cavoce}}
* {{trad|gd|ceann}}
* {{trad|gl|cabeza|testa}}
* {{trad|cy|pen|copa}}
* {{trad-|ka|თავი|(tavi)}}
* {{t|el|κεφάλι||kefalé}}
* {{trad|grc|κεφαλή}}
* {{trad|gn|akã}}
* {{trad|kky|ngaabaay|gambuugu|gudyiir}}
* {{trad|gu|મસ્તક|શીશ}}
* {{trad|ht|tèt}}
* {{t|he|ראש||rosh}}
* {{trad|hi|मस्तक|सिर|शीश}}
* {{trad|nl|hoofd|kop}}
* {{trad|hu|fej}}
* {{t|hrx|Kopp|m}}
* {{trad|io|kapo}}
* {{trad|yi|קאָפּ}}
* {{trad|id|hulu|kepala}}
* {{trad|en|head}}
* {{trad|ia|capite|testa}}
* {{trad|yo|orí}}
* {{t|ga|ceann|m}}
{{tradmeio}}
* {{trad|is|höfuð|haus}}
* {{trad|it|testa|capo|cranio|capoccia|zucca}}
* {{trad|ja|頭}} (あたま, atama)
* {{trad|kg|ntu}}
* {{trad|lad|ãe}}
* {{trad|la|caput}}
* {{trad|li|huid|kop}}
* {{trad|ln|moto}}
* {{trad|lt|galva}}
* {{trad|jbo|stedu}}
* {{trad|lnf|azotea}}
* {{trad|lb|Kopp}}
* {{trad|mk|глава}}
* {{trad|ml|തല}}
* {{trad|ms|kepala}}
* {{trad|mg|loha}}
* {{trad|mt|ras}}
* {{trad|mqy|ulu}}
* {{trad|mi|angaanga}}
* {{trad|mr|डोके|मस्तक}}
* {{trad|mas|elukunya}}
* {{trad|mdf|пря|prae}}
* {{trad|mn|толгой|тэргүүн}}
* {{trad|nxe|ulu}}
* {{trad|nap|capa|capuzzèlla|capucchióne}}
* {{trad|nah|cuaitl}}
* {{trad|no|hode}}
* {{trad|fa|سر|کله|س}}
* {{trad|pms|testa}}
* {{t|pl|głowa|f}}
* {{trad|pa|ਸੀਸ}}
* {{trad|qu|uma}}
* {{trad|ky|баш}}
* {{trad|rap|pu' oko}}
* {{trad|rhg|matá}}
* {{trad|ro|cap}}
* {{t|ru|голова||golová}}
* {{trad|se|oaivi}}
* {{trad|sm|ulu}}
* {{t|sa|शीर्ष|n|śīrṣa}}, {{t+|sa|कपाल||kapāla}}, {{t+|sa|मस्तकः||mastaka}}
* {{trad|sro|conca|corroça|carroça|faci}}
* {{trad|ssg|patu-n}}
* {{trad|sr|глава}}
* {{trad|scn|testa}}
* {{trad|ssq|ulu}}
* {{trad|sw|kichwa}}
* {{trad|sv|huvud|kranie|hjässa|skalle}}
* {{trad|su|sirah}}
* {{trad|tl|ulo}}
* {{trad|th|หัว}}
* {{trad|tlv|ulu}}
* {{trad|roa-tal|testa}}
* {{trad|te|తల}}
* {{trad|tet|ulun|ulun-fatuk}}
* {{trad|tn|tlhogo}}
* {{trad|tu|akanga}}
* {{trad|tr|baş|kafa|kelle|ser}}
* {{trad|tk|баш|келле}}
* {{trad|uk|голова}}
* {{trad|ug|باش}}
* {{trad|ur|سر}}
* {{trad|uz|бош}}
* {{trad|val|cap}}
* {{trad|vec|testa|capocia}}
* {{trad|yaq|koba}}
* {{trad|zu|khanda}}
{{tradfim}}
===Verbetes derivados===
{{dividir em colunas|4}}
* [[cabeça-amarga]]
* [[cabeça-azul]]
* [[cabeça-baixa]]
* [[cabeça-branca]]
* [[cabeça-chata]]
* [[cabeça-d'água]]
* [[cabeçada]]
* [[cabeça-de-água]]
* [[cabeça-de-alambique]]
* [[cabeça-de-alcatrão]]
* [[cabeça-de-área]]
* [[cabeça-de-arroz]]
* [[cabeça-de-bagre]]
* [[cabeça-de-boi]]
* [[cabeça-de-breu]]
* [[cabeça-de-burro]]
* [[cabeça-de-camarão]]
* [[cabeça-de-campo]]
* [[cabeça-de-cão]]
* [[cabeça-de-capuco]]
* [[cabeça-de-carneiro]]
* [[cabeça-de-casal]]
* [[cabeça-de-cavalo]]
* [[cabeça-de-chave]]
* [[cabeça-de-cobra]]
* [[cabeça-de-coco]]
* [[cabeça-de-cuia]]
* [[cabeça-de-cutia]]
* [[cabeça-de-dendê]]
* [[cabeça-de-destrinça]]
* [[cabeça-de-escalope]]
* [[cabeça-de-ferro]]
* [[cabeça-de-fogo]]
* [[cabeça-de-frade]]
* [[cabeça-de-galinhola]]
* [[cabeça-de-galo]]
* [[cabeça-de-jacaré]]
* [[cabeça-de-leão]]
* [[cabeça-de-lobo]]
* [[cabeça-de-medusa]]
* [[cabeça-de-moleque]]
* [[cabeça-de-monge]]
* [[cabeça-de-morto]]
* [[cabeça-de-mouro]]
* [[cabeça-de-negro]]
* [[cabeça-de-nós-todos]]
* [[cabeça-de-onça]]
* [[cabeça-de-ouro]]
* [[cabeça-de-passarinho]]
* [[cabeça-de-pau]]
* [[cabeça-de-pedra]]
* [[cabeça-de-ponte]]
* [[cabeça-de-porco]]
* [[cabeça-de-porongo]]
* [[cabeça-de-praia]]
* [[cabeça-de-prata]]
* [[cabeça-de-prego]]
* [[cabeça-de-preguiça]]
* [[cabeça-de-preto]]
* [[cabeça-de-proa]]
* [[cabeça-de-rubim]]
* [[cabeça-desmiolada]]
* [[cabeça-de-tomate]]
* [[cabeça-de-tremoço]]
* [[cabeça-de-urubu]]
* [[cabeça-de-vaca]]
* [[cabeça-de-veado]]
* [[cabeça-de-velha]]
* [[cabeça-de-velho]]
* [[cabeça-de-vento]]
* [[cabeça-de-vidro]]
* [[cabeçado]]
* [[cabeça-do-prazo]]
* [[cabeça-dura]]
* [[cabeça-dura-focinho-de-rato]]
* [[cabeça-dura-prego]]
* [[cabeça-dura-relógio]]
* [[cabeça-encarnada]]
* [[cabeça-feita]]
* [[cabeça-forte]]
* [[cabeça-inchada]]
* [[cabeçal]]
* [[cabeça-leve]]
* [[cabeçalha]]
* [[cabeçalhão]]
* [[cabeçalho]]
* [[cabeçanense]]
* [[cabeça-no-ar]]
* [[cabeção]]
* [[cabeça-oca]]
* [[cabeça-pelada]]
* [[cabeça-pitanga]]
* [[cabeçar]]
* [[cabeça-rapada]]
* [[cabeçaria]]
* [[cabeças-de-santo-antônio]]
* [[cabeça-seca]]
* [[cabeça-sem-miolos]]
* [[cabeça-tonta]]
* [[cabeça-torta]]
* [[cabeça-vermelha]]
* [[cabecê]]
* [[cabeceada]]
* [[cabeceado]]
* [[cabeceador]]
* [[cabecear]]
* [[cabeceio]]
* [[cabeceira]]
* [[cabeceirense]]
* [[cabeceiro]]
* [[cabecel]]
* [[cabecelaria]]
* [[cabecelato]]
* [[cabecense]]
* [[cabecilha]]
* [[cabecinha]]
* [[cabecinha-castanha]]
* [[cabecinha-de-castanha]]
* [[cabecinha-encarnada]]
* [[cabecinha-negra]]
* [[cabecinha-rosada]]
* [[cabeçorra]]
* [[cabeçote]]
* [[cabeçuda]]
* [[cabeçudense]]
* [[cabeçudo]]
* [[cabeçulinha]]
* [[cabelo]]
* [[encabeçadela]]
* [[encabeçado]]
* [[encabeçador]]
* [[encabeçadura]]
* [[encabeçamento]]
* [[encabeçar]]
* [[encabeço]]
{{dividir em colunas.fim}}
=={{etimologia|pt}}==
{{llietimo|roa-gpm|cabeça|pt|ponto=não}} e este do {{etm|la|pt}} {{etimo|la|capitia}}, plural acusativo do latim ''capitium'', de ''caput'', do proto-itálico ''*kaput'', do proto-indo-europeu ''*káput-''.
: Cognatos incluem o espanhol ''cabeza'', italiano ''cavezza'' (“cabresto”), inglês ''head'', alemão ''Haupt'', islandês ''höfuð'' e hindi ''कपाल'' (kapāl, “crânio”).
=={{pronúncia|pt}}==
===Portugal===
* AFI: {{AFI|/kɐ.ˈbe.sɐ/}}
==Ver também==
===No Wikcionário===
{{dividir em colunas|5}}
* [[cabelo]]
* [[cafuné]]
* [[calvo]]
* [[capacete]]
* [[capuz]]
* [[careca]]
* [[cefalópode]]
* [[cefalópodes]]
* [[champô]]
* [[chapéu]]
* [[chifre]]
* [[coco]]
* [[corno]]
* [[coroação]]
* [[crista]]
* [[decapitar]]
* [[enxaqueca]]
* [[focinho]]
* [[galhada]]
* [[galo]]
* [[madeixa]]
* [[seio da face]]
* [[seio paranasal]]
* [[testa]]
* [[tiara]]
* [[travesseiro]]
* [[turbante]]
{{dividir em colunas.fim}}
==Ligações externas==
* {{Aulete}}
* {{Michaelis|cabeca}}
* {{DicioAberto}}
* {{DPLP}}
* {{Infopédia}}
* {{PLP}}
* {{VOLPABL}}
[[Categoria:Substantivo (Português)]]
[[Categoria:Entrada com imagem (Português)]]</text>
<sha1>sr2k3x0zziryac1c6ul88r1g4y0e2vi</sha1>
</revision>
