<page>
<page>
<title>caberás</title>
<ns>0</ns>
<id>390465</id>
<revision>
<id>2476562</id>
<timestamp>2018-01-11T19:01:35Z</timestamp>
<contributor>
<username>Imivorn</username>
<id>64513</id>
</contributor>
<comment>[[Ajuda:Guia de edição/Menus e ferramentas/Sumário de edição|→]] nova página: ={{-mwl-}}= ==Forma verbal== {{oxítona|ca|be|rás|língua=mwl}} # [[segunda pessoa]] do [[singular]] no fu...</comment>
<model>wikitext</model>
<format>text/x-wiki</format>
<text bytes="223" xml:space="preserve">={{-mwl-}}=
==Forma verbal==
{{oxítona|ca|be|rás|língua=mwl}}
# [[segunda pessoa]] do [[singular]] no [[futuro]] do [[indicativo]] de [[caber#{{mwl}}|caber]]
{{avi-for-fle|caber}}
[[Categoria:Forma verbal (Mirandês)]]</text>
<sha1>pdlim9n8pwxaefa7tdz2zrl4yy9r0ml</sha1>
</revision>
