<page>
<page>
<title>Cabeceiras</title>
<ns>0</ns>
<id>141708</id>
<revision>
<id>2266300</id>
<parentid>1196307</parentid>
<timestamp>2017-04-26T15:22:45Z</timestamp>
<contributor>
<username>HydrizBot</username>
<id>29590</id>
</contributor>
<minor />
<comment>Robô: A limpar links interwikis antigos</comment>
<model>wikitext</model>
<format>text/x-wiki</format>
<text bytes="247" xml:space="preserve">={{-pt-}}=
{{Wikipédia}}
==Substantivo==
'''Cabeceiras''' {{pr}}
#[[município]] [[brasileiro]] do [[estado]] de [[Goiás]]
==Ver também==
*[[Apêndice:Municípios do estado de Goiás]]
[[Categoria:Município do estado de Goiás (Português)]]</text>
<sha1>srcw4s035qi2r5ffndhvk0u8nzx3k0t</sha1>
</revision>
