<page>
<page>
<title>cabermos</title>
<ns>0</ns>
<id>390499</id>
<revision>
<id>2476603</id>
<timestamp>2018-01-11T20:06:33Z</timestamp>
<contributor>
<username>Imivorn</username>
<id>64513</id>
</contributor>
<comment>[[Ajuda:Guia de edição/Menus e ferramentas/Sumário de edição|→]] nova página: ={{-mwl-}}= ==Forma verbal== {{paroxítona|ca|ber|mos|língua=mwl}} # [[primeira pessoa]] do [[plural]] no ...</comment>
<model>wikitext</model>
<format>text/x-wiki</format>
<text bytes="219" xml:space="preserve">={{-mwl-}}=
==Forma verbal==
{{paroxítona|ca|ber|mos|língua=mwl}}
# [[primeira pessoa]] do [[plural]] no [[infinitivo pessoal]] de [[caber#{{mwl}}|caber]]
{{avi-for-fle|caber}}
[[Categoria:Forma verbal (Mirandês)]]</text>
<sha1>nabsvv997g9g1i6csspaarvnctfczhm</sha1>
</revision>
