<page>
<page>
<title>cabeçote</title>
<ns>0</ns>
<id>77512</id>
<revision>
<id>2645080</id>
<parentid>2645074</parentid>
<timestamp>2021-08-11T20:03:16Z</timestamp>
<contributor>
<username>Cpls</username>
<id>20608</id>
</contributor>
<model>wikitext</model>
<format>text/x-wiki</format>
<text bytes="3484" xml:space="preserve">={{-pt-}}=
==Substantivo==
{{flex.pt|ms=cabeçote|mp=cabeçotes}}
{{paroxítona|ca|be|ço|te}}, {{g|m}}
# {{escopo2|Carpintaria, marcenaria}} [[acessório]] que se prende ao tampo e a um dos lados da mesa de trabalho, dotado de partes móveis e parafusos, que permite manter fixa e em posição conveniente a peça de madeira a ser trabalhada
# (Derivação: por metonímia) {{escopo2|Carpintaria, marcenaria}} parte, lado ou extremidade da mesa de carpinteiro ou marceneiro a que se adapta esse acessório
# {{escopo|pt|Brasil|regional}} a parte vertical (ou sua extremidade) que se eleva de cada uma das [[peça]]s em forquilha que formam a armação das cangalhas, dotada de uma saliência que impede que os cambitos, ancoretas, caçambas e caçuás que contêm a carga se desprendam e se desequilibrem
# {{escopo|pt|Brasil|regional}} parte anterior, mais alta e saliente da sela ou da cangalha; [[cepilho]], [[maçaneta]]
# {{escopo|pt|Brasil|regional}} [[peça]] bifurcada da armação das selas e arções, colocada na parte anterior do dorso do animal
# {{escopo|pt|Eletrônica}} [[cabeça]] magnética gravadora, reprodutora e apagadora
# {{escopo|pt|Eletrônica}} conjunto de cápsula e agulha, que constitui otransdutor piezoelétricode um toca-discos
# {{escopo|pt|Eletrônica|informática}} qualquer dispositivo que lê (decodifica), registra (grava) ou suprime (apaga) informações em um dado suporte ou meio de armazenamento
# {{escopo|pt|Eletrônica|informática}} (Regionalismo: Brasil) mecanismo de leitura e gravação de uma unidade de disco ou fita magnética, composto de uma ou mais pequenas bobinas alojadas dentro de um gabinete
# {{escopo2|Artes gráficas}} [[placa]] da [[cabeça]] do guindaste da linotipo, à qual a barra do prisma fica presa
# {{escopo|pt|Anfíbio}} o mesmo que [[girino]]
# {{escopo|pt|Informática}} parte da [[impressora]] que, a partir de informações emitidas pelo [[computador]], realiza o trabalho de impressão, acionando agulhas, injetores de tinta ou outros dispositivos, conforme o sistema utilizado
# {{escopo2|Engenharia mecânica}} [[peça]] inteiriça da parte superior de motores a explosão, que cobre os cilindros e constitui seus prolongamentos, nos quais se encontram as câmaras de combustão e compressão
===Sinônimos===
* ''ver sinonímia de'' [[cepilho]]
=={{etimologia|pt}}==
: {{escopo|Morfologia}} [[cabeça]] + [[-ote]].
[[Categoria:Substantivo (Português)]]
={{-gl-}}=
==Adjetivo==
{{flex.gl|s=cabeçote|p=cabeçotes}}
{{paroxítona|ca|be|ço|te|lang=gl}}, {{g|c2g}}
# que é lento para compreender, tem dificuldade para [[compreender]], [[torpe]]
===Sinónimos===
* [[cabeçolas#{{gl}}|cabeçolas]], [[cabeçota#{{gl}}|cabeçota]]
==Substantivo==
{{flex.gl|ms=cabeçote|mp=cabeçotes}}
{{paroxítona|ca|be|ço|te|lang=gl}}, {{g|m|lang=gl}}
# [[cabeçada]], correias que cingem a cabeça de uma [[cavalgadura]]
# {{escopo|gl|Anfíbio}} [[cabeçote#{{pt}}|cabeçote]], [[girino]]
# {{escopo|gl|Náutica}} [[caverna]], trave vertical, que a jeito de costela, forma e dá força ao costado do navio
# no carro de vacas, [[armação]] de ferro que sustém, liga a [[cabeçalha]] ao corpo do carro
===Sinónimo===
* De '''1''': [[cabeçada#{{gl}}|cabeçada]], [[cabeceiro#{{gl}}|cabeceiro]], [[cabeçoiro#{{gl}}|cabeçoiro]]
=={{etimologia|gl}}==
: {{escopo|Morfologia}} De ''[[cabeça#{{gl}}|cabeça]]'' + ''[[-ote#{{gl}}|-ote]]''.
[[Categoria:Adjetivo (Galego)]]
[[Categoria:Substantivo (Galego)]]</text>
<sha1>nqvi3wbqverabwqu2emo89nvruno8st</sha1>
</revision>
