<page>
<title>cabeluda</title>
<ns>0</ns>
<id>87566</id>
<revision>
<id>1489245</id>
<parentid>1366424</parentid>
<timestamp>2012-10-21T15:10:37Z</timestamp>
<contributor>
<username>VJBot</username>
<id>33673</id>
</contributor>
<minor />
<comment>Robô: Substituição de texto automática  (-{{wikipedia}} +{{Wikipédia}})</comment>
<model>wikitext</model>
<format>text/x-wiki</format>
<text bytes="364" xml:space="preserve">{{Wikipédia}}
={{-pt-}}=
==Substantivo==
{{paroxítona|ca|be|lu|da}}
# {{escopo|Brasil}} [[árvore]] mirtácea
==Forma de adjetivo==
{{paroxítona|ca|be|lu|da}}
# feminino de [[cabeludo]]
{{avi-for-fle|cabeludo}}
[[Categoria:Substantivo (Português)]]
[[Categoria:Forma de adjetivo (Português)]]
[[Categoria:Árvore (Português)]]
[[Categoria:Brasileirismo]]</text>
<sha1>ff6p3mj4efu8savicyuhegp04axb03x</sha1>
</revision>
</page>
