<page>
<title>cabeçalho</title>
<ns>0</ns>
<id>320586</id>
<revision>
<id>2620931</id>
<parentid>2527302</parentid>
<timestamp>2021-02-01T22:58:35Z</timestamp>
<contributor>
<username>MarxavBot</username>
<id>80155</id>
</contributor>
<minor />
<comment>AFI Portugal</comment>
<model>wikitext</model>
<format>text/x-wiki</format>
<text bytes="856" xml:space="preserve">{{Wikipédia}}
={{-pt-}}=
==Substantivo==
{{flex.pt|ms=cabeçalho|mp=cabeçalhos}}
{{paroxítona|ca|be|ça|lho}}, {{g|m}}
# [[bloco]] de informações na parte superior de um [[documento]]
=={{pronúncia|pt}}==
===Portugal===
* AFI: {{AFI|/kɐ.bɨ.ˈsa.ʎu/}}
[[Categoria:Substantivo (Português)]]
={{-gl-}}=
==Adjetivo==
{{flex.gl|ms=cabeçalho|mp=cabeçalhos|fs=cabeçalha|fp=cabeçalhas}}
{{paroxítona|ca|be|ça|lho|lang=gl}}
# [[teimoso]]; que é difícil de convencer
==Substantivo==
{{flex.gl|ms=cabeçalho|mp=cabeçalhos}}
{{paroxítona|ca|be|ça|lho|lang=gl}}, {{g|m|lang=gl}}
# [[cabeçalho#{{pt}}|cabeçalho]], bloco de informações na parte superior de um documento
# [[cabeçalha]] do carro de vacas
===Sinónimos===
* De '''2''': Vide em [[pinalha#{{gl}}|pinalha]]
[[Categoria:Adjetivo (Galego)]]
[[Categoria:Substantivo (Galego)]]</text>
<sha1>1q7y478yzd3mf2f3ikbvomyeras5enw</sha1>
</revision>
</page>
