<page>
<page>
<title>cabeceámos</title>
<ns>0</ns>
<id>309766</id>
<revision>
<id>2311336</id>
<parentid>2117460</parentid>
<timestamp>2017-04-30T00:26:32Z</timestamp>
<contributor>
<username>HydrizBot</username>
<id>29590</id>
</contributor>
<minor />
<comment>Robô: A limpar links interwikis antigos</comment>
<model>wikitext</model>
<format>text/x-wiki</format>
<text bytes="265" xml:space="preserve">={{-pt-}}=
==Forma verbal==
{{paroxítona|ca|be|ce|á|mos}}
#{{escopo|grafia lusitana}} [[primeira pessoa]] do [[plural]] do [[pretérito perfeito]] do [[modo indicativo]] do verbo '''[[cabecear]]'''
[[Categoria:Forma verbal (Português)]]
[[Categoria:Lusitanismo]]</text>
<sha1>oqbu1ou2ilpttwom20kihievtfdljza</sha1>
</revision>
