<page>
<page>
<title>cabecho</title>
<ns>0</ns>
<id>436532</id>
<revision>
<id>2645059</id>
<timestamp>2021-08-11T15:03:14Z</timestamp>
<contributor>
<username>Cpls</username>
<id>20608</id>
</contributor>
<comment>[[Ajuda:Guia de edição/Menus e ferramentas/Sumário de edição|→]] nova página: ={{-gl-}}= ==Substantivo== {{flex.gl|ms=cabecho|mp=cabechos}} {{paroxítona|ca|be|cho|lang=gl}}, {{g|m}} # [[espiga]] de cereal com poucos grãos, raros, pequenos, deformes  =={{etimologia|gl}}== : De ''[[cabo#{{gl}}|cabo]]'' ou ''[[cabeço#{{gl}}|cabeço]]'', confronte-se com ''[[cabecha#{{gl}}|cabecha]]''.  [[Categoria:Substantivo (Galego)]]</comment>
<model>wikitext</model>
<format>text/x-wiki</format>
<text bytes="345" xml:space="preserve">={{-gl-}}=
==Substantivo==
{{flex.gl|ms=cabecho|mp=cabechos}}
{{paroxítona|ca|be|cho|lang=gl}}, {{g|m}}
# [[espiga]] de cereal com poucos grãos, raros, pequenos, deformes
=={{etimologia|gl}}==
: De ''[[cabo#{{gl}}|cabo]]'' ou ''[[cabeço#{{gl}}|cabeço]]'', confronte-se com ''[[cabecha#{{gl}}|cabecha]]''.
[[Categoria:Substantivo (Galego)]]</text>
<sha1>27rzw3xbzjtvoyc06nj93981bmw5jek</sha1>
</revision>
