<page>
<title>cabeleireiro</title>
<ns>0</ns>
<id>12200</id>
<revision>
<id>2630923</id>
<parentid>2584132</parentid>
<timestamp>2021-04-20T04:50:37Z</timestamp>
<contributor>
<username>GabMarquetto</username>
<id>81219</id>
</contributor>
<comment>/* Tradução */</comment>
<model>wikitext</model>
<format>text/x-wiki</format>
<text bytes="1026" xml:space="preserve">={{-pt-}}=
==Substantivo==
{{flex.pt|ms=cabeleireiro|mp=cabeleireiros|fs=cabeleireira|fp=cabeleireiras}}
{{paroxítona|ca|be|lei|rei|ro}}, {{gramática|m}}
# aquele que tem o [[ofício]] de [[cortar]] e [[pentear]] o cabelo de outras pessoas
# homem que faz [[cabeleira]]s postiças
===Tradução===
{{tradini}}
* {{trad|de|Friseur|Friseurin}} ''m''/''f''
* {{trad|kea|barberu}}
* {{trad|es|peluquería|peluquero}}
* {{trad|fr|coiffeur|coiffeuse}} ''m''/''f''
{{tradmeio}}
* {{trad|en|hairdresser}}
* {{trad|it|parrucchiere|acconciatore}}
* {{trad|la|ornatrix}} ''f''
* {{trad|ru|парикмахер}}
{{tradfim}}
=={{etimologia|pt}}==
: Da composição por aglutinação de [[cabeleira]] + [[-eiro]].
==Ver também==
===No Wikcionário===
* [[Apêndice:Profissões em português]]
* {{verTambém.Ligações|profissão}}
==Ligações externas==
* {{Aulete}}
* {{Michaelis}}
* {{DicioAberto}}
* {{DPLP}}
* {{Infopédia}}
* {{PLP}}
* {{VOLPABL}}
[[Categoria:Substantivo (Português)]]
[[Categoria:Profissão (Português)]]</text>
<sha1>p73qf0nxiyhttwki8w4f7aq7bomdeyz</sha1>
</revision>
</page>
