<page>
<page>
<title>cabeçoalha</title>
<ns>0</ns>
<id>436544</id>
<revision>
<id>2645085</id>
<timestamp>2021-08-11T20:15:22Z</timestamp>
<contributor>
<username>Cpls</username>
<id>20608</id>
</contributor>
<comment>[[Ajuda:Guia de edição/Menus e ferramentas/Sumário de edição|→]] nova página: ={{-gl-}}= {{ga-in}} ==Substantivo== {{flex.gl|fs=cabeçoalha|mp=cabeçoalhas}} {{paroxítona|ca|be|ço|a|lha|lang=gl}}, {{g|f}} # [[cabeçalha]] do carro de vacas  ===Sinónimos=== * Vide em: [[pinalha#{{gl}}|pinalha]]  =={{etimologia|gl}}== : Da mesma origem que ''[[cabeçalha#{{gl}}|cabeçalha]]'' ou ''[[cabeçolha#{{gl}}|cabeçolha]]''.  [[Categoria:Substantivo (Galego)]]</comment>
<model>wikitext</model>
<format>text/x-wiki</format>
<text bytes="378" xml:space="preserve">={{-gl-}}=
{{ga-in}}
==Substantivo==
{{flex.gl|fs=cabeçoalha|mp=cabeçoalhas}}
{{paroxítona|ca|be|ço|a|lha|lang=gl}}, {{g|f}}
# [[cabeçalha]] do carro de vacas
===Sinónimos===
* Vide em: [[pinalha#{{gl}}|pinalha]]
=={{etimologia|gl}}==
: Da mesma origem que ''[[cabeçalha#{{gl}}|cabeçalha]]'' ou ''[[cabeçolha#{{gl}}|cabeçolha]]''.
[[Categoria:Substantivo (Galego)]]</text>
<sha1>sbqtyzubuedznb581fhyyxfct55esrv</sha1>
</revision>
