<page>
<page>
<title>cabelos</title>
<ns>0</ns>
<id>107928</id>
<revision>
<id>2311342</id>
<parentid>1799081</parentid>
<timestamp>2017-04-30T00:26:45Z</timestamp>
<contributor>
<username>HydrizBot</username>
<id>29590</id>
</contributor>
<minor />
<comment>Robô: A limpar links interwikis antigos</comment>
<model>wikitext</model>
<format>text/x-wiki</format>
<text bytes="136" xml:space="preserve">={{-pt-}}=
== Forma de substantivo == 
{{paroxítona|ca|be|los}}
# plural de [[cabelo]]
[[Categoria: Forma de substantivo (Português)]]</text>
<sha1>24gd979qqodxd74s4f3bbsvtr936fvw</sha1>
</revision>
