<page>
<title>caberies</title>
<ns>0</ns>
<id>390471</id>
<revision>
<id>2476568</id>
<timestamp>2018-01-11T19:04:15Z</timestamp>
<contributor>
<username>Imivorn</username>
<id>64513</id>
</contributor>
<comment>[[Ajuda:Guia de edição/Menus e ferramentas/Sumário de edição|→]] nova página: ={{-mwl-}}= ==Forma verbal== {{oxítona|ca|be|ries|língua=mwl}} # [[segunda pessoa]] do [[singular]] no co...</comment>
<model>wikitext</model>
<format>text/x-wiki</format>
<text bytes="228" xml:space="preserve">={{-mwl-}}=
==Forma verbal==
{{oxítona|ca|be|ries|língua=mwl}}
# [[segunda pessoa]] do [[singular]] no [[condicional]] do [[indicativo]] de [[caber#{{mwl}}|caber]]
{{avi-for-fle|caber}}
[[Categoria:Forma verbal (Mirandês)]]</text>
<sha1>a97a5w61dwgw9m2hj928y0h92zwd97c</sha1>
</revision>
</page>
