<page>
<title>cabiúna</title>
<ns>0</ns>
<id>87569</id>
<revision>
<id>1365457</id>
<parentid>1194240</parentid>
<timestamp>2012-01-14T11:41:45Z</timestamp>
<contributor>
<username>ValJor</username>
<id>1358</id>
</contributor>
<comment>Eliminando uso de __NOEDITSECTION__</comment>
<model>wikitext</model>
<format>text/x-wiki</format>
<text bytes="245" xml:space="preserve">={{-pt-}}=
==Substantivo==
{{flex.pt|fs=cabiúna|fp=cabiúnas}}
{{paroxítona|ca|bi|ú|na}}
# {{escopo|Brasil}} [[espécie]] de [[jacarandá]]
[[Categoria:Substantivo (Português)]]
[[Categoria:Árvore (Português)]]
[[Categoria:Brasileirismo]]</text>
<sha1>9t1e63y7qv5ukj5rywpwswg7khw6zqp</sha1>
</revision>
</page>
