<page>
<title>cabinda</title>
<ns>0</ns>
<id>258940</id>
<revision>
<id>2311359</id>
<parentid>2117469</parentid>
<timestamp>2017-04-30T00:27:32Z</timestamp>
<contributor>
<username>HydrizBot</username>
<id>29590</id>
</contributor>
<minor />
<comment>Robô: A limpar links interwikis antigos</comment>
<model>wikitext</model>
<format>text/x-wiki</format>
<text bytes="147" xml:space="preserve">={{-pt-}}=
==Substantivo==
{{paroxítona|ca|bin|da}}
# vide [[quicongo]]
[[Categoria:Substantivo (Português)]]
[[Categoria:Língua (Português)]]</text>
<sha1>rxk9kiboykst7ke7tkrcjl84yvrngpf</sha1>
</revision>
</page>
