<page>
<title>cabisbaixos</title>
<ns>0</ns>
<id>160003</id>
<revision>
<id>2311367</id>
<parentid>1750339</parentid>
<timestamp>2017-04-30T00:27:49Z</timestamp>
<contributor>
<username>HydrizBot</username>
<id>29590</id>
</contributor>
<minor />
<comment>Robô: A limpar links interwikis antigos</comment>
<model>wikitext</model>
<format>text/x-wiki</format>
<text bytes="134" xml:space="preserve">={{-pt-}}=
==Forma de adjetivo==
'''cabisbaixos''' {{p}}
#plural de '''[[cabisbaixo]]'''
[[Categoria:Forma de adjetivo (Português)]]</text>
<sha1>3kct9qgao6ufnhdun9kyqjosq0isncy</sha1>
</revision>
</page>
