<page>
<title>cabien</title>
<ns>0</ns>
<id>390453</id>
<revision>
<id>2476548</id>
<timestamp>2018-01-11T18:48:54Z</timestamp>
<contributor>
<username>Imivorn</username>
<id>64513</id>
</contributor>
<comment>[[Ajuda:Guia de edição/Menus e ferramentas/Sumário de edição|→]] nova página: ={{-mwl-}}= ==Forma verbal== {{paroxítona|ca|bi|en|língua=mwl}} # [[terceira pessoa]] do [[plural]] no pr...</comment>
<model>wikitext</model>
<format>text/x-wiki</format>
<text bytes="240" xml:space="preserve">={{-mwl-}}=
==Forma verbal==
{{paroxítona|ca|bi|en|língua=mwl}}
# [[terceira pessoa]] do [[plural]] no [[pretérito imperfeito]] do [[indicativo]] de [[caber#Mirandês|caber]]
{{avi-for-fle|caber}}
[[Categoria:Forma verbal (Mirandês)]]</text>
<sha1>bryef8mhyqh0su2ayxnjll1slfk2wgy</sha1>
</revision>
</page>
