<page>
<title>cabimento</title>
<ns>0</ns>
<id>73260</id>
<revision>
<id>2617365</id>
<parentid>1205812</parentid>
<timestamp>2021-02-01T03:41:40Z</timestamp>
<contributor>
<username>MarxavBot</username>
<id>80155</id>
</contributor>
<minor />
<comment>AFI Portugal</comment>
<model>wikitext</model>
<format>text/x-wiki</format>
<text bytes="219" xml:space="preserve">={{-pt-}}=
==Substantivo==
{{paroxítona|ca|bi|men|to}} ''masculino ''
# [[aceitação]]
# [[oportunidade]]
=={{pronúncia|pt}}==
===Portugal===
* AFI: {{AFI|/kɐ.bi.ˈmẽ.tu/}}
[[Categoria:Substantivo (Português)]]</text>
<sha1>elt9zn6pt0w967lqu7mqcxdmrbffksv</sha1>
</revision>
</page>
