<page>
<title>cabilda</title>
<ns>0</ns>
<id>256471</id>
<revision>
<id>2681818</id>
<parentid>993492</parentid>
<timestamp>2022-06-26T13:12:11Z</timestamp>
<contributor>
<username>ValJor</username>
<id>1358</id>
</contributor>
<comment>Já fazia mais de dez anos que ninguém atualizava esse verbete</comment>
<model>wikitext</model>
<format>text/x-wiki</format>
<text bytes="434" xml:space="preserve">={{-pt-}}=
==Substantivo==
{{flex.pt|fs=cabilda|fp=cabildas}}
{{paroxítona|ca|bil|da}}, {{gramática|f}}
# nome comum a diversas [[tribo]]s [[nômade]]s da [[África]]
# [[tribo]]
# [[malta]]; [[súcia]]; [[bando]]
=={{etimologia|pt}}==
: Do {{etm|ar|pt}}.
==Ligações externas==
* {{Aulete}}
* {{Michaelis}}
* {{DicioAberto}}
* {{DLPO}}
* {{Infopédia}}
* {{PLP}}
* {{VOLPABL}}
* {{Dicio}}
[[Categoria:Substantivo (Português)]]</text>
<sha1>5ivbm90kwrlh1p4pk4ajggigmpykprg</sha1>
</revision>
</page>
