<page>
<page>
<title>cabidale</title>
<ns>0</ns>
<id>34269</id>
<revision>
<id>1296933</id>
<parentid>200454</parentid>
<timestamp>2011-11-22T23:49:18Z</timestamp>
<contributor>
<username>MalafayaBot</username>
<id>628</id>
</contributor>
<minor />
<comment>Robô: Substituição de texto automática (-^\=(\s*?)Sardo(\s*?)\= +={{-sc-}}= &amp; -^\=(\s*?)\{\{sc\}\}(\s*?)\= +={{-sc-}}=)</comment>
<model>wikitext</model>
<format>text/x-wiki</format>
<text bytes="90" xml:space="preserve">={{-sc-}}=
==Substantivo==
'''cabidale'''
# [[almofada]]
[[Categoria:Substantivo (Sardo)]]</text>
<sha1>d8d52obtndhrkd4f9pcgu8r6g6bb6jw</sha1>
</revision>
