<page>
<title>cabina</title>
<ns>0</ns>
<id>12201</id>
<revision>
<id>2640446</id>
<parentid>2611557</parentid>
<timestamp>2021-07-03T12:09:40Z</timestamp>
<contributor>
<username>Cpls</username>
<id>20608</id>
</contributor>
<model>wikitext</model>
<format>text/x-wiki</format>
<text bytes="1080" xml:space="preserve">={{-pt-}}=
==Substantivo==
{{flex.pt|fs=cabina|fp=cabinas}}
{{paroxítona|ca|bi|na}}, {{+info|data=1913}}
# [[compartimento]] de [[navio]] ou [[caminho-de-ferro]]
# [[pequeno]] [[compartimento]] [[isolado]] para [[diversos]] [[fim|fins]]
# {{escopo|pt|Aeronáutica}} [[compartimento]] no qual localizam-se os controles de voo de aeronave e que é destinado a ocupação daquele que faz a pilotagem
# [[compartimento]] no qual localizam-se os controles de direção de caminhão e que é destinado a ocupação daquele que faz a [[guiagem]]
===Variante ortográfica===
* [[cabine]]
===Sinônimos===
* De '''3''': {{escopo2|estrangeirismo}} ''[[cockpit]]
===Tradução===
{{tradini}}
* {{trad|es|cabina}}
* {{trad|fr|cabine}}
{{tradmeio}}
* {{trad|en|cabin}}
{{tradfim}}
===Verbetes derivados===
* [[cabineiro]]
=={{etimologia|pt}}==
{{llietimo|fr|cabine|pt}}
=={{pronúncia|pt}}==
===Portugal===
* AFI: {{AFI|/ka.ˈbi.nɐ/}}
[[Categoria:Substantivo (Português)]]
={{-es-}}=
==Substantivo==
'''cabina'''
# [[cabina#Português|cabina]]
[[Categoria:Substantivo (Espanhol)]]</text>
<sha1>9cln4egdn152m0miuzjy9a26awhh6rz</sha1>
</revision>
</page>
