<page>
<page>
<title>cabisbaixo</title>
<ns>0</ns>
<id>152837</id>
<revision>
<id>2613132</id>
<parentid>2311365</parentid>
<timestamp>2021-01-31T13:54:22Z</timestamp>
<contributor>
<username>Marxav</username>
<id>73271</id>
</contributor>
<minor />
<comment>AFI Portugal</comment>
<model>wikitext</model>
<format>text/x-wiki</format>
<text bytes="373" xml:space="preserve">={{-pt-}}=
==Adjetivo==
{{flex.pt|cabisbaixo|cabisbaixos|cabisbaixa|cabisbaixas}}
{{paroxítona|ca|bis|bai|xo}}, {{m}}
#que [[traz]] a [[cabeça]] [[baixa]] ou [[inclinada]]
#[[triste]], [[melancólico]]
=={{etimologia|pt}}==
:De ''[[capitis]]'' + ''[[baixo]]''
=={{pronúncia|pt}}==
===Portugal===
* AFI: {{AFI|/kɐ.biʒ.ˈbaj.ʃu/}}
[[Categoria:Adjetivo (Português)]]</text>
<sha1>carj5mb3wtqhu3ay5oyel4dmzcv31xt</sha1>
</revision>
