<page>
<page>
<title>cabichete</title>
<ns>0</ns>
<id>436620</id>
<revision>
<id>2645341</id>
<timestamp>2021-08-14T14:44:43Z</timestamp>
<contributor>
<username>Cpls</username>
<id>20608</id>
</contributor>
<comment>[[Ajuda:Guia de edição/Menus e ferramentas/Sumário de edição|→]] nova página: ={{-gl-}}= ==Substantivo== {{flex.gl|ms=cabichete|mp=cabichetes}} {{paroxítona|ca|bi|che|te|lang=gl}}, {{g|m}} # {{escopo|gl|Náutica}} [[escotilha]], [[tampa]] no [[convés]] ou coberta que dá passo para um compartimento no [[porão]]  =={{etimologia|gl}}== : Confronte-se com {{etimo|gl|cabuchete}}.  [[Categoria:Substantivo (Galego)]]</comment>
<model>wikitext</model>
<format>text/x-wiki</format>
<text bytes="339" xml:space="preserve">={{-gl-}}=
==Substantivo==
{{flex.gl|ms=cabichete|mp=cabichetes}}
{{paroxítona|ca|bi|che|te|lang=gl}}, {{g|m}}
# {{escopo|gl|Náutica}} [[escotilha]], [[tampa]] no [[convés]] ou coberta que dá passo para um compartimento no [[porão]]
=={{etimologia|gl}}==
: Confronte-se com {{etimo|gl|cabuchete}}.
[[Categoria:Substantivo (Galego)]]</text>
<sha1>t938xc9201ms99wts81pdwhk9njywrk</sha1>
</revision>
