<page>
<page>
<title>cabila</title>
<ns>0</ns>
<id>31046</id>
<revision>
<id>2311357</id>
<parentid>1263230</parentid>
<timestamp>2017-04-30T00:27:28Z</timestamp>
<contributor>
<username>HydrizBot</username>
<id>29590</id>
</contributor>
<minor />
<comment>Robô: A limpar links interwikis antigos</comment>
<model>wikitext</model>
<format>text/x-wiki</format>
<text bytes="3705" xml:space="preserve">={{-pt-}}=
==Adjetivo==
{{flex.pt|s=cabila|p=cabilas|s-div=ca.{{grifar|bi}}.la|p-div=ca.{{grifar|bi}}.las}}
{{paroxítona|ca|bi|la}}
# relativo à [[Cabília]] ([[Argélia]])
# relativo a seus [[habitante]]s
# relativo ao [[povo]] cabila
# {{escopo|Linguística}} relativo ao [[idioma]] cabila
===Tradução===
{{tradini}}
* {{trad|de|kabylisch}}
* {{trad|br|kabilek}}
* {{trad|kab|Taqbaylit}}
* {{trad|ca|cabilenc}}
* {{trad|da|kabylsk}}
* {{trad|es|cabilio}}
* {{trad|eo|kabila}}
* {{trad|fr|kabyle}}
{{tradmeio}}
* {{trad|gl|cabilio}}
* {{trad|hu|kabil}}
* {{trad|en|Kabyle}}
* {{trad|it|cabilo}}
* {{trad-|mk|кабилски|(kabilski)}}
* {{trad|no|kabylsk}}
* {{trad|nn|kabylsk}}
* {{trad|pl|kabylski}}
{{tradfim}}
==Substantivo==
{{flex.pt|s=cabila|p=cabilas|s-div=ca.{{grifar|bi}}.la|p-div=ca.{{grifar|bi}}.las}}
{{paroxítona|ca|bi|la}}
# [[natural]] da [[Cabília]] ([[Argélia]])
# [[indivíduo]] dos [[cabilas]]
{{pularLinhas|2}}
{{flex.pt|ms=cabila|-|s-div=ca.{{grifar|bi}}.la}}
{{paroxítona|ca|bi|la}}
#{{cont|3}} {{escopo|Linguística}} [[idioma]] [[berbere]] falado na [[Argélia]]
===Tradução===
{{tradini|De 1 e 2 (Indivíduo)}}
* {{trad|de|Kabylisch}}
* {{trad|kab|Leqbayel|Taqbaylit|leqbayel}}
* {{trad|ca|cabilenc}}
* {{trad|da|Kabylien}}
* {{trad|es|cabilio}}
* {{trad|eo|kabilo}}
* {{trad|fr|Kabyle}}
* {{trad|gl|cabilio}}
{{tradmeio}}
* {{trad|hu|kabil}}
* {{trad|en|Kabyle}}
* {{trad|it|cabilo}}
* {{trad-|mk|кабил|(kabil)}}
* {{trad|no|kabyler}}
* {{trad|pl|Kabylów}}
* {{trad-|ru|кабилы|(kabi´lý)}}
* {{trad-|sr|кабил|(kabil)}}, {{xlatio|sr|kabil|}}
* {{trad|sv|kabyler}}
{{tradfim}}
{{tradini|De 3 (Língua)}}
* {{trad|de|Kabylisch}}
* {{trad|an|cabilo|cabilián|cabilense}}
* {{trad|eu|kabiliarra}}
* {{trad|br|kabileg|c'habileg}}
* {{trad|kab|Taqbaylit|taqbaylit}}, {{xlatio|kab|ثاقبايليث|(thaqbaylyth)}}
* {{trad|ca|cabilenc}}
* {{trad|da|kabylsk}}
* {{trad|es|cabilio|cabil|kabyle}}
* {{trad|eo|kabila}}
* {{trad|fr|kabyle}}
* {{trad|gl|cabilio}}
* {{trad|nl|Kabyle}}
{{tradmeio}}
* {{trad|hu|kabil}}
* {{trad|en|Kabyle}}
* {{trad|it|cabilo}}
* {{trad|lt|kabilų}}
* {{trad-|mk|кабилски|(kabilski)}}
* {{trad|no|kabylsk}}
* {{trad|nn|kabylsk}}
* {{trad|pl|kabylski}}
* {{trad-|ru|кабильский|(kabil'skiy)}}
* {{trad-|sr|кабилски|(kabilski)}}, {{xlatio|sr|kabilski|}}
* {{trad|hsb|kabylišćina}}
* {{trad|sw|Kikabylia}}
* {{trad|sv|kabyliska}}
{{tradfim}}
=={{etimologia|pt}}==
: Do [[árabe]] {{xlatio|ar|قبيلة|(qabīla)}}, &quot;[[tribo]]&quot;.
=={{pronúncia|pt}}==
* [[AFI]]: {{AFI|/ka.ˈbi.la/}}
* [[X-SAMPA]]: /ka.&quot;bi.l@/
==Ver também==
===No Wikcionário===
{{verTambém.Ini}}
* [[tamasheq]]
* [[tarifit]]
{{verTambém.NovaColuna}}
* [[tashelhit]]
* [[tamazight]]
{{verTambém.Fim}}
===Na Wikipédia===
{{verTambém.Ini}}
* [[w:Argélia|Argélia]]
{{verTambém.NovaColuna}}
* [[w:Cabília|Cabília]]
{{verTambém.NovaColuna}}
* [[w:Línguas semíticas|línguas semíticas]]
{{verTambém.Fim}}
[[Categoria:Adjetivo (Português)]]
[[Categoria:Substantivo (Português)]]
[[Categoria:Gentílico (Português)]]
[[Categoria:Língua (Português)]]
={{-it-}}=
==Forma de Adjetivo==
{{flex.it|[[cabilo]]|[[cabili]]|[[cabila]]|[[cabile]]|ms-div=ca.{{grifar|bi}}.lo|mp-div=ca.{{grifar|bi}}.li|fs-div=ca.{{grifar|bi}}.la|fp-div=ca.{{grifar|bi}}.le}}
'''ca.{{grifar|bi}}.la''' {{f}}
# [[forma]] [[feminino|feminina]] [[singular]] de '''''[[cabilo#{{it}}|cabilo]]''''':
## [[cabila#{{pt}}|cabila]]
{{pularLinhas|2}}
=={{pronúncia|it}}==
* [[AFI]]: {{AFI|/ka.ˈbi.la/}}
* [[X-SAMPA]]: /ka.&quot;bi.la/
[[Categoria:Forma de adjetivo (Italiano)]]
[[Categoria:Trissílabo (Italiano)]]
[[Categoria:Paroxítona (Italiano)]]</text>
<sha1>85y7r0yecxwsffmm8s7apxej6volw9n</sha1>
</revision>
