<page>
<page>
<title>Cabixi</title>
<ns>0</ns>
<id>144131</id>
<revision>
<id>2266304</id>
<parentid>1199604</parentid>
<timestamp>2017-04-26T15:22:54Z</timestamp>
<contributor>
<username>HydrizBot</username>
<id>29590</id>
</contributor>
<minor />
<comment>Robô: A limpar links interwikis antigos</comment>
<model>wikitext</model>
<format>text/x-wiki</format>
<text bytes="252" xml:space="preserve">={{-pt-}}=
{{Wikipédia}}
==Substantivo==
'''Cabixi''' {{pr}}
#[[município]] [[brasileiro]] do [[estado]] de [[Rondônia]]
==Ver também==
*[[Apêndice:Municípios do estado de Rondônia]]
[[Categoria:Município do estado de Rondônia (Português)]]</text>
<sha1>tw0kwp8qj81adwtmd5spu8lzrr4r32n</sha1>
</revision>
