<page>
<page>
<title>cabies</title>
<ns>0</ns>
<id>390450</id>
<revision>
<id>2476545</id>
<timestamp>2018-01-11T18:47:29Z</timestamp>
<contributor>
<username>Imivorn</username>
<id>64513</id>
</contributor>
<comment>[[Ajuda:Guia de edição/Menus e ferramentas/Sumário de edição|→]] nova página: ={{-mwl-}}= ==Forma verbal== {{paroxítona|ca|bi|es|língua=mwl}} # [[segunda pessoa]] do [[singular]] no p...</comment>
<model>wikitext</model>
<format>text/x-wiki</format>
<text bytes="241" xml:space="preserve">={{-mwl-}}=
==Forma verbal==
{{paroxítona|ca|bi|es|língua=mwl}}
# [[segunda pessoa]] do [[singular]] no [[pretérito imperfeito]] do [[indicativo]] de [[caber#Mirandês|caber]]
{{avi-for-fle|caber}}
[[Categoria:Forma verbal (Mirandês)]]</text>
<sha1>jjensnyybz6o4hrhy3i8vu73arvh6nf</sha1>
</revision>
