<page>
<page>
<title>cabineiro</title>
<ns>0</ns>
<id>87567</id>
<revision>
<id>2070995</id>
<parentid>1194238</parentid>
<timestamp>2016-03-14T15:12:10Z</timestamp>
<contributor>
<username>Luan</username>
<id>1279</id>
</contributor>
<comment>/* Substantivo */aplicação de 'subst:' em [[predefinição:flex.pt.masc.o]] utilizando [[Project:AutoWikiBrowser|AWB]]</comment>
<model>wikitext</model>
<format>text/x-wiki</format>
<text bytes="285" xml:space="preserve">={{-pt-}}=
==Substantivo==
{{flex.pt|ms=cabineiro|mp=cabineiros|ms-div=ca.bi.&lt;u&gt;nei&lt;/u&gt;.ro|mp-div=ca.bi.&lt;u&gt;nei&lt;/u&gt;.ros}}
'''cabineiro''' ''masculino'' {{+info|data=1913}}
# {{escopoUso|Brasil|pt}} [[aquele]] [[que]] [[trata]] [[de]] [[cabina]]s.
[[Categoria:Substantivo (Português)]]</text>
<sha1>3cy8p8zj85c0t4a2gqyjccxkrejg58d</sha1>
</revision>
