<page>
<title>cabisbaixa</title>
<ns>0</ns>
<id>160004</id>
<revision>
<id>2311363</id>
<parentid>1750342</parentid>
<timestamp>2017-04-30T00:27:44Z</timestamp>
<contributor>
<username>HydrizBot</username>
<id>29590</id>
</contributor>
<minor />
<comment>Robô: A limpar links interwikis antigos</comment>
<model>wikitext</model>
<format>text/x-wiki</format>
<text bytes="135" xml:space="preserve">={{-pt-}}=
==Forma de adjetivo==
'''cabisbaixa''' {{f}}
#feminino de '''[[cabisbaixo]]'''
[[Categoria:Forma de adjetivo (Português)]]</text>
<sha1>cf1vtvrqtwnznkkgmpzg57iilwz1eym</sha1>
</revision>
</page>
