<page>
<page>
<title>cabicha</title>
<ns>0</ns>
<id>436531</id>
<revision>
<id>2645058</id>
<timestamp>2021-08-11T14:52:42Z</timestamp>
<contributor>
<username>Cpls</username>
<id>20608</id>
</contributor>
<comment>[[Ajuda:Guia de edição/Menus e ferramentas/Sumário de edição|→]] nova página: ={{-gl-}}= ==Substantivo== {{flex.gl|fs=cabicha|fp=cabichas}} {{paroxítona|ca|bi|cha|lang=gl}}, {{g|f}} # [[beata]] de cigarro  ==={{-varort-}}=== * [[cabecha#{{gl}}|cabecha]]  [[Categoria:Substantivo (Galego)]]</comment>
<model>wikitext</model>
<format>text/x-wiki</format>
<text bytes="212" xml:space="preserve">={{-gl-}}=
==Substantivo==
{{flex.gl|fs=cabicha|fp=cabichas}}
{{paroxítona|ca|bi|cha|lang=gl}}, {{g|f}}
# [[beata]] de cigarro
==={{-varort-}}===
* [[cabecha#{{gl}}|cabecha]]
[[Categoria:Substantivo (Galego)]]</text>
<sha1>5221siaim4808h9s92b9jncbekg761l</sha1>
</revision>
