<page>
<title>cabildru</title>
<ns>0</ns>
<id>435637</id>
<revision>
<id>2642490</id>
<timestamp>2021-07-13T13:48:27Z</timestamp>
<contributor>
<username>Cpls</username>
<id>20608</id>
</contributor>
<comment>[[Ajuda:Guia de edição/Menus e ferramentas/Sumário de edição|→]] nova página: ={{-ast-}}= ==Substantivo== {{flex.ast|ms=cabildru|mp=cabildros}} {{paroxítona|ca|bil|dru|lang=ast}}, {{gramática|m|lang=ast}} # [[pórtico]], átrio, [[coberto]] na frente da igreja ou alguns edifícios  ==={{-varort-}}=== * [[cabeldru#{{ast}}|cabeldru]], [[cabildu#{{ast}}|cabildu]], [[cabidriu#{{ast}}|cabidriu]], [[cabidru#{{ast}}|cabidru]], [[cabríu#{{ast}}|cabríu]]  =={{etimologia|ast}}== {{llietim...</comment>
<model>wikitext</model>
<format>text/x-wiki</format>
<text bytes="517" xml:space="preserve">={{-ast-}}=
==Substantivo==
{{flex.ast|ms=cabildru|mp=cabildros}}
{{paroxítona|ca|bil|dru|lang=ast}}, {{gramática|m|lang=ast}}
# [[pórtico]], átrio, [[coberto]] na frente da igreja ou alguns edifícios
==={{-varort-}}===
* [[cabeldru#{{ast}}|cabeldru]], [[cabildu#{{ast}}|cabildu]], [[cabidriu#{{ast}}|cabidriu]], [[cabidru#{{ast}}|cabidru]], [[cabríu#{{ast}}|cabríu]]
=={{etimologia|ast}}==
{{llietimo|la|capitulum|ast}} Confronte-se com o galego {{etimo|gl|cabildro}}.
[[Categoria:Substantivo (Asturiano)]]</text>
<sha1>cygojze4ikv8g26q3jhuttidj56yt26</sha1>
</revision>
</page>
