<page>
<page>
<title>cabisses</title>
<ns>0</ns>
<id>390486</id>
<revision>
<id>2476587</id>
<timestamp>2018-01-11T19:16:56Z</timestamp>
<contributor>
<username>Imivorn</username>
<id>64513</id>
</contributor>
<comment>[[Ajuda:Guia de edição/Menus e ferramentas/Sumário de edição|→]] nova página: ={{-mwl-}}= ==Forma verbal== {{paroxítona|ca|bis|ses|língua=mwl}} # [[segunda pessoa]] do [[singular]] no [...</comment>
<model>wikitext</model>
<format>text/x-wiki</format>
<text bytes="230" xml:space="preserve">={{-mwl-}}=
==Forma verbal==
{{paroxítona|ca|bis|ses|língua=mwl}}
# [[segunda pessoa]] do [[singular]] no [[imperfeito]] do [[conjuntivo]] de [[caber#{{mwl}}|caber]]
{{avi-for-fle|caber}}
[[Categoria:Forma verbal (Mirandês)]]</text>
<sha1>7vfettl03t9ponm2gvvqbrhm4pc6ne7</sha1>
</revision>
