<page>
<title>cabildu</title>
<ns>0</ns>
<id>435636</id>
<revision>
<id>2642495</id>
<parentid>2642489</parentid>
<timestamp>2021-07-13T15:35:55Z</timestamp>
<contributor>
<username>Cpls</username>
<id>20608</id>
</contributor>
<comment>/* Substantivo */</comment>
<model>wikitext</model>
<format>text/x-wiki</format>
<text bytes="495" xml:space="preserve">={{-ast-}}=
==Substantivo==
{{flex.ast|ms=cabildu|mp=cabildos}}
{{paroxítona|ca|bil|du|lang=ast}}, {{gramática|m|lang=ast}}
# [[pórtico]], átrio, [[coberto]] na frente da igreja ou alguns edifícios
# lugar onde se reúne a [[assembleia]] vizinhal
# [[assembleia]] vizinhal
==={{-varort-}}===
* Vide em [[cabildru#{{ast}}|cabildru]]
=={{etimologia|ast}}==
{{llietimo|la|capitulum|ast}} Confronte-se com [[cabido]] e com o galego {{etimo|gl|cabildo}}.
[[Categoria:Substantivo (Asturiano)]]</text>
<sha1>hkibs6tujii33ndlqr98v0gis8p3mfx</sha1>
</revision>
</page>
