<page>
<page>
<title>cabine</title>
<ns>0</ns>
<id>126892</id>
<revision>
<id>2615585</id>
<parentid>2418915</parentid>
<timestamp>2021-01-31T22:39:46Z</timestamp>
<contributor>
<username>MarxavBot</username>
<id>80155</id>
</contributor>
<minor />
<comment>AFI Portugal</comment>
<model>wikitext</model>
<format>text/x-wiki</format>
<text bytes="264" xml:space="preserve">={{-pt-}}=
==Substantivo==
{{flex.pt|fs=cabine|fp=cabines}}
{{paroxítona|ca|bi|ne}}, {{gramática|f}} {{+info|data=século XX}}
# o [[mesmo]] que [[cabina]]
=={{pronúncia|pt}}==
===Portugal===
* AFI: {{AFI|/ka.ˈbi.nɨ/}}
[[Categoria:Substantivo (Português)]]</text>
<sha1>h2shseuc9s4fs8rhnnfmp885qb5rhdp</sha1>
</revision>
