<page>
<title>cabide</title>
<ns>0</ns>
<id>331830</id>
<revision>
<id>2601099</id>
<parentid>2583977</parentid>
<timestamp>2020-11-04T15:09:52Z</timestamp>
<contributor>
<username>Cpls</username>
<id>20608</id>
</contributor>
<comment>/* {{-pt-}} */  para tirar pendural das órfãs</comment>
<model>wikitext</model>
<format>text/x-wiki</format>
<text bytes="1523" xml:space="preserve">{{Wikipédia}}
[[File:Etrusco_43_CB.jpg|300px|right]]
={{-pt-}}=
==Substantivo==
{{flex.pt|ms=cabide|mp=cabides}}
{{paroxítona|ca|bi|de}}, {{g|m}}
# [[suporte]] no qual se colocam [[roupa]]s
===Expressões===
* [[cabide de empregos]]
===Sinônimos===
{{verTambém.Ini}}
* [[cruzeta]]
{{verTambém.NovaColuna}}
* [[ombreira]]
{{verTambém.Fim}}
===Tradução===
{{tradini|de 1 (suporte no qual se colocam roupas)}}
*  {{t|de|Kleiderbügel|m}}
*  {{trad|be|вешалка}}
*  {{trad|bg|закачалка}}
*  {{trad|yue|衫架}}
*  {{t|ca|penja-robes|m}}
*  {{trad|zh|衣架}}
*  {{t|es|percha|f}}
*  {{trad|eo|vestarko}}
*  {{trad|et|riidepuu}}
*  {{trad|fi|vaateripustin}}
*  {{t|fr|cintre|m}}
*  {{trad|el|κρεμάστρα}}
*  {{trad|he|קולב}}
*  {{t|nl|kledinghanger|m}}
{{tradmeio}}
*  {{trad|en|clothes hanger}}
*  {{t|it|gruccia|f}}
*  {{t|ja|衣紋掛け|emonkake}}, {{t|ja|ハンガー|hangā}}
*  {{trad|jv|hanger}}
*  {{trad|lt|pakaba}}
*  {{trad|lb|Kleederbigel}}
*  {{trad|no|kleshenger}}
*  {{trad|fa|جالباسی}}
*  {{trad|ru|вешалка}}
*  {{trad|sr|офингер}}
*  {{trad|scn|cruccia}}
*  {{trad|sv|klädhängare}}
*  {{trad|uk|плічка}}
{{tradfim}}
=={{pronúncia|pt}}==
===Brasil===
* [[AFI]]: /ka.ˈbi.d͡ʒi/
===Sul do Brasil===
* [[AFI]]: /ka.ˈbi.de/
===Portugal===
* [[AFI]]: /kɐ.ˈβi.ðɨ/
==Ver também==
===No Wikcionário===
* [[pendural]]
[[Categoria:Substantivo (Português)]]
[[Categoria:Objeto (Português)]]
[[Categoria:Entrada com imagem (Português)]]</text>
<sha1>863vn4nsk4ib2ml0qp5c5w8w4v9xfqu</sha1>
</revision>
</page>
