<page>
<page>
<title>cabisbaixas</title>
<ns>0</ns>
<id>160005</id>
<revision>
<id>2311364</id>
<parentid>1750341</parentid>
<timestamp>2017-04-30T00:27:46Z</timestamp>
<contributor>
<username>HydrizBot</username>
<id>29590</id>
</contributor>
<minor />
<comment>Robô: A limpar links interwikis antigos</comment>
<model>wikitext</model>
<format>text/x-wiki</format>
<text bytes="149" xml:space="preserve">={{-pt-}}=
==Forma de adjetivo==
'''cabisbaixas''' {{f}} {{p}}
#feminino plural de '''[[cabisbaixo]]'''
[[Categoria:Forma de adjetivo (Português)]]</text>
<sha1>28fewmbxou0mlvs551u3iyt5hum34f1</sha1>
</revision>
