<page>
<page>
<title>cabiemos</title>
<ns>0</ns>
<id>390451</id>
<revision>
<id>2476546</id>
<timestamp>2018-01-11T18:47:51Z</timestamp>
<contributor>
<username>Imivorn</username>
<id>64513</id>
</contributor>
<comment>[[Ajuda:Guia de edição/Menus e ferramentas/Sumário de edição|→]] nova página: ={{-mwl-}}= ==Forma verbal== {{paroxítona|ca|bie|mos|língua=mwl}} # [[primeira pessoa]] do [[plural]] no ...</comment>
<model>wikitext</model>
<format>text/x-wiki</format>
<text bytes="242" xml:space="preserve">={{-mwl-}}=
==Forma verbal==
{{paroxítona|ca|bie|mos|língua=mwl}}
# [[primeira pessoa]] do [[plural]] no [[pretérito imperfeito]] do [[indicativo]] de [[caber#Mirandês|caber]]
{{avi-for-fle|caber}}
[[Categoria:Forma verbal (Mirandês)]]</text>
<sha1>thiun0way3wf6z1ka13kxocwcm8l5aq</sha1>
</revision>
