<page>
<page>
<title>cablagem</title>
<ns>0</ns>
<id>278183</id>
<revision>
<id>2311368</id>
<parentid>1750338</parentid>
<timestamp>2017-04-30T00:27:50Z</timestamp>
<contributor>
<username>HydrizBot</username>
<id>29590</id>
</contributor>
<minor />
<comment>Robô: A limpar links interwikis antigos</comment>
<model>wikitext</model>
<format>text/x-wiki</format>
<text bytes="254" xml:space="preserve">={{-pt-}}=
==Substantivo==
{{flex.pt|fs=cablagem|fp=cablagens}}
{{paroxítona|ca|bla|gem}}
# ato ou efeito de [[cablar]]
# conjunto de [[cabo]]s
=={{etimologia|pt}}==
: {{escopo|Morfologia}} [[cablar]] + [[-gem]].
[[Categoria:Substantivo (Português)]]</text>
<sha1>4fze7ih5ph8qxtfca7ty2n6ldvabvvx</sha1>
</revision>
