<page>
<title>caboclo</title>
<ns>0</ns>
<id>165271</id>
<revision>
<id>2311379</id>
<parentid>2117467</parentid>
<timestamp>2017-04-30T00:28:11Z</timestamp>
<contributor>
<username>HydrizBot</username>
<id>29590</id>
</contributor>
<minor />
<comment>Robô: A limpar links interwikis antigos</comment>
<model>wikitext</model>
<format>text/x-wiki</format>
<text bytes="1414" xml:space="preserve">={{-pt-}}=
==Adjetivo==
{{flex.pt|caboclo|caboclos|cabocla|caboclas}}
{{paroxítona|ca|bo|clo}} {{m}}
#que [[tem]] a cor do [[cobre]], [[acobreado]]
==Substantivo==
{{paroxítona|ca|bo|clo}} {{m}}
#[[indígena]] [[brasileiro]] com a cor de pele semelhante à cor do [[cobre]]
#{{escopo|obsoleto}} [[mestiço]] de [[branco]] com [[índio]]
#[[tratamento]] equivalente a &quot;[[amigo]]&quot;, &quot;[[homem]]&quot; usado no interior do [[Brasil]]
#{{escopo|ictiologia}} peixe também conhecido como [[paramirim]]
#{{escopo|entomologia}} [[vespa]] ({{link opcional|Polistes canadensis}})
===Expressões===
*'''[[caboclo-d'água]]''': (Minas Gerais) nome de um [[mustelídeo]];  ser mitológico, de cabeça enorme, semelhante a uma roda de carro de bois, que mora nas ribanceiras quietas e silenciosas dos rios do Norte e Nordeste. É também chamado negro-d'água, Romão, Romãozinho, moleque-d'água, caboclo, bicho-d'água. Pl: caboclos-d'água.
*'''[[cabolco-lustroso]]''': [[magnetita]]
*'''[[caboclo-retorcido]]''': seixo rolado de jaspe ferruginoso e estratificado
*'''[[caboclo-velho]]''': (Amazonas) certo pássaro da família dos Buconídeos
*'''[[caboclo-vermelho]]''': [[hematita]]
=={{etimologia|pt}}==
:Do tupi ''[[kariuóka]]''
=={{pronúncia|pt}}==
*[[AFI]]: /kɐˈboklu/
[[Categoria:Adjetivo (Português)]]
[[Categoria:Substantivo (Português)]]
[[Categoria:Peixe (Português)]]
[[Categoria:Inseto (Português)]]</text>
<sha1>0qz8j0pnfipbwucyrbyiukc12ioaf81</sha1>
</revision>
</page>
