<page>
<page>
<title>cabocir</title>
<ns>0</ns>
<id>87273</id>
<revision>
<id>1312618</id>
<parentid>1211960</parentid>
<timestamp>2011-12-01T01:12:15Z</timestamp>
<contributor>
<username>O ec</username>
<id>26373</id>
</contributor>
<model>wikitext</model>
<format>text/x-wiki</format>
<text bytes="196" xml:space="preserve">={{-pt-}}=
==Substantivo==
'''ca.bo.cir''' {{m}}  
# {{escopo|Regionalismo, Guiné-Bissau}} [[chefe]] [[indígena]]
[[Categoria:Regionalismo (Português)]] 
[[Categoria:Substantivo (Português)]]</text>
<sha1>argyrgyodgq908b0y9xj832lvnoaqe0</sha1>
</revision>
