<page>
<title>cabotiá</title>
<ns>0</ns>
<id>103525</id>
<revision>
<id>1415460</id>
<parentid>1191288</parentid>
<timestamp>2012-05-28T13:21:50Z</timestamp>
<contributor>
<username>ValJor</username>
<id>1358</id>
</contributor>
<comment>Desfazendo link para [[Predefinição:flex.pt.masc.reg.ox]]</comment>
<model>wikitext</model>
<format>text/x-wiki</format>
<text bytes="659" xml:space="preserve">{{Wikipédia}}
={{-pt-}}=
==Substantivo==
{{flex.pt|ms=cabotiá|mp=cabotiás}}
{{oxítona|ca|bo|ti|á}}, ''masculino''
# com nome científico ''Cucurbita maxima x Cucurbita moschata'', é uma [[espécie]] [[híbrido|híbrida]] de [[abóbora]], resultante do [[cruzamento]] entre a [[abóbora]] (''Cucurbita moschata'') e a [[moranga]] (''Cucurbita maxima'')
===Sinônimo===
* [[abóbora japonesa]]
===Tradução===
{{tradini}}
* {{trad|en|Japanese pumpkin|kabocha squash}}
{{tradmeio}}
{{tradfim}}
=={{etimologia|pt}}==
: Do japonês [[カボチャ|kabocha]] ([[abóbora]]).
[[Categoria:Substantivo (Português)]]
[[Categoria:Alimentação (Português)]]</text>
<sha1>anbmkq2jenunl6xrr37gtye8wf6lmb0</sha1>
</revision>
</page>
