<page>
<page>
<title>cabouca</title>
<ns>0</ns>
<id>376627</id>
<revision>
<id>2518255</id>
<parentid>2257373</parentid>
<timestamp>2018-09-10T10:19:12Z</timestamp>
<contributor>
<username>Cpls</username>
<id>20608</id>
</contributor>
<comment>/* {{-gl-}} */</comment>
<model>wikitext</model>
<format>text/x-wiki</format>
<text bytes="340" xml:space="preserve">={{-gl-}}=
==Substantivo==
{{flex.gl|fs=cabouca|fp=caboucas}}
{{paroxítona|ca|bou|ca|lang=gl}}, {{g|f|lang=gl}}
# [[barranco]], vala produzida pela torrente das águas da chuva
# lugar [[fundo]]
=={{etimologia|gl}}==
: Confronte-se com ''[[caboucar#{{gl}}|caboucar]]'' e ''[[cavorca#{{gl}}|cavorca]]''.
[[Categoria:Substantivo (Galego)]]</text>
<sha1>5us3bkfqu62vwu06ykwvmd4oqziyz6q</sha1>
</revision>
