<page>
<title>cabouco</title>
<ns>0</ns>
<id>38232</id>
<revision>
<id>2311383</id>
<parentid>2257368</parentid>
<timestamp>2017-04-30T00:28:19Z</timestamp>
<contributor>
<username>HydrizBot</username>
<id>29590</id>
</contributor>
<minor />
<comment>Robô: A limpar links interwikis antigos</comment>
<model>wikitext</model>
<format>text/x-wiki</format>
<text bytes="1144" xml:space="preserve">={{-pt-}}=
==Substantivo==
{{flex.pt|ms=cabouco|mp=caboucos}}
{{paroxítona|ca|bou|co}}, {{g|m}}
# [[buraco]] feito no chão
# [[escavação]], qualquer escavação para lançamento de [[alicerce]]s de alguma coisa como de uma [[construção]] por exemplo
# no moinho de água, entalhe, pequena [[cova]] dentro da que gira o eixo do [[rodízio]] inferiormente
==={{-varort-}}===
* [[cavouco]]
[[Categoria:Substantivo (Português)]]
={{-gl-}}=
==Substantivo==
{{flex.gl|ms=cabouco|mp=caboucos}}
{{paroxítona|ca|bou|co|lang=gl}}, {{g|m|lang=gl}}
# [[cabouco#{{pt}}|cabouco]], [[buraco]] feito no chão
# [[cabouco#{{pt}}|cabouco]], [[escavação]]
# [[cabouco#{{pt}}|cabouco]], no moinho de água, entalhe, pequena [[cova]] dentro da que gira o eixo do [[rodízio]] inferiormente
# [[cabouco#{{pt}}|cabouco]], cova, gruta, mina
# [[barranco]]
# nas [[canteira]]s, buraco na pedra que recebe o barreno ou a pólvora para explodir e romper a rocha
# [[sumidoiro]] natural
# pequeno [[quarto]] estreito de uma vivenda
# [[casa]] pobre
=={{etimologia|gl}}==
: Confronte-se com ''[[cavorco#{{gl}}|cavorco]]''.
[[Categoria:Substantivo (Galego)]]</text>
<sha1>ld8zu8kja81txt3bt6g3knvq4yua6jb</sha1>
</revision>
</page>
