<page>
<title>cabograma</title>
<ns>0</ns>
<id>36818</id>
<revision>
<id>2616437</id>
<parentid>2311380</parentid>
<timestamp>2021-02-01T01:05:32Z</timestamp>
<contributor>
<username>MarxavBot</username>
<id>80155</id>
</contributor>
<minor />
<comment>AFI Portugal</comment>
<model>wikitext</model>
<format>text/x-wiki</format>
<text bytes="572" xml:space="preserve">={{-pt-}}=
==Substantivo==
{{flex.pt|ms=cabograma|mp=cabogramas}}
{{paroxítona|ca|bo|gra|ma}}
# [[mensagem]] [[telegráfico|telegráfica]] transmitida através de [[cabo]] [[submarino]]
===Tradução===
{{tradini}}
* {{trad|en|cablegram}}
{{tradmeio}}
{{tradfim}}
=={{etimologia|pt}}==
: Do [[inglês]] ''[[cablegram]]''.
=={{pronúncia|pt}}==
===Brasil===
====Carioca====
* [[AFI]]: /ka.bo.ˈgɾɐ.mɐ/
* [[X-SAMPA]]: /ka.bo.&quot;g46.m6/
===Portugal===
* AFI: {{AFI|/ka.bɔ.ˈɡɾɐ.mɐ/}}
[[Categoria:Substantivo (Português)]]
[[Categoria:Comunicação (Português)]]</text>
<sha1>m7silrd13d38qeg5mkz3f7u2c6yecpw</sha1>
</revision>
</page>
