<page>
<page>
<title>cabouqueiro</title>
<ns>0</ns>
<id>376631</id>
<revision>
<id>2257377</id>
<timestamp>2017-03-30T13:04:20Z</timestamp>
<contributor>
<username>Cpls</username>
<id>20608</id>
</contributor>
<comment>[[Ajuda:Guia de edição/Menus e ferramentas/Sumário de edição|→]] nova página: ={{-pt-}}= ==Substantivo== {{flex.pt|ms=cabouqueiro|mp=cabouqueiros|fs=cabouqueira|fp=cabouqueiras}} {{parox...</comment>
<model>wikitext</model>
<format>text/x-wiki</format>
<text bytes="412" xml:space="preserve">={{-pt-}}=
==Substantivo==
{{flex.pt|ms=cabouqueiro|mp=cabouqueiros|fs=cabouqueira|fp=cabouqueiras}}
{{paroxítona|ca|bou|quei|ro}}
# quem trabalha abrindo [[cabouco]]s, cavador
# [[pedreiro]] de canteira; mineiro
# {{escopo|pt|figurado}} iniciador, [[pioneiro]]
==={{-varort-}}===
* [[cavouqueiro]]
=={{etimologia|pt}}==
: {{escopo|Morfologia}} [[cabouco]] + [[-eiro]].
[[Categoria:Substantivo (Português)]]</text>
<sha1>2gox0ohfeozdaa4m9ikqv842jykvgzr</sha1>
</revision>
