<page>
<title>cabomen</title>
<ns>0</ns>
<id>344116</id>
<revision>
<id>1994358</id>
<parentid>1994355</parentid>
<timestamp>2015-09-02T07:36:48Z</timestamp>
<contributor>
<username>Lichiki</username>
<id>49629</id>
</contributor>
<model>wikitext</model>
<format>text/x-wiki</format>
<text bytes="129" xml:space="preserve">={{-pt-}}=
==Forma de substantivo==
'''cabomen''', {{p}}
# plural de [[caboman]]
[[Categoria:Forma de substantivo (Português)]]</text>
<sha1>npujge1fcmlmgr5ragrx02ayh8g3mwe</sha1>
</revision>
</page>
