<page>
<page>
<title>caboço</title>
<ns>0</ns>
<id>331501</id>
<revision>
<id>1863958</id>
<parentid>1863956</parentid>
<timestamp>2014-09-30T13:16:18Z</timestamp>
<contributor>
<username>Cpls</username>
<id>20608</id>
</contributor>
<model>wikitext</model>
<format>text/x-wiki</format>
<text bytes="356" xml:space="preserve">={{-gl-}}=
==Substantivo==
{{flex.gl|ms=caboço|mp=caboços}}
{{paroxítona|ca|bo|ço|lanng=gl}}, {{m}}
# [[espigueiro]], cabaceiro
# [[calabouço]]
===Sinônimo===
: '''De 2 (calabouço):'''
{{verTambém.Ini}}
* [[calabós#Galego|calabós]]
{{verTambém.NovaColuna}}
* [[caliboço#Galego|caliboço]]
{{verTambém.Fim}}
[[Categoria:Substantivo (Galego)]]</text>
<sha1>rzor5uk8qrz6c5c63ofwcow1vy7p756</sha1>
</revision>
