<page>
<page>
<title>caboman</title>
<ns>0</ns>
<id>344040</id>
<revision>
<id>1994359</id>
<parentid>1994354</parentid>
<timestamp>2015-09-02T07:37:27Z</timestamp>
<contributor>
<username>Lichiki</username>
<id>49629</id>
</contributor>
<model>wikitext</model>
<format>text/x-wiki</format>
<text bytes="1028" xml:space="preserve">={{-pt-}}=
==Substantivo==
{{flex.pt|ms=caboman|mp=cabomen}}
{{oxítona|ca|bo|man}}, {{m}}
# aquele que assiste ao [[cameramen]] ficando responsável para que a fiação que liga a câmera à fonte de energia e serve de linha de transmissão de dados não se tensione ou fique enrolada dificultando ou impedindo a operação da [[câmera]]
=={{etimologia|pt}}==
: Do inglês {{etimo|en|cableman}}.
==Ligações externas==
* [https://books.google.com/books?id=-2EEAAAAMBAJ&amp;pg=PT29&amp;dq=%22cabomen%22&amp;sa=X&amp;ved=0CB4Q6AEwAGoVChMIsPyn58XSxwIVA4aQCh3iAgD0#v=onepage&amp;q=%22cabomen%22&amp;f=false Google Books - citação 1]
* [https://books.google.com/books?id=SOYuAAAAYAAJ&amp;q=%22cabomen%22&amp;dq=%22cabomen%22&amp;sa=X&amp;ved=0CCIQ6AEwAWoVChMIsPyn58XSxwIVA4aQCh3iAgD0 Google Books - citação 2]
* [https://books.google.com/books?id=lb4dAQAAIAAJ&amp;q=%22cabomen%22&amp;dq=%22cabomen%22&amp;sa=X&amp;ved=0CCYQ6AEwAmoVChMIsPyn58XSxwIVA4aQCh3iAgD0 Google Books - citação 3]
[[Categoria:Substantivo (Português)]]
[[Categoria:Entrada de étimo inglês (Português)]]</text>
<sha1>ebiswqp0rlhxgy9vjx2j3fz9eltwb18</sha1>
</revision>
