<page>
<page>
<title>caboco</title>
<ns>0</ns>
<id>443504</id>
<revision>
<id>2675542</id>
<timestamp>2022-05-01T12:25:00Z</timestamp>
<contributor>
<username>Cpls</username>
<id>20608</id>
</contributor>
<comment>[[Ajuda:Guia de edição/Menus e ferramentas/Sumário de edição|→]] nova página: {{ver também|cáboco|cabocó}}  ={{-pt-}}= ==Substantivo&lt;sup&gt;1&lt;/sup&gt;== {{flex.pt|ms=caboco|mp=cabocos}} {{paroxítona|ca|bo|co}}, ''(ô)'' {{g|m}} # {{escopo|pt|Brasil}} [[caboclo]]  ==={{etimologia|pt}}=== {{llietimo|tpw|caá-boc|pt|ponto=não}} ou {{etimo|tpw|kuriboka}}.  ==Substantivo&lt;sup&gt;2&lt;/sup&gt;== {{flex.pt|ms=caboco|mp=cabocos}} {{paroxítona|ca|bo|co}}, {{g|m}} # {{escopo|pt|Trás-os-Montes}} veig...</comment>
<model>wikitext</model>
<format>text/x-wiki</format>
<text bytes="630" xml:space="preserve">{{ver também|cáboco|cabocó}}
={{-pt-}}=
==Substantivo&lt;sup&gt;1&lt;/sup&gt;==
{{flex.pt|ms=caboco|mp=cabocos}}
{{paroxítona|ca|bo|co}}, ''(ô)'' {{g|m}}
# {{escopo|pt|Brasil}} [[caboclo]]
==={{etimologia|pt}}===
{{llietimo|tpw|caá-boc|pt|ponto=não}} ou {{etimo|tpw|kuriboka}}.
==Substantivo&lt;sup&gt;2&lt;/sup&gt;==
{{flex.pt|ms=caboco|mp=cabocos}}
{{paroxítona|ca|bo|co}}, {{g|m}}
# {{escopo|pt|Trás-os-Montes}} [[veiga]] pequena
==={{etimologia|pt}}===
: Da mesma origem que [[cavouco]]. Confronte-se com o galego {{etimo|gl|cavoco}}.
==Ligações externas==
* {{DLPO}}
* {{Infopédia}}
* {{PLP}}
[[Categoria:Substantivo (Português)]]</text>
<sha1>rfw2ylrmyaqnm0sbwdsbqvgr4wwtbcy</sha1>
</revision>
