<page>
<page>
<title>cabos</title>
<ns>0</ns>
<id>151097</id>
<revision>
<id>2476543</id>
<parentid>2311381</parentid>
<timestamp>2018-01-11T18:45:19Z</timestamp>
<contributor>
<username>Imivorn</username>
<id>64513</id>
</contributor>
<model>wikitext</model>
<format>text/x-wiki</format>
<text bytes="289" xml:space="preserve">={{-pt-}}=
==Forma de substantivo==
'''cabos''' {{p}}
#plural de '''[[cabo]]'''
[[Categoria:Forma de substantivo (Português)]]
={{-mwl-}}=
==Forma de substantivo==
{{paroxítona|ca|bos|língua=mwl}}
# plural de '''[[cabo#{{mwl}}|cabo]]'''
[[Categoria:Forma de substantivo (Mirandês)]]</text>
<sha1>q37el4kqq05y8qw50kr6e8nl2me4f8n</sha1>
</revision>
