<page>
<page>
<title>cabotagens</title>
<ns>0</ns>
<id>330339</id>
<revision>
<id>1875391</id>
<parentid>1855799</parentid>
<timestamp>2014-12-01T17:01:38Z</timestamp>
<contributor>
<username>MIL973</username>
<id>41339</id>
</contributor>
<model>wikitext</model>
<format>text/x-wiki</format>
<text bytes="174" xml:space="preserve">={{-pt-}}=
==Forma de substantivo==
{{paroxítona|ca|bo|ta|gens}}, {{f}}
# plural de [[cabotagem]]
{{avi-for-fle|cabotagem}}
[[Categoria:Forma de substantivo (Português)]]</text>
<sha1>gatamsdvypyl2miyrvirtl8f3pclvoe</sha1>
</revision>
