<page>
<page>
<title>caboz</title>
<ns>0</ns>
<id>1843</id>
<revision>
<id>1227402</id>
<parentid>1192377</parentid>
<timestamp>2011-07-17T18:36:16Z</timestamp>
<contributor>
<username>ValJor</username>
<id>1358</id>
</contributor>
<comment>Desfazendo link para [[Português]] para poder deletar o redirecionamento para minúscula</comment>
<model>wikitext</model>
<format>text/x-wiki</format>
<text bytes="163" xml:space="preserve">={{-pt-}}=
==Substantivo==
{{oxítona|ca|boz}}
# [[peixe]] de [[zona]] [[rochoso|rochosa]]
[[Categoria:Substantivo (Português)]]
[[Categoria:Peixe (Português)]]</text>
<sha1>lbrgvgdvftrpodb6kpo20c8gjpzdql3</sha1>
</revision>
