<page>
<page>
<title>caboça</title>
<ns>0</ns>
<id>364784</id>
<revision>
<id>2171871</id>
<timestamp>2016-09-13T20:26:14Z</timestamp>
<contributor>
<username>Cpls</username>
<id>20608</id>
</contributor>
<comment>[[Ajuda:Guia de edição/Menus e ferramentas/Sumário de edição|→]] nova página: ={{-gl-}}= ==Substantivo== {{flex.gl|fs=caboça|fp=caboças}} {{paroxítona|ca|bo|ça|lanng=gl}}, {{g|f|lang=...</comment>
<model>wikitext</model>
<format>text/x-wiki</format>
<text bytes="505" xml:space="preserve">={{-gl-}}=
==Substantivo==
{{flex.gl|fs=caboça|fp=caboças}}
{{paroxítona|ca|bo|ça|lanng=gl}}, {{g|f|lang=gl}}
# [[castanheiro]] oco
# terreno [[pantanoso]]
# [[fosso]] profundo feito pelas águas
===Sinônimo===
* De '''1''' (castanheiro oco): [[cachopo#Galego|cachopo]], [[canhota#Galego|canhota]], [[cantrocha#Galego|cantrocha]], [[caracocha#Galego|caracocha]], [[carocha#Galego|carocha]]
=={{etimologia|gl}}==
: Confronte-se com ''[[caboço#{{gl}}|caboço]]''.
[[Categoria:Substantivo (Galego)]]</text>
<sha1>87p6h9k34dm58uc7914rb5enyummnt4</sha1>
</revision>
