<page>
<title>cabritávamos</title>
<ns>0</ns>
<id>163279</id>
<revision>
<id>2311446</id>
<parentid>2030492</parentid>
<timestamp>2017-04-30T00:30:10Z</timestamp>
<contributor>
<username>HydrizBot</username>
<id>29590</id>
</contributor>
<minor />
<comment>Robô: A limpar links interwikis antigos</comment>
<model>wikitext</model>
<format>text/x-wiki</format>
<text bytes="225" xml:space="preserve">={{-pt-}}=
==Forma verbal==
{{proparoxítona|ca|bri|tá|va|mos}}
# primeira pessoa do plural do pretérito imperfeito do modo indicativo do verbo [[cabritar]]
{{avi-for-fle|cabritar}}
[[Categoria:Forma verbal (Português)]]</text>
<sha1>0a58jwb8eo2vqg3oiqds37op3gw4kia</sha1>
</revision>
</page>
