<page>
<title>cabriola</title>
<ns>0</ns>
<id>72602</id>
<revision>
<id>2311395</id>
<parentid>2244743</parentid>
<timestamp>2017-04-30T00:28:47Z</timestamp>
<contributor>
<username>HydrizBot</username>
<id>29590</id>
</contributor>
<minor />
<comment>Robô: A limpar links interwikis antigos</comment>
<model>wikitext</model>
<format>text/x-wiki</format>
<text bytes="574" xml:space="preserve">{{Wikipédia}}
={{-pt-}}=
==Substantivo==
{{flex.pt|fs=cabriola|fp=cabriolas}}
{{paroxítona|ca|bri|o|la}}, {{gênero|f}}
# [[salto]] de [[cabra]]
# [[cambalhota]] 
#* ''Atirava as mãos para o chão, dava uma '''cabriola''', repulava sobre os pés.'' (Eça de Queirós, A Capital, p. 507).
# mudança repentina de opinião ou de partido
===Tradução===
{{tradini}}
* {{trad|it|capriola}}
{{tradmeio}}
{{tradfim}}
=={{etimologia|pt}}==
: Do italiano ''capriola'' (''salto de cabra'').
==Ver também==
===No Wikcionário===
* [[cabr-]]
[[Categoria:Substantivo (Português)]]</text>
<sha1>j1gsfemgg7vjx3y9ik75d1zqr4nre1s</sha1>
</revision>
</page>
