<page>
<page>
<title>cabritaras</title>
<ns>0</ns>
<id>179001</id>
<revision>
<id>2311406</id>
<parentid>1125350</parentid>
<timestamp>2017-04-30T00:29:07Z</timestamp>
<contributor>
<username>HydrizBot</username>
<id>29590</id>
</contributor>
<minor />
<comment>Robô: A limpar links interwikis antigos</comment>
<model>wikitext</model>
<format>text/x-wiki</format>
<text bytes="185" xml:space="preserve">={{-pt-}}=
==Forma verbal==
'''cabritaras'''
#[[segunda pessoa]] do [[singular]] do [[pretérito mais-que-perfeito]] do verbo '''[[cabritar]]'''
[[Categoria:Forma verbal (Português)]]</text>
<sha1>760xyxs4p8gy6irwys7n5hinbs8agey</sha1>
</revision>
