<page>
<page>
<title>cabrar</title>
<ns>0</ns>
<id>394784</id>
<revision>
<id>2495613</id>
<parentid>2495612</parentid>
<timestamp>2018-04-11T01:41:02Z</timestamp>
<contributor>
<username>Askekamo</username>
<id>60711</id>
</contributor>
<model>wikitext</model>
<format>text/x-wiki</format>
<text bytes="204" xml:space="preserve">={{-pt-}}=
==Verbo==
{{oxítona|ca|brar}}
# ir-se com o bico da aeronave voltado ascendentemente enquanto executa voo
==Ver também==
===No Wikcionário===
* [[estolar]]
[[Categoria:Verbo (Português)]]</text>
<sha1>lqzcw5wg87dmuch5lvgkfzzfb1x4hjh</sha1>
</revision>
