<page>
<title>cabritas</title>
<ns>0</ns>
<id>154616</id>
<revision>
<id>2311423</id>
<parentid>2117483</parentid>
<timestamp>2017-04-30T00:29:33Z</timestamp>
<contributor>
<username>HydrizBot</username>
<id>29590</id>
</contributor>
<minor />
<comment>Robô: A limpar links interwikis antigos</comment>
<model>wikitext</model>
<format>text/x-wiki</format>
<text bytes="314" xml:space="preserve">={{-pt-}}=
==Forma de substantivo==
'''cabritas''' {{f}} {{p}}
#plural de '''[[cabrita]]'''
[[Categoria:Forma de substantivo (Português)]]
==Forma verbal==
'''cabritas'''
#[[segunda]] [[pessoa]] do [[singular]] do [[presente]] [[indicativo]] do verbo '''[[cabritar]]'''
[[Categoria:Forma verbal (Português)]]</text>
<sha1>r7153y40kd87wf0ok2jyprhsjq3rkdy</sha1>
</revision>
</page>
