<page>
<page>
<title>cabreiro</title>
<ns>0</ns>
<id>31870</id>
<revision>
<id>2628241</id>
<parentid>2628240</parentid>
<timestamp>2021-03-31T20:33:46Z</timestamp>
<contributor>
<username>ValJor</username>
<id>1358</id>
</contributor>
<minor />
<comment>Revertidas edições por [[Especial:Contribuições/Berrante profundo|Berrante profundo]] para a última versão por [[Especial:Contribuições/Cpls|Cpls]]</comment>
<model>wikitext</model>
<format>text/x-wiki</format>
<text bytes="1227" xml:space="preserve">={{-pt-}}=
== Adjetivo ==
{{flex.pt|ms=cabreiro|mp=cabreiros|fs=cabreira|fp=cabreiras}}
{{paroxítona|ca|brei|ro}}
# da [[cabra]], qualifica um tipo de queijo 
# {{escopo|pt|Popular}} [[desconfiado]]
# [[astuto]], [[esperto]]
== Substantivo ==
{{flex.pt|ms=cabreiro|mp=cabreiros|fs=cabreira|fp=cabreiras}}
{{paroxítona|ca|brei|rp}}
# [[pastor]] de [[cabra]]s
===Tradução===
{{tradini}}
* {{trad|tet|bibi-atan}}
{{tradmeio}} 
{{tradfim}}
=={{etimologia|pt}}==
: {{escopo|Morfologia}} De ''[[cabra]]'' + ''[[-eiro]]''.
[[Categoria:Substantivo (Português)]]
[[Categoria:Adjetivo (Português)]]
={{-gl-}}=
== Adjetivo ==
{{flex.gl|ms=cabreiro|mp=cabreiros|fs=cabreira|fp=cabreiras}}
{{paroxítona|ca|brei|ro|lang=gl}}
# relativo ou pertencente às [[cabra]]s
===Verbetes derivados===
* [[cardo-cabreiro#{{gl}}|cardo-cabreiro]]
== Substantivo ==
{{flex.gl|ms=cabreiro|mp=cabreiros|fs=cabreira|fp=cabreiras}}
{{paroxítona|ca|brei|ro|lang=gl}}
# [[cabreiro#{{pt}}|cabreiro]], pastor de cabras
===Sinónimo===
* [[cabreiriço#{{gl}}|cabreiriço]]
=={{etimologia|gl}}==
: {{escopo|Morfologia}} De ''[[cabra#{{gl}}|cabra]]'' + ''[[-eiro#{{gl}}|-eiro]]''.
[[Categoria:Substantivo (Galego)]]
[[Categoria:Adjetivo (Galego)]]</text>
<sha1>kfjzpy9pl43qhdojd7eihxzb3y0ucm2</sha1>
</revision>
