<page>
<page>
<title>cabreira</title>
<ns>0</ns>
<id>414311</id>
<revision>
<id>2555898</id>
<parentid>2555887</parentid>
<timestamp>2019-10-04T14:47:39Z</timestamp>
<contributor>
<username>Cpls</username>
<id>20608</id>
</contributor>
<model>wikitext</model>
<format>text/x-wiki</format>
<text bytes="1576" xml:space="preserve">={{-pt-}}=
==Substantivo==
{{flex.pt|ms=cabreiro|mp=cabreiros|fs=cabreira|fp=cabreiras}}
{{paroxítona|ca|brei|ra}}
# [[pastor|pastora]] de [[cabra]]s
{{flex.pt|fs=cabreira|fp=cabreiras}}
{{paroxítona|ca|brei|ra}}, {{g|f}}
#{{cont|2}} {{escopo|gl|Planta}} planta leguminosa forrageira da espécie ''[[species:Scorpiurus muricatus|Scorpiurus muricatus]]''
=={{etimologia|pt}}==
: {{escopo|Morfologia}} De ''[[cabra]]'' + ''[[-eira]]''.
[[Categoria:Substantivo (Português)]]
={{-gl-}}=
==Adjetivo==
{{flex.gl|ms=cabreiro|mp=cabreiros|fs=cabreira|fp=cabreiras}}
{{paroxítona|ca|brei|ra|lang=gl}}
# qualifica uma [[lã]] {{o/a|ásper}}
# relativa ou pertencente às [[cabra]]s
===Verbetes derivados===
* [[barba-cabreira#{{gl}}|barba-cabreira]] 
* [[ruda-cabreira#{{gl}}|ruda-cabreira]] 
==Substantivo==
{{flex.gl|ms=cabreiro|mp=cabreiros|fs=cabreira|fp=cabreiras}}
{{paroxítona|ca|brei|ra|lang=gl}}
# [[cabreira#{{pt}}|cabreira]] pastora de cabras
{{flex.gl|fs=cabreira|fp=cabreiras}}
{{paroxítona|ca|brei|ra|lang=gl}}, {{g|f|lang=gl}}
#{{cont|2}} {{escopo|gl|Planta|Mitologia}} erva [[mágico|mágica]] com a qual as andorinhas fazem o ninho, e os pica-paus perfuram a madeira, crê-se que fura o ferro
# {{escopo|gl|Planta}} [[feto]] chamado [[lunária]] (''[[species:Botrychium lunaria|Botrychium lunaria]]'')
===Sinónimos===
* De '''2''' e '''3''': [[erva-cabreira#{{gl}}|erva-cabreira]]
=={{etimologia|gl}}==
: {{escopo|Morfologia}} De ''[[cabra#{{gl}}|cabra]]'' + ''[[-eira#{{gl}}|-eira]]''.
[[Categoria:Adjetivo (Galego)]]
[[Categoria:Substantivo (Galego)]]</text>
<sha1>9r0zuwkzeqpqw6pdnwwad1hm0upwq6t</sha1>
</revision>
