<page>
<page>
<title>cabral</title>
<ns>0</ns>
<id>414322</id>
<revision>
<id>2555906</id>
<timestamp>2019-10-04T15:14:39Z</timestamp>
<contributor>
<username>Cpls</username>
<id>20608</id>
</contributor>
<comment>[[Ajuda:Guia de edição/Menus e ferramentas/Sumário de edição|→]] nova página: ={{-gl-}}= == Substantivo == {{flex.gl|ms=cabral|mp=cabrais}} {{oxítona|ca|bral|lang=gl}}, {{g|m|lang=gl}} #...</comment>
<model>wikitext</model>
<format>text/x-wiki</format>
<text bytes="355" xml:space="preserve">={{-gl-}}=
== Substantivo ==
{{flex.gl|ms=cabral|mp=cabrais}}
{{oxítona|ca|bral|lang=gl}}, {{g|m|lang=gl}}
# lugar onde são guardadas as [[cabra#{{pt}}|cabras]]
===Sinónimo===
* [[cabreiriça#{{gl}}|cabreiriça]]
=={{etimologia|gl}}==
: {{escopo|Morfologia}} De ''[[cabra#{{gl}}|cabra]]'' + ''[[-al#{{gl}}|-al]]''.
[[Categoria:Substantivo (Galego)]]</text>
<sha1>ar8f25ytwbc1bte8n92fstdiar3mkwy</sha1>
</revision>
