<page>
<title>cabrunco</title>
<ns>0</ns>
<id>122997</id>
<revision>
<id>2191842</id>
<parentid>1676234</parentid>
<timestamp>2016-10-31T03:34:19Z</timestamp>
<contributor>
<ip>191.7.88.221</ip>
</contributor>
<comment>/* Substantivo */</comment>
<model>wikitext</model>
<format>text/x-wiki</format>
<text bytes="499" xml:space="preserve">={{-pt-}}=
==Substantivo==
{{flex.pt|ms=cabrunco|mp=cabruncos}}
{{paroxítona|ca|brun|co}}, {{m}} {{escopo|neologismo}}
#{{escopo|baixo calão}} coisa [[ruim]], [[capeta]], [[demo]];
#[[coisa]], [[peste]].
==Interjeição==
{{paroxítona|ca|brun|co}} {{escopo|neologismo}}
#expressa um sentimento de [[frustração]]; [[diabo]]s!
[[Categoria:Interjeição (Português)]]
[[Categoria:Neologismo (Português)]]
[[Categoria:Substantivo (Português)]]
[[Categoria:Entrada com etimologia (Português)]]</text>
<sha1>gqvqb5pt5sk1poh1drsvlh5fxt5ocu0</sha1>
</revision>
</page>
