<page>
<page>
<title>cabritais</title>
<ns>0</ns>
<id>158923</id>
<revision>
<id>2311399</id>
<parentid>1125344</parentid>
<timestamp>2017-04-30T00:28:54Z</timestamp>
<contributor>
<username>HydrizBot</username>
<id>29590</id>
</contributor>
<minor />
<comment>Robô: A limpar links interwikis antigos</comment>
<model>wikitext</model>
<format>text/x-wiki</format>
<text bytes="184" xml:space="preserve">={{-pt-}}=
==Forma verbal==
'''cabritais'''
#[[segunda pessoa]] do [[plural]] do [[presente]] do [[modo indicativo]] do verbo '''[[cabritar]]'''
[[Categoria:Forma verbal (Português)]]</text>
<sha1>ob7rk8pav42rwcgtemoze955jettz3g</sha1>
</revision>
