<page>
<page>
<title>cabrum</title>
<ns>0</ns>
<id>1492</id>
<revision>
<id>2521543</id>
<parentid>2521538</parentid>
<timestamp>2018-10-08T02:21:42Z</timestamp>
<contributor>
<username>Defender</username>
<id>15952</id>
</contributor>
<minor />
<comment>Revertidas edições por [[Especial:Contribuições/138.255.177.34|138.255.177.34]] para a última versão por [[Especial:Contribuições/HydrizBot|HydrizBot]]</comment>
<model>wikitext</model>
<format>text/x-wiki</format>
<text bytes="1132" xml:space="preserve">={{-pt-}}=
==Adjetivo==
{{flex.pt|s=cabrum|p=cabruns}}
{{oxítona|ca|brum}}, {{mf}}
# {{escopo|Pecuária}} de [[cabra]]s:
#* ''o gado '''cabrum''' adapta-se facilmente às regiões montanhosas...''
# {{escopo|Regionalismo, Brasil}} [[marido]] de [[mulher]] [[adúltero|adúltera]]
===Sinônimos===
De '''1''' (de cabras):
{{verTambém.Ini}}
* [[caprídeo]]
{{verTambém.NovaColuna}}
* [[caprino]]
{{verTambém.Fim}}
===Tradução===
{{tradini|De 1 (de cabra)}}
* {{trad|es|caprino}}
* {{trad|eo|kapra}}
* {{trad|fr|chevrier}}
{{tradmeio}}
* {{trad|en|goatish|goatlike}}
* {{trad|it|caprino}}
* {{trad|pl|kozi}}
{{tradfim}}
==Interjeição==
{{oxítona|ca|brum}}
# indica [[estrondo]]
=={{etimologia|pt}}==
{{llietimo|la|caprunu|pt||cabra}}
==Ver também==
===No Wikcionário===
{{verTambém.Ini}}
* {{verTambém.Ligações|cabr-}}
* {{verTambém.Ligações|capr(i)-}}
* {{verTambém.Ligações|-capr(i)-}}
* [[cabra]]
{{verTambém.Fim}}
[[Categoria:Adjetivo (Português)]]
[[Categoria:Interjeição (Português)]]
[[Categoria:Zoologia (Português)]]
[[Categoria:Pecuária (Português)]]
[[Categoria:Regionalismo (Português)]]</text>
<sha1>ax7156f290kc1dcvz3efkh9txwphuko</sha1>
</revision>
