<page>
<title>cabritando</title>
<ns>0</ns>
<id>156051</id>
<revision>
<id>2311402</id>
<parentid>1125347</parentid>
<timestamp>2017-04-30T00:28:58Z</timestamp>
<contributor>
<username>HydrizBot</username>
<id>29590</id>
</contributor>
<minor />
<comment>Robô: A limpar links interwikis antigos</comment>
<model>wikitext</model>
<format>text/x-wiki</format>
<text bytes="128" xml:space="preserve">={{-pt-}}=
==Forma verbal==
'''cabritando'''
#[[gerúndio]] do verbo '''[[cabritar]]'''
[[Categoria:Forma verbal (Português)]]</text>
<sha1>50smexjhqhddbxpmy39zo2scqelr990</sha1>
</revision>
</page>
