<page>
<title>cabritaste</title>
<ns>0</ns>
<id>172035</id>
<revision>
<id>2311427</id>
<parentid>1125370</parentid>
<timestamp>2017-04-30T00:29:39Z</timestamp>
<contributor>
<username>HydrizBot</username>
<id>29590</id>
</contributor>
<minor />
<comment>Robô: A limpar links interwikis antigos</comment>
<model>wikitext</model>
<format>text/x-wiki</format>
<text bytes="198" xml:space="preserve">={{-pt-}}=
==Forma verbal==
'''cabritaste'''
#[[segunda pessoa]] do [[singular]] do [[pretérito perfeito]] do [[modo indicativo]] do verbo '''[[cabritar]]'''
[[Categoria:Forma verbal (Português)]]</text>
<sha1>mk6p75yt9b2s4dh6ssmnw6r1ka1j3a2</sha1>
</revision>
</page>
