<page>
<page>
<title>cabritarás</title>
<ns>0</ns>
<id>185217</id>
<revision>
<id>2311419</id>
<parentid>2030125</parentid>
<timestamp>2017-04-30T00:29:27Z</timestamp>
<contributor>
<username>HydrizBot</username>
<id>29590</id>
</contributor>
<minor />
<comment>Robô: A limpar links interwikis antigos</comment>
<model>wikitext</model>
<format>text/x-wiki</format>
<text bytes="195" xml:space="preserve">={{-pt-}}=
==Forma verbal==
{{oxítona|ca|bri|ta|rás}}
# segunda pessoa do singular do futuro do presente do verbo [[cabritar]]
{{avi-for-fle|cabritar}}
[[Categoria:Forma verbal (Português)]]</text>
<sha1>k6d04f6a31bj2jj1e2nh4cef3yo0saw</sha1>
</revision>
