<page>
<title>cabrada</title>
<ns>0</ns>
<id>63412</id>
<revision>
<id>2311387</id>
<parentid>1972730</parentid>
<timestamp>2017-04-30T00:28:30Z</timestamp>
<contributor>
<username>HydrizBot</username>
<id>29590</id>
</contributor>
<minor />
<comment>Robô: A limpar links interwikis antigos</comment>
<model>wikitext</model>
<format>text/x-wiki</format>
<text bytes="585" xml:space="preserve">={{-pt-}}=
==Substantivo==
{{flex.pt|fs=cabrada|fp=cabradas}}
{{paroxítona|ca|bra|da}}, {{f}}
# [[rebanho]] [[de]] [[cabras]]
=={{etimologia|pt}}==
: {{escopo|Morfologia}} Derivada de [[cabra]] + [[-ada]].
[[Categoria:Substantivo (Português)]]
={{-ast-}}=
==Substantivo==
{{flex.ast|fs=cabrada|fp=cabrades}}
{{paroxítona|ca|bra|da|lang=ast}}, {{f}}
# [[cabrada#Português|cabrada]]
# [[caixa]] cheia de argamassa ou barro usada por albanéis
=={{etimologia|ast}}==
: {{escopo|Morfologia}} Derivada de [[cabra#Asturiano|cabra]] + [[-ada]].
[[Categoria:Substantivo (Asturiano)]]</text>
<sha1>lzusl4gghlf5jcvjerwv51d32i9ffkg</sha1>
</revision>
</page>
