<page>
<title>cabritaram</title>
<ns>0</ns>
<id>176051</id>
<revision>
<id>2311405</id>
<parentid>1125349</parentid>
<timestamp>2017-04-30T00:29:06Z</timestamp>
<contributor>
<username>HydrizBot</username>
<id>29590</id>
</contributor>
<minor />
<comment>Robô: A limpar links interwikis antigos</comment>
<model>wikitext</model>
<format>text/x-wiki</format>
<text bytes="197" xml:space="preserve">={{-pt-}}=
==Forma verbal==
'''cabritaram'''
#[[terceira pessoa]] do [[plural]] do [[pretérito perfeito]] do [[modo indicativo]] do verbo '''[[cabritar]]'''
[[Categoria:Forma verbal (Português)]]</text>
<sha1>cl9q9157o1u3ilqf4hc6c19klq1a78z</sha1>
</revision>
</page>
