<page>
<page>
<title>cabramo</title>
<ns>0</ns>
<id>435998</id>
<revision>
<id>2643712</id>
<parentid>2643474</parentid>
<timestamp>2021-07-26T12:58:33Z</timestamp>
<contributor>
<username>Cpls</username>
<id>20608</id>
</contributor>
<comment>/* {{-gl-}} */</comment>
<model>wikitext</model>
<format>text/x-wiki</format>
<text bytes="965" xml:space="preserve">{{ver também|cábramo}}
={{-pt-}}=
==Substantivo==
{{flex.pt|ms=cabramo|mp=cabramos}}
{{paroxítona|ca|bra|mo}}, {{g|m}}
# [[corda]] que liga em curto a cabeça da vaca, pelos seus chifres, com uma das extremidades dianteiras
==={{-varort-}}===
* [[acabramo]]
=={{etimologia|gl}}==
: De uma hipotética forma latina ''*capulaminus'', de {{etimo|la|capulus}} &quot;punho, cabo por onde é pegado um utensílio&quot;.
[[Categoria:Substantivo (Português)]]
={{-gl-}}=
==Substantivo==
{{flex.gl|ms=cabramo|mp=cabramos}}
{{paroxítona|ca|bra|mo|lang=gl}}, {{g|m}}
# [[cabramo#{{pt}}|cabramo]]
==={{-varort-}}===
* [[acabramo#{{gl}}|acabramo]], [[cábramo#{{gl}}|cábramo]]
=={{etimologia|gl}}==
: De uma hipotética forma latina ''*capulaminus'', de {{etimo|la|capulus}} &quot;punho, cabo por onde é pegado um utensílio&quot;. {{escopo|Morfologia}} Ou de {{etimo|gl|cabre}} + {{etimo|gl|-mo}}. Confronte-se com ''[[cadarme#{{gl}}|cadarme]]''.
[[Categoria:Substantivo (Galego)]]</text>
<sha1>d5nkm7myj5spun27igfr7n6wnu0dfam</sha1>
</revision>
