<page>
<page>
<title>cabritarão</title>
<ns>0</ns>
<id>190757</id>
<revision>
<id>2311420</id>
<parentid>2030139</parentid>
<timestamp>2017-04-30T00:29:28Z</timestamp>
<contributor>
<username>HydrizBot</username>
<id>29590</id>
</contributor>
<minor />
<comment>Robô: A limpar links interwikis antigos</comment>
<model>wikitext</model>
<format>text/x-wiki</format>
<text bytes="194" xml:space="preserve">={{-pt-}}=
==Forma verbal==
{{oxítona|ca|bri|ta|rão}}
# terceira pessoa do plural do futuro do presente do verbo [[cabritar]]
{{avi-for-fle|cabritar}}
[[Categoria:Forma verbal (Português)]]</text>
<sha1>dycsf299aj0ygldoz9soqj7cs5ju0qo</sha1>
</revision>
