<page>
<page>
<title>cabracho</title>
<ns>0</ns>
<id>422747</id>
<revision>
<id>2584496</id>
<timestamp>2020-04-01T11:17:00Z</timestamp>
<contributor>
<username>Cpls</username>
<id>20608</id>
</contributor>
<comment>[[Ajuda:Guia de edição/Menus e ferramentas/Sumário de edição|→]] nova página: ={{-gl-}}= ==Substantivo== {{flex.gl|ms=cabracho|mp=cabrachos}} {{paroxítona|lang=gl|ca|bra|cho}}, {{g|m|lan...</comment>
<model>wikitext</model>
<format>text/x-wiki</format>
<text bytes="1142" xml:space="preserve">={{-gl-}}=
==Substantivo==
{{flex.gl|ms=cabracho|mp=cabrachos}}
{{paroxítona|lang=gl|ca|bra|cho}}, {{g|m|lang=gl}}
# {{escopo|gl|Peixe}} [[rascasso-de-pintas]] (''[[species:Scorpaena porcus|Scorpaena porcus]]'')
# {{escopo|gl|Peixe}} [[boca-negra]] (''[[species:Helicolenus dactylopterus|Helicolenus dactylopterus]]'')
===Sinónimos===
* De '''1''': Vide em [[cancarro#{{gl}}|cancarro]]
* De '''2''': [[cavalo-do-demo#{{gl}}|cavalo-do-demo]], [[cabra#{{gl}}|cabra]], [[cabra-da-pedra#{{gl}}|cabra-da-pedra]], [[cabra-de-altura#{{gl}}|cabra-de-altura]], [[cabra-de-fondura#{{gl}}|cabra-de-fondura]], [[cabra-de-fora#{{gl}}|cabra-de-fora]], [[cabracho-de-altura#{{gl}}|cabracho-de-altura]], [[cabra-roca#{{gl}}|cabra-roca]], [[cabrela#{{gl}}|cabrela]], [[colorada#{{gl}}|colorada]], [[escarapote#{{gl}}|escarapote]], [[escarche#{{gl}}|escarche]], , [[galinha#{{gl}}|galinha]], [[galinha-do-mar#{{gl}}|galinha-do-mar]], [[galinheta#{{gl}}|galinheta]], [[papão#{{gl}}|papão]], [[sopa#{{gl}}|sopa]]  
=={{etimologia|gl}}==
: {{escopo|Morfologia}} De ''[[cabra#{{gl}}|cabra]]'' + ''[[-acho#{{gl}}|-acho]]''.
[[Categoria:Substantivo (Galego)]]</text>
<sha1>lyhdxe6qgjk67ifzm4hcss9bxha3t58</sha1>
</revision>
