<page>
<title>cabritar</title>
<ns>0</ns>
<id>32425</id>
<revision>
<id>2311403</id>
<parentid>1273303</parentid>
<timestamp>2017-04-30T00:29:00Z</timestamp>
<contributor>
<username>HydrizBot</username>
<id>29590</id>
</contributor>
<minor />
<comment>Robô: A limpar links interwikis antigos</comment>
<model>wikitext</model>
<format>text/x-wiki</format>
<text bytes="473" xml:space="preserve">={{-pt-}}=
==Verbo==
{{oxítona|ca|bri|tar}}, ''intransitivo''
# [[agir]] como um [[cabrito]], por [[exemplo]], [[saltar|saltando]] como um
# {{escopo|Popular}} [[vomitar]] em [[consequência]] do consumo de [[álcool]]
===Conjugação===
{{conj/pt|cabrit|ar}}
=={{etimologia|pt}}==
: {{escopo|Morfologia}} [[cabrito]] + [[-ar]].
=={{pronúncia|pt}}==
===Brasil===
====Carioca====
* [[AFI]]: /ka.bɾi.ˈtaχ/
* [[X-SAMPA]]: /ka.b4i.taX/
[[Categoria:Verbo (Português)]]</text>
<sha1>8jg9p9d3mkp602c0g7cczqztdorhzq7</sha1>
</revision>
</page>
