<page>
<page>
<title>cabreiriça</title>
<ns>0</ns>
<id>414318</id>
<revision>
<id>2555926</id>
<parentid>2555902</parentid>
<timestamp>2019-10-04T16:15:50Z</timestamp>
<contributor>
<username>Cpls</username>
<id>20608</id>
</contributor>
<comment>/* {{-gl-}} */</comment>
<model>wikitext</model>
<format>text/x-wiki</format>
<text bytes="586" xml:space="preserve">={{-gl-}}=
== Substantivo ==
{{flex.gl|ms=cabreiriço|mp=cabreiriços|fs=cabreiriça|fp=cabreiriças}}
{{paroxítona|ca|brei|ri|ça|lang=gl}}
# {{escopo|gl|Astúrias}} [[cabreira#{{pt}}|cabreira]], pastora de cabras
{{flex.gl|fs=cabreiriça|fp=cabreiriças}}
{{paroxítona|ca|brei|ri|ça|lang=gl}}, {{g|f|lang=gl}}
# {{escopo|gl|Astúrias}} lugar onde são guardadas as [[cabra#{{pt}}|cabras]]
===Sinónimo===
* [[cabral#{{gl}}|cabral]]
=={{etimologia|gl}}==
: {{escopo|Morfologia}} De ''[[cabreira#{{gl}}|cabreira]]'' + ''[[-iço#{{gl}}|-iça]]''.
[[Categoria:Substantivo (Galego)]]</text>
<sha1>b34ese664qqlj7dkvyo0geysetujvps</sha1>
</revision>
