<page>
<page>
<title>cabrito</title>
<ns>0</ns>
<id>12202</id>
<revision>
<id>2657764</id>
<parentid>2619761</parentid>
<timestamp>2022-01-13T04:02:44Z</timestamp>
<contributor>
<username>First jumper</username>
<id>44431</id>
</contributor>
<comment>/* Tradução */</comment>
<model>wikitext</model>
<format>text/x-wiki</format>
<text bytes="630" xml:space="preserve">={{-pt-}}=
== Adjetivo ==
'''ca.bri.to''' 
# que tem [[chifre]]s [[curto]]s e [[virado]]s.
== Substantivo ==
'''ca.bri.to''' ''masculino''
# [[cria]] de [[cabra]] muito [[novo|nova]].
# [[caboz]].
===Tradução===
{{tradini}}
* {{de}}: {{xlatio|de|Zicklein|n}}
* {{es}}: {{xlatio|es|cabrito|m}}
{{tradmeio}}
* {{fr}}: {{xlatio|es|chevreau|m}}
* {{en}}: {{xlatio|en|kid|''n.''}} = [[young]] [[goat]]
{{tradfim}}
=={{pronúncia|pt}}==
===Portugal===
* AFI: {{AFI|/kɐ.ˈbɾi.tu/}}
[[Categoria:Adjetivo (Português)]]
[[Categoria:Substantivo (Português)]]
[[Categoria:Mamífero (Português)]]
[[Categoria:Zoologia (Português)]]</text>
<sha1>enu8fs14x0xpxxxwiwdmjljbo6x2frz</sha1>
</revision>
