<page>
<page>
<title>cabritáramos</title>
<ns>0</ns>
<id>180493</id>
<revision>
<id>2311442</id>
<parentid>2030478</parentid>
<timestamp>2017-04-30T00:30:02Z</timestamp>
<contributor>
<username>HydrizBot</username>
<id>29590</id>
</contributor>
<minor />
<comment>Robô: A limpar links interwikis antigos</comment>
<model>wikitext</model>
<format>text/x-wiki</format>
<text bytes="213" xml:space="preserve">={{-pt-}}=
==Forma verbal==
{{proparoxítona|ca|bri|tá|ra|mos}}
# primeira pessoa do plural do pretérito mais-que-perfeito do verbo [[cabritar]]
{{avi-for-fle|cabritar}}
[[Categoria:Forma verbal (Português)]]</text>
<sha1>8l6kj30y2qlgfoc22yc2j6hmwflmrjz</sha1>
</revision>
