<page>
<page>
<title>cabritares</title>
<ns>0</ns>
<id>207373</id>
<revision>
<id>2311412</id>
<parentid>1125356</parentid>
<timestamp>2017-04-30T00:29:18Z</timestamp>
<contributor>
<username>HydrizBot</username>
<id>29590</id>
</contributor>
<minor />
<comment>Robô: A limpar links interwikis antigos</comment>
<model>wikitext</model>
<format>text/x-wiki</format>
<text bytes="276" xml:space="preserve">={{-pt-}}=
==Forma verbal==
'''cabritares'''
#[[segunda pessoa]] do [[singular]] do [[futuro]] do [[modo subjuntivo]] do verbo '''[[cabritar]]'''
#[[infinitivo pessoal]] da [[segunda pessoa]] do [[singular]] do verbo '''[[cabritar]]'''
[[Categoria:Forma verbal (Português)]]</text>
<sha1>e6znk5gdo2puqmkhw0pmxd31sc12hbl</sha1>
</revision>
