<page>
<page>
<title>cabrinfolho</title>
<ns>0</ns>
<id>376093</id>
<revision>
<id>2508773</id>
<parentid>2253867</parentid>
<timestamp>2018-07-02T15:06:54Z</timestamp>
<contributor>
<username>Cpls</username>
<id>20608</id>
</contributor>
<comment>/* Sinónimos */</comment>
<model>wikitext</model>
<format>text/x-wiki</format>
<text bytes="873" xml:space="preserve">={{-gl-}}=
==Substantivo==
{{flex.gl|ms=cabrinfolho|mp=cabrinfolhos}}
{{paroxítona|ca|brin|fo|lho|lang=gl}}, {{g|f|lang=gl}}
# {{escopo|gl|Planta}} [[madressilva]], (''[[wikispecies:Lonicera periclymenum|Lonicera periclymenum]]'' e ''[[wikispecies:Lonicera etrusca|Lonicera etrusca]]'')
===Sinónimos===
* [[alta-seba#{{gl}}|alta-sebe]], [[bigorda#{{gl}}|bigorda]], [[bigordo#{{gl}}|bigordo]], [[caramelo-bravo#{{gl}}|caramelo-bravo]], [[chucha-meles#Galego|chucha-meles]], [[cabrafolha#Galego|cabrafolha]], [[cabrifolho#Galego|cabrifolho]], [[cabrinfolha#Galego|cabrinfolha]], [[erva-salgueira#Galego|erva-salgueira]], [[garnicela#{{gl}}|garnicela]], [[madressilva#{{gl}}|madressilva]], [[meleira#{{gl}}|meleira]], [[zugos#{{gl}}|zugos]]
=={{etimologia|gl}}==
: aparentada com ''[[cabra#{{gl}}|cabra]]'' e ''[[folha#{{gl}}|folha]]''.
[[Categoria:Substantivo (Galego)]]</text>
<sha1>e8figa5m9fngurbkv0mdz6o410barcm</sha1>
</revision>
