<page>
<title>cabritássemos</title>
<ns>0</ns>
<id>198825</id>
<revision>
<id>2311445</id>
<parentid>2030489</parentid>
<timestamp>2017-04-30T00:30:07Z</timestamp>
<contributor>
<username>HydrizBot</username>
<id>29590</id>
</contributor>
<minor />
<comment>Robô: A limpar links interwikis antigos</comment>
<model>wikitext</model>
<format>text/x-wiki</format>
<text bytes="255" xml:space="preserve">={{-pt-}}=
==Forma verbal==
{{proparoxítona|ca|bri|tás|se|mos}}
# primeira pessoa do plural do pretérito imperfeito do modo {{PEPB|inline=1|conjuntivo|subjuntivo}} do verbo [[cabritar]]
{{avi-for-fle|cabritar}}
[[Categoria:Forma verbal (Português)]]</text>
<sha1>bg8hcu5ojq12cntwu2ud6whs17vzpji</sha1>
</revision>
</page>
