<page>
<title>cabrais</title>
<ns>0</ns>
<id>356518</id>
<revision>
<id>2311388</id>
<parentid>2117484</parentid>
<timestamp>2017-04-30T00:28:32Z</timestamp>
<contributor>
<username>HydrizBot</username>
<id>29590</id>
</contributor>
<minor />
<comment>Robô: A limpar links interwikis antigos</comment>
<model>wikitext</model>
<format>text/x-wiki</format>
<text bytes="209" xml:space="preserve">{{ver também|Cabrais}}
={{-pt-}}=
==Forma verbal==
{{oxítona|ca|brais}}
# segunda pessoa do plural do presente indicativo do verbo [[cabrar]]
{{avi-for-fle|cabrar}}
[[Categoria:Forma verbal (Português)]]</text>
<sha1>bupu5ivyiwgadw3uyrd9nbev73cw2jz</sha1>
</revision>
</page>
