<page>
<page>
<title>cabrelos</title>
<ns>0</ns>
<id>406020</id>
<revision>
<id>2537579</id>
<parentid>2534362</parentid>
<timestamp>2019-03-01T16:37:30Z</timestamp>
<contributor>
<username>ValJor</username>
<id>1358</id>
</contributor>
<comment>Por um [[Especial:Páginas_sem_saída|Wikcionário com saídas]]!</comment>
<model>wikitext</model>
<format>text/x-wiki</format>
<text bytes="164" xml:space="preserve">={{-gl-}}=
==Forma de substantivo==
{{paroxítona|ca|bre|los|lang=gl}}
# plural de [[cabrelo]]
{{avi-for-fle|cabrelo}}
[[Categoria:Forma de substantivo (Galego)]]</text>
<sha1>qg1pus9an9pkweykxa816vo01azahzi</sha1>
</revision>
