<page>
<title>cabritaremos</title>
<ns>0</ns>
<id>187949</id>
<revision>
<id>2311411</id>
<parentid>1125355</parentid>
<timestamp>2017-04-30T00:29:16Z</timestamp>
<contributor>
<username>HydrizBot</username>
<id>29590</id>
</contributor>
<minor />
<comment>Robô: A limpar links interwikis antigos</comment>
<model>wikitext</model>
<format>text/x-wiki</format>
<text bytes="176" xml:space="preserve">={{-pt-}}=
==Forma verbal==
'''cabritaremos'''
#[[primeira pessoa]] do [[plural]] do [[futuro do presente]] do verbo '''[[cabritar]]'''
[[Categoria:Forma verbal (Português)]]</text>
<sha1>bgep4gzfulvws8izaz0bpbsxplg5bfk</sha1>
</revision>
</page>
