<page>
<title>cabritaríamos</title>
<ns>0</ns>
<id>193404</id>
<revision>
<id>2311421</id>
<parentid>2030142</parentid>
<timestamp>2017-04-30T00:29:30Z</timestamp>
<contributor>
<username>HydrizBot</username>
<id>29590</id>
</contributor>
<minor />
<comment>Robô: A limpar links interwikis antigos</comment>
<model>wikitext</model>
<format>text/x-wiki</format>
<text bytes="207" xml:space="preserve">={{-pt-}}=
==Forma verbal==
{{proparoxítona|ca|bri|ta|rí|a|mos}}
# primeira pessoa do plural do futuro do pretérito do verbo [[cabritar]]
{{avi-for-fle|cabritar}}
[[Categoria:Forma verbal (Português)]]</text>
<sha1>16ht8vs5i607b4ali5ptqa8k4d1m1y5</sha1>
</revision>
</page>
