<page>
<title>cabritai</title>
<ns>0</ns>
<id>220302</id>
<revision>
<id>2311398</id>
<parentid>1125343</parentid>
<timestamp>2017-04-30T00:28:53Z</timestamp>
<contributor>
<username>HydrizBot</username>
<id>29590</id>
</contributor>
<minor />
<comment>Robô: A limpar links interwikis antigos</comment>
<model>wikitext</model>
<format>text/x-wiki</format>
<text bytes="178" xml:space="preserve">={{-pt-}}=
==Forma verbal==
'''cabritai'''
#[[segunda pessoa]] do [[plural]] do [[imperativo]] [[afirmativo]] do verbo '''[[cabritar]]'''
[[Categoria:Forma verbal (Português)]]</text>
<sha1>ekhdi9he2uxnshxwlfxeavdygkklkmd</sha1>
</revision>
</page>
