<page>
<title>cabriolar</title>
<ns>0</ns>
<id>330848</id>
<revision>
<id>2311396</id>
<parentid>2186183</parentid>
<timestamp>2017-04-30T00:28:49Z</timestamp>
<contributor>
<username>HydrizBot</username>
<id>29590</id>
</contributor>
<minor />
<comment>Robô: A limpar links interwikis antigos</comment>
<model>wikitext</model>
<format>text/x-wiki</format>
<text bytes="897" xml:space="preserve">={{-pt-}}=
==Verbo==
{{oxítona|ca|bri|o|lar}}, {{gramática|intran}}
# [[dar]] [[cabriola]]s
===Conjugação===
{{conj/pt|cabriol|ar}}
===Tradução===
{{tradini}}
* {{trad|ca|cabriolar}}
* {{trad|es|cabriolar}}
* {{trad|fr|cabrioler}}
* {{trad|gl|cabriolar}}
{{tradmeio}}
* {{trad|io|kapriolar}}
* {{trad|en|caper|cavort}}
* {{trad|oc|cabriolar}}
{{tradfim}}
=={{etimologia|pt}}==
: {{escopo|Morfologia}} [[cabriola]] + [[-ar]].
[[Categoria:Verbo (Português)]]
={{-ca-}}=
==Verbo==
'''cabriolar'''
# [[cabriolar#Português|cabriolar]]
[[Categoria:Verbo (Catalão)]]
={{-es-}}=
==Verbo==
'''cabriolar'''
# [[cabriolar#Português|cabriolar]]
[[Categoria:Verbo (Espanhol)]]
={{-gl-}}=
==Verbo==
'''cabriolar'''
# [[cabriolar#Português|cabriolar]]
[[Categoria:Verbo (Galego)]]
={{-oc-}}=
==Verbo==
'''cabriolar'''
# [[cabriolar#Português|cabriolar]]
[[Categoria:Verbo (Occitano)]]</text>
<sha1>4qtf8s8s24vx9mhu8t0fwmsk9e9xcm0</sha1>
</revision>
</page>
