<page>
<title>Cabrobó</title>
<ns>0</ns>
<id>142176</id>
<revision>
<id>2266313</id>
<parentid>1198553</parentid>
<timestamp>2017-04-26T15:23:14Z</timestamp>
<contributor>
<username>HydrizBot</username>
<id>29590</id>
</contributor>
<minor />
<comment>Robô: A limpar links interwikis antigos</comment>
<model>wikitext</model>
<format>text/x-wiki</format>
<text bytes="257" xml:space="preserve">={{-pt-}}=
{{Wikipédia}}
==Substantivo==
'''Cabrobó''' {{pr}}
#[[município]] [[brasileiro]] do [[estado]] de [[Pernambuco]]
==Ver também==
*[[Apêndice:Municípios do estado de Pernambuco]]
[[Categoria:Município do estado de Pernambuco (Português)]]</text>
<sha1>hi4fsy04uilnli5n7eog4cwfk8jj5n4</sha1>
</revision>
</page>
