<page>
<page>
<title>cabritemos</title>
<ns>0</ns>
<id>214448</id>
<revision>
<id>2311436</id>
<parentid>1125379</parentid>
<timestamp>2017-04-30T00:29:52Z</timestamp>
<contributor>
<username>HydrizBot</username>
<id>29590</id>
</contributor>
<minor />
<comment>Robô: A limpar links interwikis antigos</comment>
<model>wikitext</model>
<format>text/x-wiki</format>
<text bytes="377" xml:space="preserve">={{-pt-}}=
==Forma verbal==
'''cabritemos'''
#[[primeira pessoa]] do [[plural]] do [[presente]] do [[modo subjuntivo]] do verbo '''[[cabritar]]'''
#[[primeira pessoa]] do [[plural]] do [[imperativo]] [[afirmativo]] do verbo '''[[cabritar]]'''
#[[primeira pessoa]] do [[plural]] do [[imperativo]] [[negativo]] do verbo '''[[cabritar]]'''
[[Categoria:Forma verbal (Português)]]</text>
<sha1>4pkz3yqncq7o7c1es1jrwpg7eciccxf</sha1>
</revision>
