<page>
<page>
<title>cabrio</title>
<ns>0</ns>
<id>363616</id>
<revision>
<id>2311394</id>
<parentid>2258561</parentid>
<timestamp>2017-04-30T00:28:44Z</timestamp>
<contributor>
<username>HydrizBot</username>
<id>29590</id>
</contributor>
<minor />
<comment>Robô: A limpar links interwikis antigos</comment>
<model>wikitext</model>
<format>text/x-wiki</format>
<text bytes="362" xml:space="preserve">={{-gl-}}=
==Adjetivo==
{{flex.gl|ms=cabrio|mp=cabrios|fs=cabria|fp=cabrias}}
{{paroxítona|ca|bri|o}}
# [[cabrum]], pertencente ou relativo à [[cabra]], [[caprino]]
# que não tem [[propriedade]] individual, comum, livre
#* &quot;''Podes regar a vontade, a auga é '''cabria'''.&quot;''
=={{etimologia|gl}}==
{{llietimo|la|caprinus|gl}}
[[Categoria:Adjetivo (Galego)]]</text>
<sha1>5uv4rxx3w23ln7z7wxn4dmz5704qlpq</sha1>
</revision>
