<page>
<page>
<title>cabritaria</title>
<ns>0</ns>
<id>192058</id>
<revision>
<id>2311414</id>
<parentid>1125357</parentid>
<timestamp>2017-04-30T00:29:19Z</timestamp>
<contributor>
<username>HydrizBot</username>
<id>29590</id>
</contributor>
<minor />
<comment>Robô: A limpar links interwikis antigos</comment>
<model>wikitext</model>
<format>text/x-wiki</format>
<text bytes="209" xml:space="preserve">={{-pt-}}=
==Forma verbal==
'''cabritaria'''
#[[primeira pessoa|primeira]] e [[terceira pessoa]] do [[singular]] do [[futuro do pretérito]] do verbo '''[[cabritar]]'''
[[Categoria:Forma verbal (Português)]]</text>
<sha1>gslq4gvjz9js58ydwb2b0m4g2eh4bua</sha1>
</revision>
