<page>
<title>cabriolé</title>
<ns>0</ns>
<id>274416</id>
<revision>
<id>2537232</id>
<parentid>2311397</parentid>
<timestamp>2019-02-24T00:52:05Z</timestamp>
<contributor>
<username>CommonsDelinker</username>
<id>1812</id>
</contributor>
<comment>A referência ao arquivo 1430JC0022.JPG foi removida porque fora apagado do Commons por [[:commons:User:Jcb|Jcb]]: No [[:c:COM:Source|source]] since 12 February 2019.</comment>
<model>wikitext</model>
<format>text/x-wiki</format>
<text bytes="680" xml:space="preserve">{{Wikipédia|cabriolet|cabriolé}}
{{pularLinhas|3}}
{| style=&quot;float:right; &quot;
|-
| [[Ficheiro:1950 Jaguar XK120 34.jpg|thumb|240px|Carro cabriolé.]]
|
|}
={{-pt-}}=
==Substantivo==
{{flex.pt|ms=cabriolé|mp=cabriolés}}
{{oxítona|ca|bri|o|lé}}
# [[carro]] [[conversível]], [[descapotável]]
# [[carruagem]] de duas [[roda]]s e um [[cavalo]]; [[charrete]]
=={{etimologia|pt}}==
: Do francês [[cabriolet]].
[[Categoria:Substantivo (Português)]]
[[Categoria:Transporte (Português)]]
[[Categoria:Entrada com imagem (Português)]]
={{-fr-}}=
==Forma verbal==
'''cabriolé'''
# flexão do verbo [[cabrioler]]
{{avi-for-fle|cabrioler}}
[[Categoria:Forma verbal (Francês)]]</text>
<sha1>ero4afjdz5zj028tjfltajkzht4zadj</sha1>
</revision>
</page>
