<page>
<title>cabritara</title>
<ns>0</ns>
<id>177510</id>
<revision>
<id>2311404</id>
<parentid>1125348</parentid>
<timestamp>2017-04-30T00:29:04Z</timestamp>
<contributor>
<username>HydrizBot</username>
<id>29590</id>
</contributor>
<minor />
<comment>Robô: A limpar links interwikis antigos</comment>
<model>wikitext</model>
<format>text/x-wiki</format>
<text bytes="233" xml:space="preserve">={{-pt-}}=
==Forma verbal==
'''cabritara'''
#[[primeira pessoa|primeira]] e [[terceira pessoa|terceira pessoas]] do [[singular]] do [[pretérito mais-que-perfeito]] do verbo '''[[cabritar]]'''
[[Categoria:Forma verbal (Português)]]</text>
<sha1>c0oc1lc3tsel111wt4j97tcskid1yqu</sha1>
</revision>
</page>
