<page>
<page>
<title>cabrões</title>
<ns>0</ns>
<id>281570</id>
<revision>
<id>2311452</id>
<parentid>1750354</parentid>
<timestamp>2017-04-30T00:30:22Z</timestamp>
<contributor>
<username>HydrizBot</username>
<id>29590</id>
</contributor>
<minor />
<comment>Robô: A limpar links interwikis antigos</comment>
<model>wikitext</model>
<format>text/x-wiki</format>
<text bytes="199" xml:space="preserve">={{-pt-}}=
==Forma de substantivo==
{{oxítona|ca|brões}}
# plural de [[cabrão]]
==Anagramas==
# [[escabro]]
# [[rebocas]]
{{avi-for-fle|cabrão}}
[[Categoria:Forma de substantivo (Português)]]</text>
<sha1>o9mhkvgf5fsj7f9u82i08fa3f0lsxf3</sha1>
</revision>
