<page>
<title>cabritasses</title>
<ns>0</ns>
<id>197359</id>
<revision>
<id>2311426</id>
<parentid>2030158</parentid>
<timestamp>2017-04-30T00:29:37Z</timestamp>
<contributor>
<username>HydrizBot</username>
<id>29590</id>
</contributor>
<minor />
<comment>Robô: A limpar links interwikis antigos</comment>
<model>wikitext</model>
<format>text/x-wiki</format>
<text bytes="249" xml:space="preserve">={{-pt-}}=
==Forma verbal==
{{paroxítona|ca|bri|tas|ses}}
# segunda pessoa do singular do pretérito imperfeito do modo {{PEPB|inline=1|conjuntivo|subjuntivo}} do verbo [[cabritar]]
{{avi-for-fle|cabritar}}
[[Categoria:Forma verbal (Português)]]</text>
<sha1>fxj19juxtmqlxm4qozbxww95ayn1xiv</sha1>
</revision>
</page>
