<page>
<page>
<title>cabreuvenses</title>
<ns>0</ns>
<id>392743</id>
<revision>
<id>2485092</id>
<parentid>2485091</parentid>
<timestamp>2018-02-15T00:51:19Z</timestamp>
<contributor>
<username>MIL973</username>
<id>41339</id>
</contributor>
<model>wikitext</model>
<format>text/x-wiki</format>
<text bytes="345" xml:space="preserve">={{-pt-}}=
==Forma de adjetivo==
{{paroxítona|ca|bre|u|ven|ses}}, {{gramática|c2gp}}
# plural de [[cabreuvense]]
==Forma de substantivo==
{{paroxítona|ca|bre|u|ven|ses}}, {{gramática|c2gp}}
# plural de [[cabreuvense]]
{{avi-for-fle|cabreuvense}}
[[Categoria:Forma de adjetivo (Português)]]
[[Categoria:Forma de substantivo (Português)]]</text>
<sha1>q0s2r0kuun5tjzve05a704bjb95wue8</sha1>
</revision>
