<page>
<title>cabriu</title>
<ns>0</ns>
<id>435631</id>
<revision>
<id>2642491</id>
<parentid>2642479</parentid>
<timestamp>2021-07-13T13:48:41Z</timestamp>
<contributor>
<username>Cpls</username>
<id>20608</id>
</contributor>
<comment>/* {{-ast-}} */</comment>
<model>wikitext</model>
<format>text/x-wiki</format>
<text bytes="584" xml:space="preserve">{{ver também|cabríu}}
={{-ast-}}=
==Substantivo==
{{flex.ast|ms=cabriu|mp=cabrios}}
{{paroxítona|ca|briu|lang=ast}}, {{gramática|m|lang=ast}}
# [[caibro]], nos telhados, peça de madeira que vai da beira do telhado, do [[frechal]], até a [[cumeeira]]
# [[madeira]] que faz parte da armação do telhado
# {{escopo2|em plural}} '''cabrios''': máquina para levantar pesos que é um grande trípode com uma [[roldana]] no seu vértice
===Sinónimo===
* De '''2''': [[cangu#{{ast}}|cangu]]
=={{etimologia|ast}}==
{{llietimo|la|capreus|ast}}
[[Categoria:Substantivo (Asturiano)]]</text>
<sha1>62dj72v83778970fla9h72rcqpgpaix</sha1>
</revision>
</page>
