<page>
<title>cabritareis</title>
<ns>0</ns>
<id>189395</id>
<revision>
<id>2311409</id>
<parentid>1125353</parentid>
<timestamp>2017-04-30T00:29:13Z</timestamp>
<contributor>
<username>HydrizBot</username>
<id>29590</id>
</contributor>
<minor />
<comment>Robô: A limpar links interwikis antigos</comment>
<model>wikitext</model>
<format>text/x-wiki</format>
<text bytes="174" xml:space="preserve">={{-pt-}}=
==Forma verbal==
'''cabritareis'''
#[[segunda pessoa]] do [[plural]] do [[futuro do presente]] do verbo '''[[cabritar]]'''
[[Categoria:Forma verbal (Português)]]</text>
<sha1>0dw5ubx9fi83hvidmqtva5sgsxkwa8g</sha1>
</revision>
</page>
