<page>
<page>
<title>cabritáveis</title>
<ns>0</ns>
<id>167715</id>
<revision>
<id>2311447</id>
<parentid>2030496</parentid>
<timestamp>2017-04-30T00:30:12Z</timestamp>
<contributor>
<username>HydrizBot</username>
<id>29590</id>
</contributor>
<minor />
<comment>Robô: A limpar links interwikis antigos</comment>
<model>wikitext</model>
<format>text/x-wiki</format>
<text bytes="219" xml:space="preserve">={{-pt-}}=
==Forma verbal==
{{paroxítona|ca|bri|tá|veis}}
# segunda pessoa do plural do pretérito imperfeito do modo indicativo do verbo [[cabritar]]
{{avi-for-fle|cabritar}}
[[Categoria:Forma verbal (Português)]]</text>
<sha1>o5ehmn1ql2d3cusr4ifnd8d710t0yyu</sha1>
</revision>
