<page>
<page>
<title>cabritam</title>
<ns>0</ns>
<id>160549</id>
<revision>
<id>2311400</id>
<parentid>1125345</parentid>
<timestamp>2017-04-30T00:28:55Z</timestamp>
<contributor>
<username>HydrizBot</username>
<id>29590</id>
</contributor>
<minor />
<comment>Robô: A limpar links interwikis antigos</comment>
<model>wikitext</model>
<format>text/x-wiki</format>
<text bytes="184" xml:space="preserve">={{-pt-}}=
==Forma verbal==
'''cabritam'''
#[[terceira pessoa]] do [[plural]] do [[presente]] do [[modo indicativo]] do verbo '''[[cabritar]]'''
[[Categoria:Forma verbal (Português)]]</text>
<sha1>4un8hldnbtnlexsur2fud3jchohpluk</sha1>
</revision>
