<page>
<title>cabritarem</title>
<ns>0</ns>
<id>211647</id>
<revision>
<id>2311410</id>
<parentid>1125354</parentid>
<timestamp>2017-04-30T00:29:15Z</timestamp>
<contributor>
<username>HydrizBot</username>
<id>29590</id>
</contributor>
<minor />
<comment>Robô: A limpar links interwikis antigos</comment>
<model>wikitext</model>
<format>text/x-wiki</format>
<text bytes="274" xml:space="preserve">={{-pt-}}=
==Forma verbal==
'''cabritarem'''
#[[terceira pessoa]] do [[plural]] do [[futuro]] do [[modo subjuntivo]] do verbo '''[[cabritar]]'''
#[[infinitivo pessoal]] da [[terceira pessoa]] do [[plural]] do verbo '''[[cabritar]]'''
[[Categoria:Forma verbal (Português)]]</text>
<sha1>62lzn75bi9m10l3rhtmdhdv4ilb8tts</sha1>
</revision>
</page>
