<page>
<page>
<title>cabritava</title>
<ns>0</ns>
<id>204357</id>
<revision>
<id>2311429</id>
<parentid>1125372</parentid>
<timestamp>2017-04-30T00:29:41Z</timestamp>
<contributor>
<username>HydrizBot</username>
<id>29590</id>
</contributor>
<minor />
<comment>Robô: A limpar links interwikis antigos</comment>
<model>wikitext</model>
<format>text/x-wiki</format>
<text bytes="232" xml:space="preserve">={{-pt-}}=
==Forma verbal==
'''cabritava'''
#[[primeira pessoa|primeira]] e [[terceira pessoa]] do [[singular]] do [[pretérito imperfeito]] do [[modo indicativo]] do verbo '''[[cabritar]]'''
[[Categoria:Forma verbal (Português)]]</text>
<sha1>1omxsgqn6uux4ndwd417m815ttkwn93</sha1>
</revision>
