<page>
<page>
<title>cabritariam</title>
<ns>0</ns>
<id>196047</id>
<revision>
<id>2311415</id>
<parentid>1125358</parentid>
<timestamp>2017-04-30T00:29:21Z</timestamp>
<contributor>
<username>HydrizBot</username>
<id>29590</id>
</contributor>
<minor />
<comment>Robô: A limpar links interwikis antigos</comment>
<model>wikitext</model>
<format>text/x-wiki</format>
<text bytes="177" xml:space="preserve">={{-pt-}}=
==Forma verbal==
'''cabritariam'''
#[[terceira pessoa]] do [[plural]] do [[futuro do pretérito]] do verbo '''[[cabritar]]'''
[[Categoria:Forma verbal (Português)]]</text>
<sha1>0u8anyrb1xnqovxc0zsg9nlxcg1ng3q</sha1>
</revision>
