<page>
<title>cabritavam</title>
<ns>0</ns>
<id>169161</id>
<revision>
<id>2311430</id>
<parentid>1125373</parentid>
<timestamp>2017-04-30T00:29:43Z</timestamp>
<contributor>
<username>HydrizBot</username>
<id>29590</id>
</contributor>
<minor />
<comment>Robô: A limpar links interwikis antigos</comment>
<model>wikitext</model>
<format>text/x-wiki</format>
<text bytes="199" xml:space="preserve">={{-pt-}}=
==Forma verbal==
'''cabritavam'''
#[[terceira pessoa]] do [[plural]] do [[pretérito imperfeito]] do [[modo indicativo]] do verbo '''[[cabritar]]'''
[[Categoria:Forma verbal (Português)]]</text>
<sha1>pg07zz8fmtg0j6873sj61jdocn8gmkx</sha1>
</revision>
</page>
