<page>
<page>
<title>cabritardes</title>
<ns>0</ns>
<id>210317</id>
<revision>
<id>2311407</id>
<parentid>1125351</parentid>
<timestamp>2017-04-30T00:29:09Z</timestamp>
<contributor>
<username>HydrizBot</username>
<id>29590</id>
</contributor>
<minor />
<comment>Robô: A limpar links interwikis antigos</comment>
<model>wikitext</model>
<format>text/x-wiki</format>
<text bytes="273" xml:space="preserve">={{-pt-}}=
==Forma verbal==
'''cabritardes'''
#[[segunda pessoa]] do [[plural]] do [[futuro]] do [[modo subjuntivo]] do verbo '''[[cabritar]]'''
#[[infinitivo pessoal]] da [[segunda pessoa]] do [[plural]] do verbo '''[[cabritar]]'''
[[Categoria:Forma verbal (Português)]]</text>
<sha1>elz3w14s1b1q0fqe8kf3jawo1ysaw3t</sha1>
</revision>
