<page>
<page>
<title>cabrear</title>
<ns>0</ns>
<id>63413</id>
<revision>
<id>2311389</id>
<parentid>1784856</parentid>
<timestamp>2017-04-30T00:28:35Z</timestamp>
<contributor>
<username>HydrizBot</username>
<id>29590</id>
</contributor>
<minor />
<comment>Robô: A limpar links interwikis antigos</comment>
<model>wikitext</model>
<format>text/x-wiki</format>
<text bytes="290" xml:space="preserve">={{-pt-}}=
==Verbo==
{{oxítona|ca|bre|ar}}, ''intransitivo''
# [[empinar]]-se (o [[cavalo]])
# [[erguer]]-se nos [[pé]]s como faz a [[cabra]]
===Conjugação===
{{conj/pt|cabr|ear}}
==Anagramas==
# [[acerbar]]
# [[bracear]]
# [[brecara]]
# [[brecará]]
[[Categoria:Verbo (Português)]]</text>
<sha1>r2la3kazhbepcoqll1u38m4m2kzambj</sha1>
</revision>
