<page>
<page>
<title>cabritei</title>
<ns>0</ns>
<id>170613</id>
<revision>
<id>2311433</id>
<parentid>1125376</parentid>
<timestamp>2017-04-30T00:29:48Z</timestamp>
<contributor>
<username>HydrizBot</username>
<id>29590</id>
</contributor>
<minor />
<comment>Robô: A limpar links interwikis antigos</comment>
<model>wikitext</model>
<format>text/x-wiki</format>
<text bytes="197" xml:space="preserve">={{-pt-}}=
==Forma verbal==
'''cabritei'''
#[[primeira pessoa]] do [[singular]] do [[pretérito perfeito]] do [[modo indicativo]] do verbo '''[[cabritar]]'''
[[Categoria:Forma verbal (Português)]]</text>
<sha1>cvziry6k3l0q3r2pgx7aoprgsjsqegz</sha1>
</revision>
