<page>
<title>cabrela</title>
<ns>0</ns>
<id>352753</id>
<revision>
<id>2441650</id>
<parentid>2070549</parentid>
<timestamp>2017-08-02T18:01:13Z</timestamp>
<contributor>
<username>Cpls</username>
<id>20608</id>
</contributor>
<model>wikitext</model>
<format>text/x-wiki</format>
<text bytes="545" xml:space="preserve">={{-gl-}}=
==Substantivo==
{{flex.gl|fs=cabrela|fp=cabrelas}}
{{paroxítona|ca|bre|la|lang=gl}}, {{g|f|lang=gl}}
# {{escopo|gl|Crustáceo}} [[santiago]], (''[[species:Scyllarus arctus|Scyllarus arctus]]'')
# {{escopo|gl|Crustáceo}} [[navalheira]], (''[[species:Portunus puber|Portunus puber]]'')
# {{escopo|gl|Peixe}} [[boca-negra]], (''[[species:Helicolenus dactylopterus|Helicolenus dactylopterus]]'')
=={{etimologia|gl}}==
: {{escopo|Morfologia}} De ''[[cabra#{{gl}}|cabra]]'' + ''[[-elo#{{gl}}|-ela]]''.
[[Categoria:Substantivo (Galego)]]</text>
<sha1>5y0l69m7bqsiybg4fqouf5p48bp45nl</sha1>
</revision>
</page>
