<page>
<page>
<title>cabritassem</title>
<ns>0</ns>
<id>203030</id>
<revision>
<id>2311425</id>
<parentid>2030154</parentid>
<timestamp>2017-04-30T00:29:36Z</timestamp>
<contributor>
<username>HydrizBot</username>
<id>29590</id>
</contributor>
<minor />
<comment>Robô: A limpar links interwikis antigos</comment>
<model>wikitext</model>
<format>text/x-wiki</format>
<text bytes="248" xml:space="preserve">={{-pt-}}=
==Forma verbal==
{{paroxítona|ca|bri|tas|sem}}
# terceira pessoa do plural do pretérito imperfeito do modo {{PEPB|inline=1|conjuntivo|subjuntivo}} do verbo [[cabritar]]
{{avi-for-fle|cabritar}}
[[Categoria:Forma verbal (Português)]]</text>
<sha1>gu8i5if700j0epwf2ar6hfyhwhd7euz</sha1>
</revision>
