<page>
<page>
<title>cabrites</title>
<ns>0</ns>
<id>218825</id>
<revision>
<id>2311437</id>
<parentid>1125380</parentid>
<timestamp>2017-04-30T00:29:54Z</timestamp>
<contributor>
<username>HydrizBot</username>
<id>29590</id>
</contributor>
<minor />
<comment>Robô: A limpar links interwikis antigos</comment>
<model>wikitext</model>
<format>text/x-wiki</format>
<text bytes="281" xml:space="preserve">={{-pt-}}=
==Forma verbal==
'''cabrites'''
#[[segunda pessoa]] do [[singular]] do [[presente]] do [[modo subjuntivo]] do verbo '''[[cabritar]]'''
#[[segunda pessoa]] do [[singular]] do [[imperativo]] [[negativo]] do verbo '''[[cabritar]]'''
[[Categoria:Forma verbal (Português)]]</text>
<sha1>n2m5kpoiuuq1earobfkgyzc991j9o8m</sha1>
</revision>
