<page>
<title>cabritáreis</title>
<ns>0</ns>
<id>182199</id>
<revision>
<id>2311443</id>
<parentid>2030481</parentid>
<timestamp>2017-04-30T00:30:04Z</timestamp>
<contributor>
<username>HydrizBot</username>
<id>29590</id>
</contributor>
<minor />
<comment>Robô: A limpar links interwikis antigos</comment>
<model>wikitext</model>
<format>text/x-wiki</format>
<text bytes="207" xml:space="preserve">={{-pt-}}=
==Forma verbal==
{{paroxítona|ca|bri|tá|reis}}
# segunda pessoa do plural do pretérito mais-que-perfeito do verbo [[cabritar]]
{{avi-for-fle|cabritar}}
[[Categoria:Forma verbal (Português)]]</text>
<sha1>job474o30idbjyc8m5hrzf8bomtucbs</sha1>
</revision>
</page>
