<page>
<title>cabria</title>
<ns>0</ns>
<id>363617</id>
<revision>
<id>2311392</id>
<parentid>2196321</parentid>
<timestamp>2017-04-30T00:28:40Z</timestamp>
<contributor>
<username>HydrizBot</username>
<id>29590</id>
</contributor>
<minor />
<comment>Robô: A limpar links interwikis antigos</comment>
<model>wikitext</model>
<format>text/x-wiki</format>
<text bytes="657" xml:space="preserve">{{ver também|cábria}}
{{Wikipédia}}
={{-pt-}}=
==Substantivo==
{{flex.gl|ms=cabria|mp=cabrias}}
{{paroxítona|ca|bri|a}}, {{gramática|m}}
# {{escopo|pt|Heráldica}} [[banda]] dos escudos em forma de em ângulo, a modo de [[compasso]]
[[Categoria:Substantivo (Português)]]
={{-gl-}}=
==Adjetivo==
{{flex.gl|ms=cabrio|mp=cabrios|fs=cabria|fp=cabrias}}
{{paroxítona|ca|bri|a}}
# [[cabrum]], pertencente ou relativo à [[cabra]], [[caprino|caprina]]
# que não tem [[propriedade]] individual; que é comum, livre
#* &quot;''Podes regar a vontade, a auga é '''cabria'''.&quot;''
=={{etimologia|gl}}==
{{llietimo|la|caprina|gl}}
[[Categoria:Adjetivo (Galego)]]</text>
<sha1>rlfhznh1rebrrym5h60r6o7wsq7r45t</sha1>
</revision>
</page>
