<page>
<page>
<title>cabrilha</title>
<ns>0</ns>
<id>340568</id>
<revision>
<id>2473604</id>
<parentid>2473595</parentid>
<timestamp>2017-12-29T18:02:29Z</timestamp>
<contributor>
<username>Defender</username>
<id>15952</id>
</contributor>
<minor />
<comment>Revertidas edições por [[Especial:Contribuições/119.160.97.91|119.160.97.91]] para a última versão por [[Especial:Contribuições/HydrizBot|HydrizBot]]</comment>
<model>wikitext</model>
<format>text/x-wiki</format>
<text bytes="242" xml:space="preserve">={{-pt-}}=
==Substantivo==
{{flex.pt|fs=cabrilha|fp=cabrilhas}}
{{paroxítona|ca|bri|lha}}
# bimbarra, vara para mover o cabrestante
# cabrestante muito simples
# aparelho para elevar água, nas salinas
[[Categoria:Substantivo (Português)]]</text>
<sha1>1g4zfks6mi9uevftlgklrjnslw4h70l</sha1>
</revision>
