<page>
<title>cabreiriço</title>
<ns>0</ns>
<id>414319</id>
<revision>
<id>2555901</id>
<timestamp>2019-10-04T14:59:01Z</timestamp>
<contributor>
<username>Cpls</username>
<id>20608</id>
</contributor>
<comment>[[Ajuda:Guia de edição/Menus e ferramentas/Sumário de edição|→]] nova página: ={{-gl-}}= == Substantivo == {{flex.gl|ms=cabreiriço|mp=cabreiriços|fs=cabreiriça|fp=cabreiriças}} {{paro...</comment>
<model>wikitext</model>
<format>text/x-wiki</format>
<text bytes="363" xml:space="preserve">={{-gl-}}=
== Substantivo ==
{{flex.gl|ms=cabreiriço|mp=cabreiriços|fs=cabreiriça|fp=cabreiriças}}
{{paroxítona|ca|brei|ri|ço|lang=gl}}
# {{escopo|gl|Astúrias}} [[cabreiro#{{pt}}|cabreiro]], pastor de cabras
=={{etimologia|gl}}==
: {{escopo|Morfologia}} De ''[[cabreiro#{{gl}}|cabreiro]]'' + ''[[-iço#{{gl}}|-iço]]''.
[[Categoria:Substantivo (Galego)]]</text>
<sha1>m7p1watpls2lefmdpqckhd9fz5an0xh</sha1>
</revision>
</page>
