<page>
<page>
<title>cabritamos</title>
<ns>0</ns>
<id>157530</id>
<revision>
<id>2511378</id>
<parentid>2311401</parentid>
<timestamp>2018-07-17T13:52:12Z</timestamp>
<contributor>
<username>ValJor</username>
<id>1358</id>
</contributor>
<comment>Acrescentando a predefinição avi-for-fle</comment>
<model>wikitext</model>
<format>text/x-wiki</format>
<text bytes="327" xml:space="preserve">={{-pt-}}=
==Forma verbal==
{{paroxítona|ca|bri|ta|mos}}
# primeira pessoa do plural do presente do modo indicativo do verbo [[cabritar]]
# {{escopo2|grafia brasileira}} primeira pessoa do plural do pretérito perfeito do modo indicativo do verbo [[cabritar]]
{{avi-for-fle|cabritar}}
[[Categoria:Forma verbal (Português)]]</text>
<sha1>iw7ckajyrju0om0duifo03toi8aa4a7</sha1>
</revision>
