<page>
<title>Cabrais</title>
<ns>0</ns>
<id>335786</id>
<revision>
<id>2447436</id>
<parentid>2220873</parentid>
<timestamp>2017-09-04T01:38:25Z</timestamp>
<contributor>
<username>MIL973</username>
<id>41339</id>
</contributor>
<model>wikitext</model>
<format>text/x-wiki</format>
<text bytes="202" xml:space="preserve">{{ver também|cabrais}}
={{-pt-}}=
==Forma de substantivo==
{{oxítona|Ca|brais}}, {{gramática|pr|c2gp}}
# plural de [[Cabral]]
{{avi-for-fle|Cabral}}
[[Categoria:Forma de substantivo (Português)]]</text>
<sha1>hhbhaatljz0o790c30dzvminsg0rwm5</sha1>
</revision>
</page>
