<page>
<page>
<title>cabrazar</title>
<ns>0</ns>
<id>63411</id>
<revision>
<id>1103133</id>
<parentid>252731</parentid>
<timestamp>2011-07-03T02:25:40Z</timestamp>
<contributor>
<username>MalafayaBot</username>
<id>628</id>
</contributor>
<minor />
<comment>Robô: Substituição de texto automática (-^\=\s?Português\s?\= +={{-pt-}}= &amp; -^\=\s?\{\{pt\}\}\s?\= +={{-pt-}}=)</comment>
<model>wikitext</model>
<format>text/x-wiki</format>
<text bytes="184" xml:space="preserve">={{-pt-}}=
[[Categoria:Verbo (Português)]]
==Verbo==
'''ca.bra.zar''' 
# ([[intransitivo]])
## [[saltar]] [[como]] [[as]] [[cabras]]
## [[andar]] [[à]] [[maneira]] [[das]] [[cabras]]</text>
<sha1>stv925egab2zj6f7ehpd36nasm5a3v1</sha1>
</revision>
