<page>
<title>cabritámos</title>
<ns>0</ns>
<id>164713</id>
<revision>
<id>2311441</id>
<parentid>2030166</parentid>
<timestamp>2017-04-30T00:30:00Z</timestamp>
<contributor>
<username>HydrizBot</username>
<id>29590</id>
</contributor>
<minor />
<comment>Robô: A limpar links interwikis antigos</comment>
<model>wikitext</model>
<format>text/x-wiki</format>
<text bytes="244" xml:space="preserve">{{grafiaPtpt|cabritamos}}
={{-pt-}}=
==Forma verbal==
{{paroxítona|ca|bri|tá|mos}}
# primeira pessoa do plural do pretérito perfeito do modo indicativo do verbo [[cabritar]]
{{avi-for-fle|cabritar}}
[[Categoria:Forma verbal (Português)]]</text>
<sha1>52u2vxaqaplnvu4y8xlq1t39rxsn25w</sha1>
</revision>
</page>
