<page>
<page>
<title>Cabral</title>
<ns>0</ns>
<id>335785</id>
<revision>
<id>2447435</id>
<parentid>2266311</parentid>
<timestamp>2017-09-04T01:37:59Z</timestamp>
<contributor>
<username>MIL973</username>
<id>41339</id>
</contributor>
<model>wikitext</model>
<format>text/x-wiki</format>
<text bytes="239" xml:space="preserve">={{-pt-}}=
==Substantivo==
{{flex.pt|s=Cabral|p=Cabrais}}
{{oxítona|Ca|bral}}, {{gramática|pr|c2g}}
# {{escopo|pt|Antropônimo}} [[Apêndice:Sobrenomes em português|sobrenome]] comum em português
[[Categoria:Substantivo (Português)]]</text>
<sha1>ag1b9bltneg0vz3405q4m2yctjk309g</sha1>
</revision>
