<page>
<title>cabritarias</title>
<ns>0</ns>
<id>200337</id>
<revision>
<id>2311416</id>
<parentid>1125359</parentid>
<timestamp>2017-04-30T00:29:22Z</timestamp>
<contributor>
<username>HydrizBot</username>
<id>29590</id>
</contributor>
<minor />
<comment>Robô: A limpar links interwikis antigos</comment>
<model>wikitext</model>
<format>text/x-wiki</format>
<text bytes="178" xml:space="preserve">={{-pt-}}=
==Forma verbal==
'''cabritarias'''
#[[segunda pessoa]] do [[singular]] do [[futuro do pretérito]] do verbo '''[[cabritar]]'''
[[Categoria:Forma verbal (Português)]]</text>
<sha1>rzf8yz95klsgpw6ru43migc25kcriof</sha1>
</revision>
</page>
