<page>
<page>
<title>cabritasse</title>
<ns>0</ns>
<id>205654</id>
<revision>
<id>2311424</id>
<parentid>2030150</parentid>
<timestamp>2017-04-30T00:29:34Z</timestamp>
<contributor>
<username>HydrizBot</username>
<id>29590</id>
</contributor>
<minor />
<comment>Robô: A limpar links interwikis antigos</comment>
<model>wikitext</model>
<format>text/x-wiki</format>
<text bytes="260" xml:space="preserve">={{-pt-}}=
==Forma verbal==
{{paroxítona|ca|bri|tas|se}}
# primeira e terceira pessoa do singular do pretérito imperfeito do modo {{PEPB|inline=1|conjuntivo|subjuntivo}} do verbo [[cabritar]]
{{avi-for-fle|cabritar}}
[[Categoria:Forma verbal (Português)]]</text>
<sha1>8oumf5s9e14z3q099jzn4uib0vyzx8p</sha1>
</revision>
