<page>
<title>cabrume</title>
<ns>0</ns>
<id>435058</id>
<revision>
<id>2639071</id>
<timestamp>2021-06-19T11:06:24Z</timestamp>
<contributor>
<username>Cpls</username>
<id>20608</id>
</contributor>
<comment>[[Ajuda:Guia de edição/Menus e ferramentas/Sumário de edição|→]] nova página: ={{-gl-}}= ==Substantivo== {{flex.gl|ms=cabrume|mp=cabrumes}} {{paroxítona|ca|bru|me|lang=gl}}, {{g|m}} # co...</comment>
<model>wikitext</model>
<format>text/x-wiki</format>
<text bytes="335" xml:space="preserve">={{-gl-}}=
==Substantivo==
{{flex.gl|ms=cabrume|mp=cabrumes}}
{{paroxítona|ca|bru|me|lang=gl}}, {{g|m}}
# coletivo para [[cabra]]s, o rebanho de cabras, o gado [[cabrum]]
=={{etimologia|gl}}==
: {{escopo|Morfologia}} De {{etimo|gl|cabra}} + {{etimo|gl|-ume}}. Confronte-se com {{etimo|gl|vacume}}.
[[Categoria:Substantivo (Galego)]]</text>
<sha1>7ihkil7iukz5z697u8uuzpb8y0mw017</sha1>
</revision>
</page>
