<page>
<title>Cabreúva</title>
<ns>0</ns>
<id>135886</id>
<revision>
<id>2485088</id>
<parentid>2485087</parentid>
<timestamp>2018-02-15T00:47:56Z</timestamp>
<contributor>
<username>MIL973</username>
<id>41339</id>
</contributor>
<model>wikitext</model>
<format>text/x-wiki</format>
<text bytes="452" xml:space="preserve">{{Wikipédia}}
={{-pt-}}=
==Substantivo==
{{paroxítona|Ca|bre|ú|va}}, {{gramática|pr}}
# {{escopo|pt|Município do estado de São Paulo}} [[Apêndice:Gentílicos e topónimos em português/Brasil/São Paulo|município brasileiro do estado de São Paulo]]
==Ver também==
===No Wikcionário===
* [[cabreuvense]]
==Ligações externas==
* [http://www.cabreuva.sp.gov.br/ Prefeitura de Cabreúva (São Paulo)]
[[Categoria:Substantivo (Português)]]</text>
<sha1>l7ubsmev2co3ivl8p7lvjvoj70qb3lg</sha1>
</revision>
</page>
