<page>
<page>
<title>cabsar</title>
<ns>0</ns>
<id>433468</id>
<revision>
<id>2632563</id>
<timestamp>2021-05-01T18:30:43Z</timestamp>
<contributor>
<username>Cpls</username>
<id>20608</id>
</contributor>
<comment>[[Ajuda:Guia de edição/Menus e ferramentas/Sumário de edição|→]] nova página: ={{-roa-gpm-}}= ==Verbo== {{oxítona|cab|sar|lang=roa-gpm}} # [[causar]]  =={{etimologia|roa-gpm}}== : Por ...</comment>
<model>wikitext</model>
<format>text/x-wiki</format>
<text bytes="247" xml:space="preserve">={{-roa-gpm-}}=
==Verbo==
{{oxítona|cab|sar|lang=roa-gpm}}
# [[causar]]
=={{etimologia|roa-gpm}}==
: Por [[ultracorreção]] de {{etimo|roa-gpm|causar}}. Confronte-se com {{etimo|roa-gpm|cabsa}}.
[[Categoria:Verbo (Galego-Português Medieval)]]</text>
<sha1>57apxic44ko6l7ze83lfa7kgfm8w6ne</sha1>
</revision>
