<page>
<title>Cabul</title>
<ns>0</ns>
<id>47310</id>
<revision>
<id>2569764</id>
<parentid>2266316</parentid>
<timestamp>2020-01-08T19:23:55Z</timestamp>
<contributor>
<username>Tribuno da Plebe</username>
<id>16095</id>
</contributor>
<comment>/* {{-pt-}} */</comment>
<model>wikitext</model>
<format>text/x-wiki</format>
<text bytes="389" xml:space="preserve">{{Wikipédia}}
={{-pt-}}=
==Substantivo==
{{oxítona|Ca|bul}}, {{g|pr}}
* capital do [[Afeganistão]]
== Tradução ==
{{tradini}}
*{{es}}: {{xlatio|es|Kabul|}}
*{{fr}}: {{xlatio|fr|Kaboul|}}
{{tradmeio}}
*{{en}}: {{xlatio|en|Kabul|}}
*{{de}}: {{xlatio|de|Kabul|}}
{{tradfim}}
[[Categoria:Substantivo (Português)]]
[[Categoria:Capital (Português)]]
[[Categoria:Cidade (Português)]]</text>
<sha1>kd8w8ego3kgkiqema7v9jawylnwzuww</sha1>
</revision>
</page>
