<page>
<title>cabucar</title>
<ns>0</ns>
<id>385631</id>
<revision>
<id>2566868</id>
<parentid>2459573</parentid>
<timestamp>2019-12-16T11:17:37Z</timestamp>
<contributor>
<username>Cpls</username>
<id>20608</id>
</contributor>
<model>wikitext</model>
<format>text/x-wiki</format>
<text bytes="459" xml:space="preserve">={{-gl-}}=
==Verbo==
{{oxítona|ca|bu|car|lang=gl}}, {{g|pron|trans|lang=gl}}
# [[equivocar]]-se, confundir uma coisa por outra
# provocar [[equívoco]]s ou erros
==={{-varort-}}===
* [[cavucar#{{gl}}|cavucar]]
===Sinónimos===
* Vide em [[trabucar#{{gl}}|trabucar]]
=={{etimologia|gl}}==
: {{escopo|Morfologia}} De ''[[cabuco#{{gl}}|cabuco]]'' + ''[[ar#{{gl}}|-ar]]''. Confronte-se com ''[[cabucamento#{{gl}}|cabucamento]]''.
[[Categoria:Verbo (Galego)]]</text>
<sha1>t6mn6x5xp8zqpcfaue59s5jspl5obop</sha1>
</revision>
</page>
