<page>
<title>cabueta</title>
<ns>0</ns>
<id>136830</id>
<revision>
<id>2590623</id>
<parentid>2590609</parentid>
<timestamp>2020-06-17T17:05:14Z</timestamp>
<contributor>
<username>ValJor</username>
<id>1358</id>
</contributor>
<comment>Desfazendo vandalismos múltiplos no braço</comment>
<model>wikitext</model>
<format>text/x-wiki</format>
<text bytes="295" xml:space="preserve">={{-pt-}}=
==Substantivo==
{{paroxítona|ca|bu|e|ta}}, {{gramática|c2g}}
# {{escopo|pt|Popular}} [[alcaguete]], [[dedo-duro]], [[delator]]
=={{etimologia|pt}}==
: Derivação pela pronúncia: [[alcaguete]] →  caguete  →  cagueta  →  '''cabueta'''.
[[Categoria:Substantivo (Português)]]</text>
<sha1>q2v5ta7vvm036orldmwzjie33uhr6hw</sha1>
</revision>
</page>
