<page>
<title>cabujento</title>
<ns>0</ns>
<id>257979</id>
<revision>
<id>2553218</id>
<parentid>1452049</parentid>
<timestamp>2019-09-09T11:26:57Z</timestamp>
<contributor>
<username>Cpls</username>
<id>20608</id>
</contributor>
<comment>/* {{-pt-}} */</comment>
<model>wikitext</model>
<format>text/x-wiki</format>
<text bytes="374" xml:space="preserve">={{-pt-}}=
==Adjetivo==
{{flex.pt|ms=cabujento|mp=cabujentos|fs=cabujenta|fp=cabujentas}}
{{paroxítona|ca|bu|jen|to}}
# {{escopo|pt|Galiza}} aquele ou aquela que tem [[rancor]], que persiste no [[enfado]]
==Ver também==
===No Wikcionário===
{{verTambém.Ini}}
* [[cabujo]]
{{verTambém.NovaColuna}}
* [[encabujar]]
{{verTambém.Fim}}
[[Categoria:Adjetivo (Português)]]</text>
<sha1>mriqao7nis0529w0ofcke0x5oza6kbp</sha1>
</revision>
</page>
