<page>
<title>cabuchete</title>
<ns>0</ns>
<id>436619</id>
<revision>
<id>2645340</id>
<timestamp>2021-08-14T14:44:21Z</timestamp>
<contributor>
<username>Cpls</username>
<id>20608</id>
</contributor>
<comment>[[Ajuda:Guia de edição/Menus e ferramentas/Sumário de edição|→]] nova página: ={{-gl-}}= ==Substantivo== {{flex.gl|ms=cabuchete|mp=cabuchetes}} {{paroxítona|ca|bu|che|te|lang=gl}}, {{g|m}} # {{escopo|gl|Náutica}} [[compartimento]] muito reduzido em uma embarcação pequena, onde podem ser guardados utensílios ou dormir um tripulante # [[quarto]] muito reduzido  ==={{-varort-}}=== * [[cubichete#{{gl}}|cubichete]]  =={{etimologia|gl}}== : Talvez da mesma raiz que {{etimo|gl|cabine}...</comment>
<model>wikitext</model>
<format>text/x-wiki</format>
<text bytes="528" xml:space="preserve">={{-gl-}}=
==Substantivo==
{{flex.gl|ms=cabuchete|mp=cabuchetes}}
{{paroxítona|ca|bu|che|te|lang=gl}}, {{g|m}}
# {{escopo|gl|Náutica}} [[compartimento]] muito reduzido em uma embarcação pequena, onde podem ser guardados utensílios ou dormir um tripulante
# [[quarto]] muito reduzido
==={{-varort-}}===
* [[cubichete#{{gl}}|cubichete]]
=={{etimologia|gl}}==
: Talvez da mesma raiz que {{etimo|gl|cabine}}; confronte-se com {{etimo|gl|cabichete}}.
==Ligações externas==
* {{Estraviz}}
[[Categoria:Substantivo (Galego)]]</text>
<sha1>ljiqmsiyq4iyg12m9nfgiq6irshpn2b</sha1>
</revision>
</page>
