<page>
<page>
<title>caburé</title>
<ns>0</ns>
<id>128788</id>
<revision>
<id>2311460</id>
<parentid>2117499</parentid>
<timestamp>2017-04-30T00:30:37Z</timestamp>
<contributor>
<username>HydrizBot</username>
<id>29590</id>
</contributor>
<minor />
<comment>Robô: A limpar links interwikis antigos</comment>
<model>wikitext</model>
<format>text/x-wiki</format>
<text bytes="688" xml:space="preserve">[[Ficheiro:Chevechette.jpg|thumb|200px|]]
={{-pt-}}=
{{Wikipédia}}
==Substantivo==
{{oxítona|ca|bu|ré}}
:# [[cafuso]], [[caboclo]], [[caipira]]
:# [[vaso]] de [[barro]], [[bojudo]] no [[centro]], usado para [[coar]] o [[café]]
:# [[pessoa]] que só [[sair|sai]] à [[noite]]
:# [[pessoa]] [[feia]] e [[atarracada]]. Ex.:''Você parece um caboré''
:# [[designação]] de [[pássaro]] semelhante a uma coruja ([[estrigiforme]]), comum no sertão nordestino, especialmente o  ''Glaucidium brasilianum'', pertencente à família [[Strigidae]].
:# [[bolo]] de [[mandioca]] e [[trigo]]
==Variação==
* [[caboré]]
[[Categoria:Substantivo (Português)]]
[[Categoria:Animal (Português)]]</text>
<sha1>bd33xmgxaairjg2m49sknefx9vh6416</sha1>
</revision>
