<page>
<page>
<title>cabum</title>
<ns>0</ns>
<id>329205</id>
<revision>
<id>2311459</id>
<parentid>1850022</parentid>
<timestamp>2017-04-30T00:30:35Z</timestamp>
<contributor>
<username>HydrizBot</username>
<id>29590</id>
</contributor>
<minor />
<comment>Robô: A limpar links interwikis antigos</comment>
<model>wikitext</model>
<format>text/x-wiki</format>
<text bytes="311" xml:space="preserve">={{-pt-}}=
==Onomatopeia==
'''cabum'''
# imitativa do som de uma explosão
===Sinônimos===
*De '''1''' (imitativa do som de uma explosão): [[bum]], [[pum]]
===Tradução===
{{tradini|De 1 (imitativa de som de explosão)}}
* {{trad|en|kaboom}}
{{tradmeio}}
{{tradfim}}
[[Categoria:Onomatopeia (Português)]]</text>
<sha1>acf8ym8q7k14wrwzpcsmc6n65knq3lc</sha1>
</revision>
