<page>
<page>
<title>cabucha</title>
<ns>0</ns>
<id>436591</id>
<revision>
<id>2645234</id>
<timestamp>2021-08-13T21:46:19Z</timestamp>
<contributor>
<username>Cpls</username>
<id>20608</id>
</contributor>
<comment>[[Ajuda:Guia de edição/Menus e ferramentas/Sumário de edição|→]] nova página: ={{-gl-}}= ==Substantivo== {{flex.gl|fs=cabucha|fp=cabuchas}} {{paroxítona|ca|bu|cha|lang=gl}}, {{g|f}} # [[esfolha]], o trabalho e ação de [[esfolhar]] o milho  =={{etimologia|gl}}== : Confronte-se com {{etimo|gl|cabuchar}} e {{etimo|gl|cabucho}}.  [[Categoria:Substantivo (Galego)]]</comment>
<model>wikitext</model>
<format>text/x-wiki</format>
<text bytes="287" xml:space="preserve">={{-gl-}}=
==Substantivo==
{{flex.gl|fs=cabucha|fp=cabuchas}}
{{paroxítona|ca|bu|cha|lang=gl}}, {{g|f}}
# [[esfolha]], o trabalho e ação de [[esfolhar]] o milho
=={{etimologia|gl}}==
: Confronte-se com {{etimo|gl|cabuchar}} e {{etimo|gl|cabucho}}.
[[Categoria:Substantivo (Galego)]]</text>
<sha1>0d76c6olx6v0n5tdkzsmy9rgv6lkq5h</sha1>
</revision>
