<page>
<page>
<title>cabuloso</title>
<ns>0</ns>
<id>70179</id>
<revision>
<id>2311458</id>
<parentid>2011191</parentid>
<timestamp>2017-04-30T00:30:33Z</timestamp>
<contributor>
<username>HydrizBot</username>
<id>29590</id>
</contributor>
<minor />
<comment>Robô: A limpar links interwikis antigos</comment>
<model>wikitext</model>
<format>text/x-wiki</format>
<text bytes="459" xml:space="preserve">={{-pt-}}=
==Adjetivo==
'''ca.bu.lo.so''' - feminino: [[cabulosa]]
:# {{escopo|Brasileirismo}} que tem [[cábula]]
:# {{escopo|Brasileirismo}} [[astucioso]], [[malandro]]
:# {{escopo|Brasileirismo}} [[azarento]]
:# {{escopo|Brasileirismo}} [[importuno]]
:# {{escopo|Brasileirismo}} {{escopo|Gíria}} [[interessante]], [[maneiro]], [[bom]], [[esquisito]]
:# {{escopo|Brasileirismo}} [[obscuro]]
[[Categoria:Adjetivo (Português)]]
[[Categoria:Brasileirismo]]</text>
<sha1>0w6olzi94v9kpqwttexdjr1t8oyojva</sha1>
</revision>
