<page>
<title>cabulámos</title>
<ns>0</ns>
<id>309768</id>
<revision>
<id>1699009</id>
<parentid>1647775</parentid>
<timestamp>2013-07-09T13:53:22Z</timestamp>
<contributor>
<username>Malafaya</username>
<id>313</id>
</contributor>
<comment>ca</comment>
<model>wikitext</model>
<format>text/x-wiki</format>
<text bytes="262" xml:space="preserve">={{-pt-}}=
==Forma verbal==
{{paroxítona|ca|bu|lá|mos}}
#{{escopo|grafia lusitana}} [[primeira pessoa]] do [[plural]] do [[pretérito perfeito]] do [[modo indicativo]] do verbo '''[[cabular]]'''
[[Categoria:Forma verbal (Português)]]
[[Categoria:Lusitanismo]]</text>
<sha1>p1vgxigox6rj79coqs1duncr2xix4iu</sha1>
</revision>
</page>
