<page>
<title>caburinha</title>
<ns>0</ns>
<id>435343</id>
<revision>
<id>2640080</id>
<timestamp>2021-06-28T13:03:16Z</timestamp>
<contributor>
<username>Cpls</username>
<id>20608</id>
</contributor>
<comment>[[Ajuda:Guia de edição/Menus e ferramentas/Sumário de edição|→]] nova página: ={{-gl-}}= {{ga-in}} ==Substantivo== {{flex.gl|fs=caburinha|fp=caburinhas}} {{paroxítona|ca|bu|ri|nha|lang=g...</comment>
<model>wikitext</model>
<format>text/x-wiki</format>
<text bytes="332" xml:space="preserve">={{-gl-}}=
{{ga-in}}
==Substantivo==
{{flex.gl|fs=caburinha|fp=caburinhas}}
{{paroxítona|ca|bu|ri|nha|lang=gl}}, {{g|m}}
# {{escopo|gl|Jogo}} [[escondidas]]
===Sinónimos===
* Vide em [[laburinha#{{gl}}|laburinha]]
=={{etimologia|gl}}==
: De ''[[jogo da caburinha#{{gl}}|jogo da caburinha]]''.
[[Categoria:Substantivo (Galego)]]</text>
<sha1>gkz4zwcw7hl2u5842l5dkjzeuhv5ogb</sha1>
</revision>
</page>
