<page>
<title>cabucho</title>
<ns>0</ns>
<id>436590</id>
<revision>
<id>2645233</id>
<timestamp>2021-08-13T21:45:59Z</timestamp>
<contributor>
<username>Cpls</username>
<id>20608</id>
</contributor>
<comment>[[Ajuda:Guia de edição/Menus e ferramentas/Sumário de edição|→]] nova página: ={{-gl-}}= ==Substantivo== {{flex.gl|ms=cabucho|mp=cabuchos}} {{paroxítona|ca|bu|cho|lang=gl}}, {{g|m}} # no [[milho]], [[espiga]] pequena, ou espiga com poucos [[grão]]s # [[cabo]] de uma [[vela]] # [[enfado]] menor  ===Sinónimos=== * De '''3''': [[cabujo#{{gl}}|cabujo]], [[encabujo#{{gl}}|encabujo]]  =={{etimologia|gl}}== : De '''1''' e '''2''': Confronte-se com {{etimo|gl|cabuchar}} e {{etimo|gl|cabu...</comment>
<model>wikitext</model>
<format>text/x-wiki</format>
<text bytes="547" xml:space="preserve">={{-gl-}}=
==Substantivo==
{{flex.gl|ms=cabucho|mp=cabuchos}}
{{paroxítona|ca|bu|cho|lang=gl}}, {{g|m}}
# no [[milho]], [[espiga]] pequena, ou espiga com poucos [[grão]]s
# [[cabo]] de uma [[vela]]
# [[enfado]] menor
===Sinónimos===
* De '''3''': [[cabujo#{{gl}}|cabujo]], [[encabujo#{{gl}}|encabujo]]
=={{etimologia|gl}}==
: De '''1''' e '''2''': Confronte-se com {{etimo|gl|cabuchar}} e {{etimo|gl|cabucha}}.
: De '''3''': Variante de ''[[cabujo#{{gl}}|cabujo]]''.
==Ligações externas==
* {{Estraviz}}
[[Categoria:Substantivo (Galego)]]</text>
<sha1>4401mz8txjt8rfe1zsy5pnjr5ksfdrn</sha1>
</revision>
</page>
