<page>
<page>
<title>cabuco</title>
<ns>0</ns>
<id>385632</id>
<revision>
<id>2459574</id>
<timestamp>2017-11-07T12:49:10Z</timestamp>
<contributor>
<username>Cpls</username>
<id>20608</id>
</contributor>
<comment>[[Ajuda:Guia de edição/Menus e ferramentas/Sumário de edição|→]] nova página: ={{-gl-}}= ==Substantivo== {{flex.gl|ms=cabuco|mp=cabucos}} {{paroxítona|ca|bu|co|lang=gl}}, {{g|m|lang=gl}}...</comment>
<model>wikitext</model>
<format>text/x-wiki</format>
<text bytes="287" xml:space="preserve">={{-gl-}}=
==Substantivo==
{{flex.gl|ms=cabuco|mp=cabucos}}
{{paroxítona|ca|bu|co|lang=gl}}, {{g|m|lang=gl}}
# [[equívoco]], erro
==={{-varort-}}===
* [[cavuco#{{gl}}|cavuco]]
=={{etimologia|gl}}==
: Aparentado com o latim {{etimo|la|aequivocus}}.
[[Categoria:Substantivo (Galego)]]</text>
<sha1>h7r3scdwzvyk8db2culnd8ogftk9iy4</sha1>
</revision>
