<page>
<page>
<title>cabuja</title>
<ns>0</ns>
<id>413314</id>
<revision>
<id>2553227</id>
<parentid>2553219</parentid>
<timestamp>2019-09-09T13:46:57Z</timestamp>
<contributor>
<username>Cpls</username>
<id>20608</id>
</contributor>
<comment>/* {{-gl-}} */</comment>
<model>wikitext</model>
<format>text/x-wiki</format>
<text bytes="1131" xml:space="preserve">={{-gl-}}=
==Substantivo==
{{flex.gl|ms=cabujo|mp=cabujos|fs=cabuja|fp=cabujas}}
{{paroxítona|ca|bu|ja|lang=gl}}
# {{escopo|gl|Mamífero}} [[cabra]] nova que ainda não pariu
# de jeito afetivo, qualquer [[cabra]]
{{flex.gl|fs=cabuja|fp=cabujas}}
{{paroxítona|ca|bu|ja|lang=gl}}, {{g|f|lang=gl}}
#{{cont|3}} [[ferro]] que é [[espetar|espetado]] na terra com a função de segurar nele algum elemento
# {{escopo|gl|Inseto}} [[alfaiate]], inseto do género ''[[species:Gerris|Gerris]]''
# {{escopo|gl|Peixe}} peixe semelhante ao [[peixe-rei]], de sabor menos valorado 
===Sinónimos===
* De '''1''': [[gena#{{gl}}|gena]], [[godalha#{{gl}}|godalha]]
* De '''4''': [[barquim#{{gl}}|barquim]], [[barqueiro#{{gl}}|barqueiro]], [[cabra-cega#{{gl}}|cabra-cega]], [[cabra-lola#{{gl}}|cabra-lola]], [[costureira#{{gl}}|costureira]], [[limpa-fontes#{{gl}}|limpa-fontes]], [[marinheiro#{{gl}}|marinheiro]], [[muxirico#{{gl}}|muxirico]], [[pita-cega#{{gl}}|pita-cega]], [[zapateiro#{{gl}}|zapateiro]]
=={{etimologia|gl}}==
:{{escopo|Morfologia}} De ''[[cabra#{{gl}}|cabra]]'' + ''[[-ujo#{{gl}}|-uja]]''.
[[Categoria:Substantivo (Galego)]]</text>
<sha1>n02tgu86mj0f2ulg8hc5bpm3wpqgrbt</sha1>
</revision>
