<page>
<page>
<title>cabulosa</title>
<ns>0</ns>
<id>335190</id>
<revision>
<id>2311457</id>
<parentid>2117500</parentid>
<timestamp>2017-04-30T00:30:32Z</timestamp>
<contributor>
<username>HydrizBot</username>
<id>29590</id>
</contributor>
<minor />
<comment>Robô: A limpar links interwikis antigos</comment>
<model>wikitext</model>
<format>text/x-wiki</format>
<text bytes="159" xml:space="preserve">={{-pt-}}=
==Forma de adjetivo==
{{paroxítona|ca|bu|lo|sa}}
# feminino de [[cabuloso]]
{{avi-for-fle|cabuloso}}
[[Categoria:Forma de adjetivo (Português)]]</text>
<sha1>doj0f3jb77hw174y1dqwdoo9onq98kx</sha1>
</revision>
