<page>
<title>cabundá</title>
<ns>0</ns>
<id>58438</id>
<revision>
<id>2035857</id>
<parentid>1194241</parentid>
<timestamp>2015-11-12T11:18:43Z</timestamp>
<contributor>
<username>ValJor</username>
<id>1358</id>
</contributor>
<comment>Um verbete a menos usando a [[Predefinição:flex.pt.subst.masculino|predefinição flex.pt.subst.masculino]]</comment>
<model>wikitext</model>
<format>text/x-wiki</format>
<text bytes="305" xml:space="preserve">={{-pt-}}=
==Substantivo==
{{flex.pt|ms=cabundá|mp=cabundás}}
{{oxítona|ca|bun|dá}}, {{m}}
# {{escopo|Brasileirismo}} [[escravo]] [[fugitivo]] por [[ladroeirar]]
==Ver também==
===No Wikcionário===
{{verTambém.Confrontar|bundá}}
[[Categoria:Substantivo (Português)]]
[[Categoria:Brasileirismo]]</text>
<sha1>tlruk6artt2ko0hv5poeytfcfbud54s</sha1>
</revision>
</page>
