<page>
<page>
<title>cabuleté</title>
<ns>0</ns>
<id>91270</id>
<revision>
<id>2238010</id>
<parentid>1203626</parentid>
<timestamp>2017-02-13T15:52:36Z</timestamp>
<contributor>
<username>Defender</username>
<id>15952</id>
</contributor>
<comment>Um verbete a menos usando a [[Predefinição:flex.pt.masculino|predefinição flex.pt.masculino]]</comment>
<model>wikitext</model>
<format>text/x-wiki</format>
<text bytes="199" xml:space="preserve">={{-pt-}}=
==Substantivo==
{{flex.pt|ms=cabuleté|mp=cabuletés}}
{{oxítona|ca|bu|le|té}}, {{g|m}}
# [[bisbórria]]
# [[bigorrilhas]]
# [[homem]] da [[ralé]]
[[Categoria:Substantivo (Português)]]</text>
<sha1>kwfvuet1v1ya96ritxq62rl1gbjz0ou</sha1>
</revision>
