<page>
<page>
<title>cabunho</title>
<ns>0</ns>
<id>295132</id>
<revision>
<id>2459829</id>
<parentid>2459572</parentid>
<timestamp>2017-11-08T18:30:41Z</timestamp>
<contributor>
<username>Cpls</username>
<id>20608</id>
</contributor>
<comment>/* {{-pt-}} */</comment>
<model>wikitext</model>
<format>text/x-wiki</format>
<text bytes="351" xml:space="preserve">={{-pt-}}=
==Substantivo==
{{flex.pt|ms=cabunho|mp=cabunhos}}
{{paroxítona|ca|bu|nho}}, {{g|m}}
# {{escopo|pt|Barroso}} pedra de [[amolar]]
===Sinônimos===
*  [[carabunho]]
==Ver também==
===No Wikcionário===
{{verTambém.Ini}}
* [[carabunhar]]
{{verTambém.NovaColuna}}
* [[crabunhar]]
{{verTambém.Fim}}
[[Categoria:Substantivo (Português)]]</text>
<sha1>3phubvbzgsopnxuil103qeixpzvqsou</sha1>
</revision>
