<page>
<page>
<title>cabujo</title>
<ns>0</ns>
<id>249768</id>
<revision>
<id>2553221</id>
<parentid>1701534</parentid>
<timestamp>2019-09-09T11:28:24Z</timestamp>
<contributor>
<username>Cpls</username>
<id>20608</id>
</contributor>
<comment>a corrigir escopos</comment>
<model>wikitext</model>
<format>text/x-wiki</format>
<text bytes="528" xml:space="preserve">={{-pt-}}=
==Substantivo==
{{flex.pt|ms=cabujo|mp=cabujos|fs=cabuja|fp=cabujas}}
{{paroxítona|ca|bu|jo}}
# {{escopo|pt|Galiza}} [[cabrito]], filho novinho da cabra que já pasce 
# {{escopo|pt|Galiza}} [[enfado]], raiva, capricho, [[perrencha]]
#* ''&quot;Está de '''cabujo''', pois não é como pretende que seja.&quot;''
===Verbetes derivados===
* [[cabujento]]
==Ver também==
===No Wikcionário===
{{verTambém.Ini}}
* [[arroalho]]
{{verTambém.NovaColuna}}
* [[godalho]]
{{verTambém.Fim}}
[[Categoria:Substantivo (Português)]]</text>
<sha1>bq7vk4gc0opdvf9ym8smbc5pjxd2wwa</sha1>
</revision>
