<page>
<title>cabular</title>
<ns>0</ns>
<id>33174</id>
<revision>
<id>2619918</id>
<parentid>2311456</parentid>
<timestamp>2021-02-01T20:06:36Z</timestamp>
<contributor>
<username>MarxavBot</username>
<id>80155</id>
</contributor>
<minor />
<comment>AFI Portugal</comment>
<model>wikitext</model>
<format>text/x-wiki</format>
<text bytes="347" xml:space="preserve">={{-pt-}}=
==Verbo==
{{oxítona|ca|bu|lar}}, ''intransitivo''
# [[faltar]] à [[aula]] propositadamente
# [[trapacear]] nas aulas
# [[ser]] [[cábula]]
===Conjugação===
{{conj/pt|cabul|ar}}
===Sinônimo===
* {{escopo|Brasil, NE}} [[gazear]]
=={{pronúncia|pt}}==
===Portugal===
* AFI: {{AFI|/kɐ.bu.ˈlaɾ/}}
[[Categoria:Verbo (Português)]]</text>
<sha1>s0r3r0sxu7ln5e2krcyx4xggxmg58no</sha1>
</revision>
</page>
