<page>
<title>cabula</title>
<ns>0</ns>
<id>64514</id>
<revision>
<id>2311455</id>
<parentid>1488138</parentid>
<timestamp>2017-04-30T00:30:29Z</timestamp>
<contributor>
<username>HydrizBot</username>
<id>29590</id>
</contributor>
<minor />
<comment>Robô: A limpar links interwikis antigos</comment>
<model>wikitext</model>
<format>text/x-wiki</format>
<text bytes="511" xml:space="preserve">{{Wikipédia}}
={{-pt-}}=
==Substantivo==
{{flex.pt|fs=cabula|fp=cabulas}}
{{paroxítona|ca|bu|la}}
# {{escopo|Brasil}} [[seita]] [[afro-brasileiro|afro-brasileira]]
# {{escopo|Portugal}} [[montão]] de [[feixe]]s de [[trigo]], de [[vide]]s, etc.
==Forma verbal==
{{paroxítona|ca|bu|la}}
# terceira pessoa do singular do presente do indicativo do verbo [[cabular]]
# segunda pessoa do singular do imperativo do verbo [[cabular]]
[[Categoria:Substantivo (Português)]]
[[Categoria:Forma verbal (Português)]]</text>
<sha1>nn300thfxd1y62vbap9uoy2ujbcm9kv</sha1>
</revision>
</page>
