<page>
<title>cabéren</title>
<ns>0</ns>
<id>390501</id>
<revision>
<id>2476605</id>
<timestamp>2018-01-11T20:07:12Z</timestamp>
<contributor>
<username>Imivorn</username>
<id>64513</id>
</contributor>
<comment>[[Ajuda:Guia de edição/Menus e ferramentas/Sumário de edição|→]] nova página: ={{-mwl-}}= ==Forma verbal== {{paroxítona|ca|bé|ren|língua=mwl}} # [[terceira pessoa]] do [[plural]] no ...</comment>
<model>wikitext</model>
<format>text/x-wiki</format>
<text bytes="219" xml:space="preserve">={{-mwl-}}=
==Forma verbal==
{{paroxítona|ca|bé|ren|língua=mwl}}
# [[terceira pessoa]] do [[plural]] no [[infinitivo pessoal]] de [[caber#{{mwl}}|caber]]
{{avi-for-fle|caber}}
[[Categoria:Forma verbal (Mirandês)]]</text>
<sha1>7cbnd2dt4mi5waenirh6rnrkp9f99fs</sha1>
</revision>
</page>
