<page>
<page>
<title>cabíssen</title>
<ns>0</ns>
<id>390489</id>
<revision>
<id>2476590</id>
<timestamp>2018-01-11T19:17:37Z</timestamp>
<contributor>
<username>Imivorn</username>
<id>64513</id>
</contributor>
<comment>[[Ajuda:Guia de edição/Menus e ferramentas/Sumário de edição|→]] nova página: ={{-mwl-}}= ==Forma verbal== {{paroxítona|ca|bís|sen|língua=mwl}} # [[terceira pessoa]] do [[plural]] no [...</comment>
<model>wikitext</model>
<format>text/x-wiki</format>
<text bytes="230" xml:space="preserve">={{-mwl-}}=
==Forma verbal==
{{paroxítona|ca|bís|sen|língua=mwl}}
# [[terceira pessoa]] do [[plural]] no [[imperfeito]] do [[conjuntivo]] de [[caber#{{mwl}}|caber]]
{{avi-for-fle|caber}}
[[Categoria:Forma verbal (Mirandês)]]</text>
<sha1>hrb77jjqm50jwwz4x0rzhe15m6cy70n</sha1>
</revision>
