<page>
<page>
<title>cabão</title>
<ns>0</ns>
<id>436621</id>
<revision>
<id>2645342</id>
<timestamp>2021-08-14T15:31:22Z</timestamp>
<contributor>
<username>Cpls</username>
<id>20608</id>
</contributor>
<comment>[[Ajuda:Guia de edição/Menus e ferramentas/Sumário de edição|→]] nova página: ={{-gl-}}= {{ga-in}} ==Substantivo== {{flex.gl|ms=cabão|mp=cabães}} {{oxítona|ca|bão|lang=gl}}, {{g|m}} # pequeno [[quarto]] de uma [[habitação]], para dormitório ou armazém  =={{etimologia|gl}}== : De ''[[cabana#{{gl}}|cabana]]'', confronte-se com ''[[vão#{{gl}}|vão]]''.  =={{pronúncia|gl}}== * AFI: {{AFI|/ka.ˈbaŋ/}}  ==Ligações externas== * {{Estraviz}}  ==Homófono== * cavão#{{gl}}|cav...</comment>
<model>wikitext</model>
<format>text/x-wiki</format>
<text bytes="450" xml:space="preserve">={{-gl-}}=
{{ga-in}}
==Substantivo==
{{flex.gl|ms=cabão|mp=cabães}}
{{oxítona|ca|bão|lang=gl}}, {{g|m}}
# pequeno [[quarto]] de uma [[habitação]], para dormitório ou armazém
=={{etimologia|gl}}==
: De ''[[cabana#{{gl}}|cabana]]'', confronte-se com ''[[vão#{{gl}}|vão]]''.
=={{pronúncia|gl}}==
* AFI: {{AFI|/ka.ˈbaŋ/}}
==Ligações externas==
* {{Estraviz}}
==Homófono==
* [[cavão#{{gl}}|cavão]]
[[Categoria:Substantivo (Galego)]]</text>
<sha1>5fr6fe4cpfk54ylt33x7wf4pdbf8uk2</sha1>
</revision>
