<page>
<title>cabúqui</title>
<ns>0</ns>
<id>368149</id>
<revision>
<id>2311461</id>
<parentid>2196003</parentid>
<timestamp>2017-04-30T00:30:38Z</timestamp>
<contributor>
<username>HydrizBot</username>
<id>29590</id>
</contributor>
<minor />
<comment>Robô: A limpar links interwikis antigos</comment>
<model>wikitext</model>
<format>text/x-wiki</format>
<text bytes="366" xml:space="preserve">={{-pt-}}=
==Substantivo==
{{flex.pt|ms=cabúqui|mp=cabúquis}}
{{paroxítona|ca|bú|qui}}, {{gramática|m}}
# teatro tradicional japonês, conhecida pela [[estilização]] do drama e pela elaborada [[maquiagem]] e [[máscaras]] usada por seus atores, todos homens
===Sinônimos===
* {{escopo2|estrangeirismo}} ''[[kabuki]]''
[[Categoria:Substantivo (Português)]]</text>
<sha1>at8j2m47ldqyyhvlz2og337wibeq7sv</sha1>
</revision>
</page>
