<page>
<title>cabíssedes</title>
<ns>0</ns>
<id>390488</id>
<revision>
<id>2476589</id>
<timestamp>2018-01-11T19:17:23Z</timestamp>
<contributor>
<username>Imivorn</username>
<id>64513</id>
</contributor>
<comment>[[Ajuda:Guia de edição/Menus e ferramentas/Sumário de edição|→]] nova página: ={{-mwl-}}= ==Forma verbal== {{proparoxítona|ca|bís|se|des|língua=mwl}} # [[segunda pessoa]] do [[plural]]...</comment>
<model>wikitext</model>
<format>text/x-wiki</format>
<text bytes="235" xml:space="preserve">={{-mwl-}}=
==Forma verbal==
{{proparoxítona|ca|bís|se|des|língua=mwl}}
# [[segunda pessoa]] do [[plural]] no [[imperfeito]] do [[conjuntivo]] de [[caber#{{mwl}}|caber]]
{{avi-for-fle|caber}}
[[Categoria:Forma verbal (Mirandês)]]</text>
<sha1>c8pd6h8y7czpdszlpqrewk8ezki9saz</sha1>
</revision>
</page>
