<page>
<title>cacarejasse</title>
<ns>0</ns>
<id>205427</id>
<revision>
<id>2311489</id>
<parentid>2117524</parentid>
<timestamp>2017-04-30T00:31:27Z</timestamp>
<contributor>
<username>HydrizBot</username>
<id>29590</id>
</contributor>
<minor />
<comment>Robô: A limpar links interwikis antigos</comment>
<model>wikitext</model>
<format>text/x-wiki</format>
<text bytes="264" xml:space="preserve">={{-pt-}}=
==Forma verbal==
{{paroxítona|ca|ca|re|jas|se}}
# primeira e terceira pessoa do singular do pretérito imperfeito do modo {{PEPB|inline=1|conjuntivo|subjuntivo}} do verbo [[cacarejar]]
{{avi-for-fle|cacarejar}}
[[Categoria:Forma verbal (Português)]]</text>
<sha1>6c96okx08zmz3h3pw8acs8d6g5mcomj</sha1>
</revision>
</page>
