<page>
<title>cacarejar</title>
<ns>0</ns>
<id>9500</id>
<revision>
<id>2616255</id>
<parentid>2311469</parentid>
<timestamp>2021-02-01T00:33:49Z</timestamp>
<contributor>
<username>MarxavBot</username>
<id>80155</id>
</contributor>
<minor />
<comment>AFI Portugal</comment>
<model>wikitext</model>
<format>text/x-wiki</format>
<text bytes="461" xml:space="preserve">={{-pt-}}=
==Verbo==
{{oxítona|ca|ca|re|jar}}, ''intransitivo''
# [[fazer]] [[cacarejo]]s, o [[som]] emitido pela [[galinha]]
===Conjugação===
{{conj/pt|cacarej|ar}}
===Tradução===
{{tradini}}
* {{trad|kea|karkixa}}
* {{trad|es|cacarear}}
{{tradmeio}}
* {{trad|no|gale}}
{{tradfim}}
=={{etimologia|pt}}==
: Origem [[onomatopeico|onomatopeica]].
=={{pronúncia|pt}}==
===Portugal===
* AFI: {{AFI|/kɐ.kɐ.Rɨ.ˈʒaɾ/}}
[[Categoria:Verbo (Português)]]</text>
<sha1>nelharxj3nn343edc3dy71ho34v3m0k</sha1>
</revision>
</page>
