<page>
<title>cacarejáramos</title>
<ns>0</ns>
<id>180245</id>
<revision>
<id>2311506</id>
<parentid>2117508</parentid>
<timestamp>2017-04-30T00:31:57Z</timestamp>
<contributor>
<username>HydrizBot</username>
<id>29590</id>
</contributor>
<minor />
<comment>Robô: A limpar links interwikis antigos</comment>
<model>wikitext</model>
<format>text/x-wiki</format>
<text bytes="217" xml:space="preserve">={{-pt-}}=
==Forma verbal==
{{proparoxítona|ca|ca|re|já|ra|mos}}
# primeira pessoa do plural do pretérito mais-que-perfeito do verbo [[cacarejar]]
{{avi-for-fle|cacarejar}}
[[Categoria:Forma verbal (Português)]]</text>
<sha1>442z707nux40svm1pn99zhi1jaz94w1</sha1>
</revision>
</page>
