<page>
<page>
<title>cacarejam</title>
<ns>0</ns>
<id>160327</id>
<revision>
<id>2311465</id>
<parentid>2117496</parentid>
<timestamp>2017-04-30T00:30:47Z</timestamp>
<contributor>
<username>HydrizBot</username>
<id>29590</id>
</contributor>
<minor />
<comment>Robô: A limpar links interwikis antigos</comment>
<model>wikitext</model>
<format>text/x-wiki</format>
<text bytes="186" xml:space="preserve">={{-pt-}}=
==Forma verbal==
'''cacarejam'''
#[[terceira pessoa]] do [[plural]] do [[presente]] do [[modo indicativo]] do verbo '''[[cacarejar]]'''
[[Categoria:Forma verbal (Português)]]</text>
<sha1>l44b00yz2fsmt6ezjuers7uryfd51up</sha1>
</revision>
