<page>
<title>cacatua</title>
<ns>0</ns>
<id>36099</id>
<revision>
<id>2532312</id>
<parentid>2532310</parentid>
<timestamp>2019-01-11T13:58:44Z</timestamp>
<contributor>
<username>ValJor</username>
<id>1358</id>
</contributor>
<minor />
<comment>Revertidas edições por [[Especial:Contribuições/2804:D49:3FD5:8400:D53F:52A:362D:722D|2804:D49:3FD5:8400:D53F:52A:362D:722D]] para a última versão por [[Especial:Contribuições/HydrizBot|HydrizBot]]</comment>
<model>wikitext</model>
<format>text/x-wiki</format>
<text bytes="483" xml:space="preserve">{{Wikipédia}}
={{-pt-}}=
==Substantivo==
{{flex.pt|fs=cacatua|fp=cacatuas}}
{{paroxítona|ca|ca|tu|a}}
# ave da Austrália ([[psitacídeos]]) de [[plumagem]] branca e poupa amarela ou vermelha
# pequena vela quadrada içada do [[joanete]]; [[mastro]] em que a [[vela]] é içada
===Tradução===
{{tradini-checar}}
* {{trad|tet|kakae}}
{{tradmeio}}
{{tradfim}}
=={{etimologia|pt}}==
: Do malaio ''kakatuwa''.
[[Categoria:Substantivo (Português)]]
[[Categoria:Ave (Português)]]</text>
<sha1>4ly1s5w7e3cik9xu29o4rkxepjah4hc</sha1>
</revision>
</page>
