<page>
<title>cacarejavam</title>
<ns>0</ns>
<id>168941</id>
<revision>
<id>2311495</id>
<parentid>2117518</parentid>
<timestamp>2017-04-30T00:31:37Z</timestamp>
<contributor>
<username>HydrizBot</username>
<id>29590</id>
</contributor>
<minor />
<comment>Robô: A limpar links interwikis antigos</comment>
<model>wikitext</model>
<format>text/x-wiki</format>
<text bytes="201" xml:space="preserve">={{-pt-}}=
==Forma verbal==
'''cacarejavam'''
#[[terceira pessoa]] do [[plural]] do [[pretérito imperfeito]] do [[modo indicativo]] do verbo '''[[cacarejar]]'''
[[Categoria:Forma verbal (Português)]]</text>
<sha1>jtrh5te38f53vs35ffu5zlm9rbazf76</sha1>
</revision>
</page>
