<page>
<page>
<title>cacarejávamos</title>
<ns>0</ns>
<id>163032</id>
<revision>
<id>2311510</id>
<parentid>2117504</parentid>
<timestamp>2017-04-30T00:32:03Z</timestamp>
<contributor>
<username>HydrizBot</username>
<id>29590</id>
</contributor>
<minor />
<comment>Robô: A limpar links interwikis antigos</comment>
<model>wikitext</model>
<format>text/x-wiki</format>
<text bytes="229" xml:space="preserve">={{-pt-}}=
==Forma verbal==
{{proparoxítona|ca|ca|re|já|va|mos}}
# primeira pessoa do plural do pretérito imperfeito do modo indicativo do verbo [[cacarejar]]
{{avi-for-fle|cacarejar}}
[[Categoria:Forma verbal (Português)]]</text>
<sha1>0otqm31o4amzboxx4nkfg1x15m6beg0</sha1>
</revision>
