<page>
<page>
<title>cacarejavas</title>
<ns>0</ns>
<id>161639</id>
<revision>
<id>2311496</id>
<parentid>2117517</parentid>
<timestamp>2017-04-30T00:31:40Z</timestamp>
<contributor>
<username>HydrizBot</username>
<id>29590</id>
</contributor>
<minor />
<comment>Robô: A limpar links interwikis antigos</comment>
<model>wikitext</model>
<format>text/x-wiki</format>
<text bytes="202" xml:space="preserve">={{-pt-}}=
==Forma verbal==
'''cacarejavas'''
#[[segunda pessoa]] do [[singular]] do [[pretérito imperfeito]] do [[modo indicativo]] do verbo '''[[cacarejar]]'''
[[Categoria:Forma verbal (Português)]]</text>
<sha1>qpztg39au02e6ll6qx7canr9u2v8l3i</sha1>
</revision>
