<page>
<title>cacareco</title>
<ns>0</ns>
<id>250808</id>
<revision>
<id>1205820</id>
<parentid>955189</parentid>
<timestamp>2011-07-10T02:40:48Z</timestamp>
<contributor>
<username>MalafayaBot</username>
<id>628</id>
</contributor>
<minor />
<comment>Robô: Substituição de texto automática (-^\=\s?Português\s?\= +={{-pt-}}= &amp; -^\=\s?\{\{pt\}\}\s?\= +={{-pt-}}=)</comment>
<model>wikitext</model>
<format>text/x-wiki</format>
<text bytes="375" xml:space="preserve">={{-pt-}}=
==Substantivo==
{{flex.pt|ms=cacareco|mp=cacarecos}}
{{paroxítona|ca|ca|re|co}}
# [[coisa]] [[velho|velha]] e/ou sem [[valor]]
===Sinônimos===
{{verTambém.Ini}}
* [[bregueço]]
{{verTambém.NovaColuna}}
* [[xurumbambo]]
{{verTambém.NovaColuna}}
* [[xurumbambos]]
{{verTambém.Fim}}
=={{etimologia|pt}}==
: De [[caco]].
[[Categoria:Substantivo (Português)]]</text>
<sha1>81rshof61doalheumu5g1o2rv8x5ij7</sha1>
</revision>
</page>
