<page>
<page>
<title>cacarejeis</title>
<ns>0</ns>
<id>217163</id>
<revision>
<id>2311499</id>
<parentid>2117514</parentid>
<timestamp>2017-04-30T00:31:45Z</timestamp>
<contributor>
<username>HydrizBot</username>
<id>29590</id>
</contributor>
<minor />
<comment>Robô: A limpar links interwikis antigos</comment>
<model>wikitext</model>
<format>text/x-wiki</format>
<text bytes="281" xml:space="preserve">={{-pt-}}=
==Forma verbal==
'''cacarejeis'''
#[[segunda pessoa]] do [[plural]] do [[presente]] do [[modo subjuntivo]] do verbo '''[[cacarejar]]'''
#[[segunda pessoa]] do [[plural]] do [[imperativo]] [[negativo]] do verbo '''[[cacarejar]]'''
[[Categoria:Forma verbal (Português)]]</text>
<sha1>a3uh1nyti00uva3tgbmepu002f8ig8f</sha1>
</revision>
