<page>
<title>cacaranho</title>
<ns>0</ns>
<id>292090</id>
<revision>
<id>1436533</id>
<parentid>1433241</parentid>
<timestamp>2012-07-28T13:23:43Z</timestamp>
<contributor>
<ip>81.39.47.139</ip>
</contributor>
<comment>/* {{-pt-}} */</comment>
<model>wikitext</model>
<format>text/x-wiki</format>
<text bytes="481" xml:space="preserve">={{-pt-}}=
==Adjetivo==
{{flex.pt|ms=cacaranho|mp=cacaranhos|fs=cacaranha|fp=cacaranhas}}
{{paroxítona|ca|ca|ra|nho}}
# {{escopo|Galiza}} [[cacaranhar|cacaranhado]] ou cacaranhada, que tem marcas da varíola
# {{escopo|Galiza}} aquilo que está [[corroer|corroído]], que está com buracos finos; carcomido
==Ver também==
===No Wikcionário===
{{verTambém.Ini}}
* [[cacaranhar]]
{{verTambém.NovaColuna}}
* [[cacaranhas]]
{{verTambém.Fim}}
[[Categoria:Adjetivo (Português)]]</text>
<sha1>1l2rukapyg1hskij6dh0gpdzxq6dl83</sha1>
</revision>
</page>
