<page>
<page>
<title>cacaranhas</title>
<ns>0</ns>
<id>292092</id>
<revision>
<id>1903731</id>
<parentid>1903727</parentid>
<timestamp>2015-03-20T09:26:42Z</timestamp>
<contributor>
<username>Cpls</username>
<id>20608</id>
</contributor>
<model>wikitext</model>
<format>text/x-wiki</format>
<text bytes="369" xml:space="preserve">={{-pt-}}=
==Advérbio==
{{paroxítona|ca|ca|ra|nhas}}
# {{escopo|Trás-os-Montes}} locução adverbial usada como '''[[de cacaranhas]]''', de [[cócoras]]
==Ver também==
===No Wikcionário===
{{verTambém.Ini}}
* [[cacaranhar]]
{{verTambém.NovaColuna}}
* [[cacaranho]]
{{verTambém.Fim}}
[[Categoria:Advérbio (Português)]]
[[Categoria:Regionalismo (Português)]]</text>
<sha1>lljmncdffsani6os6o9cg1eo5jkceek</sha1>
</revision>
