<page>
<title>cacarejáveis</title>
<ns>0</ns>
<id>167477</id>
<revision>
<id>2311512</id>
<parentid>2117503</parentid>
<timestamp>2017-04-30T00:32:24Z</timestamp>
<contributor>
<username>HydrizBot</username>
<id>29590</id>
</contributor>
<minor />
<comment>Robô: A limpar links interwikis antigos</comment>
<model>wikitext</model>
<format>text/x-wiki</format>
<text bytes="223" xml:space="preserve">={{-pt-}}=
==Forma verbal==
{{paroxítona|ca|ca|re|já|veis}}
# segunda pessoa do plural do pretérito imperfeito do modo indicativo do verbo [[cacarejar]]
{{avi-for-fle|cacarejar}}
[[Categoria:Forma verbal (Português)]]</text>
<sha1>5nus0zyuswfxlrvczpgf7f16g5ys40y</sha1>
</revision>
</page>
