<page>
<title>cacabiella</title>
<ns>0</ns>
<id>437252</id>
<revision>
<id>2647447</id>
<timestamp>2021-09-03T11:36:41Z</timestamp>
<contributor>
<username>Cpls</username>
<id>20608</id>
</contributor>
<comment>[[Ajuda:Guia de edição/Menus e ferramentas/Sumário de edição|→]] nova página: ={{-ast-}}= ==Substantivo== {{flex.ast|ms=cacabiella|mp=cacabielles}} {{paroxítona|ca|ca|bie|lla|lang=ast}}, {{g|m}} # [[castanha]] [[chocho|chocha]], sem polpa, só casca  ===Sinónimo=== * [[cacabiellu#{{ast}}|cacabiellu]]  =={{etimologia|ast}}== : {{escopo|Morfologia}} De {{etimo|ast|cácabu}} + {{etimo|ast|-iella}}. Confronte-se com o galego {{etimo|gl|carcavela}}.  [[Categoria:Substantivo (Asturiano)]]</comment>
<model>wikitext</model>
<format>text/x-wiki</format>
<text bytes="411" xml:space="preserve">={{-ast-}}=
==Substantivo==
{{flex.ast|ms=cacabiella|mp=cacabielles}}
{{paroxítona|ca|ca|bie|lla|lang=ast}}, {{g|m}}
# [[castanha]] [[chocho|chocha]], sem polpa, só casca
===Sinónimo===
* [[cacabiellu#{{ast}}|cacabiellu]]
=={{etimologia|ast}}==
: {{escopo|Morfologia}} De {{etimo|ast|cácabu}} + {{etimo|ast|-iella}}. Confronte-se com o galego {{etimo|gl|carcavela}}.
[[Categoria:Substantivo (Asturiano)]]</text>
<sha1>l1fbmn0l9sfgbgs7tarp85rj59kdt6o</sha1>
</revision>
</page>
