<page>
<page>
<title>cacarejem</title>
<ns>0</ns>
<id>215776</id>
<revision>
<id>2311500</id>
<parentid>2117513</parentid>
<timestamp>2017-04-30T00:31:47Z</timestamp>
<contributor>
<username>HydrizBot</username>
<id>29590</id>
</contributor>
<minor />
<comment>Robô: A limpar links interwikis antigos</comment>
<model>wikitext</model>
<format>text/x-wiki</format>
<text bytes="379" xml:space="preserve">={{-pt-}}=
==Forma verbal==
'''cacarejem'''
#[[terceira pessoa]] do [[plural]] do [[presente]] do [[modo subjuntivo]] do verbo '''[[cacarejar]]'''
#[[terceira pessoa]] do [[plural]] do [[imperativo]] [[afirmativo]] do verbo '''[[cacarejar]]'''
#[[terceira pessoa]] do [[plural]] do [[imperativo]] [[negativo]] do verbo '''[[cacarejar]]'''
[[Categoria:Forma verbal (Português)]]</text>
<sha1>llmuvmp16req9hkcch8lrjak2w7o9uw</sha1>
</revision>
