<page>
<title>cacarejastes</title>
<ns>0</ns>
<id>174460</id>
<revision>
<id>2311493</id>
<parentid>2117520</parentid>
<timestamp>2017-04-30T00:31:34Z</timestamp>
<contributor>
<username>HydrizBot</username>
<id>29590</id>
</contributor>
<minor />
<comment>Robô: A limpar links interwikis antigos</comment>
<model>wikitext</model>
<format>text/x-wiki</format>
<text bytes="199" xml:space="preserve">={{-pt-}}=
==Forma verbal==
'''cacarejastes'''
#[[segunda pessoa]] do [[plural]] do [[pretérito perfeito]] do [[modo indicativo]] do verbo '''[[cacarejar]]'''
[[Categoria:Forma verbal (Português)]]</text>
<sha1>c3xrchdom0no3j1oaawsx528yy27dqk</sha1>
</revision>
</page>
