<page>
<page>
<title>cacarejara</title>
<ns>0</ns>
<id>177284</id>
<revision>
<id>2311470</id>
<parentid>2117493</parentid>
<timestamp>2017-04-30T00:30:54Z</timestamp>
<contributor>
<username>HydrizBot</username>
<id>29590</id>
</contributor>
<minor />
<comment>Robô: A limpar links interwikis antigos</comment>
<model>wikitext</model>
<format>text/x-wiki</format>
<text bytes="187" xml:space="preserve">={{-pt-}}=
==Forma verbal==
'''cacarejara'''
#[[primeira pessoa]] do [[singular]] do [[pretérito mais-que-perfeito]] do verbo '''[[cacarejar]]'''
[[Categoria:Forma verbal (Português)]]</text>
<sha1>mbgrgo1wh6oe7vn1ks2eb5bwo2vd2dd</sha1>
</revision>
