<page>
<page>
<title>cacarejas</title>
<ns>0</ns>
<id>154387</id>
<revision>
<id>2311488</id>
<parentid>2117525</parentid>
<timestamp>2017-04-30T00:31:26Z</timestamp>
<contributor>
<username>HydrizBot</username>
<id>29590</id>
</contributor>
<minor />
<comment>Robô: A limpar links interwikis antigos</comment>
<model>wikitext</model>
<format>text/x-wiki</format>
<text bytes="184" xml:space="preserve">={{-pt-}}=
==Forma verbal==
'''cacarejas'''
#[[segunda]] [[pessoa]] do [[singular]] do [[presente]] [[indicativo]] do verbo '''[[cacarejar]]'''
[[Categoria:Forma verbal (Português)]]</text>
<sha1>ktug69tt5dhddeqi54x1o2v8l921l4v</sha1>
</revision>
