<page>
<page>
<title>cacarejaríamos</title>
<ns>0</ns>
<id>193168</id>
<revision>
<id>2311486</id>
<parentid>2117527</parentid>
<timestamp>2017-04-30T00:31:23Z</timestamp>
<contributor>
<username>HydrizBot</username>
<id>29590</id>
</contributor>
<minor />
<comment>Robô: A limpar links interwikis antigos</comment>
<model>wikitext</model>
<format>text/x-wiki</format>
<text bytes="211" xml:space="preserve">={{-pt-}}=
==Forma verbal==
{{proparoxítona|ca|ca|re|ja|rí|a|mos}}
# primeira pessoa do plural do futuro do pretérito do verbo [[cacarejar]]
{{avi-for-fle|cacarejar}}
[[Categoria:Forma verbal (Português)]]</text>
<sha1>203ocn1r5wduvmmkp7a29nxnued5qrg</sha1>
</revision>
