<page>
<page>
<title>cacarejariam</title>
<ns>0</ns>
<id>195811</id>
<revision>
<id>2311480</id>
<parentid>2117533</parentid>
<timestamp>2017-04-30T00:31:11Z</timestamp>
<contributor>
<username>HydrizBot</username>
<id>29590</id>
</contributor>
<minor />
<comment>Robô: A limpar links interwikis antigos</comment>
<model>wikitext</model>
<format>text/x-wiki</format>
<text bytes="179" xml:space="preserve">={{-pt-}}=
==Forma verbal==
'''cacarejariam'''
#[[terceira pessoa]] do [[plural]] do [[futuro do pretérito]] do verbo '''[[cacarejar]]'''
[[Categoria:Forma verbal (Português)]]</text>
<sha1>pph0uqpiep5wl0ayc5br681djfqo6dn</sha1>
</revision>
