<page>
<title>cacarejamos</title>
<ns>0</ns>
<id>157282</id>
<revision>
<id>2511374</id>
<parentid>2311466</parentid>
<timestamp>2018-07-17T13:46:13Z</timestamp>
<contributor>
<username>ValJor</username>
<id>1358</id>
</contributor>
<comment>Acrescentando a predefinição avi-for-fle</comment>
<model>wikitext</model>
<format>text/x-wiki</format>
<text bytes="332" xml:space="preserve">={{-pt-}}=
==Forma verbal==
{{paroxítona|ca|ca|re|ja|mos}}
# primeira pessoa do plural do presente do modo indicativo do verbo [[cacarejar]]
# {{escopo2|grafia brasileira}} primeira pessoa do plural do pretérito perfeito do modo indicativo do verbo [[cacarejar]]
{{avi-for-fle|cacarejar}}
[[Categoria:Forma verbal (Português)]]</text>
<sha1>25s325z2uc88pscg9zsvcrn8lrsvv61</sha1>
</revision>
</page>
