<page>
<title>cacarejareis</title>
<ns>0</ns>
<id>189154</id>
<revision>
<id>2311475</id>
<parentid>2117488</parentid>
<timestamp>2017-04-30T00:31:02Z</timestamp>
<contributor>
<username>HydrizBot</username>
<id>29590</id>
</contributor>
<minor />
<comment>Robô: A limpar links interwikis antigos</comment>
<model>wikitext</model>
<format>text/x-wiki</format>
<text bytes="176" xml:space="preserve">={{-pt-}}=
==Forma verbal==
'''cacarejareis'''
#[[segunda pessoa]] do [[plural]] do [[futuro do presente]] do verbo '''[[cacarejar]]'''
[[Categoria:Forma verbal (Português)]]</text>
<sha1>pgwvux1wxd86fqsgunan4r4lw7t0rfl</sha1>
</revision>
</page>
