<page>
<title>cacarejardes</title>
<ns>0</ns>
<id>210068</id>
<revision>
<id>2311473</id>
<parentid>2117490</parentid>
<timestamp>2017-04-30T00:30:59Z</timestamp>
<contributor>
<username>HydrizBot</username>
<id>29590</id>
</contributor>
<minor />
<comment>Robô: A limpar links interwikis antigos</comment>
<model>wikitext</model>
<format>text/x-wiki</format>
<text bytes="276" xml:space="preserve">={{-pt-}}=
==Forma verbal==
'''cacarejardes'''
#[[segunda pessoa]] do [[plural]] do [[futuro]] do [[modo subjuntivo]] do verbo '''[[cacarejar]]'''
#[[infinitivo pessoal]] da [[segunda pessoa]] do [[plural]] do verbo '''[[cacarejar]]'''
[[Categoria:Forma verbal (Português)]]</text>
<sha1>3jmq5un1xvdiaexveoebcgq54bvu0w4</sha1>
</revision>
</page>
