<page>
<page>
<title>cacarejámos</title>
<ns>0</ns>
<id>164478</id>
<revision>
<id>2311505</id>
<parentid>2117509</parentid>
<timestamp>2017-04-30T00:31:55Z</timestamp>
<contributor>
<username>HydrizBot</username>
<id>29590</id>
</contributor>
<minor />
<comment>Robô: A limpar links interwikis antigos</comment>
<model>wikitext</model>
<format>text/x-wiki</format>
<text bytes="249" xml:space="preserve">{{grafiaPtpt|cacarejamos}}
={{-pt-}}=
==Forma verbal==
{{paroxítona|ca|ca|re|já|mos}}
# primeira pessoa do plural do pretérito perfeito do modo indicativo do verbo ''cacarejar''
{{avi-for-fle|cacarejar}}
[[Categoria:Forma verbal (Português)]]</text>
<sha1>9n5y8rifnp3mf38becuv6me4y1mc63b</sha1>
</revision>
