<page>
<page>
<title>cacarejaras</title>
<ns>0</ns>
<id>178764</id>
<revision>
<id>2311472</id>
<parentid>2117491</parentid>
<timestamp>2017-04-30T00:30:57Z</timestamp>
<contributor>
<username>HydrizBot</username>
<id>29590</id>
</contributor>
<minor />
<comment>Robô: A limpar links interwikis antigos</comment>
<model>wikitext</model>
<format>text/x-wiki</format>
<text bytes="187" xml:space="preserve">={{-pt-}}=
==Forma verbal==
'''cacarejaras'''
#[[segunda pessoa]] do [[singular]] do [[pretérito mais-que-perfeito]] do verbo '''[[cacarejar]]'''
[[Categoria:Forma verbal (Português)]]</text>
<sha1>55cz4511lwc52m3n88qzp1s1yu2d2ax</sha1>
</revision>
