<page>
<title>cacarejares</title>
<ns>0</ns>
<id>207123</id>
<revision>
<id>2311478</id>
<parentid>2117535</parentid>
<timestamp>2017-04-30T00:31:07Z</timestamp>
<contributor>
<username>HydrizBot</username>
<id>29590</id>
</contributor>
<minor />
<comment>Robô: A limpar links interwikis antigos</comment>
<model>wikitext</model>
<format>text/x-wiki</format>
<text bytes="263" xml:space="preserve">={{-pt-}}=
==Forma verbal==
'''cacarejares'''
#[[segunda pessoa]] do [[singular]] do [[futuro]] do [[modo subjuntivo]] do verbo '''[[cacarejar]]'''
#[[infinitivo pessoal]] da [[segunda pessoa]] do verbo '''[[cacarejar]]'''
[[Categoria:Forma verbal (Português)]]</text>
<sha1>eufbp5jmq3aaim75tmeh4wla8i5l0kn</sha1>
</revision>
</page>
