<page>
<page>
<title>cacarejarmos</title>
<ns>0</ns>
<id>208605</id>
<revision>
<id>2311482</id>
<parentid>2117531</parentid>
<timestamp>2017-04-30T00:31:16Z</timestamp>
<contributor>
<username>HydrizBot</username>
<id>29590</id>
</contributor>
<minor />
<comment>Robô: A limpar links interwikis antigos</comment>
<model>wikitext</model>
<format>text/x-wiki</format>
<text bytes="278" xml:space="preserve">={{-pt-}}=
==Forma verbal==
'''cacarejarmos'''
#[[primeira pessoa]] do [[plural]] do [[futuro]] do [[modo subjuntivo]] do verbo '''[[cacarejar]]'''
#[[infinitivo pessoal]] da [[primeira pessoa]] do [[plural]] do verbo '''[[cacarejar]]'''
[[Categoria:Forma verbal (Português)]]</text>
<sha1>9hyflvhim4m3zwxq57388jncqae3uzy</sha1>
</revision>
