<page>
<title>cacaruja</title>
<ns>0</ns>
<id>421198</id>
<revision>
<id>2578173</id>
<timestamp>2020-02-21T21:55:16Z</timestamp>
<contributor>
<username>Cpls</username>
<id>20608</id>
</contributor>
<comment>[[Ajuda:Guia de edição/Menus e ferramentas/Sumário de edição|→]] nova página: ={{-gl-}}= ==Substantivo== {{flex.gl|fs=cacaruja|fp=cacarujas}} {{paroxítona|ca|ca|ru|ja|lang=gl}}, {{g|f|la...</comment>
<model>wikitext</model>
<format>text/x-wiki</format>
<text bytes="552" xml:space="preserve">={{-gl-}}=
==Substantivo==
{{flex.gl|fs=cacaruja|fp=cacarujas}}
{{paroxítona|ca|ca|ru|ja|lang=gl}}, {{g|f|lang=gl}}
# {{escopo|gl|Ave}} [[coruja-das-torres]] (''[[species:Tyto alba|Tyto alba]]'')
===Sinónimos===
* Vide em [[coruja#{{gl}}|coruja]]
=={{etimologia|gl}}==
: Aparentada com ''[[cacarejo#{{gl}}|cacarejo]]'' e ''[[curuja#{{gl}}|curuja]]''.
==Referência==
* [https://www.academia.edu/7570169/Os_nomes_galegos_das_aves CERRADELO, Silverio. Os nomes galegos das aves. Ourense: Edición do autor, 2015.]
[[Categoria:Substantivo (Galego)]]</text>
<sha1>eeytf1vzwhzghcejcrlxrf4r3sllx29</sha1>
</revision>
</page>
