<page>
<page>
<title>cacaréus</title>
<ns>0</ns>
<id>86413</id>
<revision>
<id>1496309</id>
<parentid>1211967</parentid>
<timestamp>2012-10-23T15:23:19Z</timestamp>
<contributor>
<username>VJBot</username>
<id>33673</id>
</contributor>
<minor />
<comment>Robô: Substituição de texto automática  (-{{vt| +{{ver também|)</comment>
<model>wikitext</model>
<format>text/x-wiki</format>
<text bytes="210" xml:space="preserve">={{-pt-}}=
{{ver também|cacareno}}
'''{{PAGENAME}}   (de ''caco'')'''      
==Substantivo &lt;small&gt;''masculino plural''&lt;/small&gt;==   
# [[cacos]] 
# [[trastes]] [[velhos]]
[[Categoria:Substantivo (Português)]]</text>
<sha1>16e9w6rexohaznxwvew9pnc0e1vobke</sha1>
</revision>
