<page>
<title>cacarejando</title>
<ns>0</ns>
<id>155836</id>
<revision>
<id>2311467</id>
<parentid>2117494</parentid>
<timestamp>2017-04-30T00:30:50Z</timestamp>
<contributor>
<username>HydrizBot</username>
<id>29590</id>
</contributor>
<minor />
<comment>Robô: A limpar links interwikis antigos</comment>
<model>wikitext</model>
<format>text/x-wiki</format>
<text bytes="130" xml:space="preserve">={{-pt-}}=
==Forma verbal==
'''cacarejando'''
#[[gerúndio]] do verbo '''[[cacarejar]]'''
[[Categoria:Forma verbal (Português)]]</text>
<sha1>3ttgqx69jlf0hfh4t1jygi8hubs4zxu</sha1>
</revision>
</page>
