<page>
<page>
<title>cacaranhar</title>
<ns>0</ns>
<id>292091</id>
<revision>
<id>1486351</id>
<parentid>1422604</parentid>
<timestamp>2012-10-20T11:26:02Z</timestamp>
<contributor>
<username>Cpls</username>
<id>20608</id>
</contributor>
<model>wikitext</model>
<format>text/x-wiki</format>
<text bytes="363" xml:space="preserve">={{-pt-}}=
==Verbo==
{{oxítona|ca|ca|ra|nhar}}
# {{escopo|Galiza}} [[marcar]] a varíola a cara
# {{escopo|Galiza}} [[carcomer]], corroer, esburacar
===Conjugação===
{{conj/pt|cacaranh|ar}}
==Ver também==
===No Wikcionário===
{{verTambém.Ini}}
* [[cacaranho]]
{{verTambém.NovaColuna}}
* [[cacaranhas]]
{{verTambém.Fim}}
[[Categoria:Verbo (Português)]]</text>
<sha1>bokztgdpt1tmbt1dmtsgtcpn7fzned0</sha1>
</revision>
