<page>
<title>cacarejei</title>
<ns>0</ns>
<id>170375</id>
<revision>
<id>2311498</id>
<parentid>2117515</parentid>
<timestamp>2017-04-30T00:31:43Z</timestamp>
<contributor>
<username>HydrizBot</username>
<id>29590</id>
</contributor>
<minor />
<comment>Robô: A limpar links interwikis antigos</comment>
<model>wikitext</model>
<format>text/x-wiki</format>
<text bytes="199" xml:space="preserve">={{-pt-}}=
==Forma verbal==
'''cacarejei'''
#[[primeira pessoa]] do [[singular]] do [[pretérito perfeito]] do [[modo indicativo]] do verbo '''[[cacarejar]]'''
[[Categoria:Forma verbal (Português)]]</text>
<sha1>ofv7c2y5z3ocqikbvlcekt7globy2mh</sha1>
</revision>
</page>
