<page>
<title>cacarejaria</title>
<ns>0</ns>
<id>191826</id>
<revision>
<id>2311479</id>
<parentid>2117534</parentid>
<timestamp>2017-04-30T00:31:09Z</timestamp>
<contributor>
<username>HydrizBot</username>
<id>29590</id>
</contributor>
<minor />
<comment>Robô: A limpar links interwikis antigos</comment>
<model>wikitext</model>
<format>text/x-wiki</format>
<text bytes="180" xml:space="preserve">={{-pt-}}=
==Forma verbal==
'''cacarejaria'''
#[[primeira pessoa]] do [[singular]] do [[futuro do pretérito]] do verbo '''[[cacarejar]]'''
[[Categoria:Forma verbal (Português)]]</text>
<sha1>g6wtkh2z771p33ifwn6wvyklwn3bcyt</sha1>
</revision>
</page>
