<page>
<title>Cacaulândia</title>
<ns>0</ns>
<id>144132</id>
<revision>
<id>2266317</id>
<parentid>1199605</parentid>
<timestamp>2017-04-26T15:23:24Z</timestamp>
<contributor>
<username>HydrizBot</username>
<id>29590</id>
</contributor>
<minor />
<comment>Robô: A limpar links interwikis antigos</comment>
<model>wikitext</model>
<format>text/x-wiki</format>
<text bytes="258" xml:space="preserve">={{-pt-}}=
{{Wikipédia}}
==Substantivo==
'''Cacaulândia''' {{pr}}
#[[município]] [[brasileiro]] do [[estado]] de [[Rondônia]]
==Ver também==
*[[Apêndice:Municípios do estado de Rondônia]]
[[Categoria:Município do estado de Rondônia (Português)]]</text>
<sha1>j0d5jgr8c5prxoah3y5wt8ferav9of3</sha1>
</revision>
</page>
