<page>
<page>
<title>cacarejásseis</title>
<ns>0</ns>
<id>201431</id>
<revision>
<id>2311508</id>
<parentid>2117506</parentid>
<timestamp>2017-04-30T00:32:00Z</timestamp>
<contributor>
<username>HydrizBot</username>
<id>29590</id>
</contributor>
<minor />
<comment>Robô: A limpar links interwikis antigos</comment>
<model>wikitext</model>
<format>text/x-wiki</format>
<text bytes="253" xml:space="preserve">={{-pt-}}=
==Forma verbal==
{{paroxítona|ca|ca|re|jás|seis}}
# segunda pessoa do plural do pretérito imperfeito do modo {{PEPB|inline=1|conjuntivo|subjuntivo}} do verbo [[cacarejar]]
{{avi-for-fle|cacarejar}}
[[Categoria:Forma verbal (Português)]]</text>
<sha1>k0xir08r9fskvg14vgiqlwrp40cs762</sha1>
</revision>
