<page>
<page>
<title>cacarejou</title>
<ns>0</ns>
<id>173164</id>
<revision>
<id>2311504</id>
<parentid>2117510</parentid>
<timestamp>2017-04-30T00:31:53Z</timestamp>
<contributor>
<username>HydrizBot</username>
<id>29590</id>
</contributor>
<minor />
<comment>Robô: A limpar links interwikis antigos</comment>
<model>wikitext</model>
<format>text/x-wiki</format>
<text bytes="199" xml:space="preserve">={{-pt-}}=
==Forma verbal==
'''cacarejou'''
#[[terceira pessoa]] do [[singular]] do [[pretérito perfeito]] do [[modo indicativo]] do verbo '''[[cacarejar]]'''
[[Categoria:Forma verbal (Português)]]</text>
<sha1>pe2slck5uml5c4kkj3d19k36aikluie</sha1>
</revision>
