<page>
<title>cacarejarei</title>
<ns>0</ns>
<id>183443</id>
<revision>
<id>2311474</id>
<parentid>2117489</parentid>
<timestamp>2017-04-30T00:31:00Z</timestamp>
<contributor>
<username>HydrizBot</username>
<id>29590</id>
</contributor>
<minor />
<comment>Robô: A limpar links interwikis antigos</comment>
<model>wikitext</model>
<format>text/x-wiki</format>
<text bytes="178" xml:space="preserve">={{-pt-}}=
==Forma verbal==
'''cacarejarei'''
#[[primeira pessoa]] do [[singular]] do [[futuro do presente]] do verbo '''[[cacarejar]]'''
[[Categoria:Forma verbal (Português)]]</text>
<sha1>ewmz5yt9ibvcdgtvvzipteg90e56o3n</sha1>
</revision>
</page>
