<page>
<title>cacarejai</title>
<ns>0</ns>
<id>220064</id>
<revision>
<id>2311463</id>
<parentid>2117498</parentid>
<timestamp>2017-04-30T00:30:44Z</timestamp>
<contributor>
<username>HydrizBot</username>
<id>29590</id>
</contributor>
<minor />
<comment>Robô: A limpar links interwikis antigos</comment>
<model>wikitext</model>
<format>text/x-wiki</format>
<text bytes="180" xml:space="preserve">={{-pt-}}=
==Forma verbal==
'''cacarejai'''
#[[segunda pessoa]] do [[plural]] do [[imperativo]] [[afirmativo]] do verbo '''[[cacarejar]]'''
[[Categoria:Forma verbal (Português)]]</text>
<sha1>hz9p3jro9nvari2kcvqjimvf4vab1ld</sha1>
</revision>
</page>
