<page>
<page>
<title>cacarejo</title>
<ns>0</ns>
<id>86409</id>
<revision>
<id>2620364</id>
<parentid>2530660</parentid>
<timestamp>2021-02-01T21:24:49Z</timestamp>
<contributor>
<username>MarxavBot</username>
<id>80155</id>
</contributor>
<minor />
<comment>AFI Portugal</comment>
<model>wikitext</model>
<format>text/x-wiki</format>
<text bytes="806" xml:space="preserve">={{-pt-}}=
==Substantivo==
{{flex.pt|ms=cacarejo|mp=cacarejos}}
{{paroxítona|ca|ca|re|jo}}, {{g|m}}
# ato de [[cacarejar]]
# o [[canto]] da [[galinha]] depois de [[botar]] o [[ovo]]
=={{etimologia|pt}}==
: Derivado do verbo [[cacarejar]].
=={{pronúncia|pt}}==
===Portugal===
* AFI: {{AFI|/kɐ.kɐ.ˈɾɐj.ʒu/}}
[[Categoria:Substantivo (Português)]]
={{-gl-}}=
==Substantivo==
{{flex.gl|ms=cacarejo|mp=cacarejos}}
{{paroxítona|ca|ca|re|jo|lang=gl}}, {{g|m|lang=gl}}
# [[cacarejo#{{pt}}|cacarejo]], ato de cacarejar; canto da galinha ou galo
# [[galo]] pequeno
# {{escopo2|figuradamente}} [[presunção]]
# [[taramela]] do moinho
===Sinónimo===
* De '''4''': [[cacarela#{{gl}}|cacarela]]
=={{etimologia|gl}}==
: Derivado de ''[[cacarejar#{{gl}}|cacarejar]]''.
[[Categoria:Substantivo (Galego)]]</text>
<sha1>h4kbapzjgk2b3zmjfgirsr7vjnao3ue</sha1>
</revision>
