<page>
<page>
<title>cacetar</title>
<ns>0</ns>
<id>100713</id>
<revision>
<id>2182758</id>
<parentid>1112936</parentid>
<timestamp>2016-10-14T15:01:07Z</timestamp>
<contributor>
<username>ValJor</username>
<id>1358</id>
</contributor>
<comment>Troca de predefinição: {{v.t.d.}} --&gt; {{gramática|vtd}}</comment>
<model>wikitext</model>
<format>text/x-wiki</format>
<text bytes="179" xml:space="preserve">={{-pt-}}=
==Verbo==
{{oxítona|ca|ce|tar}}, {{gramática|vtd}}
# [[bater]] com [[cacete]], [[espancar]]
===Conjugação===
{{conj/pt|cacet|ar}}
[[Categoria:Verbo (Português)]]</text>
<sha1>ddr6veyzl2a32tgs2434z8sgf5qqwvq</sha1>
</revision>
