<page>
<title>cacetinho</title>
<ns>0</ns>
<id>76875</id>
<revision>
<id>2682980</id>
<parentid>2682979</parentid>
<timestamp>2022-07-08T03:15:54Z</timestamp>
<contributor>
<username>Itleda</username>
<id>86989</id>
</contributor>
<model>wikitext</model>
<format>text/x-wiki</format>
<text bytes="697" xml:space="preserve">={{-pt-}}=
==Substantivo==
{{flex.pt|ms=cacetinho|mp=cacetinhos}}
{{paroxítona|ca|ce|ti|nho}}, {{m}}
# [[cacete]] de pequenas dimensões
# {{escopo|pt|Alimentação|Alagoas}} [[biscoito]] cuja forma e tamanho lembram um [[dedo]]
# {{escopo|pt|Alimentação|Rio Grande do Sul}} o mesmo que [[pão francês]]
#* ''Se eu for na padaria, eu prefiro comprar um quilo de '''cacetinho.'''''
#* ''Por que o pão francês é chamado de '''cacetinho''' no Rio Grande do Sul?'' jornal GZH de 18 de setembro de 2020
=={{etimologia|pt}}==
: {{escopo|Morfologia}} [[cacete]] + [[-inho]].
==Ligações externas==
* {{Michaelis}}
[[Categoria:Substantivo (Português)]]
[[Categoria:Alimentação (Português)]]</text>
<sha1>c770oa19bsi2gyrh072msnij3l6xywq</sha1>
</revision>
</page>
