<page>
<title>cacetada</title>
<ns>0</ns>
<id>100714</id>
<revision>
<id>2614390</id>
<parentid>2311520</parentid>
<timestamp>2021-01-31T18:37:13Z</timestamp>
<contributor>
<username>Marxav</username>
<id>73271</id>
</contributor>
<minor />
<comment>AFI Portugal</comment>
<model>wikitext</model>
<format>text/x-wiki</format>
<text bytes="330" xml:space="preserve">={{-pt-}}=
==Substantivo==
{{flex.pt|fs=cacetada|fp=cacetadas}}
{{paroxítona|ca|ce|ta|da}}
# ação de bater com [[cacete]]
# [[pancada]] de cacete
=={{etimologia|pt}}==
: {{escopo|Morfologia}} [[cacete]] + [[-ada]].
=={{pronúncia|pt}}==
===Portugal===
* AFI: {{AFI|/kɐ.sɨ.ˈta.dɐ/}}
[[Categoria:Substantivo (Português)]]</text>
<sha1>dam48dh8lxwexlvvfpqyg3f5fbkr2v2</sha1>
</revision>
</page>
