<page>
<page>
<title>caceta</title>
<ns>0</ns>
<id>100718</id>
<revision>
<id>2623660</id>
<parentid>2311519</parentid>
<timestamp>2021-02-14T20:14:38Z</timestamp>
<contributor>
<username>Cpls</username>
<id>20608</id>
</contributor>
<comment>/* {{-pt-}} */</comment>
<model>wikitext</model>
<format>text/x-wiki</format>
<text bytes="556" xml:space="preserve">={{-pt-}}=
==Substantivo==
{{flex.pt|fs=caceta|fp=cacetas|fs-div=ca.{{grifar|ce}}.ta|fp-div=ca.{{grifar|ce}}.tas}}
{{paroxítona|ca|ce|ta}}, {{g|f}}
# [[espécie]] de [[vaso]] [[farmacêutico]] com um [[ralo]] no [[fundo]]
# {{escopo|pt|Trás-os-Montes}} [[espécie]] de [[caço]] [[pequeno]]
==Forma verbal==
{{paroxítona|ca|ce|ta}}
# terceira pessoa do singular do presente do indicativo do verbo [[cacetar]]
# segunda pessoa do singular do imperativo do verbo [[cacetar]]
[[Categoria:Substantivo (Português)]]
[[Categoria:Forma verbal (Português)]]</text>
<sha1>r54n68otj7fylsjrougoy32ri9gb54x</sha1>
</revision>
