<page>
<page>
<title>caceteação</title>
<ns>0</ns>
<id>100710</id>
<revision>
<id>1203627</id>
<parentid>941165</parentid>
<timestamp>2011-07-09T17:40:58Z</timestamp>
<contributor>
<username>MalafayaBot</username>
<id>628</id>
</contributor>
<minor />
<comment>Robô: Substituição de texto automática (-^\=\s?Português\s?\= +={{-pt-}}= &amp; -^\=\s?\{\{pt\}\}\s?\= +={{-pt-}}=)</comment>
<model>wikitext</model>
<format>text/x-wiki</format>
<text bytes="270" xml:space="preserve">={{-pt-}}=
==Substantivo==
{{flex.pt|fs=caceteação|fp=caceteações}}
{{oxítona|ca|ce|te|a|ção}}, {{escopo|Brasil}}
# ato de [[cacetear]]
# [[maçada]]
=={{etimologia|pt}}==
: {{escopo|Morfologia}} [[cacetear]] + [[-ção]].
[[Categoria:Substantivo (Português)]]</text>
<sha1>75t70eq8k48g7a39s50np7i6u4wb5wj</sha1>
</revision>
