<page>
<title>cacetear</title>
<ns>0</ns>
<id>100711</id>
<revision>
<id>2610770</id>
<parentid>2311522</parentid>
<timestamp>2021-01-30T22:09:39Z</timestamp>
<contributor>
<username>Marxav</username>
<id>73271</id>
</contributor>
<minor />
<comment>AFI Portugal</comment>
<model>wikitext</model>
<format>text/x-wiki</format>
<text bytes="312" xml:space="preserve">={{-pt-}}=
==Verbo==
{{oxítona|ca|ce|te|ar}}, ''transitivo''
# {{escopo|Brasil}} [[importunar]]
===Conjugação===
{{conj/pt|cacet|ear}}
=={{etimologia|pt}}==
: {{escopo|Morfologia}} [[cacete]] + [[-ar]].
=={{pronúncia|pt}}==
===Portugal===
* AFI: {{AFI|/kɐ.sɨ.ˈtjaɾ/}}
[[Categoria:Verbo (Português)]]</text>
<sha1>he05qn6th83jisveo3uqzbmx0fh9nl1</sha1>
</revision>
</page>
