<page>
<page>
<title>caceteámos</title>
<ns>0</ns>
<id>309771</id>
<revision>
<id>2311524</id>
<parentid>1750370</parentid>
<timestamp>2017-04-30T00:32:46Z</timestamp>
<contributor>
<username>HydrizBot</username>
<id>29590</id>
</contributor>
<minor />
<comment>Robô: A limpar links interwikis antigos</comment>
<model>wikitext</model>
<format>text/x-wiki</format>
<text bytes="265" xml:space="preserve">={{-pt-}}=
==Forma verbal==
{{paroxítona|ca|ce|te|á|mos}}
#{{escopo|grafia lusitana}} [[primeira pessoa]] do [[plural]] do [[pretérito perfeito]] do [[modo indicativo]] do verbo '''[[cacetear]]'''
[[Categoria:Forma verbal (Português)]]
[[Categoria:Lusitanismo]]</text>
<sha1>r5xmme2dzov4mt3xivtcz8z8s7m7fhu</sha1>
</revision>
