<page>
<title>Cacequi</title>
<ns>0</ns>
<id>143158</id>
<revision>
<id>2683956</id>
<parentid>2266318</parentid>
<timestamp>2022-07-19T08:56:31Z</timestamp>
<contributor>
<username>ValJor</username>
<id>1358</id>
</contributor>
<comment>Desfazendo ligação para redirecionamento para poder eliminá-lo em seguida</comment>
<model>wikitext</model>
<format>text/x-wiki</format>
<text bytes="391" xml:space="preserve">{{Wikipédia|lang=pt}}
={{-pt-}}=
==Substantivo==
{{oxítona|Ca|ce|qui}}, {{gramática|pr}}
# [[município]] [[brasileiro]] do [[estado]] do [[Rio Grande do Sul]]
==Ver também==
===No Wikcionário===
* [[Apêndice:Gentílicos e topónimos em português/Brasil/Rio Grande do Sul]]
[[Categoria:Substantivo (Português)]]
[[Categoria:Município do estado do Rio Grande do Sul (Português)]]</text>
<sha1>lj8ezj6hle9nwbd9glgmu4eimdc5utt</sha1>
</revision>
</page>
