<page>
<title>cacerolazo</title>
<ns>0</ns>
<id>372501</id>
<revision>
<id>2311518</id>
<parentid>2223584</parentid>
<timestamp>2017-04-30T00:32:37Z</timestamp>
<contributor>
<username>HydrizBot</username>
<id>29590</id>
</contributor>
<minor />
<comment>Robô: A limpar links interwikis antigos</comment>
<model>wikitext</model>
<format>text/x-wiki</format>
<text bytes="298" xml:space="preserve">={{-es-}}=
==Substantivo==
{{flex.es|ms=cacerolazo|mp=cacerolazos}}
{{paroxítona|ca|ce|ro|la|zo|lang=es}}, {{gramática|m|lang=es}}
# [[panelaço]] (manifestação popular que envolve fazer barulho com panelas)
===Sinônimos===
* De '''1''': [[cacerolada]]
[[Categoria:Substantivo (Português)]]</text>
<sha1>s5p0mtd62ypj3774n2p7eteie2zie7a</sha1>
</revision>
</page>
