<page>
<title>cachaça</title>
<ns>0</ns>
<id>33933</id>
<revision>
<id>2610216</id>
<parentid>2311534</parentid>
<timestamp>2021-01-30T20:16:56Z</timestamp>
<contributor>
<username>Marxav</username>
<id>73271</id>
</contributor>
<minor />
<comment>AFI Portugal</comment>
<model>wikitext</model>
<format>text/x-wiki</format>
<text bytes="2369" xml:space="preserve">={{-pt-}}=
==Substantivo==
{{flex.pt|fs=cachaça|fp=cachaças}}
{{paroxítona|ca|cha|ça}}, {{g|f}}
# {{escopo|pt|Bebida}} [[bebida]] [[alcoólico|alcoólica]] [[feito|feita]] da [[destilação]] do [[caldo]] de [[cana-de-açúcar]] [[fermentado]]
===Expressões===
* '''[[cachaça de cabeça]]:''' {{escopoClasseMorfo|loc. subst.}} {{escopo2|Regionalismo}} [[aguardente da cabeça]].
* '''[[cachaça do coração]]:''' {{escopoClasseMorfo|loc. subst.}} {{escopo2|Regionalismo}} cachaça [[obtido|obtida]] [[após]] a [[separação]] da ''cachaça de cabeça'' e que [[ser|é]] a [[mais]] [[comumente]] [[comercializado|comercializada]].
* '''[[cachaça do rabo]]:''' {{escopoClasseMorfo|loc. subst.}} {{escopo2|Regionalismo}} [[último]] [[produto]] [[obtido]] na [[destilação]] da cachaça e que [[ser|é]] [[impróprio]] para o [[consumo]].
* '''[[pensar que cachaça é água]]:''' {{escopoClasseMorfo|expressão}} {{escopo2|Regionalismo}} [[equivocar]]-se [[num]]a [[opinião]].
===Sinônimos===
*vide lista de sinônimos em [[Wikisaurus:cachaça]]
=={{pronúncia|pt}}==
===Portugal===
* AFI: {{AFI|/kɐ.ˈʃa.sɐ/}}
==Ver também==
===No Wikcionário===
{{verTambém.Ini}}
* [[cachaçada]]
* [[cachação]]
* [[cachaceira]]
* [[cachaceiro]]
{{verTambém.NovaColuna}}
* [[cachacinha]]
* [[cachacipançudo]]
* [[cachaço]]
{{verTambém.NovaColuna}}
* [[cachaçudo]]
* [[joão-cachaça]]
* [[martim-cachaça]]
{{verTambém.Fim}}
[[Categoria:Substantivo (Português)]]
={{-gl-}}=
==Substantivo==
{{flex.gl|fs=cachaça|fp=cachaças}}
{{paroxítona|ca|cha|ça|lang=gl}}, {{g|f}}
# [[cachaça#Português|cachaça]], aguardente
# [[lentidão]] no [[agir]], pachorra
# [[cabeça]] de [[porco]] salgada, curada
# [[porca]] que não está castrada
# [[escuma]] que produzem os porcos na boca, no cio e noutras ocasiões
# [[carapaça]] de caranguejos e outros crustáceos
=={{etimologia|gl}}==
: Cognato do [[asturiano]] ''[[cachaza#Asturiano|cachaza]]''.
==Ver também==
===No Wikcionário===
* [[cachaço]]
[[Categoria:Substantivo (Galego)]]
={{-roa-gpm-}}=
==Substantivo==
{{flex.pt|fs=cachaça|fp=cachaças}}
{{paroxítona|ca|cha|ça|lang=roa-gpm}}, {{g|f}}
# [[cabeça]] de [[porco]] [[salgada]]
=={{etimologia|roa-gpm}}==
: Confronte-se com [[cachola]], [[cachucha]], [[cacholeira]] e [[cacheira]].
[[Categoria:Substantivo (Galego-Português Medieval)]]</text>
<sha1>165ig37pdqt78x4blyqqqx21mku0h29</sha1>
</revision>
</page>
