<page>
<title>cachapelo</title>
<ns>0</ns>
<id>386834</id>
<revision>
<id>2466202</id>
<timestamp>2017-12-02T18:09:18Z</timestamp>
<contributor>
<username>Cpls</username>
<id>20608</id>
</contributor>
<comment>[[Ajuda:Guia de edição/Menus e ferramentas/Sumário de edição|→]] nova página: ={{-gl-}}= ==Adjetivo== {{flex.gl|ms=cachapelo|mp=cachapelos|fs=cachapela|fp=cachapelas}} {{paroxítona|ca|ch...</comment>
<model>wikitext</model>
<format>text/x-wiki</format>
<text bytes="683" xml:space="preserve">={{-gl-}}=
==Adjetivo==
{{flex.gl|ms=cachapelo|mp=cachapelos|fs=cachapela|fp=cachapelas}}
{{paroxítona|ca|cha|pe|lo|lang=gl}}
# que costuma fazer ruido [[revolver|revolvendo]] objetos
# charlatão, que [[gracejar|graceja]]
===Sinónimos===
* De '''2''': [[escachapelieiro#{{gl}}|escachapelieiro]]
==Substantivo==
{{flex.gl|ms=cachapelo|mp=cachapelos}}
{{paroxítona|ca|cha|pe|lo|lang=gl}}, {{g|m|lang=gl}}
# [[tubo]] estreito utilizado para [[soprar]] e avivar o lume, por vezes de [[sabugueiro]]
=={{etimologia|gl}}==
: Confronte-se com ''[[caçapelo#{{gl}}|caçapelo]]'', ''[[cachapelar#{{gl}}|cachapelar]]''.
[[Categoria:Adjetivo (Galego)]]
[[Categoria:Substantivo (Galego)]]</text>
<sha1>axerghvz5i4e0nebzfoh2z9l0vcd8n2</sha1>
</revision>
</page>
