<page>
<page>
<title>cachifo</title>
<ns>0</ns>
<id>381491</id>
<revision>
<id>2625561</id>
<parentid>2440881</parentid>
<timestamp>2021-03-03T08:27:47Z</timestamp>
<contributor>
<ip>178.60.32.227</ip>
</contributor>
<comment>/* {{etimologia|gl}} */</comment>
<model>wikitext</model>
<format>text/x-wiki</format>
<text bytes="928" xml:space="preserve">={{-gl-}}=
==Adjetivo==
{{flex.gl|ms=cachifo|mp=cachifos|fs=cachifa|fp=cachifas}}
{{paroxítona|ca|chi|fo|lang=gl}}
# de pouca [[idade]], que é novo
==Substantivo==
{{flex.gl|ms=cachifo|mp=cachifos|fs=cachifa|fp=cachifas}}
{{paroxítona|ca|chi|fo|lang=gl}}
# [[criança]] brincalhona; [[menino]] ou [[menina]]
{{flex.gl|ms=cachifo|mp=cachifos}}
{{paroxítona|ca|chi|fo|lang=gl}}, {{g|m|lang=gl}}
#{{cont|2}} [[vasilha]] pequena, pequeno recipiente
# [[caco]], [[cacho]], pedaço
# [[recipiente]] de madeira ou [[cortiça]] onde é guardado o sal
===Sinónimos===
* De '''1''': [[cativo#{{gl}}|cativo]], [[pícaro#{{gl}}|pícaro]]
* De '''2''': [[cachifro#{{gl}}|cachifro]], [[cacifo#{{gl}}|cacifo]], [[cacifro#{{gl}}|cacifro]]
=={{etimologia|gl}}==
{{llietimo|ar|قَفِيز|gl}} Confronte-se com ''[[cacho#{{gl}}|cacho]]'' e ''[[cativo#{{gl}}|cativo]]''.
[[Categoria:Adjetivo (Galego)]]
[[Categoria:Substantivo (Galego)]]</text>
<sha1>gyj9m5q8xajd0p1u7uj91qpndikmdts</sha1>
</revision>
