<page>
<title>cachelo</title>
<ns>0</ns>
<id>293617</id>
<revision>
<id>1456528</id>
<parentid>1430442</parentid>
<timestamp>2012-09-02T03:38:52Z</timestamp>
<contributor>
<username>Cpls</username>
<id>20608</id>
</contributor>
<comment>/* {{etimologia|pt}} */</comment>
<model>wikitext</model>
<format>text/x-wiki</format>
<text bytes="393" xml:space="preserve">={{-pt-}}=
==Substantivo==
{{flex.pt|ms=cachelo|mp=cachelos}}
{{paroxítona|ca|che|lo}}
# diminutivo de [[cacho]]
# {{escopo|Galiza}} [[pedaço]] de batata
=={{etimologia|pt}}==
: {{escopo|Morfologia}} [[cacho]] + [[-elo]].
==Ver também==
===No Wikcionário===
{{verTambém.Ini}}
* [[cacha]]
{{verTambém.NovaColuna}}
* [[cachada]]
{{verTambém.Fim}}
[[Categoria:Substantivo (Português)]]</text>
<sha1>eu07of0jodwbpr1clyi5bhg2xu6eclz</sha1>
</revision>
</page>
