<page>
<title>cachafundo</title>
<ns>0</ns>
<id>438203</id>
<revision>
<id>2670326</id>
<parentid>2650908</parentid>
<timestamp>2022-04-03T12:48:17Z</timestamp>
<contributor>
<username>Cpls</username>
<id>20608</id>
</contributor>
<comment>/* {{-gl-}} */</comment>
<model>wikitext</model>
<format>text/x-wiki</format>
<text bytes="354" xml:space="preserve">={{-gl-}}=
==Substantivo==
{{flex.gl|ms=cachafundo|mp=cachafundos}}
{{paroxítona|ca|cha|fun|do|lang=gl}}, {{g|m}}
# [[poça]] de [[água]] que fica ao secar um [[rio]]
===Sinónimo===
* [[cachão#{{gl}}|cachão]]
=={{etimologia|gl}}==
: Confronte-se com {{etimo|gl|cachafunda}} e com o trasmontanismo [[cachafosco]]
[[Categoria:Substantivo (Galego)]]</text>
<sha1>qkph9v5okcletvb9jwos8i0sjptivbv</sha1>
</revision>
</page>
