<page>
<page>
<title>cachetar</title>
<ns>0</ns>
<id>51579</id>
<revision>
<id>2311552</id>
<parentid>1952373</parentid>
<timestamp>2017-04-30T00:33:53Z</timestamp>
<contributor>
<username>HydrizBot</username>
<id>29590</id>
</contributor>
<minor />
<comment>Robô: A limpar links interwikis antigos</comment>
<model>wikitext</model>
<format>text/x-wiki</format>
<text bytes="177" xml:space="preserve">={{-pt-}}=
==Verbo==
{{oxítona|ca|che|tar}}, ''intransitivo''
# [[brincar]]; [[caçoar]]; [[zombar]]
===Conjugação===
{{conj/pt|cachet|ar}}
[[Categoria:Verbo (Português)]]</text>
<sha1>aq52tfgfe1ylblv1xpjijplfncr6tal</sha1>
</revision>
