<page>
<page>
<title>cache</title>
<ns>0</ns>
<id>96175</id>
<revision>
<id>2459787</id>
<parentid>2311537</parentid>
<timestamp>2017-11-08T13:45:15Z</timestamp>
<contributor>
<username>Cpls</username>
<id>20608</id>
</contributor>
<model>wikitext</model>
<format>text/x-wiki</format>
<text bytes="1167" xml:space="preserve">{{ver também|caché|cachê|cachet}}
={{-pt-}}=
==Substantivo==
{{flex.pt|ms=cache|mp=caches}}
{{paroxítona|ca|che}}, {{g|m}}
# [[chapa]] de [[metal]] para obtenção de efeitos especiais em [[fotografia]] ([[obturação]] [[parcial]])
# {{escopo|pt|Informática}} conjunto de recursos guardados localmente que espelham os recursos de um local remoto
==Forma verbal==
{{paroxítona|ca|che}}
# primeira pessoa do singular do presente do conjuntivo do verbo [[cachar]]
# terceira pessoa do singular do imperativo do verbo [[cachar]]
# terceira pessoa do singular do presente do conjuntivo do verbo [[cachar]]
=={{etimologia|pt}}==
*Substantivo
**De '''2''' (conjunto de recursos): do inglês {{etimo|en|cache}}
==Anagrama==
# [[checo|checa]]
[[Categoria:Substantivo (Português)]]
[[Categoria:Forma verbal (Português)]]
[[Categoria:Entrada de étimo inglês (Português)]]
={{-gl-}}=
==Interjeição==
{{paroxítona|ca|che|lang=gl}}
# voz para [[afugentar]] o [[porco]] ou outro animal
==={{-varort-}}===
* [[cachi#{{gl}}|cachi]], [[cax#{{gl}}|cax]], [[casque#{{gl}}|casque]], [[gache#{{gl}}|gache]], [[gaxe#{{gl}}|gaxe]]
[[Categoria:Interjeição (Galego)]]</text>
<sha1>q2o4l1k76udmdz4e2l9haqhgls76c0g</sha1>
</revision>
