<page>
<page>
<title>cacha</title>
<ns>0</ns>
<id>251506</id>
<revision>
<id>2668371</id>
<parentid>2311526</parentid>
<timestamp>2022-03-26T16:26:43Z</timestamp>
<contributor>
<username>Cpls</username>
<id>20608</id>
</contributor>
<comment>/* Substantivo */</comment>
<model>wikitext</model>
<format>text/x-wiki</format>
<text bytes="2361" xml:space="preserve">={{-pt-}}=
==Substantivo==
{{flex.pt|fs=cacha|fp=cachas}}
{{paroxítona|ca|cha}}, {{gramática|f}}
# {{escopo|pt|Trás-os-Montes}} cada uma das duas metades de um [[fruto]]; por extensão [[metade]], [[parte]], pedaço, [[cacho]]
# {{escopo|pt|Trás-os-Montes}} cada uma das partes de um [[lenço]] que foi cortado diagonalmente
# {{escopo|pt|Galiza}} [[forma]] onde se cozinham empadas, placa para assaduras
# {{escopo|pt|Galiza}} familiarmente, [[cabeça]]
# {{escopo|pt|Galiza}} [[centola]], casca dos crustáceos
# {{escopo|pt|Galiza}} [[casca]] do ovo, pela de fruta, pedaço de batata, cortiça de árvore
# {{escopo|pt|Galiza}} [[estilhaço]] de madeira para fazer cestos
# {{escopo|pt|Galiza}} [[travessa]] e [[pena]] do rodízio do moinho de água onde esta bate provocando o movimento
# {{escopo|pt|Galiza}} abertura da [[saia]]
# {{escopo|pt|Galiza}} [[nádega]]
# {{escopo|pt|Galiza}} nas navalhas ou nas pistolas, cada uma das [[peça]]s simétricas por onde se seguram
# {{escopo|pt|Galiza}} [[guelra#{{pt}}|guelra]]
# {{escopo|pt|Galiza}} [[pinha]] de pinheiro
# {{escopo|pt|Galiza}} [[cajado]], bordão
# {{escopo|pt|Galiza}} ação de [[cachar]], de cavar
# {{escopo|pt|Galiza}} [[ardil]], engano
===Expressões===
# {{escopo|Galiza}} '''cachas''', forçudo
#* ''&quot;Está feito um cachas&quot;''
# {{escopo|Galiza}} '''cacha-pelada''', [[careca]], rapado
==Ver também==
===No Wikcionário===
{{dividir em colunas|2}}
* [[cacho]]
* [[cachar]]
{{dividir em colunas/fim}}
[[Categoria:Substantivo (Português)]]
={{-ast-}}=
==Substantivo&lt;sup&gt;1&lt;/sup&gt;==
{{flex.ast|fs=cacha|fp=caches}}
{{paroxítona|lang=ast|ca|cha}}, {{gramática|f}}
# [[copo]] de corno
# [[cajado]]
# ponta de [[lápis]]
# [[cabo]] de ferramenta, mango de [[faca]], de navalha
# [[rodo]] para retirar as brasas do forno
# [[olho]] da agulha de coser
# [[nádega]]
# [[lousa]] pequena e pouco grossa 
# [[fralda]], pano para envolver aos meninos e meninas recém-nascidos, teia que envolve e cobre a faldra dos bebés
# [[batata]] pelada e partida em grandes troços; pedaço de batata com gomos, para semente
# [[pedaço]] de pão
==Substantivo&lt;sup&gt;2&lt;/sup&gt;==
{{paroxítona|lang=ast|ca|cha}}, {{gramática|m}}, '''(el cacha)'''
# [[apara-lápis]]
===Sinônimos===
* ''[[cachalápiz#Asturiano|cachalápiz]]''
* ''[[cachaor#Asturiano|cachaor]]''
[[Categoria:Substantivo (Asturiano)]]</text>
<sha1>qf6orcs7vs7eploqlc2a0ey3kgjtng2</sha1>
</revision>
