<page>
<title>cachafelho</title>
<ns>0</ns>
<id>386823</id>
<revision>
<id>2466170</id>
<timestamp>2017-12-02T17:33:12Z</timestamp>
<contributor>
<username>Cpls</username>
<id>20608</id>
</contributor>
<comment>[[Ajuda:Guia de edição/Menus e ferramentas/Sumário de edição|→]] nova página: ={{-gl-}}= ==Adjetivo== {{flex.gl|ms=cachafelho|mp=cachafelhos|fs=cachafelha|fp=cachafelhas}} {{paroxítona|c...</comment>
<model>wikitext</model>
<format>text/x-wiki</format>
<text bytes="460" xml:space="preserve">={{-gl-}}=
==Adjetivo==
{{flex.gl|ms=cachafelho|mp=cachafelhos|fs=cachafelha|fp=cachafelhas}}
{{paroxítona|ca|cha|fe|lho|lang=gl}}
# [[irrequieto]], qualifica às crianças
# pequeno, de baixa estatura e grotesco
==={{-varort-}}===
* De '''1''': [[caçavelho#{{gl}}|caçavelho]]
=={{etimologia|gl}}==
: Confronte-se com ''[[cacho#{{gl}}|cacho]]'', ''[[cachavelho#{{gl}}|cachavelho]]'' e ''[[caçapelho#{{gl}}|caçapelho]]''.
[[Categoria:Adjetivo (Galego)]]</text>
<sha1>q39xvocx8hectlesz0j11ie9akibpqg</sha1>
</revision>
</page>
