<page>
<title>cachaço</title>
<ns>0</ns>
<id>288413</id>
<revision>
<id>2670173</id>
<parentid>2311536</parentid>
<timestamp>2022-04-02T20:20:26Z</timestamp>
<contributor>
<username>Cpls</username>
<id>20608</id>
</contributor>
<model>wikitext</model>
<format>text/x-wiki</format>
<text bytes="452" xml:space="preserve">={{-pt-}}=
==Substantivo==
{{flex.pt|ms=cachaço|mp=cachaços}}
{{paroxítona|ca|cha|ço}}, {{g|m}}
# parte posterior do [[pescoço]]; pescoço grosso 
# [[pancada]] ou [[soco]] dado na parte posterior do pescoço
# [[porco]] de cobrição; varrão
# {{escopo|pt|Brasil}} porco gordo; porco cevado
=={{etimologia|pt}}==
: Derivado de [[cacho]]. Confronte-se com [[cacheiro]].
[[Categoria:Substantivo (Português)]]
[[Categoria:Anatomia (Português)]]</text>
<sha1>6zlb1q6z7rwf1shseqpsnf3igmjgg5i</sha1>
</revision>
</page>
