<page>
<title>cachecóis</title>
<ns>0</ns>
<id>445491</id>
<revision>
<id>2685146</id>
<timestamp>2022-08-01T10:18:07Z</timestamp>
<contributor>
<ip>2001:8A0:FF83:5900:688E:9B4E:25E7:94A</ip>
</contributor>
<comment>[[Ajuda:Guia de edição/Menus e ferramentas/Sumário de edição|→]] nova página: ={{-pt-}}= ==Forma de substantivo== '''cachecóis''' ''masculino, plural'' #plural de [[cachecol]]  {{avi-for-fle|cachecol}}  [[Categoria:Forma de substantivo (Português)]]</comment>
<model>wikitext</model>
<format>text/x-wiki</format>
<text bytes="173" xml:space="preserve">={{-pt-}}=
==Forma de substantivo==
'''cachecóis''' ''masculino, plural''
#plural de [[cachecol]]
{{avi-for-fle|cachecol}}
[[Categoria:Forma de substantivo (Português)]]</text>
<sha1>ooene57g4i8tpuo4e62paqzz5ifclkt</sha1>
</revision>
</page>
