<page>
<page>
<title>cachapa</title>
<ns>0</ns>
<id>392355</id>
<revision>
<id>2483275</id>
<timestamp>2018-02-06T10:37:19Z</timestamp>
<contributor>
<username>Cpls</username>
<id>20608</id>
</contributor>
<comment>[[Ajuda:Guia de edição/Menus e ferramentas/Sumário de edição|→]] nova página: ={{-gl-}}= ==Substantivo&lt;sup&gt;1&lt;/sup&gt;== {{flex.gl|fs=cachapa|fp=cachapas}} {{paroxítona|ca|cha|pa|lang=gl}},...</comment>
<model>wikitext</model>
<format>text/x-wiki</format>
<text bytes="686" xml:space="preserve">={{-gl-}}=
==Substantivo&lt;sup&gt;1&lt;/sup&gt;==
{{flex.gl|fs=cachapa|fp=cachapas}}
{{paroxítona|ca|cha|pa|lang=gl}}, {{g|f|lang=gl}}
# [[cajado]]
===Sinónimo===
* De '''2''': [[cachaba#{{gl}}|cachaba]], [[cachada#{{gl}}|cachada]], [[cachapica#{{gl}}|cachapica]], [[caiado#{{gl}}|caiado]], [[cajado#{{gl}}|cajado]]
==Substantivo&lt;sup&gt;2&lt;/sup&gt;==
{{flex.gl|fs=cachapa|fp=cachapas}}
{{paroxítona|ca|cha|pa|lang=gl}}, {{g|f|lang=gl}}
# {{escopo|gl|Agricultura}} pequeno [[recipiente]] de madeira ou [[corno]], onde o segador leva a pedra de afiar e água
==={{etimologia|gl}}===
: De ''[[cacho#{{gl}}|cacho]]''. Confronte-se com ''[[cachapo#{{gl}}|cachapo]]''.
[[Categoria:Substantivo (Galego)]]</text>
<sha1>q7yjqpo6dvgk3zcinpw23jm30v37mi1</sha1>
</revision>
