<page>
<page>
<title>cachava</title>
<ns>0</ns>
<id>372631</id>
<revision>
<id>2483271</id>
<parentid>2311532</parentid>
<timestamp>2018-02-06T10:27:59Z</timestamp>
<contributor>
<username>Cpls</username>
<id>20608</id>
</contributor>
<comment>/* {{-gl-}} */</comment>
<model>wikitext</model>
<format>text/x-wiki</format>
<text bytes="424" xml:space="preserve">={{-gl-}}=
==Substantivo==
{{flex.gl|fs=cachava|fp=cachavas}}
{{paroxítona|ca|cha|va|lang=gl}}, {{g|f|lang=gl}}
# [[cajado]], [[bengala]]
==={{-varort-}}===
* [[cachaba#{{gl}}|cachaba]], [[cachapa#{{gl}}|cachapa]]
=={{etimologia|gl}}==
: Aparentada com o latim {{etimo|la|caia}}, &quot;pau curvado&quot;. Confronte-se com o trasmontanismo [[gajavato]]. Cognata do asturiano {{etimo|as|cachaba}}.
[[Categoria:Substantivo (Galego)]]</text>
<sha1>mvmi9uf6dqpl64v51t7d6pmgj3obi1r</sha1>
</revision>
