<page>
<page>
<title>cachafeiro</title>
<ns>0</ns>
<id>442373</id>
<revision>
<id>2670325</id>
<parentid>2670324</parentid>
<timestamp>2022-04-03T12:45:05Z</timestamp>
<contributor>
<username>Cpls</username>
<id>20608</id>
</contributor>
<comment>/* {{-gl-}} */</comment>
<model>wikitext</model>
<format>text/x-wiki</format>
<text bytes="753" xml:space="preserve">={{-gl-}}=
==Adjetivo==
{{flex.gl|ms=cachafeiro|mp=cachafeiros|fs=cachafeira|fp=cachafeira}}
{{paroxítona|ca|cha|fei|ro|lang=gl}}
# [[fleumático]], que tem [[pachorra]], [[vagaroso]], paciencioso
===Sinónimo===
* [[cachaceiro#{{gl}}|cachaceiro]], [[cachaçudo#{{gl}}|cachaçudo]]
==Substantivo==
{{flex.gl|ms=cachafeiro|mp=cachafeiros}}
{{paroxítona|ca|cha|fei|ro|lang=gl}}, {{g|m}}
# [[verrasco]], porco macho de padreação
===Sinónimo===
* [[cachaceiro#{{gl}}|cachaceiro]], [[cachão#{{gl}}|cachão]], [[cacheiro#{{gl}}|cacheiro]]
=={{etimologia|gl}}==
: Variação de {{etimo|gl|cachaceiro}} da raiz de ''[[cachaça#{{gl}}|cachaça]]'' ou ''[[cachaço#{{gl}}|cachaço]]''.
[[Categoria:Adjetivo (Galego)]]
[[Categoria:Substantivo (Galego)]]</text>
<sha1>k2ynkc61qg2vz9nq2l7wohlvnihtsmm</sha1>
</revision>
