<page>
<title>cachifalhada</title>
<ns>0</ns>
<id>381490</id>
<revision>
<id>2440880</id>
<timestamp>2017-07-28T08:06:51Z</timestamp>
<contributor>
<username>Cpls</username>
<id>20608</id>
</contributor>
<comment>[[Ajuda:Guia de edição/Menus e ferramentas/Sumário de edição|→]] nova página: ={{-gl-}}= ==Substantivo== {{flex.gl|fs=cachifalhada|fp=cachifalhadas}} {{paroxítona|ca|chi|fa|lha|da|lang=g...</comment>
<model>wikitext</model>
<format>text/x-wiki</format>
<text bytes="400" xml:space="preserve">={{-gl-}}=
==Substantivo==
{{flex.gl|fs=cachifalhada|fp=cachifalhadas}}
{{paroxítona|ca|chi|fa|lha|da|lang=gl}}, {{g|f|lang=gl}}
# grupo de [[criança]]s; a [[infância]]
===Sinónimos===
* [[cativalhada#{{gl}}|cativalhada]]
=={{etimologia|gl}}==
: {{escopo|Morfologia}} De ''[[cachifo#{{gl}}|cachifa]]'' + ''[[-alho#{{gl}}|-alha]]'' + ''[[-ado#{{gl}}|-ada]]''.
[[Categoria:Substantivo (Galego)]]</text>
<sha1>6zgxvmgd4bqtnu62oea9dyyfcffoyqy</sha1>
</revision>
</page>
