<page>
<title>cachavelho</title>
<ns>0</ns>
<id>386828</id>
<revision>
<id>2483308</id>
<parentid>2466189</parentid>
<timestamp>2018-02-06T12:54:09Z</timestamp>
<contributor>
<username>Cpls</username>
<id>20608</id>
</contributor>
<comment>/* Substantivo */</comment>
<model>wikitext</model>
<format>text/x-wiki</format>
<text bytes="373" xml:space="preserve">={{-gl-}}=
==Substantivo==
{{flex.gl|ms=cachavelho|mp=cachavelhos}}
{{paroxítona|ca|cha|ve|lho|lang=gl}}, {{g|m|lang=gl}}
# pequena [[porção]], pequena parte; pequeno [[pedaço]] de terreno
=={{etimologia|gl}}==
: Confronte-se com ''[[cacho#{{gl}}|cacho]]'', ''[[cachafelho#{{gl}}|cachafelho]]'' e ''[[caçapelo#{{gl}}|caçapelo]]''.
[[Categoria:Substantivo (Galego)]]</text>
<sha1>0wthari5tgm8buuaymmntb6udfolowf</sha1>
</revision>
</page>
