<page>
<title>cachapo</title>
<ns>0</ns>
<id>392354</id>
<revision>
<id>2483272</id>
<timestamp>2018-02-06T10:32:56Z</timestamp>
<contributor>
<username>Cpls</username>
<id>20608</id>
</contributor>
<comment>[[Ajuda:Guia de edição/Menus e ferramentas/Sumário de edição|→]] nova página: ={{-gl-}}= ==Substantivo== {{flex.gl|ms=cachapo|mp=cachapos}} {{paroxítona|ca|cha|po|lang=gl}}, {{g|m|lang=g...</comment>
<model>wikitext</model>
<format>text/x-wiki</format>
<text bytes="439" xml:space="preserve">={{-gl-}}=
==Substantivo==
{{flex.gl|ms=cachapo|mp=cachapos}}
{{paroxítona|ca|cha|po|lang=gl}}, {{g|m|lang=gl}}
# [[caco]] de vasilha
# [[pedaço]] de qualquer coisa
# {{escopo|gl|Agricultura}} pequeno [[recipiente]] de madeira ou [[corno]], onde o segador leva a pedra de afiar e água
# [[copo]] feito em [[folha-de-flandres]]
=={{etimologia|gl}}==
: Confronte-se com ''[[cachapa#{{gl}}|cachapa]]''.
[[Categoria:Substantivo (Galego)]]</text>
<sha1>8tw1xnx5y37hz3cn5zj0i9chvy9tt04</sha1>
</revision>
</page>
