<page>
<page>
<title>cachear</title>
<ns>0</ns>
<id>337136</id>
<revision>
<id>2311544</id>
<parentid>2013662</parentid>
<timestamp>2017-04-30T00:33:33Z</timestamp>
<contributor>
<username>HydrizBot</username>
<id>29590</id>
</contributor>
<minor />
<comment>Robô: A limpar links interwikis antigos</comment>
<model>wikitext</model>
<format>text/x-wiki</format>
<text bytes="1183" xml:space="preserve">={{-pt-}}=
==Verbo&lt;sup&gt;1&lt;/sup&gt;==
{{oxítona|ca|che|ar}}
# apalpar, [[registar]] a roupa e corpo de outra pessoa
# {{escopo|Trás-os-Montes}} [[copular]]
==={{etimologia|pt}}===
: {{escopo|Morfologia}} Aparentado com [[cachão]] e [[cachonda]]. Confronte-se com significado em [[galego]] de ''[[cachondear#Galego|cachondear]]''.
==Verbo&lt;sup&gt;2&lt;/sup&gt;==
{{oxítona|ca|che|ar}}
# ter [[cacho]]s uma planta ou cultura, florescer, frutificar
===Conjugação===
{{conj/pt|cache|ar}}
==={{etimologia|pt}}===
: {{escopo|Morfologia}} Derivada de [[cacho]], (ramo conjunto de [[flor]]es ou [[fruto]]s)
==Ver também==
===No Wikcionário===
* [[cacheiro]]
{{categorias|{{pt}}|Verbo|Regionalismo}}
={{-gl-}}=
==Verbo&lt;sup&gt;1&lt;/sup&gt;==
{{oxítona|ca|che|ar|lang=gl}}
# [[cachear#Português|cachear]], apalpar
# [[buscar]] algo oculto
# [[castrar]] uma colmeia
# [[colher]] trutas com a mão buscando baixo as pedras
# [[buscar]] os piolhos no cabelo
# nos telhados usar [[cacho]]s de telha para reparar os canais
==Verbo&lt;sup&gt;2&lt;/sup&gt;==
{{oxítona|ca|che|ar|lang=gl}}
# [[cavar]], [[sachar]] a terra para recolher as batatas
===Sinônimo===
* [[cachar#Galego|cachar]]
{{categorias|{{gl}}|Verbo}}</text>
<sha1>l4zlv5wrw4pgejjujdsfdosgdvtod3s</sha1>
</revision>
