<page>
<page>
<title>cachaporra</title>
<ns>0</ns>
<id>51694</id>
<revision>
<id>2055076</id>
<parentid>1211970</parentid>
<timestamp>2016-01-11T14:48:01Z</timestamp>
<contributor>
<username>Luan</username>
<id>1279</id>
</contributor>
<comment>substituição de predefinição depreciada utilizando [[Project:AutoWikiBrowser|AWB]]</comment>
<model>wikitext</model>
<format>text/x-wiki</format>
<text bytes="292" xml:space="preserve">={{-pt-}}=
==Substantivo==
{{flex.pt|fs=cachaporra|fp=cachaporras}}
'''ca.cha.&lt;u&gt;por&lt;/u&gt;.ra'''
#[[porrete]], [[cacete]], [[pau]]
===Sinonímia===
#[[cachamorra]]
===Tradução===
{{tradini}}
*{{es}}: {{xlatio|es|cachiporra|}}
{{tradmeio}}
{{tradfim}}
[[Categoria:Substantivo (Português)]]</text>
<sha1>0j9moa5j462rii1icgy8oeh14m9mb4f</sha1>
</revision>
