<page>
<page>
<title>cachenê</title>
<ns>0</ns>
<id>274417</id>
<revision>
<id>2311549</id>
<parentid>2052473</parentid>
<timestamp>2017-04-30T00:33:43Z</timestamp>
<contributor>
<username>HydrizBot</username>
<id>29590</id>
</contributor>
<minor />
<comment>Robô: A limpar links interwikis antigos</comment>
<model>wikitext</model>
<format>text/x-wiki</format>
<text bytes="573" xml:space="preserve">[[File:Tuareg woman from Mali, 2007.jpg|thumb|150px|Uma mulher usando uma peça como bandana e cachenê simultaneamente.]]
={{-pt-}}=
==Substantivo==
{{flex.pt|ms=cachenê|mp=cachenês}}
{{oxítona|ca|che|nê}}, ''m''
# [[peça]] para [[agasalhar]] a parte inferior do [[rosto]]
=={{etimologia|pt}}==
: Do francês {{etimo|fr|cache-nez}}.
==Ver também==
===No Wikcionário===
* [[cache-nez]]
[[Categoria:Substantivo (Português)]]
[[Categoria:Entrada de étimo francês (Português)]]
[[Categoria:Vestuário (Português)]]
[[Categoria:Entrada com imagem (Português)]]</text>
<sha1>isphpp1qk6jpth84f8l818ijyyfa7rq</sha1>
</revision>
