<page>
<page>
<title>cacharoça</title>
<ns>0</ns>
<id>382529</id>
<revision>
<id>2445433</id>
<parentid>2445432</parentid>
<timestamp>2017-08-23T19:36:52Z</timestamp>
<contributor>
<username>Cpls</username>
<id>20608</id>
</contributor>
<comment>/* {{-gl-}} */</comment>
<model>wikitext</model>
<format>text/x-wiki</format>
<text bytes="275" xml:space="preserve">{{ver também|cacharoca}}
={{-gl-}}=
==Substantivo==
{{flex.gl|fs=cacharoça|fp=cacharoças}}
{{paroxítona|ca|cha|ro|ca|lang=gl}}, {{g|f|lang=gl}}
# nas [[telheira]]s, [[cabana]] simples para [[secado]] da telha antes de entrar no forno 
[[Categoria:Substantivo (Galego)]]</text>
<sha1>30nhygooyiu8so9qjkxjzh61gtjr5ci</sha1>
</revision>
