<page>
<page>
<title>cachaor</title>
<ns>0</ns>
<id>298630</id>
<revision>
<id>1466976</id>
<timestamp>2012-09-20T17:43:53Z</timestamp>
<contributor>
<username>Cpls</username>
<id>20608</id>
</contributor>
<comment>[[Ajuda:Guia de edição/Menus e ferramentas/Sumário de edição|→]] nova página: ={{-ast-}}= ==Substantivo== {{flex.ast|fs=cachaor|fp=cachaores}} {{oxítona|lang=ast|ca|cha|or}} # [[apara-l...</comment>
<model>wikitext</model>
<format>text/x-wiki</format>
<text bytes="154" xml:space="preserve">={{-ast-}}=
==Substantivo==
{{flex.ast|fs=cachaor|fp=cachaores}}
{{oxítona|lang=ast|ca|cha|or}}
# [[apara-lápis]]
[[Categoria:Substantivo (Asturiano)]]</text>
<sha1>myoi0b2qi3yb89m219ydhudh2doic18</sha1>
</revision>
