<page>
<title>cacharoca</title>
<ns>0</ns>
<id>382528</id>
<revision>
<id>2445431</id>
<parentid>2445428</parentid>
<timestamp>2017-08-23T19:36:15Z</timestamp>
<contributor>
<username>Cpls</username>
<id>20608</id>
</contributor>
<model>wikitext</model>
<format>text/x-wiki</format>
<text bytes="535" xml:space="preserve">{{ver também|cacharoça}}
={{-gl-}}=
==Substantivo==
{{flex.gl|fs=cacharoca|fp=cacharocas}}
{{paroxítona|ca|cha|ro|ca|lang=gl}}, {{g|f|lang=gl}}
# [[tronco]] de árvore velho e oco; o mesmo [[buraco]] do tronco
# a parte baixa de um tronco de árvore
===Sinónimo===
* De '''1''': [[abilhoca#{{gl}}|abilhoca]], [[cadurneira#{{gl}}|cadurneira]], [[canhota#{{gl}}|canhota]], [[caracocha#{{gl}}|caracocha]], [[carocha#{{gl}}|carocha]], [[catubeiro#{{gl}}|catubeiro]], [[furacocha#{{gl}}|furacocha]]
[[Categoria:Substantivo (Galego)]]</text>
<sha1>glgvpn1mdsbxkub2dp3iph8v4dxgp6q</sha1>
</revision>
</page>
