<page>
<page>
<title>cachafosgo</title>
<ns>0</ns>
<id>442372</id>
<revision>
<id>2670318</id>
<timestamp>2022-04-03T12:23:42Z</timestamp>
<contributor>
<username>Cpls</username>
<id>20608</id>
</contributor>
<comment>[[Ajuda:Guia de edição/Menus e ferramentas/Sumário de edição|→]] nova página: ={{-pt-}}= ==Substantivo== {{flex.pt|ms=cachafosgo|mp=cachafosgos}} {{paroxítona|ca|cha|fos|go|lang=gl}}, {{g|m}} # {{escopo|pt|Trás-os-Montes}} [[buraco]] na terra muito [[profundo]] # {{escopo|pt|Trás-os-Montes}} [[vão]] entre o [[enxergão]] e a parede  ==={{-varort-}}=== * [[cachafosco]]  =={{etimologia|pt}}== : Das raízes de [[cachar]] e de [[fosga]]. Confronte-se com {{etimo|gl|cachafunda}}.  ==...</comment>
<model>wikitext</model>
<format>text/x-wiki</format>
<text bytes="501" xml:space="preserve">={{-pt-}}=
==Substantivo==
{{flex.pt|ms=cachafosgo|mp=cachafosgos}}
{{paroxítona|ca|cha|fos|go|lang=gl}}, {{g|m}}
# {{escopo|pt|Trás-os-Montes}} [[buraco]] na terra muito [[profundo]]
# {{escopo|pt|Trás-os-Montes}} [[vão]] entre o [[enxergão]] e a parede
==={{-varort-}}===
* [[cachafosco]]
=={{etimologia|pt}}==
: Das raízes de [[cachar]] e de [[fosga]]. Confronte-se com {{etimo|gl|cachafunda}}.
==Ligações externas==
* {{Aulete}}
* {{DicioAberto}}
[[Categoria:Substantivo (Português)]]</text>
<sha1>5avy9777wvxd57aqcula8f357zigxhw</sha1>
</revision>
