<page>
<page>
<title>cachaba</title>
<ns>0</ns>
<id>372632</id>
<revision>
<id>2483270</id>
<parentid>2483269</parentid>
<timestamp>2018-02-06T10:27:09Z</timestamp>
<contributor>
<username>Cpls</username>
<id>20608</id>
</contributor>
<comment>/* {{-varort-}} */</comment>
<model>wikitext</model>
<format>text/x-wiki</format>
<text bytes="739" xml:space="preserve">={{-ast-}}=
==Substantivo==
{{flex.ast|fs=cachaba|fp=cachabes}}
{{paroxítona|ca|cha|ba|lang=gl}}, {{g|f|lang=gl}}
# [[cajado]], [[bengala]]
=={{etimologia|ast}}==
: Aparentada com o latim {{etimo|la|caia}}, &quot;pau curvado&quot;. Confronte-se com o trasmontanismo [[gajavato]]. Cognata do galego ''[[cachava#{{gl}}|cachava]]''.
[[Categoria:Substantivo (Galego)]]
={{-gl-}}=
==Substantivo==
{{flex.gl|fs=cachaba|fp=cachabas}}
{{paroxítona|ca|cha|ba|lang=gl}}, {{g|f|lang=gl}}
# espécie de [[cajado]]
==={{-varort-}}===
* [[cachapa#{{gl}}|cachapa]], [[cachava#{{gl}}|cachava]]
=={{etimologia|pt}}==
: Aparentada com o latim {{etimo|la|caia}}, &quot;pau curvado&quot;. Confronte-se com o trasmontanismo [[gajavato]]
[[Categoria:Substantivo (Galego)]]</text>
<sha1>dc2e59hghk8zm8s35he97aistdabyab</sha1>
</revision>
