<page>
<page>
<title>cachifro</title>
<ns>0</ns>
<id>425082</id>
<revision>
<id>2592515</id>
<timestamp>2020-07-19T13:53:57Z</timestamp>
<contributor>
<username>Cpls</username>
<id>20608</id>
</contributor>
<comment>[[Ajuda:Guia de edição/Menus e ferramentas/Sumário de edição|→]] nova página: ={{-gl-}}= ==Substantivo== {{flex.gl|ms=cachifro|mp=cachifros}} {{paroxítona|ca|chi|fro|lang=gl}}, {{g|m|lan...</comment>
<model>wikitext</model>
<format>text/x-wiki</format>
<text bytes="503" xml:space="preserve">={{-gl-}}=
==Substantivo==
{{flex.gl|ms=cachifro|mp=cachifros}}
{{paroxítona|ca|chi|fro|lang=gl}}, {{g|m|lang=gl}}
# [[cacifo#{{pt}}|cacifo]], [[vasilha]] pequena, pequeno recipiente
# [[caco]], [[cacho]], pedaço de vasilha
# [[local]] sob teto, muito reduzido para dormir
===Sinónimos===
* De '''1''' e '''2''': [[cachifo#{{gl}}|cachifo]], [[cacifo#{{gl}}|cacifo]], [[cacifro#{{gl}}|cacifro]]
=={{etimologia|gl}}==
: Confronte-se com ''[[cacho#{{gl}}|cacho]]''.
[[Categoria:Substantivo (Galego)]]</text>
<sha1>towte71khx2eszyj8qfk2bjnubvnykq</sha1>
</revision>
