<page>
<title>cacharela</title>
<ns>0</ns>
<id>262965</id>
<revision>
<id>2311531</id>
<parentid>2262518</parentid>
<timestamp>2017-04-30T00:33:00Z</timestamp>
<contributor>
<username>HydrizBot</username>
<id>29590</id>
</contributor>
<minor />
<comment>Robô: A limpar links interwikis antigos</comment>
<model>wikitext</model>
<format>text/x-wiki</format>
<text bytes="764" xml:space="preserve">={{-pt-}}=
==Substantivo==
{{flex.pt|fs=cacharela|fp=cacharelas}}
{{paroxítona|ca|cha|re|la}}
# {{escopo|Galiza}} terreno de [[lavrança]] de pouco fundo no que aparecem camadas de pedra frágeis 
# {{escopo|Galiza}} [[fogueira]], lume para celebrar algo, sentar arredor dele, cozinhar ou quentar-se
===Expressões===
* {{escopo|Galiza}} '''[[cacharela de São João]]''': fogueira que se costuma fazer na noite prévia à festividade católica do São João, perto do solstício, do 23 para o 24 de Junho.
=={{etimologia|pt}}==
: {{escopo|Morfologia}} [[cacho]] / [[cacha]] + rela, por ser um lume feito com pedaços de madeira.
==Ver também==
===No Wikcionário===
{{verTambém.Ini}}
* [[cachucha]]
{{verTambém.NovaColuna}}
* [[cachelo]]
{{verTambém.Fim}}</text>
<sha1>3r3ovcy5koavd3vptdsz1c0ukqaeqw5</sha1>
</revision>
</page>
