<page>
<title>cacharro</title>
<ns>0</ns>
<id>392384</id>
<revision>
<id>2548913</id>
<parentid>2526542</parentid>
<timestamp>2019-07-07T18:23:40Z</timestamp>
<contributor>
<username>Cpls</username>
<id>20608</id>
</contributor>
<comment>/* Substantivo1 */</comment>
<model>wikitext</model>
<format>text/x-wiki</format>
<text bytes="1254" xml:space="preserve">={{-pt-}}=
==Substantivo==
{{flex.pt|ms=cacharro|mp=cacharros}}
{{paroxítona|ca|char|ro}}, {{g|m}}
# {{escopo|pt|Trás-os-Montes}} [[copo]] feito de barro
# {{escopo|pt|Trás-os-Montes}} {{escopo2|por extensão}} quantidade de [[vinho]] que leva este recipiente
=={{etimologia|pt}}==
: De ''[[cacho]]''.
==Ligações externas==
* {{Aulete}}
* {{DicioAberto}}
[[Categoria:Substantivo (Português)]]
={{-gl-}}=
==Substantivo&lt;sup&gt;1&lt;/sup&gt;==
{{flex.gl|ms=cacharro|mp=cacharros}}
{{paroxítona|ca|char|ro|lang=gl}}, {{g|m|lang=gl}}
# pequena [[panela]] de barro
# qualquer recipiente utilizado para [[cozinhar]] ou na cozinha
# {{escopo|gl|Culinária}} [[sopa]] de água fervida com [[côdea]]s de pão
# medida para [[berbigão|berbigões]], mexilhões ou outros [[bivalve]]s, equivalente a cinco quilogramas
# {{escopo|gl|Ave}} [[cartaxo]] (''[[species:Saxicola rubicola|Saxicola rubicola]]'')
==={{etimologia|gl}}===
: De ''[[cacho#{{gl}}|cacho]]''.
==Substantivo&lt;sup&gt;2&lt;/sup&gt;==
{{flex.gl|ms=cacharro|mp=cacharros}}
{{paroxítona|ca|char|ro|lang=gl}}, {{g|m|lang=gl}}
# {{escopo|gl|Agricultura}} [[arado]]
==={{etimologia|gl}}===
: De ''[[cachar#{{gl}}|cachar]]''. Confronte-se com ''[[charrua#{{gl}}|charrua]]''.
[[Categoria:Substantivo (Galego)]]</text>
<sha1>fxbe57t9q5is0k73ie9iyeocryit909</sha1>
</revision>
</page>
