<page>
<page>
<title>cachalápiz</title>
<ns>0</ns>
<id>298631</id>
<revision>
<id>1466979</id>
<parentid>1466977</parentid>
<timestamp>2012-09-20T17:47:52Z</timestamp>
<contributor>
<username>Cpls</username>
<id>20608</id>
</contributor>
<comment>/* {{-ast-}} */</comment>
<model>wikitext</model>
<format>text/x-wiki</format>
<text bytes="170" xml:space="preserve">={{-ast-}}=
==Substantivo==
{{flex.ast|fs=cachalápiz|fp=cachalápices}}
{{paroxítona|lang=ast|ca|cha|lá|piz}}
# [[apara-lápis]]
[[Categoria:Substantivo (Asturiano)]]</text>
<sha1>2wrs5vkleh9pr12fle8cg5xvixlwf3m</sha1>
</revision>
