<page>
<page>
<title>cachafunda</title>
<ns>0</ns>
<id>438204</id>
<revision>
<id>2650909</id>
<timestamp>2021-10-25T18:41:43Z</timestamp>
<contributor>
<username>Cpls</username>
<id>20608</id>
</contributor>
<comment>[[Ajuda:Guia de edição/Menus e ferramentas/Sumário de edição|→]] nova página: ={{-gl-}}= ==Substantivo== {{flex.gl|fs=cachafunda|fp=cachafundas}} {{paroxítona|ca|cha|fun|da|lang=gl}}, {{g|f}} # [[barranco]], depressão [[profunda]] do terreno  =={{etimologia|gl}}== : De {{etimo|gl|cachar}} e {{etimo|gl|fundo}}. Confronte-se com {{etimo|gl|cachafundo}}.  [[Categoria:Substantivo (Galego)]]</comment>
<model>wikitext</model>
<format>text/x-wiki</format>
<text bytes="313" xml:space="preserve">={{-gl-}}=
==Substantivo==
{{flex.gl|fs=cachafunda|fp=cachafundas}}
{{paroxítona|ca|cha|fun|da|lang=gl}}, {{g|f}}
# [[barranco]], depressão [[profunda]] do terreno
=={{etimologia|gl}}==
: De {{etimo|gl|cachar}} e {{etimo|gl|fundo}}. Confronte-se com {{etimo|gl|cachafundo}}.
[[Categoria:Substantivo (Galego)]]</text>
<sha1>ffa0fex7n18uxsdaarry40t277bl8gc</sha1>
</revision>
