<page>
<page>
<title>cacher</title>
<ns>0</ns>
<id>227498</id>
<revision>
<id>2651042</id>
<parentid>2649216</parentid>
<timestamp>2021-10-28T09:47:09Z</timestamp>
<contributor>
<username>ValJor</username>
<id>1358</id>
</contributor>
<comment>Melhorando a apresentação do verbete</comment>
<model>wikitext</model>
<format>text/x-wiki</format>
<text bytes="1083" xml:space="preserve">={{-pt-}}=
==Adjetivo==
{{flex.pt|s=cacher|p=cacher}}
{{oxítona|ca|cher}}, {{g|c2g2n}}
# que segue preceitos religiosos judaicos; {{escopo2|extensão de sentido}} de estirpe de qualidade, caro e restrito
#* ''Ou seria vinho '''cacher'''?'' livro: Memórias de uma bola de futebol, por Renato Pompeu 2002, pag 67
#* ''se no abastecimento de carne '''cacher''', ou seja , provinda de animais mortos segundo o rito judaico , para as duas comunidades'' livro: Tratado da verdade da lei de Moisés escrito pelo seu próprio punho em Português, por Saul Levi Mortera, Herman Prins Salomon 1988, pag 45
#* ''tais como a circuncisão e a alimentação “'''cacher'''”'' livro: Portugal e os judeus: Judaísmo e anti-semitismo no século XX, por Jorge Martins 2006, pag 57
[[Categoria:Adjetivo (Português)]]
={{-fr-}}=
==Verbo==
'''cacher'''
# [[esconder]]
===Verbetes derivados===
* [[cache-cache]]
=={{etimologia|fr}}==
{{llietimo|la|coactare|fr}}
==Anagramas==
&lt;!-- índice para anagramas: fr: accehr --&gt;
# [[crache]]
# [[craché]]
# [[crécha]]
[[Categoria:Verbo (Francês)]]</text>
<sha1>gpfpx0hyoi9uv9e53sxdk03dpkrj60k</sha1>
</revision>
