<page>
<title>cachamorra</title>
<ns>0</ns>
<id>51695</id>
<revision>
<id>2055075</id>
<parentid>1211969</parentid>
<timestamp>2016-01-11T14:47:45Z</timestamp>
<contributor>
<username>Luan</username>
<id>1279</id>
</contributor>
<comment>substituição de predefinição depreciada utilizando [[Project:AutoWikiBrowser|AWB]]</comment>
<model>wikitext</model>
<format>text/x-wiki</format>
<text bytes="202" xml:space="preserve">={{-pt-}}=
==Substantivo==
{{flex.pt|fs=cachamorra|fp=cachamorras}}
'''ca.cha.&lt;u&gt;mor&lt;/u&gt;.ra'''
#[[cachaporra]]
===Tradução===
*{{es}}: {{xlatio|es|cachiporra|}}
[[Categoria:Substantivo (Português)]]</text>
<sha1>qi6prnigp9s8gahgmuhn907eymb1k7k</sha1>
</revision>
</page>
