<page>
<title>cachena</title>
<ns>0</ns>
<id>436222</id>
<revision>
<id>2675907</id>
<parentid>2644095</parentid>
<timestamp>2022-05-04T20:18:33Z</timestamp>
<contributor>
<username>Cpls</username>
<id>20608</id>
</contributor>
<comment>/* {{-gl-}} */</comment>
<model>wikitext</model>
<format>text/x-wiki</format>
<text bytes="808" xml:space="preserve">{{Wikipédia|lang=gl}}
={{-pt-}}=
==Substantivo==
{{flex.pt|fs=cachena|fp=cachenas}}
{{paroxítona|ca|che|na}}, {{g|f}}
# raça [[vacum]] originária do Norte de Portugal e Sul da Galiza
[[Categoria:Substantivo (Português)]]
={{-gl-}}=
==Forma de adjetivo==
{{flex.gl|ms=cacheno|mp=cachenos|fs=cachena|fp=cachenas}}
{{paroxítona|ca|che|na|lang=gl}}
# Vide em ''[[cacheno#{{gl}}|cacheno]]''
==Substantivo==
{{flex.gl|fs=cachena|fp=cachenas}}
{{paroxítona|ca|che|na|lang=gl}}, {{g|f}}
# [[cachena#{{pt}}|cachena]], raça vacum
# {{escopo|gl|Metrologia|Antigo}} medida para áridos menor que uma ''[[conca#{{gl}}|conca]]''
===Sinónimo===
* De '''1''': [[soaja#{{gl}}|soaja]]
==={{etimologia|gl}}===
: De {{etimo|gl|cacho}}.
[[Categoria:Forma de adjetivo (Galego)]]
[[Categoria:Substantivo (Galego)]]</text>
<sha1>6v8oh27037b59tozeb3y525q3o6ha3i</sha1>
</revision>
</page>
